"customer_key";"Customer_ID";"Customer_Name";"Segment";"Country";"City";"State";"start_date";"end_date"
1;"AA-10315";"Alex Avila";"Consumer";"United States";"San Francisco";"California";"2014-03-31";"2014-09-14"
2;"AA-10315";"Alex Avila";"Consumer";"United States";"New York City";"New York";"2014-09-15";"2015-10-03"
3;"AA-10315";"Alex Avila";"Consumer";"United States";"San Francisco";"California";"2015-10-04";"2016-03-02"
4;"AA-10315";"Alex Avila";"Consumer";"United States";"Round Rock";"Texas";"2016-03-03";"2017-06-28"
5;"AA-10315";"Alex Avila";"Consumer";"United States";"Minneapolis";"Minnesota";"2017-06-29";"2099-01-01"
6;"AA-10375";"Allen Armold";"Consumer";"United States";"Los Angeles";"California";"2014-04-21";"2014-10-23"
7;"AA-10375";"Allen Armold";"Consumer";"United States";"Rancho Cucamonga";"California";"2014-10-24";"2015-02-02"
8;"AA-10375";"Allen Armold";"Consumer";"United States";"Omaha";"Nebraska";"2015-02-03";"2015-05-07"
9;"AA-10375";"Allen Armold";"Consumer";"United States";"Salem";"Oregon";"2015-05-08";"2015-11-12"
10;"AA-10375";"Allen Armold";"Consumer";"United States";"Lebanon";"Tennessee";"2015-11-13";"2016-07-09"
11;"AA-10375";"Allen Armold";"Consumer";"United States";"Mesa";"Arizona";"2016-07-10";"2016-11-13"
12;"AA-10375";"Allen Armold";"Consumer";"United States";"Atlanta";"Georgia";"2016-11-14";"2017-09-06"
13;"AA-10375";"Allen Armold";"Consumer";"United States";"Providence";"Rhode Island";"2017-09-07";"2017-12-10"
14;"AA-10375";"Allen Armold";"Consumer";"United States";"New York City";"New York";"2017-12-11";"2099-01-01"
15;"AA-10480";"Andrew Allen";"Consumer";"United States";"Middletown";"Connecticut";"2014-05-04";"2016-07-16"
16;"AA-10480";"Andrew Allen";"Consumer";"United States";"Springfield";"Missouri";"2016-07-17";"2016-08-25"
17;"AA-10480";"Andrew Allen";"Consumer";"United States";"Detroit";"Michigan";"2016-08-26";"2017-04-14"
18;"AA-10480";"Andrew Allen";"Consumer";"United States";"Concord";"North Carolina";"2017-04-15";"2099-01-01"
19;"AA-10645";"Anna Andreadi";"Consumer";"United States";"Chester";"Pennsylvania";"2014-06-22";"2014-11-30"
20;"AA-10645";"Anna Andreadi";"Consumer";"United States";"Lowell";"Massachusetts";"2014-12-01";"2015-11-16"
21;"AA-10645";"Anna Andreadi";"Consumer";"United States";"Oklahoma City";"Oklahoma";"2015-11-17";"2016-07-03"
22;"AA-10645";"Anna Andreadi";"Consumer";"United States";"San Francisco";"California";"2016-07-04";"2016-09-03"
23;"AA-10645";"Anna Andreadi";"Consumer";"United States";"Georgetown";"Kentucky";"2016-09-04";"2017-11-04"
24;"AA-10645";"Anna Andreadi";"Consumer";"United States";"San Diego";"California";"2017-11-05";"2099-01-01"
25;"AB-10015";"Aaron Bergman";"Consumer";"United States";"Arlington";"Texas";"2014-02-18";"2014-03-06"
26;"AB-10015";"Aaron Bergman";"Consumer";"United States";"Seattle";"Washington";"2014-03-07";"2016-11-09"
27;"AB-10015";"Aaron Bergman";"Consumer";"United States";"Oklahoma City";"Oklahoma";"2016-11-10";"2099-01-01"
28;"AB-10060";"Adam Bellavance";"Home Office";"United States";"Waynesboro";"Virginia";"2016-03-13";"2016-08-28"
29;"AB-10060";"Adam Bellavance";"Home Office";"United States";"Concord";"New Hampshire";"2016-08-29";"2016-08-31"
30;"AB-10060";"Adam Bellavance";"Home Office";"United States";"New York City";"New York";"2016-09-01";"2017-05-06"
31;"AB-10060";"Adam Bellavance";"Home Office";"United States";"Los Angeles";"California";"2017-05-07";"2017-09-15"
32;"AB-10060";"Adam Bellavance";"Home Office";"United States";"Philadelphia";"Pennsylvania";"2017-09-16";"2017-11-04"
33;"AB-10060";"Adam Bellavance";"Home Office";"United States";"Greenwood";"Indiana";"2017-11-05";"2017-11-05"
34;"AB-10060";"Adam Bellavance";"Home Office";"United States";"Seattle";"Washington";"2017-11-06";"2099-01-01"
35;"AB-10105";"Adrian Barton";"Consumer";"United States";"Indianapolis";"Indiana";"2014-12-20";"2015-11-06"
36;"AB-10105";"Adrian Barton";"Consumer";"United States";"Houston";"Texas";"2015-11-07";"2016-09-24"
37;"AB-10105";"Adrian Barton";"Consumer";"United States";"Phoenix";"Arizona";"2016-09-25";"2016-12-16"
38;"AB-10105";"Adrian Barton";"Consumer";"United States";"Detroit";"Michigan";"2016-12-17";"2017-05-17"
39;"AB-10105";"Adrian Barton";"Consumer";"United States";"Portland";"Oregon";"2017-05-18";"2017-06-04"
40;"AB-10105";"Adrian Barton";"Consumer";"United States";"Pearland";"Texas";"2017-06-05";"2017-08-02"
41;"AB-10105";"Adrian Barton";"Consumer";"United States";"Bloomington";"Illinois";"2017-08-03";"2017-09-18"
42;"AB-10105";"Adrian Barton";"Consumer";"United States";"Phoenix";"Arizona";"2017-09-19";"2017-11-18"
43;"AB-10105";"Adrian Barton";"Consumer";"United States";"Henderson";"Kentucky";"2017-11-19";"2099-01-01"
44;"AB-10150";"Aimee Bixby";"Consumer";"United States";"Yonkers";"New York";"2014-03-05";"2015-09-09"
45;"AB-10150";"Aimee Bixby";"Consumer";"United States";"Tulsa";"Oklahoma";"2015-09-10";"2016-01-30"
46;"AB-10150";"Aimee Bixby";"Consumer";"United States";"Dallas";"Texas";"2016-01-31";"2017-09-03"
47;"AB-10150";"Aimee Bixby";"Consumer";"United States";"Long Beach";"New York";"2017-09-04";"2017-11-18"
48;"AB-10150";"Aimee Bixby";"Consumer";"United States";"Carrollton";"Texas";"2017-11-19";"2099-01-01"
49;"AB-10165";"Alan Barnes";"Consumer";"United States";"Decatur";"Illinois";"2014-11-16";"2015-03-27"
50;"AB-10165";"Alan Barnes";"Consumer";"United States";"Los Angeles";"California";"2015-03-28";"2015-05-09"
51;"AB-10165";"Alan Barnes";"Consumer";"United States";"Louisville";"Colorado";"2015-05-10";"2015-06-24"
52;"AB-10165";"Alan Barnes";"Consumer";"United States";"Los Angeles";"California";"2015-06-25";"2017-03-29"
53;"AB-10165";"Alan Barnes";"Consumer";"United States";"Lakewood";"California";"2017-03-30";"2017-04-13"
54;"AB-10165";"Alan Barnes";"Consumer";"United States";"Toledo";"Ohio";"2017-04-14";"2017-09-14"
55;"AB-10165";"Alan Barnes";"Consumer";"United States";"Lebanon";"Tennessee";"2017-09-15";"2017-12-04"
56;"AB-10165";"Alan Barnes";"Consumer";"United States";"Bellevue";"Washington";"2017-12-05";"2099-01-01"
57;"AB-10255";"Alejandro Ballentine";"Home Office";"United States";"Los Angeles";"California";"2014-07-22";"2015-05-07"
58;"AB-10255";"Alejandro Ballentine";"Home Office";"United States";"New York City";"New York";"2015-05-08";"2015-12-02"
59;"AB-10255";"Alejandro Ballentine";"Home Office";"United States";"Philadelphia";"Pennsylvania";"2015-12-03";"2016-06-25"
60;"AB-10255";"Alejandro Ballentine";"Home Office";"United States";"Plano";"Texas";"2016-06-26";"2016-10-22"
61;"AB-10255";"Alejandro Ballentine";"Home Office";"United States";"Seattle";"Washington";"2016-10-23";"2016-12-19"
62;"AB-10255";"Alejandro Ballentine";"Home Office";"United States";"Jackson";"Mississippi";"2016-12-20";"2017-06-01"
63;"AB-10255";"Alejandro Ballentine";"Home Office";"United States";"Lorain";"Ohio";"2017-06-02";"2017-06-15"
64;"AB-10255";"Alejandro Ballentine";"Home Office";"United States";"Carlsbad";"New Mexico";"2017-06-16";"2017-07-16"
65;"AB-10255";"Alejandro Ballentine";"Home Office";"United States";"Los Angeles";"California";"2017-07-17";"2099-01-01"
66;"AB-10600";"Ann Blume";"Corporate";"United States";"Chicago";"Illinois";"2014-11-18";"2015-02-17"
67;"AB-10600";"Ann Blume";"Corporate";"United States";"Los Angeles";"California";"2015-02-18";"2015-11-29"
68;"AB-10600";"Ann Blume";"Corporate";"United States";"Jacksonville";"North Carolina";"2015-11-30";"2017-11-09"
69;"AB-10600";"Ann Blume";"Corporate";"United States";"Tucson";"Arizona";"2017-11-10";"2099-01-01"
70;"AC-10420";"Alyssa Crouse";"Corporate";"United States";"San Francisco";"California";"2014-07-12";"2016-02-22"
71;"AC-10420";"Alyssa Crouse";"Corporate";"United States";"Philadelphia";"Pennsylvania";"2016-02-23";"2017-05-11"
72;"AC-10420";"Alyssa Crouse";"Corporate";"United States";"Houston";"Texas";"2017-05-12";"2099-01-01"
73;"AC-10450";"Amy Cox";"Consumer";"United States";"Avondale";"Arizona";"2014-10-31";"2015-06-14"
74;"AC-10450";"Amy Cox";"Consumer";"United States";"Tampa";"Florida";"2015-06-15";"2015-11-07"
75;"AC-10450";"Amy Cox";"Consumer";"United States";"New York City";"New York";"2015-11-08";"2016-09-21"
76;"AC-10450";"Amy Cox";"Consumer";"United States";"Pembroke Pines";"Florida";"2016-09-22";"2016-11-23"
77;"AC-10450";"Amy Cox";"Consumer";"United States";"Seattle";"Washington";"2016-11-24";"2017-10-02"
78;"AC-10450";"Amy Cox";"Consumer";"United States";"Minneapolis";"Minnesota";"2017-10-03";"2017-12-18"
79;"AC-10450";"Amy Cox";"Consumer";"United States";"Lafayette";"Louisiana";"2017-12-19";"2099-01-01"
80;"AC-10615";"Ann Chong";"Corporate";"United States";"Philadelphia";"Pennsylvania";"2015-09-15";"2017-02-22"
81;"AC-10615";"Ann Chong";"Corporate";"United States";"Seattle";"Washington";"2017-02-23";"2017-03-23"
82;"AC-10615";"Ann Chong";"Corporate";"United States";"Beaumont";"Texas";"2017-03-24";"2017-09-01"
83;"AC-10615";"Ann Chong";"Corporate";"United States";"New York City";"New York";"2017-09-02";"2099-01-01"
84;"AC-10660";"Anna Chung";"Consumer";"United States";"Parma";"Ohio";"2014-10-15";"2016-03-16"
85;"AC-10660";"Anna Chung";"Consumer";"United States";"San Francisco";"California";"2016-03-17";"2016-06-26"
86;"AC-10660";"Anna Chung";"Consumer";"United States";"San Francisco";"California";"2016-06-27";"2016-09-21"
87;"AC-10660";"Anna Chung";"Consumer";"United States";"Lawrence";"Indiana";"2016-09-22";"2017-03-22"
88;"AC-10660";"Anna Chung";"Consumer";"United States";"Huntsville";"Texas";"2017-03-23";"2099-01-01"
89;"AD-10180";"Alan Dominguez";"Home Office";"United States";"Houston";"Texas";"2014-12-26";"2015-06-13"
90;"AD-10180";"Alan Dominguez";"Home Office";"United States";"Philadelphia";"Pennsylvania";"2015-06-14";"2015-07-03"
91;"AD-10180";"Alan Dominguez";"Home Office";"United States";"New York City";"New York";"2015-07-04";"2017-01-21"
92;"AD-10180";"Alan Dominguez";"Home Office";"United States";"Great Falls";"Montana";"2017-01-22";"2017-04-29"
93;"AD-10180";"Alan Dominguez";"Home Office";"United States";"San Francisco";"California";"2017-04-30";"2017-11-12"
94;"AD-10180";"Alan Dominguez";"Home Office";"United States";"Yonkers";"New York";"2017-11-13";"2017-11-30"
95;"AD-10180";"Alan Dominguez";"Home Office";"United States";"Fairfield";"Connecticut";"2017-12-01";"2099-01-01"
96;"AF-10870";"Art Ferguson";"Consumer";"United States";"San Francisco";"California";"2015-12-06";"2016-04-22"
97;"AF-10870";"Art Ferguson";"Consumer";"United States";"San Clemente";"California";"2016-04-23";"2016-05-05"
98;"AF-10870";"Art Ferguson";"Consumer";"United States";"Chicago";"Illinois";"2016-05-06";"2016-05-21"
99;"AF-10870";"Art Ferguson";"Consumer";"United States";"Passaic";"New Jersey";"2016-05-22";"2017-04-23"
100;"AF-10870";"Art Ferguson";"Consumer";"United States";"Chicago";"Illinois";"2017-04-24";"2017-11-17"
101;"AF-10870";"Art Ferguson";"Consumer";"United States";"Homestead";"Florida";"2017-11-18";"2017-11-18"
102;"AF-10870";"Art Ferguson";"Consumer";"United States";"College Station";"Texas";"2017-11-19";"2099-01-01"
103;"AF-10885";"Art Foster";"Consumer";"United States";"Philadelphia";"Pennsylvania";"2014-05-10";"2014-09-11"
104;"AF-10885";"Art Foster";"Consumer";"United States";"Fairfield";"Ohio";"2014-09-12";"2015-10-12"
105;"AF-10885";"Art Foster";"Consumer";"United States";"Louisville";"Kentucky";"2015-10-13";"2016-11-09"
106;"AF-10885";"Art Foster";"Consumer";"United States";"Toledo";"Ohio";"2016-11-10";"2099-01-01"
107;"AG-10270";"Alejandro Grove";"Consumer";"United States";"West Jordan";"Utah";"2014-05-13";"2014-07-22"
108;"AG-10270";"Alejandro Grove";"Consumer";"United States";"New York City";"New York";"2014-07-23";"2015-09-19"
109;"AG-10270";"Alejandro Grove";"Consumer";"United States";"Lawrence";"Massachusetts";"2015-09-20";"2016-09-12"
110;"AG-10270";"Alejandro Grove";"Consumer";"United States";"Omaha";"Nebraska";"2016-09-13";"2017-03-26"
111;"AG-10270";"Alejandro Grove";"Consumer";"United States";"Philadelphia";"Pennsylvania";"2017-03-27";"2099-01-01"
112;"AG-10300";"Aleksandra Gannaway";"Corporate";"United States";"Los Angeles";"California";"2014-04-26";"2015-11-18"
113;"AG-10300";"Aleksandra Gannaway";"Corporate";"United States";"Las Vegas";"Nevada";"2015-11-19";"2016-12-04"
114;"AG-10300";"Aleksandra Gannaway";"Corporate";"United States";"Franklin";"Massachusetts";"2016-12-05";"2017-09-02"
115;"AG-10300";"Aleksandra Gannaway";"Corporate";"United States";"San Francisco";"California";"2017-09-03";"2099-01-01"
116;"AG-10330";"Alex Grayson";"Consumer";"United States";"Tulsa";"Oklahoma";"2016-08-03";"2017-12-09"
117;"AG-10330";"Alex Grayson";"Consumer";"United States";"Stockton";"California";"2017-12-10";"2017-12-17"
118;"AG-10330";"Alex Grayson";"Consumer";"United States";"Charlotte";"North Carolina";"2017-12-18";"2017-12-21"
119;"AG-10330";"Alex Grayson";"Consumer";"United States";"Houston";"Texas";"2017-12-22";"2017-12-21"
120;"AG-10330";"Alex Grayson";"Consumer";"United States";"Mesa";"Arizona";"2017-12-22";"2099-01-01"
121;"AG-10390";"Allen Goldenen";"Consumer";"United States";"Arlington";"Virginia";"2014-04-19";"2014-09-02"
122;"AG-10390";"Allen Goldenen";"Consumer";"United States";"New York City";"New York";"2014-09-03";"2016-11-19"
123;"AG-10390";"Allen Goldenen";"Consumer";"United States";"Cincinnati";"Ohio";"2016-11-20";"2016-11-30"
124;"AG-10390";"Allen Goldenen";"Consumer";"United States";"Knoxville";"Tennessee";"2016-12-01";"2017-09-06"
125;"AG-10390";"Allen Goldenen";"Consumer";"United States";"Los Angeles";"California";"2017-09-07";"2099-01-01"
126;"AG-10495";"Andrew Gjertsen";"Corporate";"United States";"Alexandria";"Virginia";"2015-01-04";"2015-06-07"
127;"AG-10495";"Andrew Gjertsen";"Corporate";"United States";"Saint Petersburg";"Florida";"2015-06-08";"2015-10-22"
128;"AG-10495";"Andrew Gjertsen";"Corporate";"United States";"Seattle";"Washington";"2015-10-23";"2015-10-23"
129;"AG-10495";"Andrew Gjertsen";"Corporate";"United States";"Houston";"Texas";"2015-10-24";"2015-10-25"
130;"AG-10495";"Andrew Gjertsen";"Corporate";"United States";"Peoria";"Arizona";"2015-10-26";"2015-11-10"
131;"AG-10495";"Andrew Gjertsen";"Corporate";"United States";"Detroit";"Michigan";"2015-11-11";"2016-10-19"
132;"AG-10495";"Andrew Gjertsen";"Corporate";"United States";"Los Angeles";"California";"2016-10-20";"2017-10-12"
133;"AG-10495";"Andrew Gjertsen";"Corporate";"United States";"Philadelphia";"Pennsylvania";"2017-10-13";"2099-01-01"
134;"AG-10525";"Andy Gerbode";"Corporate";"United States";"Saint Petersburg";"Florida";"2014-08-09";"2014-09-01"
135;"AG-10525";"Andy Gerbode";"Corporate";"United States";"Houston";"Texas";"2014-09-02";"2015-09-05"
136;"AG-10525";"Andy Gerbode";"Corporate";"United States";"Richmond";"Virginia";"2015-09-06";"2015-09-06"
137;"AG-10525";"Andy Gerbode";"Corporate";"United States";"New York City";"New York";"2015-09-07";"2099-01-01"
138;"AG-10675";"Anna Gayman";"Consumer";"United States";"Allen";"Texas";"2015-05-07";"2016-01-13"
139;"AG-10675";"Anna Gayman";"Consumer";"United States";"Concord";"North Carolina";"2016-01-14";"2016-09-07"
140;"AG-10675";"Anna Gayman";"Consumer";"United States";"Houston";"Texas";"2016-09-08";"2017-06-08"
141;"AG-10675";"Anna Gayman";"Consumer";"United States";"Salem";"Virginia";"2017-06-09";"2017-07-28"
142;"AG-10675";"Anna Gayman";"Consumer";"United States";"Jacksonville";"North Carolina";"2017-07-29";"2017-09-06"
143;"AG-10675";"Anna Gayman";"Consumer";"United States";"Milwaukee";"Wisconsin";"2017-09-07";"2017-09-23"
144;"AG-10675";"Anna Gayman";"Consumer";"United States";"Columbus";"Georgia";"2017-09-24";"2099-01-01"
145;"AG-10765";"Anthony Garverick";"Home Office";"United States";"Hampton";"Virginia";"2015-06-09";"2015-11-08"
146;"AG-10765";"Anthony Garverick";"Home Office";"United States";"Lawrence";"Indiana";"2015-11-09";"2017-10-13"
147;"AG-10765";"Anthony Garverick";"Home Office";"United States";"Chicago";"Illinois";"2017-10-14";"2099-01-01"
148;"AG-10900";"Arthur Gainer";"Consumer";"United States";"Tucson";"Arizona";"2014-07-23";"2015-09-04"
149;"AG-10900";"Arthur Gainer";"Consumer";"United States";"San Diego";"California";"2015-09-05";"2015-09-12"
150;"AG-10900";"Arthur Gainer";"Consumer";"United States";"Chicago";"Illinois";"2015-09-13";"2015-12-18"
151;"AG-10900";"Arthur Gainer";"Consumer";"United States";"Philadelphia";"Pennsylvania";"2015-12-19";"2015-12-26"
152;"AG-10900";"Arthur Gainer";"Consumer";"United States";"Los Angeles";"California";"2015-12-27";"2016-05-16"
153;"AG-10900";"Arthur Gainer";"Consumer";"United States";"Waterbury";"Connecticut";"2016-05-17";"2016-12-07"
154;"AG-10900";"Arthur Gainer";"Consumer";"United States";"Eau Claire";"Wisconsin";"2016-12-08";"2017-04-30"
155;"AG-10900";"Arthur Gainer";"Consumer";"United States";"Coral Springs";"Florida";"2017-05-01";"2017-09-02"
156;"AG-10900";"Arthur Gainer";"Consumer";"United States";"Dallas";"Texas";"2017-09-03";"2017-09-24"
157;"AG-10900";"Arthur Gainer";"Consumer";"United States";"Richmond";"Virginia";"2017-09-25";"2099-01-01"
158;"AH-10030";"Aaron Hawkins";"Corporate";"United States";"Troy";"New York";"2014-04-22";"2014-05-12"
159;"AH-10030";"Aaron Hawkins";"Corporate";"United States";"Los Angeles";"California";"2014-05-13";"2014-10-24"
160;"AH-10030";"Aaron Hawkins";"Corporate";"United States";"San Francisco";"California";"2014-10-25";"2014-12-30"
161;"AH-10030";"Aaron Hawkins";"Corporate";"United States";"New York City";"New York";"2014-12-31";"2015-12-26"
162;"AH-10030";"Aaron Hawkins";"Corporate";"United States";"San Francisco";"California";"2015-12-27";"2016-03-19"
163;"AH-10030";"Aaron Hawkins";"Corporate";"United States";"Gulfport";"Mississippi";"2016-03-20";"2017-12-17"
164;"AH-10030";"Aaron Hawkins";"Corporate";"United States";"Philadelphia";"Pennsylvania";"2017-12-18";"2099-01-01"
165;"AH-10075";"Adam Hart";"Corporate";"United States";"Huntington Beach";"California";"2014-11-16";"2015-12-20"
166;"AH-10075";"Adam Hart";"Corporate";"United States";"Columbus";"Ohio";"2015-12-21";"2016-06-25"
167;"AH-10075";"Adam Hart";"Corporate";"United States";"Los Angeles";"California";"2016-06-26";"2016-09-14"
168;"AH-10075";"Adam Hart";"Corporate";"United States";"New York City";"New York";"2016-09-15";"2016-12-16"
169;"AH-10075";"Adam Hart";"Corporate";"United States";"Arlington";"Texas";"2016-12-17";"2017-04-14"
170;"AH-10075";"Adam Hart";"Corporate";"United States";"Henderson";"Nevada";"2017-04-15";"2017-05-18"
171;"AH-10075";"Adam Hart";"Corporate";"United States";"Knoxville";"Tennessee";"2017-05-19";"2017-09-24"
172;"AH-10075";"Adam Hart";"Corporate";"United States";"Chester";"Pennsylvania";"2017-09-25";"2017-10-22"
173;"AH-10075";"Adam Hart";"Corporate";"United States";"Cranston";"Rhode Island";"2017-10-23";"2017-11-25"
174;"AH-10075";"Adam Hart";"Corporate";"United States";"Atlanta";"Georgia";"2017-11-26";"2099-01-01"
175;"AH-10120";"Adrian Hane";"Home Office";"United States";"Tucson";"Arizona";"2014-07-18";"2016-06-29"
176;"AH-10120";"Adrian Hane";"Home Office";"United States";"Aurora";"Illinois";"2016-06-30";"2016-12-17"
177;"AH-10120";"Adrian Hane";"Home Office";"United States";"Salem";"Oregon";"2016-12-18";"2017-04-07"
178;"AH-10120";"Adrian Hane";"Home Office";"United States";"San Francisco";"California";"2017-04-08";"2017-07-01"
179;"AH-10120";"Adrian Hane";"Home Office";"United States";"Houston";"Texas";"2017-07-02";"2017-08-16"
180;"AH-10120";"Adrian Hane";"Home Office";"United States";"Louisville";"Kentucky";"2017-08-17";"2017-10-30"
181;"AH-10120";"Adrian Hane";"Home Office";"United States";"Dallas";"Texas";"2017-10-31";"2099-01-01"
182;"AH-10195";"Alan Haines";"Corporate";"United States";"Bethlehem";"Pennsylvania";"2015-03-05";"2016-12-17"
183;"AH-10195";"Alan Haines";"Corporate";"United States";"Tamarac";"Florida";"2016-12-18";"2017-08-23"
184;"AH-10195";"Alan Haines";"Corporate";"United States";"New York City";"New York";"2017-08-24";"2017-11-04"
185;"AH-10195";"Alan Haines";"Corporate";"United States";"Chicago";"Illinois";"2017-11-05";"2099-01-01"
186;"AH-10210";"Alan Hwang";"Consumer";"United States";"San Francisco";"California";"2014-11-29";"2015-11-09"
187;"AH-10210";"Alan Hwang";"Consumer";"United States";"Brentwood";"California";"2015-11-10";"2015-12-06"
188;"AH-10210";"Alan Hwang";"Consumer";"United States";"New York City";"New York";"2015-12-07";"2016-02-19"
189;"AH-10210";"Alan Hwang";"Consumer";"United States";"Nashville";"Tennessee";"2016-02-20";"2017-03-07"
190;"AH-10210";"Alan Hwang";"Consumer";"United States";"Anaheim";"California";"2017-03-08";"2017-09-01"
191;"AH-10210";"Alan Hwang";"Consumer";"United States";"Henderson";"Kentucky";"2017-09-02";"2017-10-12"
192;"AH-10210";"Alan Hwang";"Consumer";"United States";"Louisville";"Kentucky";"2017-10-13";"2017-11-22"
193;"AH-10210";"Alan Hwang";"Consumer";"United States";"Dallas";"Texas";"2017-11-23";"2017-12-23"
194;"AH-10210";"Alan Hwang";"Consumer";"United States";"Seattle";"Washington";"2017-12-24";"2099-01-01"
195;"AH-10465";"Amy Hunt";"Consumer";"United States";"Dallas";"Texas";"2015-01-03";"2016-05-04"
196;"AH-10465";"Amy Hunt";"Consumer";"United States";"San Francisco";"California";"2016-05-05";"2017-04-01"
197;"AH-10465";"Amy Hunt";"Consumer";"United States";"Decatur";"Alabama";"2017-04-02";"2017-05-13"
198;"AH-10465";"Amy Hunt";"Consumer";"United States";"New York City";"New York";"2017-05-14";"2099-01-01"
199;"AH-10585";"Angele Hood";"Consumer";"United States";"Seattle";"Washington";"2014-10-26";"2016-09-14"
200;"AH-10585";"Angele Hood";"Consumer";"United States";"Seattle";"Washington";"2016-09-15";"2017-07-05"
201;"AH-10585";"Angele Hood";"Consumer";"United States";"Miami";"Florida";"2017-07-06";"2017-12-08"
202;"AH-10585";"Angele Hood";"Consumer";"United States";"Chicago";"Illinois";"2017-12-09";"2099-01-01"
203;"AH-10690";"Anna Häberlin";"Corporate";"United States";"Virginia Beach";"Virginia";"2014-04-02";"2015-05-03"
204;"AH-10690";"Anna Häberlin";"Corporate";"United States";"Houston";"Texas";"2015-05-04";"2015-05-14"
205;"AH-10690";"Anna Häberlin";"Corporate";"United States";"Roswell";"Georgia";"2015-05-15";"2015-08-04"
206;"AH-10690";"Anna Häberlin";"Corporate";"United States";"Dallas";"Texas";"2015-08-05";"2015-11-11"
207;"AH-10690";"Anna Häberlin";"Corporate";"United States";"Plantation";"Florida";"2015-11-12";"2015-12-30"
208;"AH-10690";"Anna Häberlin";"Corporate";"United States";"Detroit";"Michigan";"2015-12-31";"2016-05-18"
209;"AH-10690";"Anna Häberlin";"Corporate";"United States";"Los Angeles";"California";"2016-05-19";"2016-05-29"
210;"AH-10690";"Anna Häberlin";"Corporate";"United States";"Springfield";"Virginia";"2016-05-30";"2016-07-30"
211;"AH-10690";"Anna Häberlin";"Corporate";"United States";"San Francisco";"California";"2016-07-31";"2016-08-05"
212;"AH-10690";"Anna Häberlin";"Corporate";"United States";"New York City";"New York";"2016-08-06";"2016-10-03"
213;"AH-10690";"Anna Häberlin";"Corporate";"United States";"Coral Gables";"Florida";"2016-10-04";"2016-11-14"
214;"AH-10690";"Anna Häberlin";"Corporate";"United States";"San Diego";"California";"2016-11-15";"2099-01-01"
215;"AI-10855";"Arianne Irving";"Consumer";"United States";"San Francisco";"California";"2014-04-28";"2014-05-09"
216;"AI-10855";"Arianne Irving";"Consumer";"United States";"Kent";"Washington";"2014-05-10";"2014-12-28"
217;"AI-10855";"Arianne Irving";"Consumer";"United States";"Brentwood";"California";"2014-12-29";"2015-03-13"
218;"AI-10855";"Arianne Irving";"Consumer";"United States";"Roseville";"California";"2015-03-14";"2015-12-19"
219;"AI-10855";"Arianne Irving";"Consumer";"United States";"Los Angeles";"California";"2015-12-20";"2016-11-09"
220;"AI-10855";"Arianne Irving";"Consumer";"United States";"Los Angeles";"California";"2016-11-10";"2017-05-04"
221;"AI-10855";"Arianne Irving";"Consumer";"United States";"New York City";"New York";"2017-05-05";"2017-09-08"
222;"AI-10855";"Arianne Irving";"Consumer";"United States";"Glendale";"Arizona";"2017-09-09";"2017-12-10"
223;"AI-10855";"Arianne Irving";"Consumer";"United States";"Philadelphia";"Pennsylvania";"2017-12-11";"2017-12-16"
224;"AI-10855";"Arianne Irving";"Consumer";"United States";"Chesapeake";"Virginia";"2017-12-17";"2099-01-01"
225;"AJ-10780";"Anthony Jacobs";"Corporate";"United States";"Springfield";"Virginia";"2014-01-10";"2014-10-30"
226;"AJ-10780";"Anthony Jacobs";"Corporate";"United States";"Lorain";"Ohio";"2014-10-31";"2014-12-27"
227;"AJ-10780";"Anthony Jacobs";"Corporate";"United States";"Beverly";"Massachusetts";"2014-12-28";"2015-05-17"
228;"AJ-10780";"Anthony Jacobs";"Corporate";"United States";"Los Angeles";"California";"2015-05-18";"2016-11-27"
229;"AJ-10780";"Anthony Jacobs";"Corporate";"United States";"Palm Coast";"Florida";"2016-11-28";"2017-05-13"
230;"AJ-10780";"Anthony Jacobs";"Corporate";"United States";"Baltimore";"Maryland";"2017-05-14";"2017-10-15"
231;"AJ-10780";"Anthony Jacobs";"Corporate";"United States";"Scottsdale";"Arizona";"2017-10-16";"2099-01-01"
232;"AJ-10795";"Anthony Johnson";"Corporate";"United States";"Saint Petersburg";"Florida";"2014-05-14";"2014-12-28"
233;"AJ-10795";"Anthony Johnson";"Corporate";"United States";"San Francisco";"California";"2014-12-29";"2016-01-04"
234;"AJ-10795";"Anthony Johnson";"Corporate";"United States";"Jacksonville";"Florida";"2016-01-05";"2016-09-11"
235;"AJ-10795";"Anthony Johnson";"Corporate";"United States";"Springfield";"Virginia";"2016-09-12";"2016-12-25"
236;"AJ-10795";"Anthony Johnson";"Corporate";"United States";"New York City";"New York";"2016-12-26";"2017-07-16"
237;"AJ-10795";"Anthony Johnson";"Corporate";"United States";"Apple Valley";"California";"2017-07-17";"2099-01-01"
238;"AJ-10945";"Ashley Jarboe";"Consumer";"United States";"Wilmington";"North Carolina";"2014-03-03";"2015-05-31"
239;"AJ-10945";"Ashley Jarboe";"Consumer";"United States";"Detroit";"Michigan";"2015-06-01";"2015-11-27"
240;"AJ-10945";"Ashley Jarboe";"Consumer";"United States";"San Francisco";"California";"2015-11-28";"2015-12-13"
241;"AJ-10945";"Ashley Jarboe";"Consumer";"United States";"Los Angeles";"California";"2015-12-14";"2016-11-17"
242;"AJ-10945";"Ashley Jarboe";"Consumer";"United States";"Taylor";"Michigan";"2016-11-18";"2017-08-30"
243;"AJ-10945";"Ashley Jarboe";"Consumer";"United States";"Lawrence";"Indiana";"2017-08-31";"2017-10-05"
244;"AJ-10945";"Ashley Jarboe";"Consumer";"United States";"Chandler";"Arizona";"2017-10-06";"2099-01-01"
245;"AJ-10960";"Astrea Jones";"Consumer";"United States";"Rochester";"New York";"2014-09-14";"2014-12-29"
246;"AJ-10960";"Astrea Jones";"Consumer";"United States";"New York City";"New York";"2014-12-30";"2017-10-16"
247;"AJ-10960";"Astrea Jones";"Consumer";"United States";"San Diego";"California";"2017-10-17";"2099-01-01"
248;"AM-10360";"Alice McCarthy";"Corporate";"United States";"Omaha";"Nebraska";"2014-10-06";"2015-03-22"
249;"AM-10360";"Alice McCarthy";"Corporate";"United States";"Los Angeles";"California";"2015-03-23";"2016-07-15"
250;"AM-10360";"Alice McCarthy";"Corporate";"United States";"Grand Prairie";"Texas";"2016-07-16";"2017-05-27"
251;"AM-10360";"Alice McCarthy";"Corporate";"United States";"Cleveland";"Ohio";"2017-05-28";"2017-12-01"
252;"AM-10360";"Alice McCarthy";"Corporate";"United States";"Los Angeles";"California";"2017-12-02";"2099-01-01"
253;"AM-10705";"Anne McFarland";"Consumer";"United States";"Cranston";"Rhode Island";"2014-10-31";"2015-09-12"
254;"AM-10705";"Anne McFarland";"Consumer";"United States";"Jacksonville";"North Carolina";"2015-09-13";"2015-09-19"
255;"AM-10705";"Anne McFarland";"Consumer";"United States";"Las Vegas";"Nevada";"2015-09-20";"2015-09-24"
256;"AM-10705";"Anne McFarland";"Consumer";"United States";"Los Angeles";"California";"2015-09-25";"2016-09-17"
257;"AM-10705";"Anne McFarland";"Consumer";"United States";"Auburn";"Alabama";"2016-09-18";"2017-04-03"
258;"AM-10705";"Anne McFarland";"Consumer";"United States";"Des Plaines";"Illinois";"2017-04-04";"2017-06-24"
259;"AM-10705";"Anne McFarland";"Consumer";"United States";"Seattle";"Washington";"2017-06-25";"2017-07-20"
260;"AM-10705";"Anne McFarland";"Consumer";"United States";"Salem";"Virginia";"2017-07-21";"2099-01-01"
261;"AO-10810";"Anthony O'Donnell";"Corporate";"United States";"Los Angeles";"California";"2016-08-16";"2099-01-01"
262;"AP-10720";"Anne Pryor";"Home Office";"United States";"New York City";"New York";"2014-03-03";"2015-11-21"
263;"AP-10720";"Anne Pryor";"Home Office";"United States";"Frisco";"Texas";"2015-11-22";"2016-05-22"
264;"AP-10720";"Anne Pryor";"Home Office";"United States";"Florence";"Alabama";"2016-05-23";"2016-09-07"
265;"AP-10720";"Anne Pryor";"Home Office";"United States";"Malden";"Massachusetts";"2016-09-08";"2016-09-18"
266;"AP-10720";"Anne Pryor";"Home Office";"United States";"Philadelphia";"Pennsylvania";"2016-09-19";"2016-10-20"
267;"AP-10720";"Anne Pryor";"Home Office";"United States";"Fort Lauderdale";"Florida";"2016-10-21";"2016-12-05"
268;"AP-10720";"Anne Pryor";"Home Office";"United States";"Los Angeles";"California";"2016-12-06";"2017-11-18"
269;"AP-10720";"Anne Pryor";"Home Office";"United States";"New York City";"New York";"2017-11-19";"2099-01-01"
270;"AP-10915";"Arthur Prichep";"Consumer";"United States";"Denver";"Colorado";"2014-08-23";"2014-09-28"
271;"AP-10915";"Arthur Prichep";"Consumer";"United States";"Los Angeles";"California";"2014-09-29";"2014-10-23"
272;"AP-10915";"Arthur Prichep";"Consumer";"United States";"Rock Hill";"South Carolina";"2014-10-24";"2014-11-10"
273;"AP-10915";"Arthur Prichep";"Consumer";"United States";"Los Angeles";"California";"2014-11-11";"2016-04-15"
274;"AP-10915";"Arthur Prichep";"Consumer";"United States";"Columbus";"Georgia";"2016-04-16";"2016-11-02"
275;"AP-10915";"Arthur Prichep";"Consumer";"United States";"Henderson";"Kentucky";"2016-11-03";"2016-12-09"
276;"AP-10915";"Arthur Prichep";"Consumer";"United States";"Seattle";"Washington";"2016-12-10";"2017-04-26"
277;"AP-10915";"Arthur Prichep";"Consumer";"United States";"Los Angeles";"California";"2017-04-27";"2017-09-02"
278;"AP-10915";"Arthur Prichep";"Consumer";"United States";"Palm Coast";"Florida";"2017-09-03";"2017-09-22"
279;"AP-10915";"Arthur Prichep";"Consumer";"United States";"Fort Collins";"Colorado";"2017-09-23";"2099-01-01"
280;"AR-10345";"Alex Russell";"Corporate";"United States";"Philadelphia";"Pennsylvania";"2014-12-30";"2015-09-09"
281;"AR-10345";"Alex Russell";"Corporate";"United States";"Austin";"Texas";"2015-09-10";"2017-09-07"
282;"AR-10345";"Alex Russell";"Corporate";"United States";"Houston";"Texas";"2017-09-08";"2017-09-09"
283;"AR-10345";"Alex Russell";"Corporate";"United States";"Lawrence";"Massachusetts";"2017-09-10";"2099-01-01"
284;"AR-10405";"Allen Rosenblatt";"Corporate";"United States";"Los Angeles";"California";"2014-10-03";"2015-07-30"
285;"AR-10405";"Allen Rosenblatt";"Corporate";"United States";"Hattiesburg";"Mississippi";"2015-07-31";"2017-05-19"
286;"AR-10405";"Allen Rosenblatt";"Corporate";"United States";"Trenton";"Michigan";"2017-05-20";"2017-06-18"
287;"AR-10405";"Allen Rosenblatt";"Corporate";"United States";"New York City";"New York";"2017-06-19";"2017-08-26"
288;"AR-10405";"Allen Rosenblatt";"Corporate";"United States";"Franklin";"Massachusetts";"2017-08-27";"2099-01-01"
289;"AR-10510";"Andrew Roberts";"Consumer";"United States";"Columbus";"Ohio";"2014-05-02";"2014-05-22"
290;"AR-10510";"Andrew Roberts";"Consumer";"United States";"Philadelphia";"Pennsylvania";"2014-05-23";"2015-08-30"
291;"AR-10510";"Andrew Roberts";"Consumer";"United States";"Los Angeles";"California";"2015-08-31";"2016-12-25"
292;"AR-10510";"Andrew Roberts";"Consumer";"United States";"New York City";"New York";"2016-12-26";"2017-12-15"
293;"AR-10510";"Andrew Roberts";"Consumer";"United States";"Tulsa";"Oklahoma";"2017-12-16";"2099-01-01"
294;"AR-10540";"Andy Reiter";"Consumer";"United States";"Woonsocket";"Rhode Island";"2014-11-25";"2015-04-10"
295;"AR-10540";"Andy Reiter";"Consumer";"United States";"Los Angeles";"California";"2015-04-11";"2015-11-21"
296;"AR-10540";"Andy Reiter";"Consumer";"United States";"Quincy";"Massachusetts";"2015-11-22";"2016-09-28"
297;"AR-10540";"Andy Reiter";"Consumer";"United States";"San Francisco";"California";"2016-09-29";"2017-01-15"
298;"AR-10540";"Andy Reiter";"Consumer";"United States";"Jackson";"Michigan";"2017-01-16";"2017-12-23"
299;"AR-10540";"Andy Reiter";"Consumer";"United States";"New York City";"New York";"2017-12-24";"2099-01-01"
300;"AR-10570";"Anemone Ratner";"Consumer";"United States";"Columbus";"Georgia";"2016-07-14";"2099-01-01"
301;"AR-10825";"Anthony Rawles";"Corporate";"United States";"Los Angeles";"California";"2014-06-30";"2015-03-07"
302;"AR-10825";"Anthony Rawles";"Corporate";"United States";"Long Beach";"New York";"2015-03-08";"2016-06-13"
303;"AR-10825";"Anthony Rawles";"Corporate";"United States";"Seattle";"Washington";"2016-06-14";"2016-09-04"
304;"AR-10825";"Anthony Rawles";"Corporate";"United States";"Austin";"Texas";"2016-09-05";"2016-12-10"
305;"AR-10825";"Anthony Rawles";"Corporate";"United States";"Vancouver";"Washington";"2016-12-11";"2017-07-19"
306;"AR-10825";"Anthony Rawles";"Corporate";"United States";"New York City";"New York";"2017-07-20";"2017-07-20"
307;"AR-10825";"Anthony Rawles";"Corporate";"United States";"Concord";"California";"2017-07-21";"2017-11-01"
308;"AR-10825";"Anthony Rawles";"Corporate";"United States";"Columbus";"Ohio";"2017-11-02";"2099-01-01"
309;"AS-10045";"Aaron Smayling";"Corporate";"United States";"New York City";"New York";"2014-07-27";"2016-03-27"
310;"AS-10045";"Aaron Smayling";"Corporate";"United States";"Arlington";"Virginia";"2016-03-28";"2016-09-24"
311;"AS-10045";"Aaron Smayling";"Corporate";"United States";"San Francisco";"California";"2016-09-25";"2017-01-01"
312;"AS-10045";"Aaron Smayling";"Corporate";"United States";"Jacksonville";"North Carolina";"2017-01-02";"2017-07-31"
313;"AS-10045";"Aaron Smayling";"Corporate";"United States";"Austin";"Texas";"2017-08-01";"2017-09-03"
314;"AS-10045";"Aaron Smayling";"Corporate";"United States";"Redmond";"Oregon";"2017-09-04";"2017-10-02"
315;"AS-10045";"Aaron Smayling";"Corporate";"United States";"Pasadena";"California";"2017-10-03";"2099-01-01"
316;"AS-10090";"Adam Shillingsburg";"Consumer";"United States";"New York City";"New York";"2014-09-22";"2014-12-23"
317;"AS-10090";"Adam Shillingsburg";"Consumer";"United States";"San Diego";"California";"2014-12-24";"2015-11-08"
318;"AS-10090";"Adam Shillingsburg";"Consumer";"United States";"Springfield";"Missouri";"2015-11-09";"2016-05-01"
319;"AS-10090";"Adam Shillingsburg";"Consumer";"United States";"Irving";"Texas";"2016-05-02";"2016-06-20"
320;"AS-10090";"Adam Shillingsburg";"Consumer";"United States";"New York City";"New York";"2016-06-21";"2016-09-10"
321;"AS-10090";"Adam Shillingsburg";"Consumer";"United States";"Chicago";"Illinois";"2016-09-11";"2017-03-31"
322;"AS-10090";"Adam Shillingsburg";"Consumer";"United States";"Springfield";"Missouri";"2017-04-01";"2017-09-15"
323;"AS-10090";"Adam Shillingsburg";"Consumer";"United States";"Philadelphia";"Pennsylvania";"2017-09-16";"2017-12-01"
324;"AS-10090";"Adam Shillingsburg";"Consumer";"United States";"Charlottesville";"Virginia";"2017-12-02";"2099-01-01"
325;"AS-10135";"Adrian Shami";"Home Office";"United States";"Auburn";"Washington";"2016-11-13";"2017-11-18"
326;"AS-10135";"Adrian Shami";"Home Office";"United States";"New York City";"New York";"2017-11-19";"2099-01-01"
327;"AS-10225";"Alan Schoenberger";"Corporate";"United States";"Montgomery";"Alabama";"2014-10-18";"2015-05-03"
328;"AS-10225";"Alan Schoenberger";"Corporate";"United States";"New York City";"New York";"2015-05-04";"2016-12-01"
329;"AS-10225";"Alan Schoenberger";"Corporate";"United States";"Longmont";"Colorado";"2016-12-02";"2017-09-16"
330;"AS-10225";"Alan Schoenberger";"Corporate";"United States";"Provo";"Utah";"2017-09-17";"2017-12-07"
331;"AS-10225";"Alan Schoenberger";"Corporate";"United States";"San Francisco";"California";"2017-12-08";"2099-01-01"
332;"AS-10240";"Alan Shonely";"Consumer";"United States";"Tampa";"Florida";"2014-03-15";"2014-10-10"
333;"AS-10240";"Alan Shonely";"Consumer";"United States";"Redondo Beach";"California";"2014-10-11";"2015-03-28"
334;"AS-10240";"Alan Shonely";"Consumer";"United States";"Springfield";"Virginia";"2015-03-29";"2016-04-06"
335;"AS-10240";"Alan Shonely";"Consumer";"United States";"Philadelphia";"Pennsylvania";"2016-04-07";"2016-06-24"
336;"AS-10240";"Alan Shonely";"Consumer";"United States";"Los Angeles";"California";"2016-06-25";"2017-06-20"
337;"AS-10240";"Alan Shonely";"Consumer";"United States";"Cleveland";"Ohio";"2017-06-21";"2099-01-01"
338;"AS-10285";"Alejandro Savely";"Corporate";"United States";"Dallas";"Texas";"2016-05-21";"2016-10-27"
339;"AS-10285";"Alejandro Savely";"Corporate";"United States";"San Francisco";"California";"2016-10-28";"2016-11-03"
340;"AS-10285";"Alejandro Savely";"Corporate";"United States";"Seattle";"Washington";"2016-11-04";"2016-11-04"
341;"AS-10285";"Alejandro Savely";"Corporate";"United States";"Philadelphia";"Pennsylvania";"2016-11-05";"2016-11-10"
342;"AS-10285";"Alejandro Savely";"Corporate";"United States";"Noblesville";"Indiana";"2016-11-11";"2017-12-10"
343;"AS-10285";"Alejandro Savely";"Corporate";"United States";"Palatine";"Illinois";"2017-12-11";"2099-01-01"
344;"AS-10630";"Ann Steele";"Home Office";"United States";"Philadelphia";"Pennsylvania";"2014-08-01";"2014-12-06"
345;"AS-10630";"Ann Steele";"Home Office";"United States";"Seattle";"Washington";"2014-12-07";"2015-09-02"
346;"AS-10630";"Ann Steele";"Home Office";"United States";"San Francisco";"California";"2015-09-03";"2016-09-21"
347;"AS-10630";"Ann Steele";"Home Office";"United States";"Louisville";"Kentucky";"2016-09-22";"2017-03-16"
348;"AS-10630";"Ann Steele";"Home Office";"United States";"Knoxville";"Tennessee";"2017-03-17";"2017-04-29"
349;"AS-10630";"Ann Steele";"Home Office";"United States";"Boynton Beach";"Florida";"2017-04-30";"2017-09-28"
350;"AS-10630";"Ann Steele";"Home Office";"United States";"Pasadena";"Texas";"2017-09-29";"2099-01-01"
351;"AT-10435";"Alyssa Tate";"Home Office";"United States";"Akron";"Ohio";"2014-11-24";"2014-12-26"
352;"AT-10435";"Alyssa Tate";"Home Office";"United States";"Los Angeles";"California";"2014-12-27";"2015-09-05"
353;"AT-10435";"Alyssa Tate";"Home Office";"United States";"Tamarac";"Florida";"2015-09-06";"2016-11-23"
354;"AT-10435";"Alyssa Tate";"Home Office";"United States";"Los Angeles";"California";"2016-11-24";"2017-04-01"
355;"AT-10435";"Alyssa Tate";"Home Office";"United States";"Meriden";"Connecticut";"2017-04-02";"2017-12-08"
356;"AT-10435";"Alyssa Tate";"Home Office";"United States";"Los Angeles";"California";"2017-12-09";"2099-01-01"
357;"AT-10735";"Annie Thurman";"Consumer";"United States";"Bristol";"Connecticut";"2014-08-30";"2014-11-02"
358;"AT-10735";"Annie Thurman";"Consumer";"United States";"Nashville";"Tennessee";"2014-11-03";"2015-11-22"
359;"AT-10735";"Annie Thurman";"Consumer";"United States";"Morristown";"New Jersey";"2015-11-23";"2016-05-29"
360;"AT-10735";"Annie Thurman";"Consumer";"United States";"Houston";"Texas";"2016-05-30";"2016-07-16"
361;"AT-10735";"Annie Thurman";"Consumer";"United States";"New York City";"New York";"2016-07-17";"2016-09-08"
362;"AT-10735";"Annie Thurman";"Consumer";"United States";"Stockton";"California";"2016-09-09";"2017-05-18"
363;"AT-10735";"Annie Thurman";"Consumer";"United States";"Seattle";"Washington";"2017-05-19";"2017-07-06"
364;"AT-10735";"Annie Thurman";"Consumer";"United States";"Los Angeles";"California";"2017-07-07";"2017-07-31"
365;"AT-10735";"Annie Thurman";"Consumer";"United States";"Chicago";"Illinois";"2017-08-01";"2017-12-16"
366;"AT-10735";"Annie Thurman";"Consumer";"United States";"New York City";"New York";"2017-12-17";"2099-01-01"
367;"AW-10840";"Anthony Witt";"Consumer";"United States";"Farmington";"New Mexico";"2015-04-13";"2015-11-28"
368;"AW-10840";"Anthony Witt";"Consumer";"United States";"Allen";"Texas";"2015-11-29";"2017-09-01"
369;"AW-10840";"Anthony Witt";"Consumer";"United States";"Bakersfield";"California";"2017-09-02";"2017-12-09"
370;"AW-10840";"Anthony Witt";"Consumer";"United States";"Philadelphia";"Pennsylvania";"2017-12-10";"2099-01-01"
371;"AW-10930";"Arthur Wiediger";"Home Office";"United States";"Aurora";"Illinois";"2014-07-14";"2015-11-12"
372;"AW-10930";"Arthur Wiediger";"Home Office";"United States";"Helena";"Montana";"2015-11-13";"2016-06-11"
373;"AW-10930";"Arthur Wiediger";"Home Office";"United States";"Houston";"Texas";"2016-06-12";"2016-10-06"
374;"AW-10930";"Arthur Wiediger";"Home Office";"United States";"Philadelphia";"Pennsylvania";"2016-10-07";"2016-11-17"
375;"AW-10930";"Arthur Wiediger";"Home Office";"United States";"Oklahoma City";"Oklahoma";"2016-11-18";"2017-08-30"
376;"AW-10930";"Arthur Wiediger";"Home Office";"United States";"San Francisco";"California";"2017-08-31";"2017-11-13"
377;"AW-10930";"Arthur Wiediger";"Home Office";"United States";"Minneapolis";"Minnesota";"2017-11-14";"2099-01-01"
378;"AY-10555";"Andy Yotov";"Corporate";"United States";"Los Angeles";"California";"2014-04-06";"2014-12-25"
379;"AY-10555";"Andy Yotov";"Corporate";"United States";"Philadelphia";"Pennsylvania";"2014-12-26";"2016-12-17"
380;"AY-10555";"Andy Yotov";"Corporate";"United States";"San Francisco";"California";"2016-12-18";"2017-12-15"
381;"AY-10555";"Andy Yotov";"Corporate";"United States";"Oceanside";"California";"2017-12-16";"2099-01-01"
382;"AZ-10750";"Annie Zypern";"Consumer";"United States";"Dallas";"Texas";"2014-03-17";"2014-03-24"
383;"AZ-10750";"Annie Zypern";"Consumer";"United States";"New York City";"New York";"2014-03-25";"2015-04-21"
384;"AZ-10750";"Annie Zypern";"Consumer";"United States";"Los Angeles";"California";"2015-04-22";"2015-05-11"
385;"AZ-10750";"Annie Zypern";"Consumer";"United States";"New York City";"New York";"2015-05-12";"2016-02-04"
386;"AZ-10750";"Annie Zypern";"Consumer";"United States";"San Diego";"California";"2016-02-05";"2017-07-22"
387;"AZ-10750";"Annie Zypern";"Consumer";"United States";"Wheeling";"Illinois";"2017-07-23";"2099-01-01"
388;"BB-10990";"Barry Blumstein";"Corporate";"United States";"Los Angeles";"California";"2014-07-27";"2015-11-01"
389;"BB-10990";"Barry Blumstein";"Corporate";"United States";"San Antonio";"Texas";"2015-11-02";"2016-03-31"
390;"BB-10990";"Barry Blumstein";"Corporate";"United States";"Sierra Vista";"Arizona";"2016-04-01";"2017-05-31"
391;"BB-10990";"Barry Blumstein";"Corporate";"United States";"Toledo";"Ohio";"2017-06-01";"2017-09-15"
392;"BB-10990";"Barry Blumstein";"Corporate";"United States";"Inglewood";"California";"2017-09-16";"2099-01-01"
393;"BB-11545";"Brenda Bowman";"Corporate";"United States";"Saint Charles";"Missouri";"2015-06-05";"2015-11-20"
394;"BB-11545";"Brenda Bowman";"Corporate";"United States";"Fort Worth";"Texas";"2015-11-21";"2016-11-10"
395;"BB-11545";"Brenda Bowman";"Corporate";"United States";"Chicago";"Illinois";"2016-11-11";"2016-11-24"
396;"BB-11545";"Brenda Bowman";"Corporate";"United States";"Jackson";"Michigan";"2016-11-25";"2016-12-25"
397;"BB-11545";"Brenda Bowman";"Corporate";"United States";"Vineland";"New Jersey";"2016-12-26";"2017-08-11"
398;"BB-11545";"Brenda Bowman";"Corporate";"United States";"Columbia";"Maryland";"2017-08-12";"2017-09-14"
399;"BB-11545";"Brenda Bowman";"Corporate";"United States";"Houston";"Texas";"2017-09-15";"2017-11-10"
400;"BB-11545";"Brenda Bowman";"Corporate";"United States";"Fort Lauderdale";"Florida";"2017-11-11";"2017-12-01"
401;"BB-11545";"Brenda Bowman";"Corporate";"United States";"Oakland";"California";"2017-12-02";"2099-01-01"
402;"BC-11125";"Becky Castell";"Home Office";"United States";"El Cajon";"California";"2014-07-06";"2014-09-12"
403;"BC-11125";"Becky Castell";"Home Office";"United States";"Odessa";"Texas";"2014-09-13";"2015-06-19"
404;"BC-11125";"Becky Castell";"Home Office";"United States";"Philadelphia";"Pennsylvania";"2015-06-20";"2016-04-03"
405;"BC-11125";"Becky Castell";"Home Office";"United States";"Troy";"New York";"2016-04-04";"2016-07-24"
406;"BC-11125";"Becky Castell";"Home Office";"United States";"San Francisco";"California";"2016-07-25";"2016-08-11"
407;"BC-11125";"Becky Castell";"Home Office";"United States";"New York City";"New York";"2016-08-12";"2016-09-15"
408;"BC-11125";"Becky Castell";"Home Office";"United States";"Laguna Niguel";"California";"2016-09-16";"2017-05-18"
409;"BC-11125";"Becky Castell";"Home Office";"United States";"San Francisco";"California";"2017-05-19";"2017-06-10"
410;"BC-11125";"Becky Castell";"Home Office";"United States";"Peoria";"Arizona";"2017-06-11";"2099-01-01"
411;"BD-11320";"Bill Donatelli";"Consumer";"United States";"Minneapolis";"Minnesota";"2015-05-31";"2015-08-09"
412;"BD-11320";"Bill Donatelli";"Consumer";"United States";"Detroit";"Michigan";"2015-08-10";"2016-04-14"
413;"BD-11320";"Bill Donatelli";"Consumer";"United States";"San Francisco";"California";"2016-04-15";"2016-06-23"
414;"BD-11320";"Bill Donatelli";"Consumer";"United States";"San Diego";"California";"2016-06-24";"2016-08-14"
415;"BD-11320";"Bill Donatelli";"Consumer";"United States";"Los Angeles";"California";"2016-08-15";"2016-09-17"
416;"BD-11320";"Bill Donatelli";"Consumer";"United States";"Woodland";"California";"2016-09-18";"2016-10-30"
417;"BD-11320";"Bill Donatelli";"Consumer";"United States";"Philadelphia";"Pennsylvania";"2016-10-31";"2017-04-11"
418;"BD-11320";"Bill Donatelli";"Consumer";"United States";"Providence";"Rhode Island";"2017-04-12";"2017-06-09"
419;"BD-11320";"Bill Donatelli";"Consumer";"United States";"Seattle";"Washington";"2017-06-10";"2017-09-22"
420;"BD-11320";"Bill Donatelli";"Consumer";"United States";"Tulsa";"Oklahoma";"2017-09-23";"2017-11-26"
421;"BD-11320";"Bill Donatelli";"Consumer";"United States";"Los Angeles";"California";"2017-11-27";"2099-01-01"
422;"BD-11500";"Bradley Drucker";"Consumer";"United States";"Green Bay";"Wisconsin";"2014-02-01";"2014-10-13"
423;"BD-11500";"Bradley Drucker";"Consumer";"United States";"Chicago";"Illinois";"2014-10-14";"2015-09-15"
424;"BD-11500";"Bradley Drucker";"Consumer";"United States";"Newport News";"Virginia";"2015-09-16";"2015-12-22"
425;"BD-11500";"Bradley Drucker";"Consumer";"United States";"Richmond";"Virginia";"2015-12-23";"2017-01-25"
426;"BD-11500";"Bradley Drucker";"Consumer";"United States";"Columbus";"Georgia";"2017-01-26";"2017-11-24"
427;"BD-11500";"Bradley Drucker";"Consumer";"United States";"San Francisco";"California";"2017-11-25";"2099-01-01"
428;"BD-11560";"Brendan Dodson";"Home Office";"United States";"Springfield";"Virginia";"2015-05-30";"2017-03-26"
429;"BD-11560";"Brendan Dodson";"Home Office";"United States";"Fresno";"California";"2017-03-27";"2099-01-01"
430;"BD-11605";"Brian Dahlen";"Consumer";"United States";"San Francisco";"California";"2014-01-13";"2014-08-14"
431;"BD-11605";"Brian Dahlen";"Consumer";"United States";"San Francisco";"California";"2014-08-15";"2015-06-10"
432;"BD-11605";"Brian Dahlen";"Consumer";"United States";"Monroe";"Louisiana";"2015-06-11";"2015-12-25"
433;"BD-11605";"Brian Dahlen";"Consumer";"United States";"Lawrence";"Massachusetts";"2015-12-26";"2016-04-11"
434;"BD-11605";"Brian Dahlen";"Consumer";"United States";"Springfield";"Virginia";"2016-04-12";"2016-12-29"
435;"BD-11605";"Brian Dahlen";"Consumer";"United States";"Lancaster";"Pennsylvania";"2016-12-30";"2017-09-23"
436;"BD-11605";"Brian Dahlen";"Consumer";"United States";"Miami";"Florida";"2017-09-24";"2099-01-01"
437;"BD-11620";"Brian DeCherney";"Consumer";"United States";"Wilmington";"North Carolina";"2014-06-30";"2016-03-07"
438;"BD-11620";"Brian DeCherney";"Consumer";"United States";"Philadelphia";"Pennsylvania";"2016-03-08";"2016-09-30"
439;"BD-11620";"Brian DeCherney";"Consumer";"United States";"San Francisco";"California";"2016-10-01";"2016-12-24"
440;"BD-11620";"Brian DeCherney";"Consumer";"United States";"New York City";"New York";"2016-12-25";"2016-12-30"
441;"BD-11620";"Brian DeCherney";"Consumer";"United States";"Anaheim";"California";"2016-12-31";"2017-10-21"
442;"BD-11620";"Brian DeCherney";"Consumer";"United States";"Lawton";"Oklahoma";"2017-10-22";"2099-01-01"
443;"BD-11635";"Brian Derr";"Consumer";"United States";"Columbus";"Ohio";"2014-10-05";"2015-12-04"
444;"BD-11635";"Brian Derr";"Consumer";"United States";"New York City";"New York";"2015-12-05";"2017-12-20"
445;"BD-11635";"Brian Derr";"Consumer";"United States";"Bowling Green";"Kentucky";"2017-12-21";"2099-01-01"
446;"BD-11725";"Bruce Degenhardt";"Consumer";"United States";"Richmond";"Kentucky";"2015-07-03";"2016-02-24"
447;"BD-11725";"Bruce Degenhardt";"Consumer";"United States";"Newark";"Ohio";"2016-02-25";"2017-04-21"
448;"BD-11725";"Bruce Degenhardt";"Consumer";"United States";"Columbus";"Georgia";"2017-04-22";"2017-05-29"
449;"BD-11725";"Bruce Degenhardt";"Consumer";"United States";"Lafayette";"Louisiana";"2017-05-30";"2017-08-02"
450;"BD-11725";"Bruce Degenhardt";"Consumer";"United States";"San Francisco";"California";"2017-08-03";"2017-09-27"
451;"BD-11725";"Bruce Degenhardt";"Consumer";"United States";"Los Angeles";"California";"2017-09-28";"2099-01-01"
452;"BD-11770";"Bryan Davis";"Consumer";"United States";"Philadelphia";"Pennsylvania";"2016-03-10";"2016-05-01"
453;"BD-11770";"Bryan Davis";"Consumer";"United States";"Houston";"Texas";"2016-05-02";"2016-09-09"
454;"BD-11770";"Bryan Davis";"Consumer";"United States";"Edmonds";"Washington";"2016-09-10";"2016-11-10"
455;"BD-11770";"Bryan Davis";"Consumer";"United States";"New York City";"New York";"2016-11-11";"2017-01-28"
456;"BD-11770";"Bryan Davis";"Consumer";"United States";"Philadelphia";"Pennsylvania";"2017-01-29";"2017-02-05"
457;"BD-11770";"Bryan Davis";"Consumer";"United States";"New York City";"New York";"2017-02-06";"2099-01-01"
458;"BE-11335";"Bill Eplett";"Home Office";"United States";"New York City";"New York";"2016-01-15";"2016-07-24"
459;"BE-11335";"Bill Eplett";"Home Office";"United States";"Houston";"Texas";"2016-07-25";"2017-03-22"
460;"BE-11335";"Bill Eplett";"Home Office";"United States";"San Francisco";"California";"2017-03-23";"2017-07-16"
461;"BE-11335";"Bill Eplett";"Home Office";"United States";"Rome";"New York";"2017-07-17";"2017-09-01"
462;"BE-11335";"Bill Eplett";"Home Office";"United States";"Jackson";"Michigan";"2017-09-02";"2099-01-01"
463;"BE-11410";"Bobby Elias";"Consumer";"United States";"Lancaster";"Ohio";"2016-02-07";"2016-10-13"
464;"BE-11410";"Bobby Elias";"Consumer";"United States";"Appleton";"Wisconsin";"2016-10-14";"2016-11-17"
465;"BE-11410";"Bobby Elias";"Consumer";"United States";"Concord";"California";"2016-11-18";"2017-01-20"
466;"BE-11410";"Bobby Elias";"Consumer";"United States";"Aurora";"Illinois";"2017-01-21";"2017-09-22"
467;"BE-11410";"Bobby Elias";"Consumer";"United States";"Miami";"Florida";"2017-09-23";"2099-01-01"
468;"BE-11455";"Brad Eason";"Home Office";"United States";"Providence";"Rhode Island";"2015-08-02";"2015-09-13"
469;"BE-11455";"Brad Eason";"Home Office";"United States";"Des Moines";"Iowa";"2015-09-14";"2016-05-05"
470;"BE-11455";"Brad Eason";"Home Office";"United States";"Springfield";"Missouri";"2016-05-06";"2016-05-05"
471;"BE-11455";"Brad Eason";"Home Office";"United States";"Lorain";"Ohio";"2016-05-06";"2016-09-04"
472;"BE-11455";"Brad Eason";"Home Office";"United States";"Olathe";"Kansas";"2016-09-05";"2017-04-19"
473;"BE-11455";"Brad Eason";"Home Office";"United States";"Cleveland";"Ohio";"2017-04-20";"2099-01-01"
474;"BF-10975";"Barbara Fisher";"Corporate";"United States";"New York City";"New York";"2014-07-14";"2014-07-31"
475;"BF-10975";"Barbara Fisher";"Corporate";"United States";"Charlotte";"North Carolina";"2014-08-01";"2015-06-12"
476;"BF-10975";"Barbara Fisher";"Corporate";"United States";"Roswell";"Georgia";"2015-06-13";"2015-07-04"
477;"BF-10975";"Barbara Fisher";"Corporate";"United States";"Fayetteville";"North Carolina";"2015-07-05";"2015-07-05"
478;"BF-10975";"Barbara Fisher";"Corporate";"United States";"Vineland";"New Jersey";"2015-07-06";"2016-11-19"
479;"BF-10975";"Barbara Fisher";"Corporate";"United States";"Columbus";"Indiana";"2016-11-20";"2017-09-29"
480;"BF-10975";"Barbara Fisher";"Corporate";"United States";"Philadelphia";"Pennsylvania";"2017-09-30";"2099-01-01"
481;"BF-11005";"Barry Franz";"Home Office";"United States";"Aurora";"Colorado";"2014-09-25";"2016-05-04"
482;"BF-11005";"Barry Franz";"Home Office";"United States";"Los Angeles";"California";"2016-05-05";"2016-07-27"
483;"BF-11005";"Barry Franz";"Home Office";"United States";"Pasadena";"Texas";"2016-07-28";"2017-11-20"
484;"BF-11005";"Barry Franz";"Home Office";"United States";"Pasadena";"California";"2017-11-21";"2099-01-01"
485;"BF-11020";"Barry Französisch";"Corporate";"United States";"Seattle";"Washington";"2014-02-15";"2015-10-29"
486;"BF-11020";"Barry Französisch";"Corporate";"United States";"New York City";"New York";"2015-10-30";"2016-07-06"
487;"BF-11020";"Barry Französisch";"Corporate";"United States";"Aurora";"Illinois";"2016-07-07";"2016-08-01"
488;"BF-11020";"Barry Französisch";"Corporate";"United States";"Los Angeles";"California";"2016-08-02";"2017-03-31"
489;"BF-11020";"Barry Französisch";"Corporate";"United States";"Jacksonville";"Florida";"2017-04-01";"2017-09-07"
490;"BF-11020";"Barry Französisch";"Corporate";"United States";"Arlington";"Texas";"2017-09-08";"2017-10-16"
491;"BF-11020";"Barry Französisch";"Corporate";"United States";"Modesto";"California";"2017-10-17";"2099-01-01"
492;"BF-11080";"Bart Folk";"Consumer";"United States";"Montgomery";"Alabama";"2014-11-28";"2017-09-11"
493;"BF-11080";"Bart Folk";"Consumer";"United States";"Baltimore";"Maryland";"2017-09-12";"2017-12-04"
494;"BF-11080";"Bart Folk";"Consumer";"United States";"New York City";"New York";"2017-12-05";"2099-01-01"
495;"BF-11170";"Ben Ferrer";"Home Office";"United States";"Baltimore";"Maryland";"2014-04-13";"2014-07-11"
496;"BF-11170";"Ben Ferrer";"Home Office";"United States";"Los Angeles";"California";"2014-07-12";"2014-12-23"
497;"BF-11170";"Ben Ferrer";"Home Office";"United States";"Los Angeles";"California";"2014-12-24";"2015-05-12"
498;"BF-11170";"Ben Ferrer";"Home Office";"United States";"Chicago";"Illinois";"2015-05-13";"2015-05-25"
499;"BF-11170";"Ben Ferrer";"Home Office";"United States";"Jacksonville";"North Carolina";"2015-05-26";"2016-01-30"
500;"BF-11170";"Ben Ferrer";"Home Office";"United States";"Atlanta";"Georgia";"2016-01-31";"2016-04-16"
501;"BF-11170";"Ben Ferrer";"Home Office";"United States";"Raleigh";"North Carolina";"2016-04-17";"2016-04-29"
502;"BF-11170";"Ben Ferrer";"Home Office";"United States";"Dallas";"Texas";"2016-04-30";"2016-11-09"
503;"BF-11170";"Ben Ferrer";"Home Office";"United States";"Sacramento";"California";"2016-11-10";"2017-03-05"
504;"BF-11170";"Ben Ferrer";"Home Office";"United States";"San Francisco";"California";"2017-03-06";"2017-12-13"
505;"BF-11170";"Ben Ferrer";"Home Office";"United States";"Lawrence";"Massachusetts";"2017-12-14";"2099-01-01"
506;"BF-11215";"Benjamin Farhat";"Home Office";"United States";"New York City";"New York";"2014-11-09";"2016-06-08"
507;"BF-11215";"Benjamin Farhat";"Home Office";"United States";"Minneapolis";"Minnesota";"2016-06-09";"2017-03-12"
508;"BF-11215";"Benjamin Farhat";"Home Office";"United States";"Albuquerque";"New Mexico";"2017-03-13";"2017-10-25"
509;"BF-11215";"Benjamin Farhat";"Home Office";"United States";"Dallas";"Texas";"2017-10-26";"2099-01-01"
510;"BF-11275";"Beth Fritzler";"Corporate";"United States";"Tucson";"Arizona";"2014-03-22";"2017-07-09"
511;"BF-11275";"Beth Fritzler";"Corporate";"United States";"Columbus";"Georgia";"2017-07-10";"2017-11-02"
512;"BF-11275";"Beth Fritzler";"Corporate";"United States";"Miami";"Florida";"2017-11-03";"2099-01-01"
513;"BG-11035";"Barry Gonzalez";"Consumer";"United States";"Hampton";"Virginia";"2014-11-05";"2014-12-05"
514;"BG-11035";"Barry Gonzalez";"Consumer";"United States";"Memphis";"Tennessee";"2014-12-06";"2015-09-19"
515;"BG-11035";"Barry Gonzalez";"Consumer";"United States";"Nashville";"Tennessee";"2015-09-20";"2015-12-30"
516;"BG-11035";"Barry Gonzalez";"Consumer";"United States";"Austin";"Texas";"2015-12-31";"2016-11-16"
517;"BG-11035";"Barry Gonzalez";"Consumer";"United States";"The Colony";"Texas";"2016-11-17";"2017-08-30"
518;"BG-11035";"Barry Gonzalez";"Consumer";"United States";"Monroe";"Louisiana";"2017-08-31";"2017-11-01"
519;"BG-11035";"Barry Gonzalez";"Consumer";"United States";"Springfield";"Virginia";"2017-11-02";"2017-12-01"
520;"BG-11035";"Barry Gonzalez";"Consumer";"United States";"Greensboro";"North Carolina";"2017-12-02";"2099-01-01"
521;"BG-11695";"Brooke Gillingham";"Corporate";"United States";"Watertown";"New York";"2014-05-11";"2015-01-04"
522;"BG-11695";"Brooke Gillingham";"Corporate";"United States";"New York City";"New York";"2015-01-05";"2016-05-29"
523;"BG-11695";"Brooke Gillingham";"Corporate";"United States";"Cincinnati";"Ohio";"2016-05-30";"2016-12-26"
524;"BG-11695";"Brooke Gillingham";"Corporate";"United States";"Woodstock";"Illinois";"2016-12-27";"2017-09-22"
525;"BG-11695";"Brooke Gillingham";"Corporate";"United States";"Louisville";"Colorado";"2017-09-23";"2017-11-23"
526;"BG-11695";"Brooke Gillingham";"Corporate";"United States";"Garden City";"Kansas";"2017-11-24";"2099-01-01"
527;"BG-11740";"Bruce Geld";"Consumer";"United States";"Delray Beach";"Florida";"2014-03-23";"2015-06-17"
528;"BG-11740";"Bruce Geld";"Consumer";"United States";"San Diego";"California";"2015-06-18";"2016-08-29"
529;"BG-11740";"Bruce Geld";"Consumer";"United States";"Los Angeles";"California";"2016-08-30";"2016-09-05"
530;"BG-11740";"Bruce Geld";"Consumer";"United States";"Houston";"Texas";"2016-09-06";"2017-04-16"
531;"BG-11740";"Bruce Geld";"Consumer";"United States";"Philadelphia";"Pennsylvania";"2017-04-17";"2017-11-02"
532;"BG-11740";"Bruce Geld";"Consumer";"United States";"Bakersfield";"California";"2017-11-03";"2099-01-01"
533;"BH-11710";"Brosina Hoffman";"Consumer";"United States";"Los Angeles";"California";"2014-06-09";"2014-11-10"
534;"BH-11710";"Brosina Hoffman";"Consumer";"United States";"Chicago";"Illinois";"2014-11-11";"2015-02-07"
535;"BH-11710";"Brosina Hoffman";"Consumer";"United States";"Garden City";"Kansas";"2015-02-08";"2015-11-21"
536;"BH-11710";"Brosina Hoffman";"Consumer";"United States";"Hialeah";"Florida";"2015-11-22";"2016-03-02"
537;"BH-11710";"Brosina Hoffman";"Consumer";"United States";"Newark";"Delaware";"2016-03-03";"2017-01-13"
538;"BH-11710";"Brosina Hoffman";"Consumer";"United States";"Johnson City";"Tennessee";"2017-01-14";"2017-05-17"
539;"BH-11710";"Brosina Hoffman";"Consumer";"United States";"Philadelphia";"Pennsylvania";"2017-05-18";"2017-12-06"
540;"BH-11710";"Brosina Hoffman";"Consumer";"United States";"Hattiesburg";"Mississippi";"2017-12-07";"2099-01-01"
541;"BK-11260";"Berenike Kampe";"Consumer";"United States";"New York City";"New York";"2014-08-03";"2014-12-05"
542;"BK-11260";"Berenike Kampe";"Consumer";"United States";"Chicago";"Illinois";"2014-12-06";"2015-03-18"
543;"BK-11260";"Berenike Kampe";"Consumer";"United States";"San Bernardino";"California";"2015-03-19";"2016-11-10"
544;"BK-11260";"Berenike Kampe";"Consumer";"United States";"San Francisco";"California";"2016-11-11";"2017-09-21"
545;"BK-11260";"Berenike Kampe";"Consumer";"United States";"Santa Ana";"California";"2017-09-22";"2017-10-13"
546;"BK-11260";"Berenike Kampe";"Consumer";"United States";"San Francisco";"California";"2017-10-14";"2099-01-01"
547;"BM-11140";"Becky Martin";"Consumer";"United States";"San Antonio";"Texas";"2014-09-08";"2016-09-01"
548;"BM-11140";"Becky Martin";"Consumer";"United States";"Des Moines";"Washington";"2016-09-02";"2016-12-03"
549;"BM-11140";"Becky Martin";"Consumer";"United States";"New York City";"New York";"2016-12-04";"2017-02-25"
550;"BM-11140";"Becky Martin";"Consumer";"United States";"Santa Barbara";"California";"2017-02-26";"2099-01-01"
551;"BM-11575";"Brendan Murry";"Corporate";"United States";"New York City";"New York";"2015-09-15";"2016-01-01"
552;"BM-11575";"Brendan Murry";"Corporate";"United States";"Gaithersburg";"Maryland";"2016-01-02";"2016-11-19"
553;"BM-11575";"Brendan Murry";"Corporate";"United States";"Montebello";"California";"2016-11-20";"2017-04-16"
554;"BM-11575";"Brendan Murry";"Corporate";"United States";"Chicago";"Illinois";"2017-04-17";"2017-05-17"
555;"BM-11575";"Brendan Murry";"Corporate";"United States";"Chicago";"Illinois";"2017-05-18";"2017-09-20"
556;"BM-11575";"Brendan Murry";"Corporate";"United States";"Los Angeles";"California";"2017-09-21";"2099-01-01"
557;"BM-11650";"Brian Moss";"Corporate";"United States";"Dallas";"Texas";"2014-07-09";"2014-09-20"
558;"BM-11650";"Brian Moss";"Corporate";"United States";"Omaha";"Nebraska";"2014-09-21";"2014-09-22"
559;"BM-11650";"Brian Moss";"Corporate";"United States";"San Diego";"California";"2014-09-23";"2015-10-08"
560;"BM-11650";"Brian Moss";"Corporate";"United States";"Ann Arbor";"Michigan";"2015-10-09";"2015-11-19"
561;"BM-11650";"Brian Moss";"Corporate";"United States";"New York City";"New York";"2015-11-20";"2016-09-26"
562;"BM-11650";"Brian Moss";"Corporate";"United States";"Lancaster";"Ohio";"2016-09-27";"2017-03-23"
563;"BM-11650";"Brian Moss";"Corporate";"United States";"New York City";"New York";"2017-03-24";"2017-05-12"
564;"BM-11650";"Brian Moss";"Corporate";"United States";"Columbus";"Indiana";"2017-05-13";"2017-11-08"
565;"BM-11650";"Brian Moss";"Corporate";"United States";"Columbia";"Maryland";"2017-11-09";"2017-11-15"
566;"BM-11650";"Brian Moss";"Corporate";"United States";"Elyria";"Ohio";"2017-11-16";"2017-11-26"
567;"BM-11650";"Brian Moss";"Corporate";"United States";"Milwaukee";"Wisconsin";"2017-11-27";"2099-01-01"
568;"BM-11785";"Bryan Mills";"Consumer";"United States";"Rochester";"New York";"2014-06-06";"2014-09-01"
569;"BM-11785";"Bryan Mills";"Consumer";"United States";"Buffalo Grove";"Illinois";"2014-09-02";"2014-12-13"
570;"BM-11785";"Bryan Mills";"Consumer";"United States";"Deltona";"Florida";"2014-12-14";"2015-03-19"
571;"BM-11785";"Bryan Mills";"Consumer";"United States";"Salem";"Oregon";"2015-03-20";"2015-10-02"
572;"BM-11785";"Bryan Mills";"Consumer";"United States";"Columbus";"Ohio";"2015-10-03";"2016-04-15"
573;"BM-11785";"Bryan Mills";"Consumer";"United States";"Seattle";"Washington";"2016-04-16";"2016-07-13"
574;"BM-11785";"Bryan Mills";"Consumer";"United States";"Houston";"Texas";"2016-07-14";"2016-12-29"
575;"BM-11785";"Bryan Mills";"Consumer";"United States";"Columbus";"Ohio";"2016-12-30";"2017-05-25"
576;"BM-11785";"Bryan Mills";"Consumer";"United States";"Harrisonburg";"Virginia";"2017-05-26";"2099-01-01"
577;"BN-11470";"Brad Norvell";"Corporate";"United States";"Cary";"North Carolina";"2014-09-12";"2015-04-15"
578;"BN-11470";"Brad Norvell";"Corporate";"United States";"Philadelphia";"Pennsylvania";"2015-04-16";"2017-03-13"
579;"BN-11470";"Brad Norvell";"Corporate";"United States";"Chicago";"Illinois";"2017-03-14";"2017-12-05"
580;"BN-11470";"Brad Norvell";"Corporate";"United States";"Brentwood";"California";"2017-12-06";"2099-01-01"
581;"BN-11515";"Bradley Nguyen";"Consumer";"United States";"Lakeville";"Minnesota";"2014-03-17";"2014-09-16"
582;"BN-11515";"Bradley Nguyen";"Consumer";"United States";"Seattle";"Washington";"2014-09-17";"2016-05-18"
583;"BN-11515";"Bradley Nguyen";"Consumer";"United States";"New York City";"New York";"2016-05-19";"2017-08-31"
584;"BN-11515";"Bradley Nguyen";"Consumer";"United States";"New York City";"New York";"2017-09-01";"2017-12-20"
585;"BN-11515";"Bradley Nguyen";"Consumer";"United States";"Los Angeles";"California";"2017-12-21";"2099-01-01"
586;"BO-11350";"Bill Overfelt";"Corporate";"United States";"Broken Arrow";"Oklahoma";"2016-01-03";"2016-04-27"
587;"BO-11350";"Bill Overfelt";"Corporate";"United States";"Los Angeles";"California";"2016-04-28";"2017-02-01"
588;"BO-11350";"Bill Overfelt";"Corporate";"United States";"San Diego";"California";"2017-02-02";"2017-05-02"
589;"BO-11350";"Bill Overfelt";"Corporate";"United States";"Philadelphia";"Pennsylvania";"2017-05-03";"2017-08-14"
590;"BO-11350";"Bill Overfelt";"Corporate";"United States";"Roseville";"Minnesota";"2017-08-15";"2099-01-01"
591;"BO-11425";"Bobby Odegard";"Consumer";"United States";"New York City";"New York";"2015-09-10";"2017-10-15"
592;"BO-11425";"Bobby Odegard";"Consumer";"United States";"Richmond";"Kentucky";"2017-10-16";"2099-01-01"
593;"BP-11050";"Barry Pond";"Corporate";"United States";"Plainfield";"New Jersey";"2016-11-25";"2016-12-18"
594;"BP-11050";"Barry Pond";"Corporate";"United States";"Chicago";"Illinois";"2016-12-19";"2017-03-17"
595;"BP-11050";"Barry Pond";"Corporate";"United States";"Los Angeles";"California";"2017-03-18";"2017-10-07"
596;"BP-11050";"Barry Pond";"Corporate";"United States";"Cranston";"Rhode Island";"2017-10-08";"2099-01-01"
597;"BP-11095";"Bart Pistole";"Corporate";"United States";"Peoria";"Illinois";"2014-06-07";"2014-10-08"
598;"BP-11095";"Bart Pistole";"Corporate";"United States";"Jacksonville";"North Carolina";"2014-10-09";"2014-11-06"
599;"BP-11095";"Bart Pistole";"Corporate";"United States";"New York City";"New York";"2014-11-07";"2014-12-18"
600;"BP-11095";"Bart Pistole";"Corporate";"United States";"Los Angeles";"California";"2014-12-19";"2015-07-25"
601;"BP-11095";"Bart Pistole";"Corporate";"United States";"Oxnard";"California";"2015-07-26";"2016-10-26"
602;"BP-11095";"Bart Pistole";"Corporate";"United States";"San Francisco";"California";"2016-10-27";"2017-02-19"
603;"BP-11095";"Bart Pistole";"Corporate";"United States";"Louisville";"Colorado";"2017-02-20";"2017-04-14"
604;"BP-11095";"Bart Pistole";"Corporate";"United States";"Miami";"Florida";"2017-04-15";"2017-09-23"
605;"BP-11095";"Bart Pistole";"Corporate";"United States";"Lawrence";"Massachusetts";"2017-09-24";"2017-11-29"
606;"BP-11095";"Bart Pistole";"Corporate";"United States";"El Paso";"Texas";"2017-11-30";"2017-12-12"
607;"BP-11095";"Bart Pistole";"Corporate";"United States";"New York City";"New York";"2017-12-13";"2099-01-01"
608;"BP-11155";"Becky Pak";"Consumer";"United States";"Los Angeles";"California";"2015-06-04";"2016-06-27"
609;"BP-11155";"Becky Pak";"Consumer";"United States";"Paterson";"New Jersey";"2016-06-28";"2016-12-30"
610;"BP-11155";"Becky Pak";"Consumer";"United States";"San Francisco";"California";"2016-12-31";"2017-07-09"
611;"BP-11155";"Becky Pak";"Consumer";"United States";"Columbus";"Georgia";"2017-07-10";"2017-10-01"
612;"BP-11155";"Becky Pak";"Consumer";"United States";"New York City";"New York";"2017-10-02";"2099-01-01"
613;"BP-11185";"Ben Peterman";"Corporate";"United States";"Coral Springs";"Florida";"2015-03-24";"2015-08-27"
614;"BP-11185";"Ben Peterman";"Corporate";"United States";"Dallas";"Texas";"2015-08-28";"2016-01-03"
615;"BP-11185";"Ben Peterman";"Corporate";"United States";"Philadelphia";"Pennsylvania";"2016-01-04";"2016-09-11"
616;"BP-11185";"Ben Peterman";"Corporate";"United States";"Arvada";"Colorado";"2016-09-12";"2016-12-22"
617;"BP-11185";"Ben Peterman";"Corporate";"United States";"Chicago";"Illinois";"2016-12-23";"2017-08-26"
618;"BP-11185";"Ben Peterman";"Corporate";"United States";"Philadelphia";"Pennsylvania";"2017-08-27";"2017-12-09"
619;"BP-11185";"Ben Peterman";"Corporate";"United States";"Seattle";"Washington";"2017-12-10";"2017-12-09"
620;"BP-11185";"Ben Peterman";"Corporate";"United States";"San Diego";"California";"2017-12-10";"2017-12-28"
621;"BP-11185";"Ben Peterman";"Corporate";"United States";"Anaheim";"California";"2017-12-29";"2099-01-01"
622;"BP-11230";"Benjamin Patterson";"Consumer";"United States";"Los Angeles";"California";"2014-04-20";"2015-04-29"
623;"BP-11230";"Benjamin Patterson";"Consumer";"United States";"Troy";"Ohio";"2015-04-30";"2016-09-23"
624;"BP-11230";"Benjamin Patterson";"Consumer";"United States";"Broken Arrow";"Oklahoma";"2016-09-24";"2016-12-14"
625;"BP-11230";"Benjamin Patterson";"Consumer";"United States";"Los Angeles";"California";"2016-12-15";"2017-11-20"
626;"BP-11230";"Benjamin Patterson";"Consumer";"United States";"Spokane";"Washington";"2017-11-21";"2099-01-01"
627;"BP-11290";"Beth Paige";"Consumer";"United States";"Evanston";"Illinois";"2014-10-03";"2016-04-11"
628;"BP-11290";"Beth Paige";"Consumer";"United States";"Los Angeles";"California";"2016-04-12";"2016-05-30"
629;"BP-11290";"Beth Paige";"Consumer";"United States";"Decatur";"Illinois";"2016-05-31";"2016-07-20"
630;"BP-11290";"Beth Paige";"Consumer";"United States";"Concord";"North Carolina";"2016-07-21";"2017-01-08"
631;"BP-11290";"Beth Paige";"Consumer";"United States";"Philadelphia";"Pennsylvania";"2017-01-09";"2017-11-23"
632;"BP-11290";"Beth Paige";"Consumer";"United States";"Los Angeles";"California";"2017-11-24";"2017-12-17"
633;"BP-11290";"Beth Paige";"Consumer";"United States";"Columbus";"Ohio";"2017-12-18";"2099-01-01"
634;"BS-11365";"Bill Shonely";"Corporate";"United States";"Seattle";"Washington";"2014-05-04";"2014-08-18"
635;"BS-11365";"Bill Shonely";"Corporate";"United States";"Columbus";"Georgia";"2014-08-19";"2014-09-18"
636;"BS-11365";"Bill Shonely";"Corporate";"United States";"New York City";"New York";"2014-09-19";"2016-04-15"
637;"BS-11365";"Bill Shonely";"Corporate";"United States";"Lakewood";"New Jersey";"2016-04-16";"2016-06-19"
638;"BS-11365";"Bill Shonely";"Corporate";"United States";"Oklahoma City";"Oklahoma";"2016-06-20";"2099-01-01"
639;"BS-11380";"Bill Stewart";"Corporate";"United States";"Skokie";"Illinois";"2014-11-29";"2015-12-02"
640;"BS-11380";"Bill Stewart";"Corporate";"United States";"New York City";"New York";"2015-12-03";"2017-03-11"
641;"BS-11380";"Bill Stewart";"Corporate";"United States";"San Francisco";"California";"2017-03-12";"2017-11-15"
642;"BS-11380";"Bill Stewart";"Corporate";"United States";"Bowling Green";"Ohio";"2017-11-16";"2017-12-01"
643;"BS-11380";"Bill Stewart";"Corporate";"United States";"Denver";"Colorado";"2017-12-02";"2099-01-01"
644;"BS-11590";"Brendan Sweed";"Corporate";"United States";"Philadelphia";"Pennsylvania";"2014-01-14";"2014-08-24"
645;"BS-11590";"Brendan Sweed";"Corporate";"United States";"Columbus";"Ohio";"2014-08-25";"2014-12-04"
646;"BS-11590";"Brendan Sweed";"Corporate";"United States";"Gilbert";"Arizona";"2014-12-05";"2015-09-05"
647;"BS-11590";"Brendan Sweed";"Corporate";"United States";"New York City";"New York";"2015-09-06";"2016-09-16"
648;"BS-11590";"Brendan Sweed";"Corporate";"United States";"Columbus";"Indiana";"2016-09-17";"2017-11-24"
649;"BS-11590";"Brendan Sweed";"Corporate";"United States";"Louisville";"Kentucky";"2017-11-25";"2099-01-01"
650;"BS-11665";"Brian Stugart";"Consumer";"United States";"Philadelphia";"Pennsylvania";"2014-06-23";"2015-11-16"
651;"BS-11665";"Brian Stugart";"Consumer";"United States";"San Diego";"California";"2015-11-17";"2016-05-26"
652;"BS-11665";"Brian Stugart";"Consumer";"United States";"Chicago";"Illinois";"2016-05-27";"2099-01-01"
653;"BS-11755";"Bruce Stewart";"Consumer";"United States";"Cleveland";"Ohio";"2014-05-18";"2014-08-02"
654;"BS-11755";"Bruce Stewart";"Consumer";"United States";"Denver";"Colorado";"2014-08-03";"2015-10-02"
655;"BS-11755";"Bruce Stewart";"Consumer";"United States";"Los Angeles";"California";"2015-10-03";"2016-11-29"
656;"BS-11755";"Bruce Stewart";"Consumer";"United States";"Detroit";"Michigan";"2016-11-30";"2017-04-09"
657;"BS-11755";"Bruce Stewart";"Consumer";"United States";"Philadelphia";"Pennsylvania";"2017-04-10";"2017-09-22"
658;"BS-11755";"Bruce Stewart";"Consumer";"United States";"San Francisco";"California";"2017-09-23";"2017-12-28"
659;"BS-11755";"Bruce Stewart";"Consumer";"United States";"Edmonds";"Washington";"2017-12-29";"2099-01-01"
660;"BS-11800";"Bryan Spruell";"Home Office";"United States";"San Diego";"California";"2015-09-26";"2017-04-08"
661;"BS-11800";"Bryan Spruell";"Home Office";"United States";"New York City";"New York";"2017-04-09";"2099-01-01"
662;"BT-11305";"Beth Thompson";"Home Office";"United States";"San Gabriel";"California";"2014-04-25";"2015-09-05"
663;"BT-11305";"Beth Thompson";"Home Office";"United States";"Seattle";"Washington";"2015-09-06";"2015-11-30"
664;"BT-11305";"Beth Thompson";"Home Office";"United States";"Seattle";"Washington";"2015-12-01";"2015-12-21"
665;"BT-11305";"Beth Thompson";"Home Office";"United States";"Superior";"Wisconsin";"2015-12-22";"2017-01-27"
666;"BT-11305";"Beth Thompson";"Home Office";"United States";"Costa Mesa";"California";"2017-01-28";"2099-01-01"
667;"BT-11395";"Bill Tyler";"Corporate";"United States";"Garden City";"Kansas";"2014-10-28";"2015-02-26"
668;"BT-11395";"Bill Tyler";"Corporate";"United States";"Altoona";"Pennsylvania";"2015-02-27";"2015-04-12"
669;"BT-11395";"Bill Tyler";"Corporate";"United States";"Los Angeles";"California";"2015-04-13";"2015-11-28"
670;"BT-11395";"Bill Tyler";"Corporate";"United States";"Detroit";"Michigan";"2015-11-29";"2016-05-18"
671;"BT-11395";"Bill Tyler";"Corporate";"United States";"San Francisco";"California";"2016-05-19";"2017-03-02"
672;"BT-11395";"Bill Tyler";"Corporate";"United States";"Los Angeles";"California";"2017-03-03";"2099-01-01"
673;"BT-11440";"Bobby Trafton";"Consumer";"United States";"New York City";"New York";"2014-06-04";"2014-11-22"
674;"BT-11440";"Bobby Trafton";"Consumer";"United States";"Detroit";"Michigan";"2014-11-23";"2016-03-18"
675;"BT-11440";"Bobby Trafton";"Consumer";"United States";"Littleton";"Colorado";"2016-03-19";"2016-06-17"
676;"BT-11440";"Bobby Trafton";"Consumer";"United States";"Frankfort";"Illinois";"2016-06-18";"2099-01-01"
677;"BT-11485";"Brad Thomas";"Home Office";"United States";"Clinton";"Maryland";"2015-12-27";"2016-03-10"
678;"BT-11485";"Brad Thomas";"Home Office";"United States";"Philadelphia";"Pennsylvania";"2016-03-11";"2099-01-01"
679;"BT-11530";"Bradley Talbott";"Home Office";"United States";"San Diego";"California";"2014-05-21";"2014-12-21"
680;"BT-11530";"Bradley Talbott";"Home Office";"United States";"New York City";"New York";"2014-12-22";"2016-01-21"
681;"BT-11530";"Bradley Talbott";"Home Office";"United States";"Cleveland";"Ohio";"2016-01-22";"2017-02-25"
682;"BT-11530";"Bradley Talbott";"Home Office";"United States";"Los Angeles";"California";"2017-02-26";"2017-09-29"
683;"BT-11530";"Bradley Talbott";"Home Office";"United States";"Los Angeles";"California";"2017-09-30";"2099-01-01"
684;"BT-11680";"Brian Thompson";"Consumer";"United States";"Houston";"Texas";"2014-11-28";"2015-07-08"
685;"BT-11680";"Brian Thompson";"Consumer";"United States";"Clinton";"Maryland";"2015-07-09";"2015-10-07"
686;"BT-11680";"Brian Thompson";"Consumer";"United States";"Houston";"Texas";"2015-10-08";"2016-04-09"
687;"BT-11680";"Brian Thompson";"Consumer";"United States";"San Francisco";"California";"2016-04-10";"2016-04-20"
688;"BT-11680";"Brian Thompson";"Consumer";"United States";"Milford";"Connecticut";"2016-04-21";"2017-11-19"
689;"BT-11680";"Brian Thompson";"Consumer";"United States";"Newark";"Ohio";"2017-11-20";"2017-12-09"
690;"BT-11680";"Brian Thompson";"Consumer";"United States";"Fort Lauderdale";"Florida";"2017-12-10";"2099-01-01"
691;"BV-11245";"Benjamin Venier";"Corporate";"United States";"Miami";"Florida";"2015-03-26";"2015-06-17"
692;"BV-11245";"Benjamin Venier";"Corporate";"United States";"Smyrna";"Tennessee";"2015-06-18";"2016-02-20"
693;"BV-11245";"Benjamin Venier";"Corporate";"United States";"Oceanside";"New York";"2016-02-21";"2016-12-23"
694;"BV-11245";"Benjamin Venier";"Corporate";"United States";"Seattle";"Washington";"2016-12-24";"2017-01-29"
695;"BV-11245";"Benjamin Venier";"Corporate";"United States";"Des Moines";"Iowa";"2017-01-30";"2099-01-01"
696;"BW-11065";"Barry Weirich";"Consumer";"United States";"New York City";"New York";"2014-05-25";"2015-08-10"
697;"BW-11065";"Barry Weirich";"Consumer";"United States";"Raleigh";"North Carolina";"2015-08-11";"2099-01-01"
698;"BW-11110";"Bart Watters";"Corporate";"United States";"Milwaukee";"Wisconsin";"2015-03-20";"2015-04-25"
699;"BW-11110";"Bart Watters";"Corporate";"United States";"San Diego";"California";"2015-04-26";"2016-10-07"
700;"BW-11110";"Bart Watters";"Corporate";"United States";"Houston";"Texas";"2016-10-08";"2016-10-12"
701;"BW-11110";"Bart Watters";"Corporate";"United States";"New York City";"New York";"2016-10-13";"2016-12-09"
702;"BW-11110";"Bart Watters";"Corporate";"United States";"New York City";"New York";"2016-12-10";"2017-01-06"
703;"BW-11110";"Bart Watters";"Corporate";"United States";"Detroit";"Michigan";"2017-01-07";"2017-05-26"
704;"BW-11110";"Bart Watters";"Corporate";"United States";"Greensboro";"North Carolina";"2017-05-27";"2017-08-30"
705;"BW-11110";"Bart Watters";"Corporate";"United States";"Spokane";"Washington";"2017-08-31";"2099-01-01"
706;"BW-11200";"Ben Wallace";"Consumer";"United States";"San Francisco";"California";"2014-08-12";"2014-09-29"
707;"BW-11200";"Ben Wallace";"Consumer";"United States";"Boynton Beach";"Florida";"2014-09-30";"2016-10-26"
708;"BW-11200";"Ben Wallace";"Consumer";"United States";"New York City";"New York";"2016-10-27";"2016-10-26"
709;"BW-11200";"Ben Wallace";"Consumer";"United States";"Hampton";"Virginia";"2016-10-27";"2017-06-09"
710;"BW-11200";"Ben Wallace";"Consumer";"United States";"Los Angeles";"California";"2017-06-10";"2099-01-01"
711;"CA-11965";"Carol Adams";"Corporate";"United States";"Rapid City";"South Dakota";"2014-01-26";"2015-04-04"
712;"CA-11965";"Carol Adams";"Corporate";"United States";"Los Angeles";"California";"2015-04-05";"2015-11-20"
713;"CA-11965";"Carol Adams";"Corporate";"United States";"Port Arthur";"Texas";"2015-11-21";"2016-12-22"
714;"CA-11965";"Carol Adams";"Corporate";"United States";"Warwick";"Rhode Island";"2016-12-23";"2017-01-25"
715;"CA-11965";"Carol Adams";"Corporate";"United States";"Hoover";"Alabama";"2017-01-26";"2017-09-24"
716;"CA-11965";"Carol Adams";"Corporate";"United States";"Lakewood";"Ohio";"2017-09-25";"2099-01-01"
717;"CA-12055";"Cathy Armstrong";"Home Office";"United States";"Houston";"Texas";"2015-09-05";"2016-04-23"
718;"CA-12055";"Cathy Armstrong";"Home Office";"United States";"Houston";"Texas";"2016-04-24";"2016-08-07"
719;"CA-12055";"Cathy Armstrong";"Home Office";"United States";"Los Angeles";"California";"2016-08-08";"2016-11-21"
720;"CA-12055";"Cathy Armstrong";"Home Office";"United States";"New York City";"New York";"2016-11-22";"2016-11-23"
721;"CA-12055";"Cathy Armstrong";"Home Office";"United States";"Cleveland";"Ohio";"2016-11-24";"2099-01-01"
722;"CA-12265";"Christina Anderson";"Consumer";"United States";"San Francisco";"California";"2014-03-25";"2014-12-25"
723;"CA-12265";"Christina Anderson";"Consumer";"United States";"Chicago";"Illinois";"2014-12-26";"2015-09-13"
724;"CA-12265";"Christina Anderson";"Consumer";"United States";"Provo";"Utah";"2015-09-14";"2016-02-06"
725;"CA-12265";"Christina Anderson";"Consumer";"United States";"Springfield";"Virginia";"2016-02-07";"2017-07-02"
726;"CA-12265";"Christina Anderson";"Consumer";"United States";"Farmington";"New Mexico";"2017-07-03";"2017-09-21"
727;"CA-12265";"Christina Anderson";"Consumer";"United States";"Wilmington";"Delaware";"2017-09-22";"2017-10-11"
728;"CA-12265";"Christina Anderson";"Consumer";"United States";"New York City";"New York";"2017-10-12";"2017-10-18"
729;"CA-12265";"Christina Anderson";"Consumer";"United States";"Waco";"Texas";"2017-10-19";"2017-11-03"
730;"CA-12265";"Christina Anderson";"Consumer";"United States";"Chattanooga";"Tennessee";"2017-11-04";"2099-01-01"
731;"CA-12310";"Christine Abelman";"Corporate";"United States";"Bristol";"Connecticut";"2014-07-19";"2016-01-02"
732;"CA-12310";"Christine Abelman";"Corporate";"United States";"San Antonio";"Texas";"2016-01-03";"2017-12-08"
733;"CA-12310";"Christine Abelman";"Corporate";"United States";"Cincinnati";"Ohio";"2017-12-09";"2017-12-16"
734;"CA-12310";"Christine Abelman";"Corporate";"United States";"Anaheim";"California";"2017-12-17";"2099-01-01"
735;"CA-12775";"Cynthia Arntzen";"Consumer";"United States";"Philadelphia";"Pennsylvania";"2014-06-28";"2014-09-13"
736;"CA-12775";"Cynthia Arntzen";"Consumer";"United States";"Tampa";"Florida";"2014-09-14";"2015-07-25"
737;"CA-12775";"Cynthia Arntzen";"Consumer";"United States";"Mesa";"Arizona";"2015-07-26";"2015-12-10"
738;"CA-12775";"Cynthia Arntzen";"Consumer";"United States";"Detroit";"Michigan";"2015-12-11";"2016-12-10"
739;"CA-12775";"Cynthia Arntzen";"Consumer";"United States";"Smyrna";"Tennessee";"2016-12-11";"2017-05-11"
740;"CA-12775";"Cynthia Arntzen";"Consumer";"United States";"Vineland";"New Jersey";"2017-05-12";"2017-08-31"
741;"CA-12775";"Cynthia Arntzen";"Consumer";"United States";"Detroit";"Michigan";"2017-09-01";"2099-01-01"
742;"CB-12025";"Cassandra Brandow";"Consumer";"United States";"Hamilton";"Ohio";"2014-03-21";"2014-11-16"
743;"CB-12025";"Cassandra Brandow";"Consumer";"United States";"Cedar Hill";"Texas";"2014-11-17";"2015-08-23"
744;"CB-12025";"Cassandra Brandow";"Consumer";"United States";"Arlington";"Texas";"2015-08-24";"2015-08-27"
745;"CB-12025";"Cassandra Brandow";"Consumer";"United States";"Los Angeles";"California";"2015-08-28";"2016-11-26"
746;"CB-12025";"Cassandra Brandow";"Consumer";"United States";"East Orange";"New Jersey";"2016-11-27";"2017-02-04"
747;"CB-12025";"Cassandra Brandow";"Consumer";"United States";"Waco";"Texas";"2017-02-05";"2017-09-06"
748;"CB-12025";"Cassandra Brandow";"Consumer";"United States";"Philadelphia";"Pennsylvania";"2017-09-07";"2017-09-10"
749;"CB-12025";"Cassandra Brandow";"Consumer";"United States";"San Francisco";"California";"2017-09-11";"2017-09-10"
750;"CB-12025";"Cassandra Brandow";"Consumer";"United States";"Richmond";"Virginia";"2017-09-11";"2017-11-12"
751;"CB-12025";"Cassandra Brandow";"Consumer";"United States";"Decatur";"Alabama";"2017-11-13";"2099-01-01"
752;"CB-12415";"Christy Brittain";"Consumer";"United States";"Lakewood";"Ohio";"2015-11-05";"2016-01-22"
753;"CB-12415";"Christy Brittain";"Consumer";"United States";"Los Angeles";"California";"2016-01-23";"2016-05-02"
754;"CB-12415";"Christy Brittain";"Consumer";"United States";"Chicago";"Illinois";"2016-05-03";"2016-06-11"
755;"CB-12415";"Christy Brittain";"Consumer";"United States";"Long Beach";"New York";"2016-06-12";"2016-07-24"
756;"CB-12415";"Christy Brittain";"Consumer";"United States";"Columbus";"Ohio";"2016-07-25";"2017-02-23"
757;"CB-12415";"Christy Brittain";"Consumer";"United States";"Philadelphia";"Pennsylvania";"2017-02-24";"2017-11-15"
758;"CB-12415";"Christy Brittain";"Consumer";"United States";"New York City";"New York";"2017-11-16";"2017-12-03"
759;"CB-12415";"Christy Brittain";"Consumer";"United States";"Chicago";"Illinois";"2017-12-04";"2099-01-01"
760;"CB-12535";"Claudia Bergmann";"Corporate";"United States";"Newark";"Delaware";"2015-01-02";"2015-05-07"
761;"CB-12535";"Claudia Bergmann";"Corporate";"United States";"Cuyahoga Falls";"Ohio";"2015-05-08";"2015-05-13"
762;"CB-12535";"Claudia Bergmann";"Corporate";"United States";"Camarillo";"California";"2015-05-14";"2015-07-08"
763;"CB-12535";"Claudia Bergmann";"Corporate";"United States";"Franklin";"Massachusetts";"2015-07-09";"2016-01-22"
764;"CB-12535";"Claudia Bergmann";"Corporate";"United States";"Burlington";"Vermont";"2016-01-23";"2016-11-06"
765;"CB-12535";"Claudia Bergmann";"Corporate";"United States";"San Francisco";"California";"2016-11-07";"2017-03-04"
766;"CB-12535";"Claudia Bergmann";"Corporate";"United States";"Southaven";"Mississippi";"2017-03-05";"2017-06-15"
767;"CB-12535";"Claudia Bergmann";"Corporate";"United States";"Chapel Hill";"North Carolina";"2017-06-16";"2099-01-01"
768;"CC-12100";"Chad Cunningham";"Home Office";"United States";"Los Angeles";"California";"2014-12-16";"2015-05-28"
769;"CC-12100";"Chad Cunningham";"Home Office";"United States";"Cleveland";"Ohio";"2015-05-29";"2015-08-26"
770;"CC-12100";"Chad Cunningham";"Home Office";"United States";"Los Angeles";"California";"2015-08-27";"2015-08-28"
771;"CC-12100";"Chad Cunningham";"Home Office";"United States";"Detroit";"Michigan";"2015-08-29";"2016-07-06"
772;"CC-12100";"Chad Cunningham";"Home Office";"United States";"Philadelphia";"Pennsylvania";"2016-07-07";"2016-09-28"
773;"CC-12100";"Chad Cunningham";"Home Office";"United States";"Columbus";"Indiana";"2016-09-29";"2099-01-01"
774;"CC-12145";"Charles Crestani";"Consumer";"United States";"San Diego";"California";"2014-07-20";"2015-01-29"
775;"CC-12145";"Charles Crestani";"Consumer";"United States";"Los Angeles";"California";"2015-01-30";"2015-09-06"
776;"CC-12145";"Charles Crestani";"Consumer";"United States";"El Paso";"Texas";"2015-09-07";"2015-09-09"
777;"CC-12145";"Charles Crestani";"Consumer";"United States";"Los Angeles";"California";"2015-09-10";"2016-08-07"
778;"CC-12145";"Charles Crestani";"Consumer";"United States";"Oklahoma City";"Oklahoma";"2016-08-08";"2016-08-25"
779;"CC-12145";"Charles Crestani";"Consumer";"United States";"Seattle";"Washington";"2016-08-26";"2017-09-14"
780;"CC-12145";"Charles Crestani";"Consumer";"United States";"Houston";"Texas";"2017-09-15";"2099-01-01"
781;"CC-12220";"Chris Cortes";"Consumer";"United States";"New York City";"New York";"2014-10-04";"2014-11-13"
782;"CC-12220";"Chris Cortes";"Consumer";"United States";"Chesapeake";"Virginia";"2014-11-14";"2015-05-06"
783;"CC-12220";"Chris Cortes";"Consumer";"United States";"Owensboro";"Kentucky";"2015-05-07";"2016-03-02"
784;"CC-12220";"Chris Cortes";"Consumer";"United States";"San Antonio";"Texas";"2016-03-03";"2016-03-27"
785;"CC-12220";"Chris Cortes";"Consumer";"United States";"Los Angeles";"California";"2016-03-28";"2016-07-07"
786;"CC-12220";"Chris Cortes";"Consumer";"United States";"Seattle";"Washington";"2016-07-08";"2016-09-30"
787;"CC-12220";"Chris Cortes";"Consumer";"United States";"La Porte";"Indiana";"2016-10-01";"2017-05-03"
788;"CC-12220";"Chris Cortes";"Consumer";"United States";"Westminster";"California";"2017-05-04";"2017-06-25"
789;"CC-12220";"Chris Cortes";"Consumer";"United States";"Philadelphia";"Pennsylvania";"2017-06-26";"2017-11-15"
790;"CC-12220";"Chris Cortes";"Consumer";"United States";"Seattle";"Washington";"2017-11-16";"2017-12-09"
791;"CC-12220";"Chris Cortes";"Consumer";"United States";"Fairfield";"Connecticut";"2017-12-10";"2099-01-01"
792;"CC-12370";"Christopher Conant";"Consumer";"United States";"Philadelphia";"Pennsylvania";"2016-05-23";"2016-07-06"
793;"CC-12370";"Christopher Conant";"Consumer";"United States";"Los Angeles";"California";"2016-07-07";"2016-08-14"
794;"CC-12370";"Christopher Conant";"Consumer";"United States";"Fayetteville";"North Carolina";"2016-08-15";"2017-11-05"
795;"CC-12370";"Christopher Conant";"Consumer";"United States";"Houston";"Texas";"2017-11-06";"2017-11-16"
796;"CC-12370";"Christopher Conant";"Consumer";"United States";"New York City";"New York";"2017-11-17";"2099-01-01"
797;"CC-12430";"Chuck Clark";"Home Office";"United States";"New York City";"New York";"2015-09-06";"2016-01-16"
798;"CC-12430";"Chuck Clark";"Home Office";"United States";"Concord";"New Hampshire";"2016-01-17";"2016-09-16"
799;"CC-12430";"Chuck Clark";"Home Office";"United States";"Redmond";"Washington";"2016-09-17";"2016-09-18"
800;"CC-12430";"Chuck Clark";"Home Office";"United States";"San Francisco";"California";"2016-09-19";"2016-11-09"
801;"CC-12430";"Chuck Clark";"Home Office";"United States";"San Francisco";"California";"2016-11-10";"2016-11-12"
802;"CC-12430";"Chuck Clark";"Home Office";"United States";"Philadelphia";"Pennsylvania";"2016-11-13";"2017-05-19"
803;"CC-12430";"Chuck Clark";"Home Office";"United States";"Lakewood";"California";"2017-05-20";"2017-10-02"
804;"CC-12430";"Chuck Clark";"Home Office";"United States";"New York City";"New York";"2017-10-03";"2017-11-05"
805;"CC-12430";"Chuck Clark";"Home Office";"United States";"Minneapolis";"Minnesota";"2017-11-06";"2017-12-29"
806;"CC-12430";"Chuck Clark";"Home Office";"United States";"Columbus";"Indiana";"2017-12-30";"2099-01-01"
807;"CC-12475";"Cindy Chapman";"Consumer";"United States";"San Francisco";"California";"2014-05-16";"2016-05-01"
808;"CC-12475";"Cindy Chapman";"Consumer";"United States";"New York City";"New York";"2016-05-02";"2016-10-06"
809;"CC-12475";"Cindy Chapman";"Consumer";"United States";"Los Angeles";"California";"2016-10-07";"2016-11-03"
810;"CC-12475";"Cindy Chapman";"Consumer";"United States";"San Diego";"California";"2016-11-04";"2016-11-06"
811;"CC-12475";"Cindy Chapman";"Consumer";"United States";"Lakewood";"New Jersey";"2016-11-07";"2017-08-06"
812;"CC-12475";"Cindy Chapman";"Consumer";"United States";"Moorhead";"Minnesota";"2017-08-07";"2017-09-10"
813;"CC-12475";"Cindy Chapman";"Consumer";"United States";"Houston";"Texas";"2017-09-11";"2017-09-29"
814;"CC-12475";"Cindy Chapman";"Consumer";"United States";"Baltimore";"Maryland";"2017-09-30";"2017-11-20"
815;"CC-12475";"Cindy Chapman";"Consumer";"United States";"Philadelphia";"Pennsylvania";"2017-11-21";"2099-01-01"
816;"CC-12550";"Clay Cheatham";"Consumer";"United States";"San Francisco";"California";"2017-06-15";"2017-11-30"
817;"CC-12550";"Clay Cheatham";"Consumer";"United States";"Los Angeles";"California";"2017-12-01";"2017-12-02"
818;"CC-12550";"Clay Cheatham";"Consumer";"United States";"Plano";"Texas";"2017-12-03";"2099-01-01"
819;"CC-12610";"Corey Catlett";"Corporate";"United States";"Springfield";"Virginia";"2014-08-27";"2015-07-29"
820;"CC-12610";"Corey Catlett";"Corporate";"United States";"Houston";"Texas";"2015-07-30";"2015-09-06"
821;"CC-12610";"Corey Catlett";"Corporate";"United States";"Durham";"North Carolina";"2015-09-07";"2016-03-18"
822;"CC-12610";"Corey Catlett";"Corporate";"United States";"Nashville";"Tennessee";"2016-03-19";"2016-07-20"
823;"CC-12610";"Corey Catlett";"Corporate";"United States";"Philadelphia";"Pennsylvania";"2016-07-21";"2016-10-09"
824;"CC-12610";"Corey Catlett";"Corporate";"United States";"Denver";"Colorado";"2016-10-10";"2017-11-25"
825;"CC-12610";"Corey Catlett";"Corporate";"United States";"Columbus";"Ohio";"2017-11-26";"2099-01-01"
826;"CC-12670";"Craig Carreira";"Consumer";"United States";"Tampa";"Florida";"2014-12-23";"2015-09-11"
827;"CC-12670";"Craig Carreira";"Consumer";"United States";"Seattle";"Washington";"2015-09-12";"2016-03-02"
828;"CC-12670";"Craig Carreira";"Consumer";"United States";"Bloomington";"Indiana";"2016-03-03";"2016-11-26"
829;"CC-12670";"Craig Carreira";"Consumer";"United States";"Scottsdale";"Arizona";"2016-11-27";"2016-12-15"
830;"CC-12670";"Craig Carreira";"Consumer";"United States";"Chicago";"Illinois";"2016-12-16";"2017-06-17"
831;"CC-12670";"Craig Carreira";"Consumer";"United States";"Los Angeles";"California";"2017-06-18";"2017-11-30"
832;"CC-12670";"Craig Carreira";"Consumer";"United States";"New York City";"New York";"2017-12-01";"2099-01-01"
833;"CC-12685";"Craig Carroll";"Consumer";"United States";"Greensboro";"North Carolina";"2014-03-22";"2015-01-08"
834;"CC-12685";"Craig Carroll";"Consumer";"United States";"Henderson";"Kentucky";"2015-01-09";"2015-09-13"
835;"CC-12685";"Craig Carroll";"Consumer";"United States";"New York City";"New York";"2015-09-14";"2015-10-22"
836;"CC-12685";"Craig Carroll";"Consumer";"United States";"Lubbock";"Texas";"2015-10-23";"2099-01-01"
837;"CD-11920";"Carlos Daly";"Consumer";"United States";"New York City";"New York";"2014-03-24";"2015-11-26"
838;"CD-11920";"Carlos Daly";"Consumer";"United States";"Lake Elsinore";"California";"2015-11-27";"2016-12-28"
839;"CD-11920";"Carlos Daly";"Consumer";"United States";"Wichita";"Kansas";"2016-12-29";"2017-05-25"
840;"CD-11920";"Carlos Daly";"Consumer";"United States";"Oceanside";"California";"2017-05-26";"2017-11-19"
841;"CD-11920";"Carlos Daly";"Consumer";"United States";"New York City";"New York";"2017-11-20";"2099-01-01"
842;"CD-11980";"Carol Darley";"Consumer";"United States";"Tyler";"Texas";"2017-03-18";"2017-11-05"
843;"CD-11980";"Carol Darley";"Consumer";"United States";"New York City";"New York";"2017-11-06";"2099-01-01"
844;"CD-12280";"Christina DeMoss";"Consumer";"United States";"New York City";"New York";"2017-11-05";"2017-11-17"
845;"CD-12280";"Christina DeMoss";"Consumer";"United States";"Seattle";"Washington";"2017-11-18";"2099-01-01"
846;"CD-12790";"Cynthia Delaney";"Home Office";"United States";"San Diego";"California";"2014-02-02";"2014-12-26"
847;"CD-12790";"Cynthia Delaney";"Home Office";"United States";"Moreno Valley";"California";"2014-12-27";"2015-09-20"
848;"CD-12790";"Cynthia Delaney";"Home Office";"United States";"Los Angeles";"California";"2015-09-21";"2016-10-14"
849;"CD-12790";"Cynthia Delaney";"Home Office";"United States";"Oklahoma City";"Oklahoma";"2016-10-15";"2016-11-25"
850;"CD-12790";"Cynthia Delaney";"Home Office";"United States";"Shelton";"Connecticut";"2016-11-26";"2099-01-01"
851;"CG-12040";"Catherine Glotzbach";"Home Office";"United States";"Philadelphia";"Pennsylvania";"2016-06-20";"2016-09-09"
852;"CG-12040";"Catherine Glotzbach";"Home Office";"United States";"Bristol";"Tennessee";"2016-09-10";"2016-10-23"
853;"CG-12040";"Catherine Glotzbach";"Home Office";"United States";"Lebanon";"Tennessee";"2016-10-24";"2017-03-18"
854;"CG-12040";"Catherine Glotzbach";"Home Office";"United States";"New York City";"New York";"2017-03-19";"2017-11-10"
855;"CG-12040";"Catherine Glotzbach";"Home Office";"United States";"Milwaukee";"Wisconsin";"2017-11-11";"2099-01-01"
856;"CG-12520";"Claire Gute";"Consumer";"United States";"Dallas";"Texas";"2015-10-15";"2016-11-07"
857;"CG-12520";"Claire Gute";"Consumer";"United States";"Henderson";"Kentucky";"2016-11-08";"2017-01-25"
858;"CG-12520";"Claire Gute";"Consumer";"United States";"Houston";"Texas";"2017-01-26";"2099-01-01"
859;"CH-12070";"Cathy Hwang";"Home Office";"United States";"Philadelphia";"Pennsylvania";"2015-06-25";"2015-10-29"
860;"CH-12070";"Cathy Hwang";"Home Office";"United States";"Detroit";"Michigan";"2015-10-30";"2016-02-07"
861;"CH-12070";"Cathy Hwang";"Home Office";"United States";"Raleigh";"North Carolina";"2016-02-08";"2099-01-01"
862;"CJ-11875";"Carl Jackson";"Corporate";"United States";"Philadelphia";"Pennsylvania";"2016-12-30";"2099-01-01"
863;"CJ-12010";"Caroline Jumper";"Consumer";"United States";"Long Beach";"New York";"2016-03-10";"2016-05-06"
864;"CJ-12010";"Caroline Jumper";"Consumer";"United States";"New York City";"New York";"2016-05-07";"2016-07-21"
865;"CJ-12010";"Caroline Jumper";"Consumer";"United States";"Allentown";"Pennsylvania";"2016-07-22";"2016-12-02"
866;"CJ-12010";"Caroline Jumper";"Consumer";"United States";"Philadelphia";"Pennsylvania";"2016-12-03";"2017-01-25"
867;"CJ-12010";"Caroline Jumper";"Consumer";"United States";"San Francisco";"California";"2017-01-26";"2017-03-26"
868;"CJ-12010";"Caroline Jumper";"Consumer";"United States";"Houston";"Texas";"2017-03-27";"2017-04-30"
869;"CJ-12010";"Caroline Jumper";"Consumer";"United States";"Jacksonville";"Florida";"2017-05-01";"2017-06-23"
870;"CJ-12010";"Caroline Jumper";"Consumer";"United States";"Huntington Beach";"California";"2017-06-24";"2099-01-01"
871;"CK-12205";"Chloris Kastensmidt";"Consumer";"United States";"Columbus";"Ohio";"2014-03-11";"2014-06-15"
872;"CK-12205";"Chloris Kastensmidt";"Consumer";"United States";"Hempstead";"New York";"2014-06-16";"2014-07-27"
873;"CK-12205";"Chloris Kastensmidt";"Consumer";"United States";"Apopka";"Florida";"2014-07-28";"2015-03-27"
874;"CK-12205";"Chloris Kastensmidt";"Consumer";"United States";"Philadelphia";"Pennsylvania";"2015-03-28";"2015-10-01"
875;"CK-12205";"Chloris Kastensmidt";"Consumer";"United States";"Hillsboro";"Oregon";"2015-10-02";"2016-06-04"
876;"CK-12205";"Chloris Kastensmidt";"Consumer";"United States";"Santa Clara";"California";"2016-06-05";"2016-07-15"
877;"CK-12205";"Chloris Kastensmidt";"Consumer";"United States";"Philadelphia";"Pennsylvania";"2016-07-16";"2016-07-22"
878;"CK-12205";"Chloris Kastensmidt";"Consumer";"United States";"Mcallen";"Texas";"2016-07-23";"2016-11-20"
879;"CK-12205";"Chloris Kastensmidt";"Consumer";"United States";"Columbus";"Ohio";"2016-11-21";"2017-05-11"
880;"CK-12205";"Chloris Kastensmidt";"Consumer";"United States";"Everett";"Massachusetts";"2017-05-12";"2017-08-06"
881;"CK-12205";"Chloris Kastensmidt";"Consumer";"United States";"Dallas";"Texas";"2017-08-07";"2017-08-17"
882;"CK-12205";"Chloris Kastensmidt";"Consumer";"United States";"Lakewood";"Ohio";"2017-08-18";"2017-11-20"
883;"CK-12205";"Chloris Kastensmidt";"Consumer";"United States";"Renton";"Washington";"2017-11-21";"2099-01-01"
884;"CK-12325";"Christine Kargatis";"Home Office";"United States";"Chesapeake";"Virginia";"2014-03-14";"2014-06-01"
885;"CK-12325";"Christine Kargatis";"Home Office";"United States";"Orem";"Utah";"2014-06-02";"2016-04-07"
886;"CK-12325";"Christine Kargatis";"Home Office";"United States";"Hot Springs";"Arkansas";"2016-04-08";"2017-02-16"
887;"CK-12325";"Christine Kargatis";"Home Office";"United States";"Troy";"Ohio";"2017-02-17";"2017-08-31"
888;"CK-12325";"Christine Kargatis";"Home Office";"United States";"Seattle";"Washington";"2017-09-01";"2099-01-01"
889;"CK-12595";"Clytie Kelty";"Consumer";"United States";"San Diego";"California";"2014-12-26";"2015-07-10"
890;"CK-12595";"Clytie Kelty";"Consumer";"United States";"Philadelphia";"Pennsylvania";"2015-07-11";"2015-08-12"
891;"CK-12595";"Clytie Kelty";"Consumer";"United States";"Marietta";"Georgia";"2015-08-13";"2016-03-11"
892;"CK-12595";"Clytie Kelty";"Consumer";"United States";"New York City";"New York";"2016-03-12";"2016-04-07"
893;"CK-12595";"Clytie Kelty";"Consumer";"United States";"Los Angeles";"California";"2016-04-08";"2016-06-05"
894;"CK-12595";"Clytie Kelty";"Consumer";"United States";"Little Rock";"Arkansas";"2016-06-06";"2016-09-18"
895;"CK-12595";"Clytie Kelty";"Consumer";"United States";"Providence";"Rhode Island";"2016-09-19";"2017-01-28"
896;"CK-12595";"Clytie Kelty";"Consumer";"United States";"Chicago";"Illinois";"2017-01-29";"2017-02-22"
897;"CK-12595";"Clytie Kelty";"Consumer";"United States";"Los Angeles";"California";"2017-02-23";"2017-11-13"
898;"CK-12595";"Clytie Kelty";"Consumer";"United States";"Grove City";"Ohio";"2017-11-14";"2017-11-16"
899;"CK-12595";"Clytie Kelty";"Consumer";"United States";"Charlotte";"North Carolina";"2017-11-17";"2099-01-01"
900;"CK-12760";"Cyma Kinney";"Corporate";"United States";"Linden";"New Jersey";"2014-02-07";"2014-12-08"
901;"CK-12760";"Cyma Kinney";"Corporate";"United States";"San Francisco";"California";"2014-12-09";"2015-07-25"
902;"CK-12760";"Cyma Kinney";"Corporate";"United States";"Glendale";"Arizona";"2015-07-26";"2015-09-05"
903;"CK-12760";"Cyma Kinney";"Corporate";"United States";"Nashville";"Tennessee";"2015-09-06";"2016-01-31"
904;"CK-12760";"Cyma Kinney";"Corporate";"United States";"Arlington";"Virginia";"2016-02-01";"2016-02-18"
905;"CK-12760";"Cyma Kinney";"Corporate";"United States";"Long Beach";"New York";"2016-02-19";"2016-11-12"
906;"CK-12760";"Cyma Kinney";"Corporate";"United States";"New York City";"New York";"2016-11-13";"2017-03-27"
907;"CK-12760";"Cyma Kinney";"Corporate";"United States";"Jacksonville";"Florida";"2017-03-28";"2017-10-08"
908;"CK-12760";"Cyma Kinney";"Corporate";"United States";"Aurora";"Illinois";"2017-10-09";"2099-01-01"
909;"CL-11890";"Carl Ludwig";"Consumer";"United States";"San Francisco";"California";"2016-12-01";"2017-09-14"
910;"CL-11890";"Carl Ludwig";"Consumer";"United States";"Everett";"Massachusetts";"2017-09-15";"2099-01-01"
911;"CL-12565";"Clay Ludtke";"Consumer";"United States";"Columbia";"South Carolina";"2014-03-04";"2014-07-11"
912;"CL-12565";"Clay Ludtke";"Consumer";"United States";"Seattle";"Washington";"2014-07-12";"2014-09-01"
913;"CL-12565";"Clay Ludtke";"Consumer";"United States";"New York City";"New York";"2014-09-02";"2014-09-09"
914;"CL-12565";"Clay Ludtke";"Consumer";"United States";"Gresham";"Oregon";"2014-09-10";"2015-12-29"
915;"CL-12565";"Clay Ludtke";"Consumer";"United States";"Los Angeles";"California";"2015-12-30";"2016-05-07"
916;"CL-12565";"Clay Ludtke";"Consumer";"United States";"Cleveland";"Ohio";"2016-05-08";"2016-05-27"
917;"CL-12565";"Clay Ludtke";"Consumer";"United States";"Los Angeles";"California";"2016-05-28";"2016-09-13"
918;"CL-12565";"Clay Ludtke";"Consumer";"United States";"Long Beach";"New York";"2016-09-14";"2016-11-02"
919;"CL-12565";"Clay Ludtke";"Consumer";"United States";"Urbandale";"Iowa";"2016-11-03";"2016-12-18"
920;"CL-12565";"Clay Ludtke";"Consumer";"United States";"Reading";"Pennsylvania";"2016-12-19";"2017-03-16"
921;"CL-12565";"Clay Ludtke";"Consumer";"United States";"Lancaster";"California";"2017-03-17";"2017-03-20"
922;"CL-12565";"Clay Ludtke";"Consumer";"United States";"Tulsa";"Oklahoma";"2017-03-21";"2099-01-01"
923;"CL-12700";"Craig Leslie";"Home Office";"United States";"Colorado Springs";"Colorado";"2016-04-24";"2016-09-23"
924;"CL-12700";"Craig Leslie";"Home Office";"United States";"Aurora";"Colorado";"2016-09-24";"2017-01-27"
925;"CL-12700";"Craig Leslie";"Home Office";"United States";"New York City";"New York";"2017-01-28";"2017-04-13"
926;"CL-12700";"Craig Leslie";"Home Office";"United States";"Springfield";"Missouri";"2017-04-14";"2017-09-15"
927;"CL-12700";"Craig Leslie";"Home Office";"United States";"Florence";"Kentucky";"2017-09-16";"2099-01-01"
928;"CM-11815";"Candace McMahon";"Corporate";"United States";"Pasadena";"Texas";"2014-11-14";"2014-12-30"
929;"CM-11815";"Candace McMahon";"Corporate";"United States";"El Paso";"Texas";"2014-12-31";"2016-09-22"
930;"CM-11815";"Candace McMahon";"Corporate";"United States";"Seattle";"Washington";"2016-09-23";"2017-03-09"
931;"CM-11815";"Candace McMahon";"Corporate";"United States";"San Francisco";"California";"2017-03-10";"2017-05-27"
932;"CM-11815";"Candace McMahon";"Corporate";"United States";"Phoenix";"Arizona";"2017-05-28";"2017-08-20"
933;"CM-11815";"Candace McMahon";"Corporate";"United States";"Seattle";"Washington";"2017-08-21";"2099-01-01"
934;"CM-11935";"Carlos Meador";"Consumer";"United States";"Tucson";"Arizona";"2015-09-24";"2016-01-21"
935;"CM-11935";"Carlos Meador";"Consumer";"United States";"Fayetteville";"North Carolina";"2016-01-22";"2099-01-01"
936;"CM-12115";"Chad McGuire";"Consumer";"United States";"New York City";"New York";"2017-03-31";"2017-10-01"
937;"CM-12115";"Chad McGuire";"Consumer";"United States";"San Francisco";"California";"2017-10-02";"2017-12-21"
938;"CM-12115";"Chad McGuire";"Consumer";"United States";"Los Angeles";"California";"2017-12-22";"2099-01-01"
939;"CM-12160";"Charles McCrossin";"Consumer";"United States";"Baltimore";"Maryland";"2016-10-21";"2016-12-16"
940;"CM-12160";"Charles McCrossin";"Consumer";"United States";"San Francisco";"California";"2016-12-17";"2017-08-17"
941;"CM-12160";"Charles McCrossin";"Consumer";"United States";"New Bedford";"Massachusetts";"2017-08-18";"2017-09-27"
942;"CM-12160";"Charles McCrossin";"Consumer";"United States";"Brownsville";"Texas";"2017-09-28";"2017-10-20"
943;"CM-12160";"Charles McCrossin";"Consumer";"United States";"Philadelphia";"Pennsylvania";"2017-10-21";"2017-12-03"
944;"CM-12160";"Charles McCrossin";"Consumer";"United States";"Philadelphia";"Pennsylvania";"2017-12-04";"2099-01-01"
945;"CM-12190";"Charlotte Melton";"Consumer";"United States";"San Diego";"California";"2015-09-18";"2015-10-16"
946;"CM-12190";"Charlotte Melton";"Consumer";"United States";"Los Angeles";"California";"2015-10-17";"2015-11-08"
947;"CM-12190";"Charlotte Melton";"Consumer";"United States";"Philadelphia";"Pennsylvania";"2015-11-09";"2017-08-02"
948;"CM-12190";"Charlotte Melton";"Consumer";"United States";"Chicago";"Illinois";"2017-08-03";"2017-11-15"
949;"CM-12190";"Charlotte Melton";"Consumer";"United States";"Utica";"New York";"2017-11-16";"2017-12-21"
950;"CM-12190";"Charlotte Melton";"Consumer";"United States";"Rochester";"Minnesota";"2017-12-22";"2099-01-01"
951;"CM-12235";"Chris McAfee";"Consumer";"United States";"Little Rock";"Arkansas";"2016-05-01";"2016-05-25"
952;"CM-12235";"Chris McAfee";"Consumer";"United States";"Milwaukee";"Wisconsin";"2016-05-26";"2016-08-11"
953;"CM-12235";"Chris McAfee";"Consumer";"United States";"Carrollton";"Texas";"2016-08-12";"2016-11-26"
954;"CM-12235";"Chris McAfee";"Consumer";"United States";"Phoenix";"Arizona";"2016-11-27";"2016-12-09"
955;"CM-12235";"Chris McAfee";"Consumer";"United States";"Watertown";"New York";"2016-12-10";"2099-01-01"
956;"CM-12385";"Christopher Martinez";"Consumer";"United States";"Atlanta";"Georgia";"2015-03-16";"2015-09-13"
957;"CM-12385";"Christopher Martinez";"Consumer";"United States";"North Charleston";"South Carolina";"2015-09-14";"2017-01-02"
958;"CM-12385";"Christopher Martinez";"Consumer";"United States";"San Francisco";"California";"2017-01-03";"2017-11-22"
959;"CM-12385";"Christopher Martinez";"Consumer";"United States";"Chicago";"Illinois";"2017-11-23";"2099-01-01"
960;"CM-12445";"Chuck Magee";"Consumer";"United States";"San Francisco";"California";"2014-06-09";"2016-09-25"
961;"CM-12445";"Chuck Magee";"Consumer";"United States";"Redlands";"California";"2016-09-26";"2016-10-19"
962;"CM-12445";"Chuck Magee";"Consumer";"United States";"Houston";"Texas";"2016-10-20";"2099-01-01"
963;"CM-12655";"Corinna Mitchell";"Home Office";"United States";"Houston";"Texas";"2015-03-19";"2015-11-02"
964;"CM-12655";"Corinna Mitchell";"Home Office";"United States";"Los Angeles";"California";"2015-11-03";"2016-08-07"
965;"CM-12655";"Corinna Mitchell";"Home Office";"United States";"Jackson";"Mississippi";"2016-08-08";"2016-11-12"
966;"CM-12655";"Corinna Mitchell";"Home Office";"United States";"New York City";"New York";"2016-11-13";"2017-09-30"
967;"CM-12655";"Corinna Mitchell";"Home Office";"United States";"New York City";"New York";"2017-10-01";"2017-12-02"
968;"CM-12655";"Corinna Mitchell";"Home Office";"United States";"Seattle";"Washington";"2017-12-03";"2099-01-01"
969;"CM-12715";"Craig Molinari";"Corporate";"United States";"Seattle";"Washington";"2014-03-07";"2014-09-25"
970;"CM-12715";"Craig Molinari";"Corporate";"United States";"Philadelphia";"Pennsylvania";"2014-09-26";"2014-10-09"
971;"CM-12715";"Craig Molinari";"Corporate";"United States";"Huntsville";"Texas";"2014-10-10";"2015-02-28"
972;"CM-12715";"Craig Molinari";"Corporate";"United States";"Houston";"Texas";"2015-03-01";"2099-01-01"
973;"Co-12640";"Corey-Lock";"Consumer";"United States";"Lawton";"Oklahoma";"2014-06-20";"2014-11-28"
974;"Co-12640";"Corey-Lock";"Consumer";"United States";"Philadelphia";"Pennsylvania";"2014-11-29";"2014-12-26"
975;"Co-12640";"Corey-Lock";"Consumer";"United States";"Skokie";"Illinois";"2014-12-27";"2015-08-01"
976;"Co-12640";"Corey-Lock";"Consumer";"United States";"Seattle";"Washington";"2015-08-02";"2016-06-28"
977;"Co-12640";"Corey-Lock";"Consumer";"United States";"Florence";"South Carolina";"2016-06-29";"2099-01-01"
978;"CP-12085";"Cathy Prescott";"Corporate";"United States";"New York City";"New York";"2014-12-04";"2015-03-23"
979;"CP-12085";"Cathy Prescott";"Corporate";"United States";"Covington";"Washington";"2015-03-24";"2016-03-29"
980;"CP-12085";"Cathy Prescott";"Corporate";"United States";"Norwich";"Connecticut";"2016-03-30";"2016-05-25"
981;"CP-12085";"Cathy Prescott";"Corporate";"United States";"Delray Beach";"Florida";"2016-05-26";"2017-01-12"
982;"CP-12085";"Cathy Prescott";"Corporate";"United States";"Springfield";"Missouri";"2017-01-13";"2017-08-28"
983;"CP-12085";"Cathy Prescott";"Corporate";"United States";"Quincy";"Illinois";"2017-08-29";"2017-10-08"
984;"CP-12085";"Cathy Prescott";"Corporate";"United States";"Lakewood";"Ohio";"2017-10-09";"2099-01-01"
985;"CP-12340";"Christine Phan";"Corporate";"United States";"New York City";"New York";"2014-03-17";"2015-11-06"
986;"CP-12340";"Christine Phan";"Corporate";"United States";"Miami";"Florida";"2015-11-07";"2016-05-20"
987;"CP-12340";"Christine Phan";"Corporate";"United States";"Warwick";"Rhode Island";"2016-05-21";"2016-06-02"
988;"CP-12340";"Christine Phan";"Corporate";"United States";"Los Angeles";"California";"2016-06-03";"2016-06-16"
989;"CP-12340";"Christine Phan";"Corporate";"United States";"Waterbury";"Connecticut";"2016-06-17";"2016-10-13"
990;"CP-12340";"Christine Phan";"Corporate";"United States";"Seattle";"Washington";"2016-10-14";"2017-04-23"
991;"CP-12340";"Christine Phan";"Corporate";"United States";"Jacksonville";"Florida";"2017-04-24";"2017-07-22"
992;"CP-12340";"Christine Phan";"Corporate";"United States";"New York City";"New York";"2017-07-23";"2099-01-01"
993;"CR-12580";"Clay Rozendal";"Home Office";"United States";"Elmhurst";"Illinois";"2016-04-18";"2016-09-22"
994;"CR-12580";"Clay Rozendal";"Home Office";"United States";"New York City";"New York";"2016-09-23";"2016-11-23"
995;"CR-12580";"Clay Rozendal";"Home Office";"United States";"Bellevue";"Washington";"2016-11-24";"2017-11-02"
996;"CR-12580";"Clay Rozendal";"Home Office";"United States";"San Diego";"California";"2017-11-03";"2099-01-01"
997;"CR-12625";"Corey Roper";"Home Office";"United States";"Lakewood";"New Jersey";"2014-06-01";"2014-08-22"
998;"CR-12625";"Corey Roper";"Home Office";"United States";"Grand Rapids";"Michigan";"2014-08-23";"2016-09-15"
999;"CR-12625";"Corey Roper";"Home Office";"United States";"Columbus";"Georgia";"2016-09-16";"2099-01-01"
1000;"CR-12730";"Craig Reiter";"Consumer";"United States";"Chicago";"Illinois";"2014-08-20";"2016-06-11"
1001;"CR-12730";"Craig Reiter";"Consumer";"United States";"Chicago";"Illinois";"2016-06-12";"2016-08-21"
1002;"CR-12730";"Craig Reiter";"Consumer";"United States";"Columbus";"Ohio";"2016-08-22";"2017-10-12"
1003;"CR-12730";"Craig Reiter";"Consumer";"United States";"New York City";"New York";"2017-10-13";"2099-01-01"
1004;"CR-12820";"Cyra Reiten";"Home Office";"United States";"West Palm Beach";"Florida";"2015-01-24";"2017-02-16"
1005;"CR-12820";"Cyra Reiten";"Home Office";"United States";"Houston";"Texas";"2017-02-17";"2017-10-05"
1006;"CR-12820";"Cyra Reiten";"Home Office";"United States";"New York City";"New York";"2017-10-06";"2099-01-01"
1007;"CS-11845";"Cari Sayre";"Corporate";"United States";"Chicago";"Illinois";"2014-12-14";"2015-04-01"
1008;"CS-11845";"Cari Sayre";"Corporate";"United States";"Houston";"Texas";"2015-04-02";"2015-09-16"
1009;"CS-11845";"Cari Sayre";"Corporate";"United States";"Seattle";"Washington";"2015-09-17";"2017-02-10"
1010;"CS-11845";"Cari Sayre";"Corporate";"United States";"Seattle";"Washington";"2017-02-11";"2017-09-29"
1011;"CS-11845";"Cari Sayre";"Corporate";"United States";"Seattle";"Washington";"2017-09-30";"2099-01-01"
1012;"CS-11860";"Cari Schnelling";"Consumer";"United States";"Lakeland";"Florida";"2014-05-02";"2014-06-29"
1013;"CS-11860";"Cari Schnelling";"Consumer";"United States";"New York City";"New York";"2014-06-30";"2015-10-18"
1014;"CS-11860";"Cari Schnelling";"Consumer";"United States";"Dallas";"Texas";"2015-10-19";"2017-06-01"
1015;"CS-11860";"Cari Schnelling";"Consumer";"United States";"Jacksonville";"North Carolina";"2017-06-02";"2017-07-11"
1016;"CS-11860";"Cari Schnelling";"Consumer";"United States";"Fairfield";"Ohio";"2017-07-12";"2017-07-20"
1017;"CS-11860";"Cari Schnelling";"Consumer";"United States";"New York City";"New York";"2017-07-21";"2099-01-01"
1018;"CS-11950";"Carlos Soltero";"Consumer";"United States";"Seattle";"Washington";"2014-06-08";"2014-11-17"
1019;"CS-11950";"Carlos Soltero";"Consumer";"United States";"Philadelphia";"Pennsylvania";"2014-11-18";"2015-09-24"
1020;"CS-11950";"Carlos Soltero";"Consumer";"United States";"Freeport";"New York";"2015-09-25";"2016-03-30"
1021;"CS-11950";"Carlos Soltero";"Consumer";"United States";"Philadelphia";"Pennsylvania";"2016-03-31";"2016-04-02"
1022;"CS-11950";"Carlos Soltero";"Consumer";"United States";"Philadelphia";"Pennsylvania";"2016-04-03";"2016-09-02"
1023;"CS-11950";"Carlos Soltero";"Consumer";"United States";"Chicago";"Illinois";"2016-09-03";"2016-10-20"
1024;"CS-11950";"Carlos Soltero";"Consumer";"United States";"Los Angeles";"California";"2016-10-21";"2017-05-06"
1025;"CS-11950";"Carlos Soltero";"Consumer";"United States";"Pasadena";"California";"2017-05-07";"2017-07-19"
1026;"CS-11950";"Carlos Soltero";"Consumer";"United States";"Chicago";"Illinois";"2017-07-20";"2017-10-23"
1027;"CS-11950";"Carlos Soltero";"Consumer";"United States";"Jackson";"Mississippi";"2017-10-24";"2017-12-04"
1028;"CS-11950";"Carlos Soltero";"Consumer";"United States";"New York City";"New York";"2017-12-05";"2099-01-01"
1029;"CS-12130";"Chad Sievert";"Consumer";"United States";"Los Angeles";"California";"2014-08-05";"2015-09-20"
1030;"CS-12130";"Chad Sievert";"Consumer";"United States";"Seattle";"Washington";"2015-09-21";"2015-12-19"
1031;"CS-12130";"Chad Sievert";"Consumer";"United States";"Austin";"Texas";"2015-12-20";"2016-08-27"
1032;"CS-12130";"Chad Sievert";"Consumer";"United States";"Englewood";"Colorado";"2016-08-28";"2099-01-01"
1033;"CS-12175";"Charles Sheldon";"Corporate";"United States";"Lakewood";"New Jersey";"2014-08-12";"2016-04-16"
1034;"CS-12175";"Charles Sheldon";"Corporate";"United States";"Columbia";"Tennessee";"2016-04-17";"2016-09-25"
1035;"CS-12175";"Charles Sheldon";"Corporate";"United States";"Iowa City";"Iowa";"2016-09-26";"2017-04-05"
1036;"CS-12175";"Charles Sheldon";"Corporate";"United States";"Chattanooga";"Tennessee";"2017-04-06";"2017-05-11"
1037;"CS-12175";"Charles Sheldon";"Corporate";"United States";"San Francisco";"California";"2017-05-12";"2099-01-01"
1038;"CS-12250";"Chris Selesnick";"Corporate";"United States";"Bossier City";"Louisiana";"2014-01-13";"2014-02-06"
1039;"CS-12250";"Chris Selesnick";"Corporate";"United States";"New York City";"New York";"2014-02-07";"2014-11-27"
1040;"CS-12250";"Chris Selesnick";"Corporate";"United States";"Columbia";"South Carolina";"2014-11-28";"2015-01-03"
1041;"CS-12250";"Chris Selesnick";"Corporate";"United States";"Woodbury";"Minnesota";"2015-01-04";"2015-11-02"
1042;"CS-12250";"Chris Selesnick";"Corporate";"United States";"Haltom City";"Texas";"2015-11-03";"2015-11-19"
1043;"CS-12250";"Chris Selesnick";"Corporate";"United States";"San Diego";"California";"2015-11-20";"2016-06-27"
1044;"CS-12250";"Chris Selesnick";"Corporate";"United States";"Los Angeles";"California";"2016-06-28";"2016-09-21"
1045;"CS-12250";"Chris Selesnick";"Corporate";"United States";"Green Bay";"Wisconsin";"2016-09-22";"2017-01-22"
1046;"CS-12250";"Chris Selesnick";"Corporate";"United States";"Seattle";"Washington";"2017-01-23";"2017-10-07"
1047;"CS-12250";"Chris Selesnick";"Corporate";"United States";"San Diego";"California";"2017-10-08";"2017-11-22"
1048;"CS-12250";"Chris Selesnick";"Corporate";"United States";"Chicago";"Illinois";"2017-11-23";"2099-01-01"
1049;"CS-12355";"Christine Sundaresam";"Consumer";"United States";"Hollywood";"Florida";"2014-08-15";"2014-08-14"
1050;"CS-12355";"Christine Sundaresam";"Consumer";"United States";"Fairfield";"Connecticut";"2014-08-15";"2015-06-22"
1051;"CS-12355";"Christine Sundaresam";"Consumer";"United States";"Long Beach";"California";"2015-06-23";"2015-09-03"
1052;"CS-12355";"Christine Sundaresam";"Consumer";"United States";"Roswell";"Georgia";"2015-09-04";"2016-03-16"
1053;"CS-12355";"Christine Sundaresam";"Consumer";"United States";"Malden";"Massachusetts";"2016-03-17";"2017-04-13"
1054;"CS-12355";"Christine Sundaresam";"Consumer";"United States";"New York City";"New York";"2017-04-14";"2017-06-15"
1055;"CS-12355";"Christine Sundaresam";"Consumer";"United States";"Dublin";"Ohio";"2017-06-16";"2017-07-06"
1056;"CS-12355";"Christine Sundaresam";"Consumer";"United States";"Long Beach";"New York";"2017-07-07";"2017-11-11"
1057;"CS-12355";"Christine Sundaresam";"Consumer";"United States";"Seattle";"Washington";"2017-11-12";"2017-11-16"
1058;"CS-12355";"Christine Sundaresam";"Consumer";"United States";"Salem";"Virginia";"2017-11-17";"2017-12-23"
1059;"CS-12355";"Christine Sundaresam";"Consumer";"United States";"Lafayette";"Louisiana";"2017-12-24";"2099-01-01"
1060;"CS-12400";"Christopher Schild";"Home Office";"United States";"Seattle";"Washington";"2014-09-26";"2015-10-01"
1061;"CS-12400";"Christopher Schild";"Home Office";"United States";"Los Angeles";"California";"2015-10-02";"2016-05-09"
1062;"CS-12400";"Christopher Schild";"Home Office";"United States";"Philadelphia";"Pennsylvania";"2016-05-10";"2016-11-04"
1063;"CS-12400";"Christopher Schild";"Home Office";"United States";"San Jose";"California";"2016-11-05";"2017-04-06"
1064;"CS-12400";"Christopher Schild";"Home Office";"United States";"Tampa";"Florida";"2017-04-07";"2017-09-04"
1065;"CS-12400";"Christopher Schild";"Home Office";"United States";"Seattle";"Washington";"2017-09-05";"2017-09-14"
1066;"CS-12400";"Christopher Schild";"Home Office";"United States";"San Francisco";"California";"2017-09-15";"2017-11-12"
1067;"CS-12400";"Christopher Schild";"Home Office";"United States";"Chicago";"Illinois";"2017-11-13";"2017-12-27"
1068;"CS-12400";"Christopher Schild";"Home Office";"United States";"Fargo";"North Dakota";"2017-12-28";"2099-01-01"
1069;"CS-12460";"Chuck Sachs";"Consumer";"United States";"Columbus";"Georgia";"2017-07-03";"2017-12-02"
1070;"CS-12460";"Chuck Sachs";"Consumer";"United States";"New York City";"New York";"2017-12-03";"2099-01-01"
1071;"CS-12490";"Cindy Schnelling";"Corporate";"United States";"Toledo";"Ohio";"2015-01-12";"2016-04-17"
1072;"CS-12490";"Cindy Schnelling";"Corporate";"United States";"New York City";"New York";"2016-04-18";"2016-08-11"
1073;"CS-12490";"Cindy Schnelling";"Corporate";"United States";"Lakeland";"Florida";"2016-08-12";"2016-10-31"
1074;"CS-12490";"Cindy Schnelling";"Corporate";"United States";"Conroe";"Texas";"2016-11-01";"2099-01-01"
1075;"CS-12505";"Cindy Stewart";"Consumer";"United States";"Pomona";"California";"2014-03-26";"2015-05-11"
1076;"CS-12505";"Cindy Stewart";"Consumer";"United States";"San Francisco";"California";"2015-05-12";"2016-09-16"
1077;"CS-12505";"Cindy Stewart";"Consumer";"United States";"Columbus";"Georgia";"2016-09-17";"2016-11-12"
1078;"CS-12505";"Cindy Stewart";"Consumer";"United States";"Thomasville";"North Carolina";"2016-11-13";"2016-11-24"
1079;"CS-12505";"Cindy Stewart";"Consumer";"United States";"Lancaster";"Ohio";"2016-11-25";"2017-11-01"
1080;"CS-12505";"Cindy Stewart";"Consumer";"United States";"Los Angeles";"California";"2017-11-02";"2099-01-01"
1081;"CT-11995";"Carol Triggs";"Consumer";"United States";"Lawrence";"Massachusetts";"2014-05-07";"2014-12-19"
1082;"CT-11995";"Carol Triggs";"Consumer";"United States";"Tucson";"Arizona";"2014-12-20";"2015-09-14"
1083;"CT-11995";"Carol Triggs";"Consumer";"United States";"Indianapolis";"Indiana";"2015-09-15";"2016-08-12"
1084;"CT-11995";"Carol Triggs";"Consumer";"United States";"Irving";"Texas";"2016-08-13";"2016-11-25"
1085;"CT-11995";"Carol Triggs";"Consumer";"United States";"Philadelphia";"Pennsylvania";"2016-11-26";"2017-06-03"
1086;"CT-11995";"Carol Triggs";"Consumer";"United States";"Apple Valley";"Minnesota";"2017-06-04";"2017-06-28"
1087;"CT-11995";"Carol Triggs";"Consumer";"United States";"Los Angeles";"California";"2017-06-29";"2017-09-24"
1088;"CT-11995";"Carol Triggs";"Consumer";"United States";"Rochester";"Minnesota";"2017-09-25";"2099-01-01"
1089;"CV-12295";"Christina VanderZanden";"Consumer";"United States";"Des Moines";"Iowa";"2014-03-28";"2014-09-01"
1090;"CV-12295";"Christina VanderZanden";"Consumer";"United States";"Chicago";"Illinois";"2014-09-02";"2016-09-03"
1091;"CV-12295";"Christina VanderZanden";"Consumer";"United States";"New York City";"New York";"2016-09-04";"2017-03-24"
1092;"CV-12295";"Christina VanderZanden";"Consumer";"United States";"Fresno";"California";"2017-03-25";"2017-04-19"
1093;"CV-12295";"Christina VanderZanden";"Consumer";"United States";"Detroit";"Michigan";"2017-04-20";"2099-01-01"
1094;"CV-12805";"Cynthia Voltz";"Corporate";"United States";"Austin";"Texas";"2016-05-09";"2016-08-31"
1095;"CV-12805";"Cynthia Voltz";"Corporate";"United States";"San Francisco";"California";"2016-09-01";"2017-01-19"
1096;"CV-12805";"Cynthia Voltz";"Corporate";"United States";"New York City";"New York";"2017-01-20";"2017-02-17"
1097;"CV-12805";"Cynthia Voltz";"Corporate";"United States";"Los Angeles";"California";"2017-02-18";"2017-04-19"
1098;"CV-12805";"Cynthia Voltz";"Corporate";"United States";"Philadelphia";"Pennsylvania";"2017-04-20";"2017-04-26"
1099;"CV-12805";"Cynthia Voltz";"Corporate";"United States";"Fort Worth";"Texas";"2017-04-27";"2017-05-31"
1100;"CV-12805";"Cynthia Voltz";"Corporate";"United States";"Fremont";"Nebraska";"2017-06-01";"2017-09-03"
1101;"CV-12805";"Cynthia Voltz";"Corporate";"United States";"Oakland";"California";"2017-09-04";"2017-12-24"
1102;"CV-12805";"Cynthia Voltz";"Corporate";"United States";"New York City";"New York";"2017-12-25";"2099-01-01"
1103;"CW-11905";"Carl Weiss";"Home Office";"United States";"Huntsville";"Texas";"2014-06-09";"2015-01-22"
1104;"CW-11905";"Carl Weiss";"Home Office";"United States";"Bozeman";"Montana";"2015-01-23";"2015-05-30"
1105;"CW-11905";"Carl Weiss";"Home Office";"United States";"Long Beach";"New York";"2015-05-31";"2016-11-03"
1106;"CW-11905";"Carl Weiss";"Home Office";"United States";"Los Angeles";"California";"2016-11-04";"2017-05-12"
1107;"CW-11905";"Carl Weiss";"Home Office";"United States";"Newark";"Delaware";"2017-05-13";"2017-12-07"
1108;"CW-11905";"Carl Weiss";"Home Office";"United States";"Cranston";"Rhode Island";"2017-12-08";"2099-01-01"
1109;"CY-12745";"Craig Yedwab";"Corporate";"United States";"San Antonio";"Texas";"2014-12-12";"2015-05-24"
1110;"CY-12745";"Craig Yedwab";"Corporate";"United States";"Columbia";"Tennessee";"2015-05-25";"2015-06-27"
1111;"CY-12745";"Craig Yedwab";"Corporate";"United States";"Gilbert";"Arizona";"2015-06-28";"2016-08-14"
1112;"CY-12745";"Craig Yedwab";"Corporate";"United States";"Oakland";"California";"2016-08-15";"2016-09-02"
1113;"CY-12745";"Craig Yedwab";"Corporate";"United States";"Monroe";"Louisiana";"2016-09-03";"2017-09-13"
1114;"CY-12745";"Craig Yedwab";"Corporate";"United States";"Springfield";"Ohio";"2017-09-14";"2017-09-15"
1115;"CY-12745";"Craig Yedwab";"Corporate";"United States";"San Francisco";"California";"2017-09-16";"2017-10-30"
1116;"CY-12745";"Craig Yedwab";"Corporate";"United States";"Chicago";"Illinois";"2017-10-31";"2099-01-01"
1117;"DA-13450";"Dianna Arnett";"Home Office";"United States";"Houston";"Texas";"2014-04-25";"2014-09-09"
1118;"DA-13450";"Dianna Arnett";"Home Office";"United States";"Virginia Beach";"Virginia";"2014-09-10";"2014-09-25"
1119;"DA-13450";"Dianna Arnett";"Home Office";"United States";"Lancaster";"Ohio";"2014-09-26";"2017-01-11"
1120;"DA-13450";"Dianna Arnett";"Home Office";"United States";"Washington";"District of Columbia";"2017-01-12";"2099-01-01"
1121;"DB-12910";"Daniel Byrd";"Home Office";"United States";"Fort Lauderdale";"Florida";"2014-10-24";"2016-03-31"
1122;"DB-12910";"Daniel Byrd";"Home Office";"United States";"Columbus";"Georgia";"2016-04-01";"2016-09-08"
1123;"DB-12910";"Daniel Byrd";"Home Office";"United States";"Dallas";"Texas";"2016-09-09";"2016-10-02"
1124;"DB-12910";"Daniel Byrd";"Home Office";"United States";"Lake Forest";"California";"2016-10-03";"2017-03-30"
1125;"DB-12910";"Daniel Byrd";"Home Office";"United States";"Henderson";"Kentucky";"2017-03-31";"2017-09-10"
1126;"DB-12910";"Daniel Byrd";"Home Office";"United States";"Columbus";"Georgia";"2017-09-11";"2017-12-01"
1127;"DB-12910";"Daniel Byrd";"Home Office";"United States";"Tampa";"Florida";"2017-12-02";"2017-12-08"
1128;"DB-12910";"Daniel Byrd";"Home Office";"United States";"Salinas";"California";"2017-12-09";"2099-01-01"
1129;"DB-12970";"Darren Budd";"Corporate";"United States";"Houston";"Texas";"2014-11-12";"2015-12-13"
1130;"DB-12970";"Darren Budd";"Corporate";"United States";"Los Angeles";"California";"2015-12-14";"2016-07-23"
1131;"DB-12970";"Darren Budd";"Corporate";"United States";"New York City";"New York";"2016-07-24";"2016-12-24"
1132;"DB-12970";"Darren Budd";"Corporate";"United States";"New York City";"New York";"2016-12-25";"2017-05-02"
1133;"DB-12970";"Darren Budd";"Corporate";"United States";"Los Angeles";"California";"2017-05-03";"2099-01-01"
1134;"DB-13060";"Dave Brooks";"Consumer";"United States";"Seattle";"Washington";"2014-03-01";"2014-06-20"
1135;"DB-13060";"Dave Brooks";"Consumer";"United States";"Lakewood";"New Jersey";"2014-06-21";"2016-03-17"
1136;"DB-13060";"Dave Brooks";"Consumer";"United States";"Columbia";"Tennessee";"2016-03-18";"2016-06-05"
1137;"DB-13060";"Dave Brooks";"Consumer";"United States";"Lowell";"Massachusetts";"2016-06-06";"2017-02-25"
1138;"DB-13060";"Dave Brooks";"Consumer";"United States";"Costa Mesa";"California";"2017-02-26";"2017-09-14"
1139;"DB-13060";"Dave Brooks";"Consumer";"United States";"Chicago";"Illinois";"2017-09-15";"2017-12-13"
1140;"DB-13060";"Dave Brooks";"Consumer";"United States";"Skokie";"Illinois";"2017-12-14";"2099-01-01"
1141;"DB-13120";"David Bremer";"Corporate";"United States";"Tampa";"Florida";"2015-05-01";"2015-09-02"
1142;"DB-13120";"David Bremer";"Corporate";"United States";"San Francisco";"California";"2015-09-03";"2015-12-05"
1143;"DB-13120";"David Bremer";"Corporate";"United States";"Santa Barbara";"California";"2015-12-06";"2015-12-23"
1144;"DB-13120";"David Bremer";"Corporate";"United States";"Rochester";"New York";"2015-12-24";"2015-12-26"
1145;"DB-13120";"David Bremer";"Corporate";"United States";"Marion";"Ohio";"2015-12-27";"2017-01-11"
1146;"DB-13120";"David Bremer";"Corporate";"United States";"Dallas";"Texas";"2017-01-12";"2017-11-11"
1147;"DB-13120";"David Bremer";"Corporate";"United States";"Santa Clara";"California";"2017-11-12";"2099-01-01"
1148;"DB-13210";"Dean Braden";"Consumer";"United States";"Houston";"Texas";"2015-03-22";"2016-03-25"
1149;"DB-13210";"Dean Braden";"Consumer";"United States";"Jacksonville";"North Carolina";"2016-03-26";"2016-05-19"
1150;"DB-13210";"Dean Braden";"Consumer";"United States";"Port Saint Lucie";"Florida";"2016-05-20";"2016-06-08"
1151;"DB-13210";"Dean Braden";"Consumer";"United States";"San Francisco";"California";"2016-06-09";"2016-09-04"
1152;"DB-13210";"Dean Braden";"Consumer";"United States";"Philadelphia";"Pennsylvania";"2016-09-05";"2016-09-14"
1153;"DB-13210";"Dean Braden";"Consumer";"United States";"Philadelphia";"Pennsylvania";"2016-09-15";"2016-11-29"
1154;"DB-13210";"Dean Braden";"Consumer";"United States";"Hickory";"North Carolina";"2016-11-30";"2017-10-06"
1155;"DB-13210";"Dean Braden";"Consumer";"United States";"Detroit";"Michigan";"2017-10-07";"2017-12-08"
1156;"DB-13210";"Dean Braden";"Consumer";"United States";"Detroit";"Michigan";"2017-12-09";"2017-12-20"
1157;"DB-13210";"Dean Braden";"Consumer";"United States";"Paterson";"New Jersey";"2017-12-21";"2099-01-01"
1158;"DB-13270";"Deborah Brumfield";"Home Office";"United States";"San Diego";"California";"2014-02-04";"2015-04-23"
1159;"DB-13270";"Deborah Brumfield";"Home Office";"United States";"New York City";"New York";"2015-04-24";"2015-11-29"
1160;"DB-13270";"Deborah Brumfield";"Home Office";"United States";"Austin";"Texas";"2015-11-30";"2016-08-11"
1161;"DB-13270";"Deborah Brumfield";"Home Office";"United States";"Philadelphia";"Pennsylvania";"2016-08-12";"2016-12-01"
1162;"DB-13270";"Deborah Brumfield";"Home Office";"United States";"Providence";"Rhode Island";"2016-12-02";"2016-12-10"
1163;"DB-13270";"Deborah Brumfield";"Home Office";"United States";"Portland";"Oregon";"2016-12-11";"2017-06-18"
1164;"DB-13270";"Deborah Brumfield";"Home Office";"United States";"Dallas";"Texas";"2017-06-19";"2017-11-06"
1165;"DB-13270";"Deborah Brumfield";"Home Office";"United States";"Brentwood";"California";"2017-11-07";"2099-01-01"
1166;"DB-13360";"Dennis Bolton";"Home Office";"United States";"Salt Lake City";"Utah";"2014-11-19";"2015-06-25"
1167;"DB-13360";"Dennis Bolton";"Home Office";"United States";"Lakewood";"Ohio";"2015-06-26";"2016-03-12"
1168;"DB-13360";"Dennis Bolton";"Home Office";"United States";"Riverside";"California";"2016-03-13";"2016-04-25"
1169;"DB-13360";"Dennis Bolton";"Home Office";"United States";"New York City";"New York";"2016-04-26";"2017-04-09"
1170;"DB-13360";"Dennis Bolton";"Home Office";"United States";"Waterbury";"Connecticut";"2017-04-10";"2099-01-01"
1171;"DB-13405";"Denny Blanton";"Consumer";"United States";"Lawrence";"Massachusetts";"2015-08-08";"2015-09-16"
1172;"DB-13405";"Denny Blanton";"Consumer";"United States";"Orlando";"Florida";"2015-09-17";"2017-03-16"
1173;"DB-13405";"Denny Blanton";"Consumer";"United States";"New York City";"New York";"2017-03-17";"2017-06-25"
1174;"DB-13405";"Denny Blanton";"Consumer";"United States";"La Porte";"Indiana";"2017-06-26";"2099-01-01"
1175;"DB-13555";"Dorothy Badders";"Corporate";"United States";"Henderson";"Kentucky";"2014-04-21";"2014-09-19"
1176;"DB-13555";"Dorothy Badders";"Corporate";"United States";"Jacksonville";"Florida";"2014-09-20";"2014-10-10"
1177;"DB-13555";"Dorothy Badders";"Corporate";"United States";"Fayetteville";"Arkansas";"2014-10-11";"2017-03-01"
1178;"DB-13555";"Dorothy Badders";"Corporate";"United States";"Newark";"Delaware";"2017-03-02";"2017-05-05"
1179;"DB-13555";"Dorothy Badders";"Corporate";"United States";"Fort Worth";"Texas";"2017-05-06";"2017-09-07"
1180;"DB-13555";"Dorothy Badders";"Corporate";"United States";"Dublin";"Ohio";"2017-09-08";"2017-09-13"
1181;"DB-13555";"Dorothy Badders";"Corporate";"United States";"Raleigh";"North Carolina";"2017-09-14";"2099-01-01"
1182;"DB-13615";"Doug Bickford";"Consumer";"United States";"Seattle";"Washington";"2014-09-30";"2015-08-31"
1183;"DB-13615";"Doug Bickford";"Consumer";"United States";"Los Angeles";"California";"2015-09-01";"2016-10-07"
1184;"DB-13615";"Doug Bickford";"Consumer";"United States";"Charlotte";"North Carolina";"2016-10-08";"2016-12-07"
1185;"DB-13615";"Doug Bickford";"Consumer";"United States";"San Francisco";"California";"2016-12-08";"2017-05-05"
1186;"DB-13615";"Doug Bickford";"Consumer";"United States";"Tucson";"Arizona";"2017-05-06";"2017-09-20"
1187;"DB-13615";"Doug Bickford";"Consumer";"United States";"San Francisco";"California";"2017-09-21";"2017-11-26"
1188;"DB-13615";"Doug Bickford";"Consumer";"United States";"Asheville";"North Carolina";"2017-11-27";"2099-01-01"
1189;"DB-13660";"Duane Benoit";"Consumer";"United States";"Newark";"Delaware";"2014-06-17";"2015-11-07"
1190;"DB-13660";"Duane Benoit";"Consumer";"United States";"Houston";"Texas";"2015-11-08";"2016-12-30"
1191;"DB-13660";"Duane Benoit";"Consumer";"United States";"Lancaster";"Ohio";"2016-12-31";"2017-02-27"
1192;"DB-13660";"Duane Benoit";"Consumer";"United States";"Middletown";"Connecticut";"2017-02-28";"2017-03-24"
1193;"DB-13660";"Duane Benoit";"Consumer";"United States";"Dallas";"Texas";"2017-03-25";"2017-09-22"
1194;"DB-13660";"Duane Benoit";"Consumer";"United States";"Los Angeles";"California";"2017-09-23";"2017-12-17"
1195;"DB-13660";"Duane Benoit";"Consumer";"United States";"Oceanside";"New York";"2017-12-18";"2099-01-01"
1196;"DC-12850";"Dan Campbell";"Consumer";"United States";"Houston";"Texas";"2014-07-05";"2014-09-12"
1197;"DC-12850";"Dan Campbell";"Consumer";"United States";"New York City";"New York";"2014-09-13";"2015-03-18"
1198;"DC-12850";"Dan Campbell";"Consumer";"United States";"North Miami";"Florida";"2015-03-19";"2016-03-23"
1199;"DC-12850";"Dan Campbell";"Consumer";"United States";"Cleveland";"Ohio";"2016-03-24";"2017-06-03"
1200;"DC-12850";"Dan Campbell";"Consumer";"United States";"Florence";"Alabama";"2017-06-04";"2017-06-21"
1201;"DC-12850";"Dan Campbell";"Consumer";"United States";"Miami";"Florida";"2017-06-22";"2017-08-12"
1202;"DC-12850";"Dan Campbell";"Consumer";"United States";"Memphis";"Tennessee";"2017-08-13";"2017-09-17"
1203;"DC-12850";"Dan Campbell";"Consumer";"United States";"Arlington";"Texas";"2017-09-18";"2017-11-22"
1204;"DC-12850";"Dan Campbell";"Consumer";"United States";"Roseville";"Michigan";"2017-11-23";"2099-01-01"
1205;"DC-13285";"Debra Catini";"Consumer";"United States";"Cottage Grove";"Minnesota";"2014-12-29";"2015-03-21"
1206;"DC-13285";"Debra Catini";"Consumer";"United States";"Plantation";"Florida";"2015-03-22";"2016-11-09"
1207;"DC-13285";"Debra Catini";"Consumer";"United States";"Warner Robins";"Georgia";"2016-11-10";"2017-10-06"
1208;"DC-13285";"Debra Catini";"Consumer";"United States";"San Francisco";"California";"2017-10-07";"2017-12-06"
1209;"DC-13285";"Debra Catini";"Consumer";"United States";"Richmond";"Virginia";"2017-12-07";"2099-01-01"
1210;"DD-13570";"Dorothy Dickinson";"Consumer";"United States";"Chicago";"Illinois";"2014-03-31";"2014-12-29"
1211;"DD-13570";"Dorothy Dickinson";"Consumer";"United States";"Memphis";"Tennessee";"2014-12-30";"2016-08-21"
1212;"DD-13570";"Dorothy Dickinson";"Consumer";"United States";"Houston";"Texas";"2016-08-22";"2017-05-01"
1213;"DD-13570";"Dorothy Dickinson";"Consumer";"United States";"Los Angeles";"California";"2017-05-02";"2017-07-24"
1214;"DD-13570";"Dorothy Dickinson";"Consumer";"United States";"Philadelphia";"Pennsylvania";"2017-07-25";"2017-11-18"
1215;"DD-13570";"Dorothy Dickinson";"Consumer";"United States";"Alexandria";"Virginia";"2017-11-19";"2099-01-01"
1216;"DE-13255";"Deanra Eno";"Home Office";"United States";"Lakewood";"Ohio";"2014-08-22";"2014-11-04"
1217;"DE-13255";"Deanra Eno";"Home Office";"United States";"Los Angeles";"California";"2014-11-05";"2015-04-17"
1218;"DE-13255";"Deanra Eno";"Home Office";"United States";"Los Angeles";"California";"2015-04-18";"2015-09-23"
1219;"DE-13255";"Deanra Eno";"Home Office";"United States";"Dubuque";"Iowa";"2015-09-24";"2016-01-10"
1220;"DE-13255";"Deanra Eno";"Home Office";"United States";"Springfield";"Ohio";"2016-01-11";"2099-01-01"
1221;"DF-13135";"David Flashing";"Consumer";"United States";"Vallejo";"California";"2014-10-04";"2015-12-25"
1222;"DF-13135";"David Flashing";"Consumer";"United States";"New York City";"New York";"2015-12-26";"2016-01-29"
1223;"DF-13135";"David Flashing";"Consumer";"United States";"Rockford";"Illinois";"2016-01-30";"2099-01-01"
1224;"DG-13300";"Deirdre Greer";"Corporate";"United States";"Orange";"New Jersey";"2014-11-01";"2015-07-02"
1225;"DG-13300";"Deirdre Greer";"Corporate";"United States";"Philadelphia";"Pennsylvania";"2015-07-03";"2015-10-24"
1226;"DG-13300";"Deirdre Greer";"Corporate";"United States";"Denver";"Colorado";"2015-10-25";"2016-08-21"
1227;"DG-13300";"Deirdre Greer";"Corporate";"United States";"Seattle";"Washington";"2016-08-22";"2017-11-27"
1228;"DG-13300";"Deirdre Greer";"Corporate";"United States";"New York City";"New York";"2017-11-28";"2099-01-01"
1229;"DH-13075";"Dave Hallsten";"Corporate";"United States";"Richmond";"Kentucky";"2014-11-21";"2015-02-28"
1230;"DH-13075";"Dave Hallsten";"Corporate";"United States";"Los Angeles";"California";"2015-03-01";"2015-03-19"
1231;"DH-13075";"Dave Hallsten";"Corporate";"United States";"New York City";"New York";"2015-03-20";"2015-06-12"
1232;"DH-13075";"Dave Hallsten";"Corporate";"United States";"Decatur";"Alabama";"2015-06-13";"2016-06-23"
1233;"DH-13075";"Dave Hallsten";"Corporate";"United States";"Houston";"Texas";"2016-06-24";"2017-03-27"
1234;"DH-13075";"Dave Hallsten";"Corporate";"United States";"Fairfield";"California";"2017-03-28";"2099-01-01"
1235;"DH-13675";"Duane Huffman";"Home Office";"United States";"Miami";"Florida";"2014-08-12";"2014-11-27"
1236;"DH-13675";"Duane Huffman";"Home Office";"United States";"San Francisco";"California";"2014-11-28";"2015-09-20"
1237;"DH-13675";"Duane Huffman";"Home Office";"United States";"Quincy";"Massachusetts";"2015-09-21";"2015-11-14"
1238;"DH-13675";"Duane Huffman";"Home Office";"United States";"Harrisonburg";"Virginia";"2015-11-15";"2099-01-01"
1239;"DJ-13420";"Denny Joy";"Corporate";"United States";"San Francisco";"California";"2014-12-08";"2015-10-03"
1240;"DJ-13420";"Denny Joy";"Corporate";"United States";"Warner Robins";"Georgia";"2015-10-04";"2015-10-09"
1241;"DJ-13420";"Denny Joy";"Corporate";"United States";"San Francisco";"California";"2015-10-10";"2016-04-01"
1242;"DJ-13420";"Denny Joy";"Corporate";"United States";"Milwaukee";"Wisconsin";"2016-04-02";"2099-01-01"
1243;"DJ-13510";"Don Jones";"Corporate";"United States";"Little Rock";"Arkansas";"2014-08-17";"2016-08-25"
1244;"DJ-13510";"Don Jones";"Corporate";"United States";"San Diego";"California";"2016-08-26";"2017-02-10"
1245;"DJ-13510";"Don Jones";"Corporate";"United States";"New York City";"New York";"2017-02-11";"2017-04-29"
1246;"DJ-13510";"Don Jones";"Corporate";"United States";"San Francisco";"California";"2017-04-30";"2017-05-07"
1247;"DJ-13510";"Don Jones";"Corporate";"United States";"Philadelphia";"Pennsylvania";"2017-05-08";"2017-09-11"
1248;"DJ-13510";"Don Jones";"Corporate";"United States";"Woonsocket";"Rhode Island";"2017-09-12";"2017-11-02"
1249;"DJ-13510";"Don Jones";"Corporate";"United States";"Murfreesboro";"Tennessee";"2017-11-03";"2017-11-11"
1250;"DJ-13510";"Don Jones";"Corporate";"United States";"Tempe";"Arizona";"2017-11-12";"2099-01-01"
1251;"DJ-13630";"Doug Jacobs";"Consumer";"United States";"Portland";"Oregon";"2015-12-14";"2016-11-18"
1252;"DJ-13630";"Doug Jacobs";"Consumer";"United States";"New York City";"New York";"2016-11-19";"2017-12-17"
1253;"DJ-13630";"Doug Jacobs";"Consumer";"United States";"New York City";"New York";"2017-12-18";"2099-01-01"
1254;"DK-12835";"Damala Kotsonis";"Corporate";"United States";"San Francisco";"California";"2014-03-26";"2014-11-22"
1255;"DK-12835";"Damala Kotsonis";"Corporate";"United States";"Houston";"Texas";"2014-11-23";"2015-02-06"
1256;"DK-12835";"Damala Kotsonis";"Corporate";"United States";"Springfield";"Virginia";"2015-02-07";"2015-10-30"
1257;"DK-12835";"Damala Kotsonis";"Corporate";"United States";"Salinas";"California";"2015-10-31";"2016-03-24"
1258;"DK-12835";"Damala Kotsonis";"Corporate";"United States";"New York City";"New York";"2016-03-25";"2016-07-20"
1259;"DK-12835";"Damala Kotsonis";"Corporate";"United States";"Roseville";"California";"2016-07-21";"2016-12-08"
1260;"DK-12835";"Damala Kotsonis";"Corporate";"United States";"Franklin";"Tennessee";"2016-12-09";"2017-04-23"
1261;"DK-12835";"Damala Kotsonis";"Corporate";"United States";"Philadelphia";"Pennsylvania";"2017-04-24";"2017-07-04"
1262;"DK-12835";"Damala Kotsonis";"Corporate";"United States";"Fremont";"Nebraska";"2017-07-05";"2017-09-08"
1263;"DK-12835";"Damala Kotsonis";"Corporate";"United States";"Portland";"Oregon";"2017-09-09";"2017-10-20"
1264;"DK-12835";"Damala Kotsonis";"Corporate";"United States";"Springfield";"Oregon";"2017-10-21";"2017-12-08"
1265;"DK-12835";"Damala Kotsonis";"Corporate";"United States";"Detroit";"Michigan";"2017-12-09";"2099-01-01"
1266;"DK-12895";"Dana Kaydos";"Consumer";"United States";"Kenosha";"Wisconsin";"2015-03-08";"2015-09-24"
1267;"DK-12895";"Dana Kaydos";"Consumer";"United States";"Rockford";"Illinois";"2015-09-25";"2017-08-11"
1268;"DK-12895";"Dana Kaydos";"Consumer";"United States";"Seattle";"Washington";"2017-08-12";"2017-08-26"
1269;"DK-12895";"Dana Kaydos";"Consumer";"United States";"Franklin";"Tennessee";"2017-08-27";"2017-11-14"
1270;"DK-12895";"Dana Kaydos";"Consumer";"United States";"Miramar";"Florida";"2017-11-15";"2099-01-01"
1271;"DK-12985";"Darren Koutras";"Consumer";"United States";"Chicago";"Illinois";"2014-11-24";"2015-08-01"
1272;"DK-12985";"Darren Koutras";"Consumer";"United States";"Springfield";"Oregon";"2015-08-02";"2015-12-06"
1273;"DK-12985";"Darren Koutras";"Consumer";"United States";"Henderson";"Kentucky";"2015-12-07";"2017-05-04"
1274;"DK-12985";"Darren Koutras";"Consumer";"United States";"San Francisco";"California";"2017-05-05";"2017-12-22"
1275;"DK-12985";"Darren Koutras";"Consumer";"United States";"Hendersonville";"Tennessee";"2017-12-23";"2099-01-01"
1276;"DK-13090";"Dave Kipp";"Consumer";"United States";"Seattle";"Washington";"2015-03-02";"2015-10-08"
1277;"DK-13090";"Dave Kipp";"Consumer";"United States";"Springfield";"Virginia";"2015-10-09";"2016-02-13"
1278;"DK-13090";"Dave Kipp";"Consumer";"United States";"Clinton";"Maryland";"2016-02-14";"2017-02-20"
1279;"DK-13090";"Dave Kipp";"Consumer";"United States";"Carrollton";"Texas";"2017-02-21";"2017-09-30"
1280;"DK-13090";"Dave Kipp";"Consumer";"United States";"Fremont";"Nebraska";"2017-10-01";"2017-11-02"
1281;"DK-13090";"Dave Kipp";"Consumer";"United States";"Orlando";"Florida";"2017-11-03";"2017-11-17"
1282;"DK-13090";"Dave Kipp";"Consumer";"United States";"Long Beach";"New York";"2017-11-18";"2099-01-01"
1283;"DK-13150";"David Kendrick";"Corporate";"United States";"Decatur";"Illinois";"2014-12-05";"2017-12-19"
1284;"DK-13150";"David Kendrick";"Corporate";"United States";"New York City";"New York";"2017-12-20";"2099-01-01"
1285;"DK-13225";"Dean Katz";"Corporate";"United States";"Huntington Beach";"California";"2014-03-14";"2015-11-14"
1286;"DK-13225";"Dean Katz";"Corporate";"United States";"Chicago";"Illinois";"2015-11-15";"2015-12-02"
1287;"DK-13225";"Dean Katz";"Corporate";"United States";"Philadelphia";"Pennsylvania";"2015-12-03";"2016-03-11"
1288;"DK-13225";"Dean Katz";"Corporate";"United States";"San Francisco";"California";"2016-03-12";"2016-07-02"
1289;"DK-13225";"Dean Katz";"Corporate";"United States";"New York City";"New York";"2016-07-03";"2016-08-31"
1290;"DK-13225";"Dean Katz";"Corporate";"United States";"Philadelphia";"Pennsylvania";"2016-09-01";"2016-11-25"
1291;"DK-13225";"Dean Katz";"Corporate";"United States";"New York City";"New York";"2016-11-26";"2017-06-28"
1292;"DK-13225";"Dean Katz";"Corporate";"United States";"Anaheim";"California";"2017-06-29";"2017-12-19"
1293;"DK-13225";"Dean Katz";"Corporate";"United States";"Rochester";"New York";"2017-12-20";"2099-01-01"
1294;"DK-13375";"Dennis Kane";"Consumer";"United States";"New York City";"New York";"2014-09-07";"2015-12-05"
1295;"DK-13375";"Dennis Kane";"Consumer";"United States";"Marion";"Ohio";"2015-12-06";"2015-12-11"
1296;"DK-13375";"Dennis Kane";"Consumer";"United States";"San Diego";"California";"2015-12-12";"2016-07-16"
1297;"DK-13375";"Dennis Kane";"Consumer";"United States";"Seattle";"Washington";"2016-07-17";"2016-07-21"
1298;"DK-13375";"Dennis Kane";"Consumer";"United States";"Westland";"Michigan";"2016-07-22";"2017-07-26"
1299;"DK-13375";"Dennis Kane";"Consumer";"United States";"Seattle";"Washington";"2017-07-27";"2017-11-11"
1300;"DK-13375";"Dennis Kane";"Consumer";"United States";"Lancaster";"Pennsylvania";"2017-11-12";"2017-12-10"
1301;"DK-13375";"Dennis Kane";"Consumer";"United States";"Abilene";"Texas";"2017-12-11";"2099-01-01"
1302;"DL-12865";"Dan Lawera";"Consumer";"United States";"Cincinnati";"Ohio";"2014-06-29";"2014-10-14"
1303;"DL-12865";"Dan Lawera";"Consumer";"United States";"Hialeah";"Florida";"2014-10-15";"2015-11-19"
1304;"DL-12865";"Dan Lawera";"Consumer";"United States";"New York City";"New York";"2015-11-20";"2016-02-26"
1305;"DL-12865";"Dan Lawera";"Consumer";"United States";"New York City";"New York";"2016-02-27";"2016-05-01"
1306;"DL-12865";"Dan Lawera";"Consumer";"United States";"Greensboro";"North Carolina";"2016-05-02";"2016-09-24"
1307;"DL-12865";"Dan Lawera";"Consumer";"United States";"Long Beach";"California";"2016-09-25";"2017-01-18"
1308;"DL-12865";"Dan Lawera";"Consumer";"United States";"Keller";"Texas";"2017-01-19";"2099-01-01"
1309;"DL-12925";"Daniel Lacy";"Consumer";"United States";"Greenville";"North Carolina";"2014-09-09";"2014-10-31"
1310;"DL-12925";"Daniel Lacy";"Consumer";"United States";"Long Beach";"New York";"2014-11-01";"2015-05-07"
1311;"DL-12925";"Daniel Lacy";"Consumer";"United States";"Minneapolis";"Minnesota";"2015-05-08";"2015-09-21"
1312;"DL-12925";"Daniel Lacy";"Consumer";"United States";"Oceanside";"California";"2015-09-22";"2015-10-11"
1313;"DL-12925";"Daniel Lacy";"Consumer";"United States";"Noblesville";"Indiana";"2015-10-12";"2017-11-02"
1314;"DL-12925";"Daniel Lacy";"Consumer";"United States";"Eagan";"Minnesota";"2017-11-03";"2099-01-01"
1315;"DL-13315";"Delfina Latchford";"Consumer";"United States";"Philadelphia";"Pennsylvania";"2014-01-16";"2014-02-05"
1316;"DL-13315";"Delfina Latchford";"Consumer";"United States";"Romeoville";"Illinois";"2014-02-06";"2014-02-16"
1317;"DL-13315";"Delfina Latchford";"Consumer";"United States";"Chicago";"Illinois";"2014-02-17";"2016-09-03"
1318;"DL-13315";"Delfina Latchford";"Consumer";"United States";"Knoxville";"Tennessee";"2016-09-04";"2016-12-09"
1319;"DL-13315";"Delfina Latchford";"Consumer";"United States";"New York City";"New York";"2016-12-10";"2017-01-02"
1320;"DL-13315";"Delfina Latchford";"Consumer";"United States";"Rancho Cucamonga";"California";"2017-01-03";"2017-11-24"
1321;"DL-13315";"Delfina Latchford";"Consumer";"United States";"Atlanta";"Georgia";"2017-11-25";"2017-12-07"
1322;"DL-13315";"Delfina Latchford";"Consumer";"United States";"New York City";"New York";"2017-12-08";"2099-01-01"
1323;"DL-13330";"Denise Leinenbach";"Consumer";"United States";"Concord";"North Carolina";"2014-06-23";"2015-11-20"
1324;"DL-13330";"Denise Leinenbach";"Consumer";"United States";"Lawrence";"Indiana";"2015-11-21";"2016-10-27"
1325;"DL-13330";"Denise Leinenbach";"Consumer";"United States";"New York City";"New York";"2016-10-28";"2017-11-02"
1326;"DL-13330";"Denise Leinenbach";"Consumer";"United States";"Las Cruces";"New Mexico";"2017-11-03";"2099-01-01"
1327;"DL-13495";"Dionis Lloyd";"Corporate";"United States";"Detroit";"Michigan";"2015-12-25";"2016-01-16"
1328;"DL-13495";"Dionis Lloyd";"Corporate";"United States";"Columbus";"Georgia";"2016-01-17";"2016-07-21"
1329;"DL-13495";"Dionis Lloyd";"Corporate";"United States";"San Francisco";"California";"2016-07-22";"2016-10-06"
1330;"DL-13495";"Dionis Lloyd";"Corporate";"United States";"Spokane";"Washington";"2016-10-07";"2017-04-29"
1331;"DL-13495";"Dionis Lloyd";"Corporate";"United States";"New York City";"New York";"2017-04-30";"2017-08-14"
1332;"DL-13495";"Dionis Lloyd";"Corporate";"United States";"Philadelphia";"Pennsylvania";"2017-08-15";"2017-08-20"
1333;"DL-13495";"Dionis Lloyd";"Corporate";"United States";"Chandler";"Arizona";"2017-08-21";"2017-10-14"
1334;"DL-13495";"Dionis Lloyd";"Corporate";"United States";"Thousand Oaks";"California";"2017-10-15";"2099-01-01"
1335;"Dl-13600";"Dorris liebe";"Corporate";"United States";"Seattle";"Washington";"2014-03-30";"2014-06-30"
1336;"Dl-13600";"Dorris liebe";"Corporate";"United States";"Seattle";"Washington";"2014-07-01";"2016-04-06"
1337;"Dl-13600";"Dorris liebe";"Corporate";"United States";"New York City";"New York";"2016-04-07";"2017-06-07"
1338;"Dl-13600";"Dorris liebe";"Corporate";"United States";"Pasadena";"Texas";"2017-06-08";"2017-09-01"
1339;"Dl-13600";"Dorris liebe";"Corporate";"United States";"Cleveland";"Ohio";"2017-09-02";"2099-01-01"
1340;"DM-12955";"Dario Medina";"Corporate";"United States";"Fairfield";"Ohio";"2014-09-30";"2014-12-08"
1341;"DM-12955";"Dario Medina";"Corporate";"United States";"Mesa";"Arizona";"2014-12-09";"2015-04-09"
1342;"DM-12955";"Dario Medina";"Corporate";"United States";"Sacramento";"California";"2015-04-10";"2015-09-20"
1343;"DM-12955";"Dario Medina";"Corporate";"United States";"Lincoln Park";"Michigan";"2015-09-21";"2016-03-20"
1344;"DM-12955";"Dario Medina";"Corporate";"United States";"Houston";"Texas";"2016-03-21";"2016-09-28"
1345;"DM-12955";"Dario Medina";"Corporate";"United States";"Yuma";"Arizona";"2016-09-29";"2017-09-06"
1346;"DM-12955";"Dario Medina";"Corporate";"United States";"Nashville";"Tennessee";"2017-09-07";"2099-01-01"
1347;"DM-13015";"Darrin Martin";"Consumer";"United States";"New York City";"New York";"2014-09-14";"2015-07-07"
1348;"DM-13015";"Darrin Martin";"Consumer";"United States";"Houston";"Texas";"2015-07-08";"2016-05-04"
1349;"DM-13015";"Darrin Martin";"Consumer";"United States";"Encinitas";"California";"2016-05-05";"2016-09-04"
1350;"DM-13015";"Darrin Martin";"Consumer";"United States";"Johnson City";"Tennessee";"2016-09-05";"2017-08-23"
1351;"DM-13015";"Darrin Martin";"Consumer";"United States";"Lancaster";"Ohio";"2017-08-24";"2017-10-22"
1352;"DM-13015";"Darrin Martin";"Consumer";"United States";"San Antonio";"Texas";"2017-10-23";"2099-01-01"
1353;"DM-13345";"Denise Monton";"Corporate";"United States";"Orange";"New Jersey";"2014-11-03";"2014-11-11"
1354;"DM-13345";"Denise Monton";"Corporate";"United States";"Asheville";"North Carolina";"2014-11-12";"2015-04-15"
1355;"DM-13345";"Denise Monton";"Corporate";"United States";"New York City";"New York";"2015-04-16";"2016-06-16"
1356;"DM-13345";"Denise Monton";"Corporate";"United States";"Rochester";"New York";"2016-06-17";"2016-11-06"
1357;"DM-13345";"Denise Monton";"Corporate";"United States";"Newark";"Ohio";"2016-11-07";"2016-11-20"
1358;"DM-13345";"Denise Monton";"Corporate";"United States";"Des Moines";"Iowa";"2016-11-21";"2017-04-07"
1359;"DM-13345";"Denise Monton";"Corporate";"United States";"Roswell";"Georgia";"2017-04-08";"2017-12-07"
1360;"DM-13345";"Denise Monton";"Corporate";"United States";"San Francisco";"California";"2017-12-08";"2099-01-01"
1361;"DM-13525";"Don Miller";"Corporate";"United States";"Palm Coast";"Florida";"2014-07-05";"2015-09-10"
1362;"DM-13525";"Don Miller";"Corporate";"United States";"New York City";"New York";"2015-09-11";"2016-09-04"
1363;"DM-13525";"Don Miller";"Corporate";"United States";"Houston";"Texas";"2016-09-05";"2099-01-01"
1364;"DN-13690";"Duane Noonan";"Consumer";"United States";"Columbia";"Maryland";"2014-09-20";"2014-10-07"
1365;"DN-13690";"Duane Noonan";"Consumer";"United States";"New York City";"New York";"2014-10-08";"2014-10-11"
1366;"DN-13690";"Duane Noonan";"Consumer";"United States";"San Francisco";"California";"2014-10-12";"2016-04-20"
1367;"DN-13690";"Duane Noonan";"Consumer";"United States";"Seattle";"Washington";"2016-04-21";"2016-06-25"
1368;"DN-13690";"Duane Noonan";"Consumer";"United States";"San Francisco";"California";"2016-06-26";"2016-12-21"
1369;"DN-13690";"Duane Noonan";"Consumer";"United States";"Moreno Valley";"California";"2016-12-22";"2017-05-26"
1370;"DN-13690";"Duane Noonan";"Consumer";"United States";"Tulsa";"Oklahoma";"2017-05-27";"2099-01-01"
1371;"DO-13435";"Denny Ordway";"Consumer";"United States";"Columbus";"Ohio";"2014-10-03";"2015-03-28"
1372;"DO-13435";"Denny Ordway";"Consumer";"United States";"Seattle";"Washington";"2015-03-29";"2015-08-23"
1373;"DO-13435";"Denny Ordway";"Consumer";"United States";"Portland";"Oregon";"2015-08-24";"2015-11-26"
1374;"DO-13435";"Denny Ordway";"Consumer";"United States";"Pembroke Pines";"Florida";"2015-11-27";"2016-05-15"
1375;"DO-13435";"Denny Ordway";"Consumer";"United States";"Los Angeles";"California";"2016-05-16";"2017-03-30"
1376;"DO-13435";"Denny Ordway";"Consumer";"United States";"New York City";"New York";"2017-03-31";"2017-06-01"
1377;"DO-13435";"Denny Ordway";"Consumer";"United States";"Mesa";"Arizona";"2017-06-02";"2017-06-25"
1378;"DO-13435";"Denny Ordway";"Consumer";"United States";"New York City";"New York";"2017-06-26";"2099-01-01"
1379;"DO-13645";"Doug O'Connell";"Consumer";"United States";"Houston";"Texas";"2015-11-07";"2017-08-18"
1380;"DO-13645";"Doug O'Connell";"Consumer";"United States";"Lawrence";"Massachusetts";"2017-08-19";"2017-09-03"
1381;"DO-13645";"Doug O'Connell";"Consumer";"United States";"Boynton Beach";"Florida";"2017-09-04";"2017-09-22"
1382;"DO-13645";"Doug O'Connell";"Consumer";"United States";"Pine Bluff";"Arkansas";"2017-09-23";"2017-11-26"
1383;"DO-13645";"Doug O'Connell";"Consumer";"United States";"Los Angeles";"California";"2017-11-27";"2017-12-03"
1384;"DO-13645";"Doug O'Connell";"Consumer";"United States";"Paterson";"New Jersey";"2017-12-04";"2099-01-01"
1385;"DP-13000";"Darren Powers";"Consumer";"United States";"Carrollton";"Texas";"2014-11-12";"2015-04-17"
1386;"DP-13000";"Darren Powers";"Consumer";"United States";"New Albany";"Indiana";"2015-04-18";"2015-11-23"
1387;"DP-13000";"Darren Powers";"Consumer";"United States";"Los Angeles";"California";"2015-11-24";"2016-05-14"
1388;"DP-13000";"Darren Powers";"Consumer";"United States";"Fort Lauderdale";"Florida";"2016-05-15";"2016-11-13"
1389;"DP-13000";"Darren Powers";"Consumer";"United States";"New York City";"New York";"2016-11-14";"2017-03-03"
1390;"DP-13000";"Darren Powers";"Consumer";"United States";"Houston";"Texas";"2017-03-04";"2017-05-13"
1391;"DP-13000";"Darren Powers";"Consumer";"United States";"Cleveland";"Ohio";"2017-05-14";"2017-08-25"
1392;"DP-13000";"Darren Powers";"Consumer";"United States";"Chicago";"Illinois";"2017-08-26";"2099-01-01"
1393;"DP-13105";"Dave Poirier";"Corporate";"United States";"Salinas";"California";"2016-06-20";"2016-09-22"
1394;"DP-13105";"Dave Poirier";"Corporate";"United States";"Seattle";"Washington";"2016-09-23";"2016-12-05"
1395;"DP-13105";"Dave Poirier";"Corporate";"United States";"Hempstead";"New York";"2016-12-06";"2017-04-12"
1396;"DP-13105";"Dave Poirier";"Corporate";"United States";"Philadelphia";"Pennsylvania";"2017-04-13";"2017-09-18"
1397;"DP-13105";"Dave Poirier";"Corporate";"United States";"Los Angeles";"California";"2017-09-19";"2017-12-16"
1398;"DP-13105";"Dave Poirier";"Corporate";"United States";"Eau Claire";"Wisconsin";"2017-12-17";"2017-12-23"
1399;"DP-13105";"Dave Poirier";"Corporate";"United States";"Meridian";"Idaho";"2017-12-24";"2099-01-01"
1400;"DP-13165";"David Philippe";"Consumer";"United States";"New York City";"New York";"2014-12-02";"2015-10-09"
1401;"DP-13165";"David Philippe";"Consumer";"United States";"Chicago";"Illinois";"2015-10-10";"2099-01-01"
1402;"Dp-13240";"Dean percer";"Home Office";"United States";"Murray";"Utah";"2014-05-26";"2014-10-10"
1403;"Dp-13240";"Dean percer";"Home Office";"United States";"Seattle";"Washington";"2014-10-11";"2015-11-08"
1404;"Dp-13240";"Dean percer";"Home Office";"United States";"New York City";"New York";"2015-11-09";"2015-12-12"
1405;"Dp-13240";"Dean percer";"Home Office";"United States";"Revere";"Massachusetts";"2015-12-13";"2016-01-14"
1406;"Dp-13240";"Dean percer";"Home Office";"United States";"Westfield";"New Jersey";"2016-01-15";"2017-06-14"
1407;"Dp-13240";"Dean percer";"Home Office";"United States";"Maple Grove";"Minnesota";"2017-06-15";"2017-08-21"
1408;"Dp-13240";"Dean percer";"Home Office";"United States";"Philadelphia";"Pennsylvania";"2017-08-22";"2017-09-06"
1409;"Dp-13240";"Dean percer";"Home Office";"United States";"Phoenix";"Arizona";"2017-09-07";"2017-09-14"
1410;"Dp-13240";"Dean percer";"Home Office";"United States";"Waterbury";"Connecticut";"2017-09-15";"2017-10-01"
1411;"Dp-13240";"Dean percer";"Home Office";"United States";"Knoxville";"Tennessee";"2017-10-02";"2017-10-06"
1412;"Dp-13240";"Dean percer";"Home Office";"United States";"Charlotte";"North Carolina";"2017-10-07";"2099-01-01"
1413;"DP-13390";"Dennis Pardue";"Home Office";"United States";"Los Angeles";"California";"2014-07-05";"2014-09-07"
1414;"DP-13390";"Dennis Pardue";"Home Office";"United States";"San Francisco";"California";"2014-09-08";"2014-12-20"
1415;"DP-13390";"Dennis Pardue";"Home Office";"United States";"Columbia";"Tennessee";"2014-12-21";"2015-03-23"
1416;"DP-13390";"Dennis Pardue";"Home Office";"United States";"Peoria";"Illinois";"2015-03-24";"2015-05-09"
1417;"DP-13390";"Dennis Pardue";"Home Office";"United States";"Aurora";"Illinois";"2015-05-10";"2016-05-23"
1418;"DP-13390";"Dennis Pardue";"Home Office";"United States";"Philadelphia";"Pennsylvania";"2016-05-24";"2016-10-20"
1419;"DP-13390";"Dennis Pardue";"Home Office";"United States";"North Las Vegas";"Nevada";"2016-10-21";"2016-12-31"
1420;"DP-13390";"Dennis Pardue";"Home Office";"United States";"Franklin";"Wisconsin";"2017-01-01";"2017-01-05"
1421;"DP-13390";"Dennis Pardue";"Home Office";"United States";"Tuscaloosa";"Alabama";"2017-01-06";"2099-01-01"
1422;"DR-12880";"Dan Reichenbach";"Corporate";"United States";"New York City";"New York";"2015-09-25";"2015-11-27"
1423;"DR-12880";"Dan Reichenbach";"Corporate";"United States";"Chicago";"Illinois";"2015-11-28";"2016-03-23"
1424;"DR-12880";"Dan Reichenbach";"Corporate";"United States";"Gresham";"Oregon";"2016-03-24";"2016-07-13"
1425;"DR-12880";"Dan Reichenbach";"Corporate";"United States";"New York City";"New York";"2016-07-14";"2016-08-25"
1426;"DR-12880";"Dan Reichenbach";"Corporate";"United States";"New York City";"New York";"2016-08-26";"2017-06-25"
1427;"DR-12880";"Dan Reichenbach";"Corporate";"United States";"Miami";"Florida";"2017-06-26";"2017-06-28"
1428;"DR-12880";"Dan Reichenbach";"Corporate";"United States";"Milford";"Connecticut";"2017-06-29";"2017-08-26"
1429;"DR-12880";"Dan Reichenbach";"Corporate";"United States";"Inglewood";"California";"2017-08-27";"2017-12-26"
1430;"DR-12880";"Dan Reichenbach";"Corporate";"United States";"Newark";"Ohio";"2017-12-27";"2099-01-01"
1431;"DR-12940";"Daniel Raglin";"Home Office";"United States";"Albuquerque";"New Mexico";"2014-03-28";"2015-03-29"
1432;"DR-12940";"Daniel Raglin";"Home Office";"United States";"Normal";"Illinois";"2015-03-30";"2015-08-31"
1433;"DR-12940";"Daniel Raglin";"Home Office";"United States";"Franklin";"Massachusetts";"2015-09-01";"2015-12-26"
1434;"DR-12940";"Daniel Raglin";"Home Office";"United States";"Chicago";"Illinois";"2015-12-27";"2016-10-03"
1435;"DR-12940";"Daniel Raglin";"Home Office";"United States";"Providence";"Rhode Island";"2016-10-04";"2016-11-28"
1436;"DR-12940";"Daniel Raglin";"Home Office";"United States";"Aurora";"Illinois";"2016-11-29";"2017-08-10"
1437;"DR-12940";"Daniel Raglin";"Home Office";"United States";"Lake Charles";"Louisiana";"2017-08-11";"2017-11-09"
1438;"DR-12940";"Daniel Raglin";"Home Office";"United States";"Hollywood";"Florida";"2017-11-10";"2099-01-01"
1439;"DS-13030";"Darrin Sayre";"Home Office";"United States";"San Francisco";"California";"2014-07-09";"2017-01-20"
1440;"DS-13030";"Darrin Sayre";"Home Office";"United States";"Seattle";"Washington";"2017-01-21";"2017-04-03"
1441;"DS-13030";"Darrin Sayre";"Home Office";"United States";"New York City";"New York";"2017-04-04";"2017-09-27"
1442;"DS-13030";"Darrin Sayre";"Home Office";"United States";"Aurora";"Colorado";"2017-09-28";"2099-01-01"
1443;"DS-13180";"David Smith";"Corporate";"United States";"Jamestown";"New York";"2014-04-28";"2015-08-08"
1444;"DS-13180";"David Smith";"Corporate";"United States";"Detroit";"Michigan";"2015-08-09";"2015-08-20"
1445;"DS-13180";"David Smith";"Corporate";"United States";"San Francisco";"California";"2015-08-21";"2015-09-03"
1446;"DS-13180";"David Smith";"Corporate";"United States";"Houston";"Texas";"2015-09-04";"2016-03-26"
1447;"DS-13180";"David Smith";"Corporate";"United States";"Columbus";"Georgia";"2016-03-27";"2016-11-27"
1448;"DS-13180";"David Smith";"Corporate";"United States";"Philadelphia";"Pennsylvania";"2016-11-28";"2016-12-13"
1449;"DS-13180";"David Smith";"Corporate";"United States";"San Diego";"California";"2016-12-14";"2017-03-30"
1450;"DS-13180";"David Smith";"Corporate";"United States";"Amarillo";"Texas";"2017-03-31";"2017-12-06"
1451;"DS-13180";"David Smith";"Corporate";"United States";"San Antonio";"Texas";"2017-12-07";"2099-01-01"
1452;"DV-13045";"Darrin Van Huff";"Corporate";"United States";"Los Angeles";"California";"2016-06-12";"2016-09-22"
1453;"DV-13045";"Darrin Van Huff";"Corporate";"United States";"San Diego";"California";"2016-09-23";"2017-06-29"
1454;"DV-13045";"Darrin Van Huff";"Corporate";"United States";"Memphis";"Tennessee";"2017-06-30";"2017-12-03"
1455;"DV-13045";"Darrin Van Huff";"Corporate";"United States";"Philadelphia";"Pennsylvania";"2017-12-04";"2017-12-10"
1456;"DV-13045";"Darrin Van Huff";"Corporate";"United States";"Jacksonville";"Florida";"2017-12-11";"2099-01-01"
1457;"DV-13465";"Dianna Vittorini";"Consumer";"United States";"Minneapolis";"Minnesota";"2014-06-22";"2015-05-16"
1458;"DV-13465";"Dianna Vittorini";"Consumer";"United States";"Long Beach";"New York";"2015-05-17";"2015-11-08"
1459;"DV-13465";"Dianna Vittorini";"Consumer";"United States";"Oceanside";"New York";"2015-11-09";"2016-09-09"
1460;"DV-13465";"Dianna Vittorini";"Consumer";"United States";"Los Angeles";"California";"2016-09-10";"2017-06-10"
1461;"DV-13465";"Dianna Vittorini";"Consumer";"United States";"Los Angeles";"California";"2017-06-11";"2017-11-30"
1462;"DV-13465";"Dianna Vittorini";"Consumer";"United States";"Denver";"Colorado";"2017-12-01";"2099-01-01"
1463;"DW-13195";"David Wiener";"Corporate";"United States";"Springfield";"Oregon";"2014-01-18";"2014-07-04"
1464;"DW-13195";"David Wiener";"Corporate";"United States";"Knoxville";"Tennessee";"2014-07-05";"2014-08-18"
1465;"DW-13195";"David Wiener";"Corporate";"United States";"Los Angeles";"California";"2014-08-19";"2016-11-19"
1466;"DW-13195";"David Wiener";"Corporate";"United States";"Houston";"Texas";"2016-11-20";"2017-09-21"
1467;"DW-13195";"David Wiener";"Corporate";"United States";"Albuquerque";"New Mexico";"2017-09-22";"2017-10-21"
1468;"DW-13195";"David Wiener";"Corporate";"United States";"Redmond";"Oregon";"2017-10-22";"2099-01-01"
1469;"DW-13480";"Dianna Wilson";"Home Office";"United States";"Lakeville";"Minnesota";"2014-06-01";"2016-01-06"
1470;"DW-13480";"Dianna Wilson";"Home Office";"United States";"Oakland";"California";"2016-01-07";"2016-11-11"
1471;"DW-13480";"Dianna Wilson";"Home Office";"United States";"San Diego";"California";"2016-11-12";"2017-05-26"
1472;"DW-13480";"Dianna Wilson";"Home Office";"United States";"Louisville";"Kentucky";"2017-05-27";"2099-01-01"
1473;"DW-13540";"Don Weiss";"Consumer";"United States";"Houston";"Texas";"2016-02-27";"2016-03-31"
1474;"DW-13540";"Don Weiss";"Consumer";"United States";"New York City";"New York";"2016-04-01";"2017-03-05"
1475;"DW-13540";"Don Weiss";"Consumer";"United States";"Dallas";"Texas";"2017-03-06";"2017-08-24"
1476;"DW-13540";"Don Weiss";"Consumer";"United States";"Jackson";"Tennessee";"2017-08-25";"2017-09-22"
1477;"DW-13540";"Don Weiss";"Consumer";"United States";"Seattle";"Washington";"2017-09-23";"2099-01-01"
1478;"DW-13585";"Dorothy Wardle";"Corporate";"United States";"Owensboro";"Kentucky";"2014-08-24";"2015-06-27"
1479;"DW-13585";"Dorothy Wardle";"Corporate";"United States";"Troy";"Ohio";"2015-06-28";"2016-08-06"
1480;"DW-13585";"Dorothy Wardle";"Corporate";"United States";"Edmonds";"Washington";"2016-08-07";"2016-09-25"
1481;"DW-13585";"Dorothy Wardle";"Corporate";"United States";"San Francisco";"California";"2016-09-26";"2017-02-01"
1482;"DW-13585";"Dorothy Wardle";"Corporate";"United States";"Columbus";"Ohio";"2017-02-02";"2017-04-13"
1483;"DW-13585";"Dorothy Wardle";"Corporate";"United States";"Fayetteville";"North Carolina";"2017-04-14";"2017-05-01"
1484;"DW-13585";"Dorothy Wardle";"Corporate";"United States";"Westfield";"New Jersey";"2017-05-02";"2099-01-01"
1485;"EA-14035";"Erin Ashbrook";"Corporate";"United States";"Charlotte";"North Carolina";"2014-09-13";"2014-10-31"
1486;"EA-14035";"Erin Ashbrook";"Corporate";"United States";"Mason";"Ohio";"2014-11-01";"2014-12-04"
1487;"EA-14035";"Erin Ashbrook";"Corporate";"United States";"Columbus";"Ohio";"2014-12-05";"2015-05-22"
1488;"EA-14035";"Erin Ashbrook";"Corporate";"United States";"Columbia";"South Carolina";"2015-05-23";"2015-11-25"
1489;"EA-14035";"Erin Ashbrook";"Corporate";"United States";"Springfield";"Missouri";"2015-11-26";"2016-02-15"
1490;"EA-14035";"Erin Ashbrook";"Corporate";"United States";"Chicago";"Illinois";"2016-02-16";"2016-02-20"
1491;"EA-14035";"Erin Ashbrook";"Corporate";"United States";"New York City";"New York";"2016-02-21";"2016-06-11"
1492;"EA-14035";"Erin Ashbrook";"Corporate";"United States";"Pasadena";"California";"2016-06-12";"2016-06-19"
1493;"EA-14035";"Erin Ashbrook";"Corporate";"United States";"Carrollton";"Texas";"2016-06-20";"2016-07-01"
1494;"EA-14035";"Erin Ashbrook";"Corporate";"United States";"Huntsville";"Texas";"2016-07-02";"2016-07-09"
1495;"EA-14035";"Erin Ashbrook";"Corporate";"United States";"Philadelphia";"Pennsylvania";"2016-07-10";"2017-04-29"
1496;"EA-14035";"Erin Ashbrook";"Corporate";"United States";"Los Angeles";"California";"2017-04-30";"2017-07-30"
1497;"EA-14035";"Erin Ashbrook";"Corporate";"United States";"Philadelphia";"Pennsylvania";"2017-07-31";"2099-01-01"
1498;"EB-13705";"Ed Braxton";"Corporate";"United States";"San Francisco";"California";"2014-07-08";"2014-12-14"
1499;"EB-13705";"Ed Braxton";"Corporate";"United States";"Philadelphia";"Pennsylvania";"2014-12-15";"2015-03-30"
1500;"EB-13705";"Ed Braxton";"Corporate";"United States";"Houston";"Texas";"2015-03-31";"2015-10-01"
1501;"EB-13705";"Ed Braxton";"Corporate";"United States";"San Diego";"California";"2015-10-02";"2016-03-06"
1502;"EB-13705";"Ed Braxton";"Corporate";"United States";"Fort Worth";"Texas";"2016-03-07";"2016-06-13"
1503;"EB-13705";"Ed Braxton";"Corporate";"United States";"Anaheim";"California";"2016-06-14";"2017-05-07"
1504;"EB-13705";"Ed Braxton";"Corporate";"United States";"Mansfield";"Texas";"2017-05-08";"2017-10-19"
1505;"EB-13705";"Ed Braxton";"Corporate";"United States";"Akron";"Ohio";"2017-10-20";"2017-11-11"
1506;"EB-13705";"Ed Braxton";"Corporate";"United States";"New York City";"New York";"2017-11-12";"2099-01-01"
1507;"EB-13750";"Edward Becker";"Corporate";"United States";"Plantation";"Florida";"2015-03-12";"2015-06-04"
1508;"EB-13750";"Edward Becker";"Corporate";"United States";"Buffalo";"New York";"2015-06-05";"2016-05-29"
1509;"EB-13750";"Edward Becker";"Corporate";"United States";"Arlington";"Virginia";"2016-05-30";"2016-08-27"
1510;"EB-13750";"Edward Becker";"Corporate";"United States";"Cincinnati";"Ohio";"2016-08-28";"2016-09-23"
1511;"EB-13750";"Edward Becker";"Corporate";"United States";"San Francisco";"California";"2016-09-24";"2016-11-10"
1512;"EB-13750";"Edward Becker";"Corporate";"United States";"New York City";"New York";"2016-11-11";"2017-04-15"
1513;"EB-13750";"Edward Becker";"Corporate";"United States";"Hoover";"Alabama";"2017-04-16";"2017-11-09"
1514;"EB-13750";"Edward Becker";"Corporate";"United States";"Round Rock";"Texas";"2017-11-10";"2017-11-24"
1515;"EB-13750";"Edward Becker";"Corporate";"United States";"Laguna Niguel";"California";"2017-11-25";"2099-01-01"
1516;"EB-13840";"Ellis Ballard";"Corporate";"United States";"Chicago";"Illinois";"2014-12-13";"2015-03-25"
1517;"EB-13840";"Ellis Ballard";"Corporate";"United States";"Seattle";"Washington";"2015-03-26";"2016-12-03"
1518;"EB-13840";"Ellis Ballard";"Corporate";"United States";"New York City";"New York";"2016-12-04";"2017-09-30"
1519;"EB-13840";"Ellis Ballard";"Corporate";"United States";"Seattle";"Washington";"2017-10-01";"2099-01-01"
1520;"EB-13870";"Emily Burns";"Consumer";"United States";"San Antonio";"Texas";"2014-05-05";"2014-11-07"
1521;"EB-13870";"Emily Burns";"Consumer";"United States";"Redding";"California";"2014-11-08";"2015-05-22"
1522;"EB-13870";"Emily Burns";"Consumer";"United States";"Phoenix";"Arizona";"2015-05-23";"2015-07-08"
1523;"EB-13870";"Emily Burns";"Consumer";"United States";"Nashville";"Tennessee";"2015-07-09";"2015-09-24"
1524;"EB-13870";"Emily Burns";"Consumer";"United States";"Orem";"Utah";"2015-09-25";"2016-10-02"
1525;"EB-13870";"Emily Burns";"Consumer";"United States";"New York City";"New York";"2016-10-03";"2016-12-08"
1526;"EB-13870";"Emily Burns";"Consumer";"United States";"Franklin";"Tennessee";"2016-12-09";"2017-01-29"
1527;"EB-13870";"Emily Burns";"Consumer";"United States";"Miami";"Florida";"2017-01-30";"2017-03-09"
1528;"EB-13870";"Emily Burns";"Consumer";"United States";"Philadelphia";"Pennsylvania";"2017-03-10";"2017-09-20"
1529;"EB-13870";"Emily Burns";"Consumer";"United States";"Philadelphia";"Pennsylvania";"2017-09-21";"2099-01-01"
1530;"EB-13930";"Eric Barreto";"Consumer";"United States";"Saint Petersburg";"Florida";"2014-02-02";"2016-02-26"
1531;"EB-13930";"Eric Barreto";"Consumer";"United States";"La Crosse";"Wisconsin";"2016-02-27";"2016-05-17"
1532;"EB-13930";"Eric Barreto";"Consumer";"United States";"San Francisco";"California";"2016-05-18";"2016-10-21"
1533;"EB-13930";"Eric Barreto";"Consumer";"United States";"Richmond";"Virginia";"2016-10-22";"2017-07-21"
1534;"EB-13930";"Eric Barreto";"Consumer";"United States";"Chicago";"Illinois";"2017-07-22";"2099-01-01"
1535;"EB-13975";"Erica Bern";"Corporate";"United States";"Charlotte";"North Carolina";"2016-01-04";"2016-02-06"
1536;"EB-13975";"Erica Bern";"Corporate";"United States";"Los Angeles";"California";"2016-02-07";"2016-10-09"
1537;"EB-13975";"Erica Bern";"Corporate";"United States";"Greensboro";"North Carolina";"2016-10-10";"2017-12-29"
1538;"EB-13975";"Erica Bern";"Corporate";"United States";"Fairfield";"California";"2017-12-30";"2099-01-01"
1539;"EB-14110";"Eugene Barchas";"Consumer";"United States";"Los Angeles";"California";"2015-04-13";"2015-11-11"
1540;"EB-14110";"Eugene Barchas";"Consumer";"United States";"New York City";"New York";"2015-11-12";"2015-11-27"
1541;"EB-14110";"Eugene Barchas";"Consumer";"United States";"Columbus";"Ohio";"2015-11-28";"2016-09-10"
1542;"EB-14110";"Eugene Barchas";"Consumer";"United States";"San Jose";"California";"2016-09-11";"2016-11-13"
1543;"EB-14110";"Eugene Barchas";"Consumer";"United States";"Philadelphia";"Pennsylvania";"2016-11-14";"2017-09-07"
1544;"EB-14110";"Eugene Barchas";"Consumer";"United States";"Philadelphia";"Pennsylvania";"2017-09-08";"2099-01-01"
1545;"EB-14170";"Evan Bailliet";"Consumer";"United States";"Seattle";"Washington";"2014-09-29";"2014-10-16"
1546;"EB-14170";"Evan Bailliet";"Consumer";"United States";"Houston";"Texas";"2014-10-17";"2015-03-11"
1547;"EB-14170";"Evan Bailliet";"Consumer";"United States";"Charlotte";"North Carolina";"2015-03-12";"2015-11-27"
1548;"EB-14170";"Evan Bailliet";"Consumer";"United States";"Austin";"Texas";"2015-11-28";"2016-11-04"
1549;"EB-14170";"Evan Bailliet";"Consumer";"United States";"Laredo";"Texas";"2016-11-05";"2017-10-08"
1550;"EB-14170";"Evan Bailliet";"Consumer";"United States";"Wilmington";"North Carolina";"2017-10-09";"2099-01-01"
1551;"EC-14050";"Erin Creighton";"Consumer";"United States";"Columbus";"Ohio";"2014-12-17";"2016-12-11"
1552;"EC-14050";"Erin Creighton";"Consumer";"United States";"Columbus";"Georgia";"2016-12-12";"2017-03-22"
1553;"EC-14050";"Erin Creighton";"Consumer";"United States";"New York City";"New York";"2017-03-23";"2017-07-30"
1554;"EC-14050";"Erin Creighton";"Consumer";"United States";"San Francisco";"California";"2017-07-31";"2017-11-06"
1555;"EC-14050";"Erin Creighton";"Consumer";"United States";"Oklahoma City";"Oklahoma";"2017-11-07";"2099-01-01"
1556;"ED-13885";"Emily Ducich";"Home Office";"United States";"San Diego";"California";"2014-08-09";"2014-11-22"
1557;"ED-13885";"Emily Ducich";"Home Office";"United States";"Houston";"Texas";"2014-11-23";"2015-11-01"
1558;"ED-13885";"Emily Ducich";"Home Office";"United States";"New York City";"New York";"2015-11-02";"2015-12-19"
1559;"ED-13885";"Emily Ducich";"Home Office";"United States";"Houston";"Texas";"2015-12-20";"2016-10-23"
1560;"ED-13885";"Emily Ducich";"Home Office";"United States";"San Francisco";"California";"2016-10-24";"2016-12-21"
1561;"ED-13885";"Emily Ducich";"Home Office";"United States";"Seattle";"Washington";"2016-12-22";"2017-02-18"
1562;"ED-13885";"Emily Ducich";"Home Office";"United States";"Los Angeles";"California";"2017-02-19";"2017-08-16"
1563;"ED-13885";"Emily Ducich";"Home Office";"United States";"Houston";"Texas";"2017-08-17";"2099-01-01"
1564;"EG-13900";"Emily Grady";"Consumer";"United States";"Chesapeake";"Virginia";"2015-11-02";"2016-12-02"
1565;"EG-13900";"Emily Grady";"Consumer";"United States";"Oceanside";"New York";"2016-12-03";"2017-03-30"
1566;"EG-13900";"Emily Grady";"Consumer";"United States";"Chicago";"Illinois";"2017-03-31";"2017-11-16"
1567;"EG-13900";"Emily Grady";"Consumer";"United States";"Naperville";"Illinois";"2017-11-17";"2017-12-07"
1568;"EG-13900";"Emily Grady";"Consumer";"United States";"Philadelphia";"Pennsylvania";"2017-12-08";"2099-01-01"
1569;"EH-13765";"Edward Hooks";"Corporate";"United States";"Lodi";"California";"2014-04-12";"2014-10-17"
1570;"EH-13765";"Edward Hooks";"Corporate";"United States";"Philadelphia";"Pennsylvania";"2014-10-18";"2015-09-09"
1571;"EH-13765";"Edward Hooks";"Corporate";"United States";"Revere";"Massachusetts";"2015-09-10";"2016-03-12"
1572;"EH-13765";"Edward Hooks";"Corporate";"United States";"San Francisco";"California";"2016-03-13";"2016-05-01"
1573;"EH-13765";"Edward Hooks";"Corporate";"United States";"New York City";"New York";"2016-05-02";"2016-05-27"
1574;"EH-13765";"Edward Hooks";"Corporate";"United States";"New York City";"New York";"2016-05-28";"2016-06-01"
1575;"EH-13765";"Edward Hooks";"Corporate";"United States";"Seattle";"Washington";"2016-06-02";"2016-09-23"
1576;"EH-13765";"Edward Hooks";"Corporate";"United States";"Los Angeles";"California";"2016-09-24";"2016-10-29"
1577;"EH-13765";"Edward Hooks";"Corporate";"United States";"New York City";"New York";"2016-10-30";"2016-12-22"
1578;"EH-13765";"Edward Hooks";"Corporate";"United States";"Seattle";"Washington";"2016-12-23";"2017-01-21"
1579;"EH-13765";"Edward Hooks";"Corporate";"United States";"Chicago";"Illinois";"2017-01-22";"2017-08-16"
1580;"EH-13765";"Edward Hooks";"Corporate";"United States";"Watertown";"New York";"2017-08-17";"2099-01-01"
1581;"EH-13945";"Eric Hoffmann";"Consumer";"United States";"Plainfield";"New Jersey";"2014-07-02";"2015-07-09"
1582;"EH-13945";"Eric Hoffmann";"Consumer";"United States";"Tempe";"Arizona";"2015-07-10";"2015-12-13"
1583;"EH-13945";"Eric Hoffmann";"Consumer";"United States";"Costa Mesa";"California";"2015-12-14";"2016-01-15"
1584;"EH-13945";"Eric Hoffmann";"Consumer";"United States";"Los Angeles";"California";"2016-01-16";"2016-11-18"
1585;"EH-13945";"Eric Hoffmann";"Consumer";"United States";"Houston";"Texas";"2016-11-19";"2016-11-25"
1586;"EH-13945";"Eric Hoffmann";"Consumer";"United States";"Philadelphia";"Pennsylvania";"2016-11-26";"2017-05-21"
1587;"EH-13945";"Eric Hoffmann";"Consumer";"United States";"Los Angeles";"California";"2017-05-22";"2017-05-26"
1588;"EH-13945";"Eric Hoffmann";"Consumer";"United States";"Memphis";"Tennessee";"2017-05-27";"2099-01-01"
1589;"EH-13990";"Erica Hackney";"Consumer";"United States";"Roswell";"Georgia";"2014-01-15";"2014-05-22"
1590;"EH-13990";"Erica Hackney";"Consumer";"United States";"Bellevue";"Washington";"2014-05-23";"2014-11-23"
1591;"EH-13990";"Erica Hackney";"Consumer";"United States";"Sacramento";"California";"2014-11-24";"2015-09-24"
1592;"EH-13990";"Erica Hackney";"Consumer";"United States";"Meriden";"Connecticut";"2015-09-25";"2016-03-30"
1593;"EH-13990";"Erica Hackney";"Consumer";"United States";"New York City";"New York";"2016-03-31";"2016-11-19"
1594;"EH-13990";"Erica Hackney";"Consumer";"United States";"Houston";"Texas";"2016-11-20";"2099-01-01"
1595;"EH-14005";"Erica Hernandez";"Home Office";"United States";"Hialeah";"Florida";"2014-05-13";"2014-12-06"
1596;"EH-14005";"Erica Hernandez";"Home Office";"United States";"San Francisco";"California";"2014-12-07";"2016-04-27"
1597;"EH-14005";"Erica Hernandez";"Home Office";"United States";"Denver";"Colorado";"2016-04-28";"2017-06-03"
1598;"EH-14005";"Erica Hernandez";"Home Office";"United States";"Jonesboro";"Arkansas";"2017-06-04";"2017-09-21"
1599;"EH-14005";"Erica Hernandez";"Home Office";"United States";"Lansing";"Michigan";"2017-09-22";"2017-11-30"
1600;"EH-14005";"Erica Hernandez";"Home Office";"United States";"Philadelphia";"Pennsylvania";"2017-12-01";"2017-12-27"
1601;"EH-14005";"Erica Hernandez";"Home Office";"United States";"Nashville";"Tennessee";"2017-12-28";"2099-01-01"
1602;"EH-14125";"Eugene Hildebrand";"Home Office";"United States";"Lakewood";"California";"2014-10-19";"2015-04-09"
1603;"EH-14125";"Eugene Hildebrand";"Home Office";"United States";"Rochester";"New York";"2015-04-10";"2015-11-26"
1604;"EH-14125";"Eugene Hildebrand";"Home Office";"United States";"Philadelphia";"Pennsylvania";"2015-11-27";"2016-04-07"
1605;"EH-14125";"Eugene Hildebrand";"Home Office";"United States";"Troy";"Ohio";"2016-04-08";"2016-05-19"
1606;"EH-14125";"Eugene Hildebrand";"Home Office";"United States";"Colorado Springs";"Colorado";"2016-05-20";"2016-05-23"
1607;"EH-14125";"Eugene Hildebrand";"Home Office";"United States";"Newport News";"Virginia";"2016-05-24";"2016-09-18"
1608;"EH-14125";"Eugene Hildebrand";"Home Office";"United States";"Aurora";"Illinois";"2016-09-19";"2017-01-29"
1609;"EH-14125";"Eugene Hildebrand";"Home Office";"United States";"San Francisco";"California";"2017-01-30";"2017-06-20"
1610;"EH-14125";"Eugene Hildebrand";"Home Office";"United States";"Wheeling";"West Virginia";"2017-06-21";"2017-07-30"
1611;"EH-14125";"Eugene Hildebrand";"Home Office";"United States";"Fort Lauderdale";"Florida";"2017-07-31";"2099-01-01"
1612;"EH-14185";"Evan Henry";"Consumer";"United States";"Decatur";"Alabama";"2014-05-22";"2014-10-24"
1613;"EH-14185";"Evan Henry";"Consumer";"United States";"Philadelphia";"Pennsylvania";"2014-10-25";"2014-11-21"
1614;"EH-14185";"Evan Henry";"Consumer";"United States";"Pasadena";"Texas";"2014-11-22";"2016-04-03"
1615;"EH-14185";"Evan Henry";"Consumer";"United States";"New York City";"New York";"2016-04-04";"2016-12-29"
1616;"EH-14185";"Evan Henry";"Consumer";"United States";"West Palm Beach";"Florida";"2016-12-30";"2017-09-15"
1617;"EH-14185";"Evan Henry";"Consumer";"United States";"Philadelphia";"Pennsylvania";"2017-09-16";"2099-01-01"
1618;"EJ-13720";"Ed Jacobs";"Consumer";"United States";"San Diego";"California";"2014-01-27";"2014-12-15"
1619;"EJ-13720";"Ed Jacobs";"Consumer";"United States";"Huntsville";"Texas";"2014-12-16";"2015-08-12"
1620;"EJ-13720";"Ed Jacobs";"Consumer";"United States";"Philadelphia";"Pennsylvania";"2015-08-13";"2017-03-02"
1621;"EJ-13720";"Ed Jacobs";"Consumer";"United States";"Los Angeles";"California";"2017-03-03";"2099-01-01"
1622;"EJ-14155";"Eva Jacobs";"Consumer";"United States";"San Diego";"California";"2014-03-03";"2016-11-30"
1623;"EJ-14155";"Eva Jacobs";"Consumer";"United States";"Franklin";"Massachusetts";"2016-12-01";"2017-05-13"
1624;"EJ-14155";"Eva Jacobs";"Consumer";"United States";"Gulfport";"Mississippi";"2017-05-14";"2017-09-03"
1625;"EJ-14155";"Eva Jacobs";"Consumer";"United States";"Santa Ana";"California";"2017-09-04";"2017-11-02"
1626;"EJ-14155";"Eva Jacobs";"Consumer";"United States";"Seattle";"Washington";"2017-11-03";"2099-01-01"
1627;"EK-13795";"Eileen Kiefer";"Home Office";"United States";"San Francisco";"California";"2014-03-18";"2015-11-28"
1628;"EK-13795";"Eileen Kiefer";"Home Office";"United States";"Santa Ana";"California";"2015-11-29";"2015-12-18"
1629;"EK-13795";"Eileen Kiefer";"Home Office";"United States";"Chicago";"Illinois";"2015-12-19";"2017-11-15"
1630;"EK-13795";"Eileen Kiefer";"Home Office";"United States";"Escondido";"California";"2017-11-16";"2099-01-01"
1631;"EL-13735";"Ed Ludwig";"Home Office";"United States";"Jefferson City";"Missouri";"2016-04-22";"2017-10-13"
1632;"EL-13735";"Ed Ludwig";"Home Office";"United States";"Columbia";"Maryland";"2017-10-14";"2099-01-01"
1633;"EM-13810";"Eleni McCrary";"Corporate";"United States";"Los Angeles";"California";"2015-06-07";"2015-07-15"
1634;"EM-13810";"Eleni McCrary";"Corporate";"United States";"San Francisco";"California";"2015-07-16";"2015-08-23"
1635;"EM-13810";"Eleni McCrary";"Corporate";"United States";"New York City";"New York";"2015-08-24";"2016-03-03"
1636;"EM-13810";"Eleni McCrary";"Corporate";"United States";"Dover";"New Hampshire";"2016-03-04";"2017-08-19"
1637;"EM-13810";"Eleni McCrary";"Corporate";"United States";"Franklin";"Massachusetts";"2017-08-20";"2099-01-01"
1638;"EM-13825";"Elizabeth Moffitt";"Corporate";"United States";"Sandy Springs";"Georgia";"2014-12-02";"2015-01-25"
1639;"EM-13825";"Elizabeth Moffitt";"Corporate";"United States";"Moreno Valley";"California";"2015-01-26";"2015-05-30"
1640;"EM-13825";"Elizabeth Moffitt";"Corporate";"United States";"Paterson";"New Jersey";"2015-05-31";"2016-08-26"
1641;"EM-13825";"Elizabeth Moffitt";"Corporate";"United States";"Hollywood";"Florida";"2016-08-27";"2016-09-04"
1642;"EM-13825";"Elizabeth Moffitt";"Corporate";"United States";"Houston";"Texas";"2016-09-05";"2017-05-01"
1643;"EM-13825";"Elizabeth Moffitt";"Corporate";"United States";"Los Angeles";"California";"2017-05-02";"2017-07-19"
1644;"EM-13825";"Elizabeth Moffitt";"Corporate";"United States";"Sioux Falls";"South Dakota";"2017-07-20";"2017-11-04"
1645;"EM-13825";"Elizabeth Moffitt";"Corporate";"United States";"Dallas";"Texas";"2017-11-05";"2099-01-01"
1646;"EM-13960";"Eric Murdock";"Consumer";"United States";"Quincy";"Illinois";"2015-10-01";"2015-09-30"
1647;"EM-13960";"Eric Murdock";"Consumer";"United States";"Portland";"Oregon";"2015-10-01";"2015-12-11"
1648;"EM-13960";"Eric Murdock";"Consumer";"United States";"Baltimore";"Maryland";"2015-12-12";"2015-12-27"
1649;"EM-13960";"Eric Murdock";"Consumer";"United States";"Philadelphia";"Pennsylvania";"2015-12-28";"2017-07-31"
1650;"EM-13960";"Eric Murdock";"Consumer";"United States";"San Francisco";"California";"2017-08-01";"2099-01-01"
1651;"EM-14065";"Erin Mull";"Consumer";"United States";"New York City";"New York";"2014-07-22";"2016-08-12"
1652;"EM-14065";"Erin Mull";"Consumer";"United States";"Jacksonville";"North Carolina";"2016-08-13";"2017-06-03"
1653;"EM-14065";"Erin Mull";"Consumer";"United States";"Frisco";"Texas";"2017-06-04";"2017-11-12"
1654;"EM-14065";"Erin Mull";"Consumer";"United States";"New York City";"New York";"2017-11-13";"2099-01-01"
1655;"EM-14095";"Eudokia Martin";"Corporate";"United States";"Springfield";"Virginia";"2015-08-07";"2015-11-20"
1656;"EM-14095";"Eudokia Martin";"Corporate";"United States";"Phoenix";"Arizona";"2015-11-21";"2016-11-06"
1657;"EM-14095";"Eudokia Martin";"Corporate";"United States";"Los Angeles";"California";"2016-11-07";"2017-09-07"
1658;"EM-14095";"Eudokia Martin";"Corporate";"United States";"New York City";"New York";"2017-09-08";"2099-01-01"
1659;"EM-14140";"Eugene Moren";"Home Office";"United States";"Newark";"Delaware";"2015-03-07";"2016-05-29"
1660;"EM-14140";"Eugene Moren";"Home Office";"United States";"Superior";"Wisconsin";"2016-05-30";"2016-06-30"
1661;"EM-14140";"Eugene Moren";"Home Office";"United States";"Lehi";"Utah";"2016-07-01";"2016-12-26"
1662;"EM-14140";"Eugene Moren";"Home Office";"United States";"Santa Ana";"California";"2016-12-27";"2017-11-11"
1663;"EM-14140";"Eugene Moren";"Home Office";"United States";"Glendale";"Arizona";"2017-11-12";"2099-01-01"
1664;"EM-14200";"Evan Minnotte";"Home Office";"United States";"Miami";"Florida";"2015-12-20";"2017-03-25"
1665;"EM-14200";"Evan Minnotte";"Home Office";"United States";"Virginia Beach";"Virginia";"2017-03-26";"2017-07-24"
1666;"EM-14200";"Evan Minnotte";"Home Office";"United States";"Dallas";"Texas";"2017-07-25";"2099-01-01"
1667;"EN-13780";"Edward Nazzal";"Consumer";"United States";"New York City";"New York";"2015-05-30";"2016-06-03"
1668;"EN-13780";"Edward Nazzal";"Consumer";"United States";"New York City";"New York";"2016-06-04";"2016-09-19"
1669;"EN-13780";"Edward Nazzal";"Consumer";"United States";"Grand Rapids";"Michigan";"2016-09-20";"2017-03-17"
1670;"EN-13780";"Edward Nazzal";"Consumer";"United States";"Dallas";"Texas";"2017-03-18";"2099-01-01"
1671;"EP-13915";"Emily Phan";"Consumer";"United States";"New York City";"New York";"2014-07-06";"2015-03-13"
1672;"EP-13915";"Emily Phan";"Consumer";"United States";"Dover";"New Hampshire";"2015-03-14";"2015-06-20"
1673;"EP-13915";"Emily Phan";"Consumer";"United States";"Deltona";"Florida";"2015-06-21";"2016-10-10"
1674;"EP-13915";"Emily Phan";"Consumer";"United States";"Chicago";"Illinois";"2016-10-11";"2016-10-17"
1675;"EP-13915";"Emily Phan";"Consumer";"United States";"Tempe";"Arizona";"2016-10-18";"2016-10-27"
1676;"EP-13915";"Emily Phan";"Consumer";"United States";"Tampa";"Florida";"2016-10-28";"2016-11-04"
1677;"EP-13915";"Emily Phan";"Consumer";"United States";"Houston";"Texas";"2016-11-05";"2016-11-24"
1678;"EP-13915";"Emily Phan";"Consumer";"United States";"Jonesboro";"Arkansas";"2016-11-25";"2016-12-30"
1679;"EP-13915";"Emily Phan";"Consumer";"United States";"Jacksonville";"Florida";"2016-12-31";"2017-03-02"
1680;"EP-13915";"Emily Phan";"Consumer";"United States";"Dearborn Heights";"Michigan";"2017-03-03";"2017-09-02"
1681;"EP-13915";"Emily Phan";"Consumer";"United States";"Chicago";"Illinois";"2017-09-03";"2017-11-06"
1682;"EP-13915";"Emily Phan";"Consumer";"United States";"Philadelphia";"Pennsylvania";"2017-11-07";"2017-11-10"
1683;"EP-13915";"Emily Phan";"Consumer";"United States";"Detroit";"Michigan";"2017-11-11";"2017-11-11"
1684;"EP-13915";"Emily Phan";"Consumer";"United States";"Los Angeles";"California";"2017-11-12";"2017-11-27"
1685;"EP-13915";"Emily Phan";"Consumer";"United States";"San Diego";"California";"2017-11-28";"2017-12-12"
1686;"EP-13915";"Emily Phan";"Consumer";"United States";"San Francisco";"California";"2017-12-13";"2017-12-17"
1687;"EP-13915";"Emily Phan";"Consumer";"United States";"Los Angeles";"California";"2017-12-18";"2099-01-01"
1688;"ER-13855";"Elpida Rittenbach";"Corporate";"United States";"Colorado Springs";"Colorado";"2015-12-21";"2016-09-05"
1689;"ER-13855";"Elpida Rittenbach";"Corporate";"United States";"Saint Paul";"Minnesota";"2016-09-06";"2016-11-03"
1690;"ER-13855";"Elpida Rittenbach";"Corporate";"United States";"Charlotte";"North Carolina";"2016-11-04";"2099-01-01"
1691;"ES-14020";"Erica Smith";"Consumer";"United States";"San Francisco";"California";"2014-09-20";"2015-04-19"
1692;"ES-14020";"Erica Smith";"Consumer";"United States";"Houston";"Texas";"2015-04-20";"2016-06-10"
1693;"ES-14020";"Erica Smith";"Consumer";"United States";"New York City";"New York";"2016-06-11";"2017-09-14"
1694;"ES-14020";"Erica Smith";"Consumer";"United States";"Los Angeles";"California";"2017-09-15";"2017-11-19"
1695;"ES-14020";"Erica Smith";"Consumer";"United States";"Jackson";"Tennessee";"2017-11-20";"2099-01-01"
1696;"ES-14080";"Erin Smith";"Corporate";"United States";"Tempe";"Arizona";"2014-10-02";"2015-02-26"
1697;"ES-14080";"Erin Smith";"Corporate";"United States";"Providence";"Rhode Island";"2015-02-27";"2016-04-06"
1698;"ES-14080";"Erin Smith";"Corporate";"United States";"Lakewood";"New Jersey";"2016-04-07";"2016-07-13"
1699;"ES-14080";"Erin Smith";"Corporate";"United States";"Tucson";"Arizona";"2016-07-14";"2016-09-28"
1700;"ES-14080";"Erin Smith";"Corporate";"United States";"Springfield";"Oregon";"2016-09-29";"2016-12-18"
1701;"ES-14080";"Erin Smith";"Corporate";"United States";"Tucson";"Arizona";"2016-12-19";"2017-02-23"
1702;"ES-14080";"Erin Smith";"Corporate";"United States";"Philadelphia";"Pennsylvania";"2017-02-24";"2017-09-18"
1703;"ES-14080";"Erin Smith";"Corporate";"United States";"Melbourne";"Florida";"2017-09-19";"2017-12-01"
1704;"ES-14080";"Erin Smith";"Corporate";"United States";"Lakewood";"Ohio";"2017-12-02";"2099-01-01"
1705;"FA-14230";"Frank Atkinson";"Corporate";"United States";"Long Beach";"California";"2014-09-19";"2015-02-08"
1706;"FA-14230";"Frank Atkinson";"Corporate";"United States";"San Antonio";"Texas";"2015-02-09";"2015-07-01"
1707;"FA-14230";"Frank Atkinson";"Corporate";"United States";"Raleigh";"North Carolina";"2015-07-02";"2015-09-09"
1708;"FA-14230";"Frank Atkinson";"Corporate";"United States";"Los Angeles";"California";"2015-09-10";"2015-10-29"
1709;"FA-14230";"Frank Atkinson";"Corporate";"United States";"Denver";"Colorado";"2015-10-30";"2016-11-19"
1710;"FA-14230";"Frank Atkinson";"Corporate";"United States";"Orlando";"Florida";"2016-11-20";"2017-09-23"
1711;"FA-14230";"Frank Atkinson";"Corporate";"United States";"Los Angeles";"California";"2017-09-24";"2099-01-01"
1712;"FC-14245";"Frank Carlisle";"Home Office";"United States";"Springfield";"Ohio";"2015-06-13";"2015-09-18"
1713;"FC-14245";"Frank Carlisle";"Home Office";"United States";"Sacramento";"California";"2015-09-19";"2015-12-09"
1714;"FC-14245";"Frank Carlisle";"Home Office";"United States";"Los Angeles";"California";"2015-12-10";"2016-10-16"
1715;"FC-14245";"Frank Carlisle";"Home Office";"United States";"Columbia";"Missouri";"2016-10-17";"2017-03-05"
1716;"FC-14245";"Frank Carlisle";"Home Office";"United States";"San Francisco";"California";"2017-03-06";"2017-09-07"
1717;"FC-14245";"Frank Carlisle";"Home Office";"United States";"Hialeah";"Florida";"2017-09-08";"2017-10-20"
1718;"FC-14245";"Frank Carlisle";"Home Office";"United States";"Lakewood";"Ohio";"2017-10-21";"2099-01-01"
1719;"FC-14335";"Fred Chung";"Corporate";"United States";"Albuquerque";"New Mexico";"2014-10-10";"2015-03-07"
1720;"FC-14335";"Fred Chung";"Corporate";"United States";"Pueblo";"Colorado";"2015-03-08";"2015-03-29"
1721;"FC-14335";"Fred Chung";"Corporate";"United States";"Chicago";"Illinois";"2015-03-30";"2015-05-14"
1722;"FC-14335";"Fred Chung";"Corporate";"United States";"Philadelphia";"Pennsylvania";"2015-05-15";"2016-03-14"
1723;"FC-14335";"Fred Chung";"Corporate";"United States";"San Francisco";"California";"2016-03-15";"2017-02-04"
1724;"FC-14335";"Fred Chung";"Corporate";"United States";"Torrance";"California";"2017-02-05";"2017-06-28"
1725;"FC-14335";"Fred Chung";"Corporate";"United States";"Mesquite";"Texas";"2017-06-29";"2099-01-01"
1726;"FG-14260";"Frank Gastineau";"Home Office";"United States";"Lawrence";"Massachusetts";"2014-05-21";"2014-11-16"
1727;"FG-14260";"Frank Gastineau";"Home Office";"United States";"New York City";"New York";"2014-11-17";"2017-07-09"
1728;"FG-14260";"Frank Gastineau";"Home Office";"United States";"Aurora";"Illinois";"2017-07-10";"2017-09-18"
1729;"FG-14260";"Frank Gastineau";"Home Office";"United States";"Philadelphia";"Pennsylvania";"2017-09-19";"2017-10-01"
1730;"FG-14260";"Frank Gastineau";"Home Office";"United States";"Seattle";"Washington";"2017-10-02";"2017-10-14"
1731;"FG-14260";"Frank Gastineau";"Home Office";"United States";"San Francisco";"California";"2017-10-15";"2017-11-25"
1732;"FG-14260";"Frank Gastineau";"Home Office";"United States";"New York City";"New York";"2017-11-26";"2099-01-01"
1733;"FH-14275";"Frank Hawley";"Corporate";"United States";"Los Angeles";"California";"2014-04-06";"2014-10-20"
1734;"FH-14275";"Frank Hawley";"Corporate";"United States";"Newport News";"Virginia";"2014-10-21";"2016-09-18"
1735;"FH-14275";"Frank Hawley";"Corporate";"United States";"San Francisco";"California";"2016-09-19";"2016-11-11"
1736;"FH-14275";"Frank Hawley";"Corporate";"United States";"La Porte";"Indiana";"2016-11-12";"2017-03-12"
1737;"FH-14275";"Frank Hawley";"Corporate";"United States";"Aurora";"Illinois";"2017-03-13";"2017-05-12"
1738;"FH-14275";"Frank Hawley";"Corporate";"United States";"Franklin";"Tennessee";"2017-05-13";"2017-07-02"
1739;"FH-14275";"Frank Hawley";"Corporate";"United States";"Houston";"Texas";"2017-07-03";"2017-09-09"
1740;"FH-14275";"Frank Hawley";"Corporate";"United States";"Los Angeles";"California";"2017-09-10";"2017-11-09"
1741;"FH-14275";"Frank Hawley";"Corporate";"United States";"New York City";"New York";"2017-11-10";"2017-11-22"
1742;"FH-14275";"Frank Hawley";"Corporate";"United States";"Philadelphia";"Pennsylvania";"2017-11-23";"2099-01-01"
1743;"FH-14350";"Fred Harton";"Consumer";"United States";"Atlanta";"Georgia";"2015-08-23";"2015-12-27"
1744;"FH-14350";"Fred Harton";"Consumer";"United States";"Chicago";"Illinois";"2015-12-28";"2017-02-12"
1745;"FH-14350";"Fred Harton";"Consumer";"United States";"Seattle";"Washington";"2017-02-13";"2017-05-31"
1746;"FH-14350";"Fred Harton";"Consumer";"United States";"Dublin";"Ohio";"2017-06-01";"2099-01-01"
1747;"FH-14365";"Fred Hopkins";"Corporate";"United States";"Knoxville";"Tennessee";"2014-10-20";"2015-03-18"
1748;"FH-14365";"Fred Hopkins";"Corporate";"United States";"Seattle";"Washington";"2015-03-19";"2015-11-02"
1749;"FH-14365";"Fred Hopkins";"Corporate";"United States";"Long Beach";"New York";"2015-11-03";"2016-11-30"
1750;"FH-14365";"Fred Hopkins";"Corporate";"United States";"Los Angeles";"California";"2016-12-01";"2017-07-05"
1751;"FH-14365";"Fred Hopkins";"Corporate";"United States";"Philadelphia";"Pennsylvania";"2017-07-06";"2017-09-28"
1752;"FH-14365";"Fred Hopkins";"Corporate";"United States";"Hempstead";"New York";"2017-09-29";"2017-12-24"
1753;"FH-14365";"Fred Hopkins";"Corporate";"United States";"Los Angeles";"California";"2017-12-25";"2099-01-01"
1754;"FM-14215";"Filia McAdams";"Corporate";"United States";"Richmond";"Kentucky";"2014-03-11";"2014-06-12"
1755;"FM-14215";"Filia McAdams";"Corporate";"United States";"Los Angeles";"California";"2014-06-13";"2016-04-09"
1756;"FM-14215";"Filia McAdams";"Corporate";"United States";"Bakersfield";"California";"2016-04-10";"2016-07-02"
1757;"FM-14215";"Filia McAdams";"Corporate";"United States";"Philadelphia";"Pennsylvania";"2016-07-03";"2016-09-02"
1758;"FM-14215";"Filia McAdams";"Corporate";"United States";"Middletown";"Connecticut";"2016-09-03";"2016-09-19"
1759;"FM-14215";"Filia McAdams";"Corporate";"United States";"Greensboro";"North Carolina";"2016-09-20";"2017-03-24"
1760;"FM-14215";"Filia McAdams";"Corporate";"United States";"Seattle";"Washington";"2017-03-25";"2017-04-28"
1761;"FM-14215";"Filia McAdams";"Corporate";"United States";"Dublin";"Ohio";"2017-04-29";"2017-12-22"
1762;"FM-14215";"Filia McAdams";"Corporate";"United States";"Middletown";"Connecticut";"2017-12-23";"2099-01-01"
1763;"FM-14290";"Frank Merwin";"Home Office";"United States";"Los Angeles";"California";"2014-08-26";"2015-04-06"
1764;"FM-14290";"Frank Merwin";"Home Office";"United States";"Philadelphia";"Pennsylvania";"2015-04-07";"2016-06-06"
1765;"FM-14290";"Frank Merwin";"Home Office";"United States";"Bakersfield";"California";"2016-06-07";"2016-11-12"
1766;"FM-14290";"Frank Merwin";"Home Office";"United States";"Vancouver";"Washington";"2016-11-13";"2016-12-22"
1767;"FM-14290";"Frank Merwin";"Home Office";"United States";"Philadelphia";"Pennsylvania";"2016-12-23";"2017-07-02"
1768;"FM-14290";"Frank Merwin";"Home Office";"United States";"Quincy";"Massachusetts";"2017-07-03";"2017-11-03"
1769;"FM-14290";"Frank Merwin";"Home Office";"United States";"Bryan";"Texas";"2017-11-04";"2017-11-05"
1770;"FM-14290";"Frank Merwin";"Home Office";"United States";"San Francisco";"California";"2017-11-06";"2017-11-23"
1771;"FM-14290";"Frank Merwin";"Home Office";"United States";"Richmond";"Kentucky";"2017-11-24";"2099-01-01"
1772;"FM-14380";"Fred McMath";"Consumer";"United States";"Amarillo";"Texas";"2015-07-12";"2015-10-08"
1773;"FM-14380";"Fred McMath";"Consumer";"United States";"Detroit";"Michigan";"2015-10-09";"2015-11-12"
1774;"FM-14380";"Fred McMath";"Consumer";"United States";"Miami";"Florida";"2015-11-13";"2016-02-13"
1775;"FM-14380";"Fred McMath";"Consumer";"United States";"Jackson";"Mississippi";"2016-02-14";"2016-06-16"
1776;"FM-14380";"Fred McMath";"Consumer";"United States";"New York City";"New York";"2016-06-17";"2016-12-08"
1777;"FM-14380";"Fred McMath";"Consumer";"United States";"Lawrence";"Massachusetts";"2016-12-09";"2016-12-10"
1778;"FM-14380";"Fred McMath";"Consumer";"United States";"Aurora";"Colorado";"2016-12-11";"2017-06-24"
1779;"FM-14380";"Fred McMath";"Consumer";"United States";"Bolingbrook";"Illinois";"2017-06-25";"2017-08-06"
1780;"FM-14380";"Fred McMath";"Consumer";"United States";"Jacksonville";"North Carolina";"2017-08-07";"2099-01-01"
1781;"FO-14305";"Frank Olsen";"Consumer";"United States";"Harrisonburg";"Virginia";"2014-06-09";"2015-02-02"
1782;"FO-14305";"Frank Olsen";"Consumer";"United States";"Columbus";"Georgia";"2015-02-03";"2015-03-07"
1783;"FO-14305";"Frank Olsen";"Consumer";"United States";"Chicago";"Illinois";"2015-03-08";"2015-09-21"
1784;"FO-14305";"Frank Olsen";"Consumer";"United States";"Philadelphia";"Pennsylvania";"2015-09-22";"2016-10-30"
1785;"FO-14305";"Frank Olsen";"Consumer";"United States";"Hollywood";"Florida";"2016-10-31";"2016-12-28"
1786;"FO-14305";"Frank Olsen";"Consumer";"United States";"Sacramento";"California";"2016-12-29";"2017-06-07"
1787;"FO-14305";"Frank Olsen";"Consumer";"United States";"Glendale";"Arizona";"2017-06-08";"2017-06-18"
1788;"FO-14305";"Frank Olsen";"Consumer";"United States";"Dallas";"Texas";"2017-06-19";"2017-11-13"
1789;"FO-14305";"Frank Olsen";"Consumer";"United States";"New York City";"New York";"2017-11-14";"2017-11-21"
1790;"FO-14305";"Frank Olsen";"Consumer";"United States";"Houston";"Texas";"2017-11-22";"2099-01-01"
1791;"FP-14320";"Frank Preis";"Consumer";"United States";"Los Angeles";"California";"2014-12-07";"2014-12-08"
1792;"FP-14320";"Frank Preis";"Consumer";"United States";"Philadelphia";"Pennsylvania";"2014-12-09";"2015-04-12"
1793;"FP-14320";"Frank Preis";"Consumer";"United States";"Huntsville";"Texas";"2015-04-13";"2016-01-21"
1794;"FP-14320";"Frank Preis";"Consumer";"United States";"San Diego";"California";"2016-01-22";"2016-03-31"
1795;"FP-14320";"Frank Preis";"Consumer";"United States";"New York City";"New York";"2016-04-01";"2016-12-25"
1796;"FP-14320";"Frank Preis";"Consumer";"United States";"Seattle";"Washington";"2016-12-26";"2017-11-06"
1797;"FP-14320";"Frank Preis";"Consumer";"United States";"New York City";"New York";"2017-11-07";"2017-12-06"
1798;"FP-14320";"Frank Preis";"Consumer";"United States";"Los Angeles";"California";"2017-12-07";"2099-01-01"
1799;"FW-14395";"Fred Wasserman";"Corporate";"United States";"Huntsville";"Alabama";"2015-03-22";"2016-09-04"
1800;"FW-14395";"Fred Wasserman";"Corporate";"United States";"New York City";"New York";"2016-09-05";"2017-01-01"
1801;"FW-14395";"Fred Wasserman";"Corporate";"United States";"Los Angeles";"California";"2017-01-02";"2099-01-01"
1802;"GA-14515";"George Ashbrook";"Consumer";"United States";"Dallas";"Texas";"2014-05-18";"2014-11-05"
1803;"GA-14515";"George Ashbrook";"Consumer";"United States";"Columbus";"Georgia";"2014-11-06";"2015-04-16"
1804;"GA-14515";"George Ashbrook";"Consumer";"United States";"San Francisco";"California";"2015-04-17";"2016-11-23"
1805;"GA-14515";"George Ashbrook";"Consumer";"United States";"Dallas";"Texas";"2016-11-24";"2016-11-25"
1806;"GA-14515";"George Ashbrook";"Consumer";"United States";"El Paso";"Texas";"2016-11-26";"2017-06-18"
1807;"GA-14515";"George Ashbrook";"Consumer";"United States";"San Francisco";"California";"2017-06-19";"2017-06-23"
1808;"GA-14515";"George Ashbrook";"Consumer";"United States";"New York City";"New York";"2017-06-24";"2017-08-02"
1809;"GA-14515";"George Ashbrook";"Consumer";"United States";"Los Angeles";"California";"2017-08-03";"2099-01-01"
1810;"GA-14725";"Guy Armstrong";"Consumer";"United States";"Columbia";"Missouri";"2014-02-11";"2014-03-29"
1811;"GA-14725";"Guy Armstrong";"Consumer";"United States";"San Francisco";"California";"2014-03-30";"2014-12-29"
1812;"GA-14725";"Guy Armstrong";"Consumer";"United States";"Philadelphia";"Pennsylvania";"2014-12-30";"2015-03-18"
1813;"GA-14725";"Guy Armstrong";"Consumer";"United States";"Lancaster";"California";"2015-03-19";"2015-10-14"
1814;"GA-14725";"Guy Armstrong";"Consumer";"United States";"Mount Pleasant";"Michigan";"2015-10-15";"2015-10-31"
1815;"GA-14725";"Guy Armstrong";"Consumer";"United States";"Salem";"Oregon";"2015-11-01";"2017-03-11"
1816;"GA-14725";"Guy Armstrong";"Consumer";"United States";"Rogers";"Arkansas";"2017-03-12";"2017-08-24"
1817;"GA-14725";"Guy Armstrong";"Consumer";"United States";"Charlotte";"North Carolina";"2017-08-25";"2017-11-10"
1818;"GA-14725";"Guy Armstrong";"Consumer";"United States";"Los Angeles";"California";"2017-11-11";"2017-12-24"
1819;"GA-14725";"Guy Armstrong";"Consumer";"United States";"Dallas";"Texas";"2017-12-25";"2099-01-01"
1820;"GB-14530";"George Bell";"Corporate";"United States";"Newark";"Ohio";"2014-04-28";"2015-09-10"
1821;"GB-14530";"George Bell";"Corporate";"United States";"Aurora";"Colorado";"2015-09-11";"2015-09-17"
1822;"GB-14530";"George Bell";"Corporate";"United States";"Los Angeles";"California";"2015-09-18";"2015-11-04"
1823;"GB-14530";"George Bell";"Corporate";"United States";"Monroe";"North Carolina";"2015-11-05";"2015-12-04"
1824;"GB-14530";"George Bell";"Corporate";"United States";"Los Angeles";"California";"2015-12-05";"2016-07-01"
1825;"GB-14530";"George Bell";"Corporate";"United States";"Los Angeles";"California";"2016-07-02";"2016-08-28"
1826;"GB-14530";"George Bell";"Corporate";"United States";"Philadelphia";"Pennsylvania";"2016-08-29";"2016-12-08"
1827;"GB-14530";"George Bell";"Corporate";"United States";"Fort Worth";"Texas";"2016-12-09";"2017-03-31"
1828;"GB-14530";"George Bell";"Corporate";"United States";"Florence";"South Carolina";"2017-04-01";"2017-10-28"
1829;"GB-14530";"George Bell";"Corporate";"United States";"Auburn";"New York";"2017-10-29";"2099-01-01"
1830;"GB-14575";"Giulietta Baptist";"Consumer";"United States";"Philadelphia";"Pennsylvania";"2015-06-12";"2015-09-20"
1831;"GB-14575";"Giulietta Baptist";"Consumer";"United States";"Columbia";"South Carolina";"2015-09-21";"2016-03-07"
1832;"GB-14575";"Giulietta Baptist";"Consumer";"United States";"New York City";"New York";"2016-03-08";"2017-01-27"
1833;"GB-14575";"Giulietta Baptist";"Consumer";"United States";"Wichita";"Kansas";"2017-01-28";"2017-12-16"
1834;"GB-14575";"Giulietta Baptist";"Consumer";"United States";"Arlington";"Virginia";"2017-12-17";"2099-01-01"
1835;"GD-14590";"Giulietta Dortch";"Corporate";"United States";"Arlington";"Virginia";"2014-05-05";"2016-09-10"
1836;"GD-14590";"Giulietta Dortch";"Corporate";"United States";"Philadelphia";"Pennsylvania";"2016-09-11";"2017-06-02"
1837;"GD-14590";"Giulietta Dortch";"Corporate";"United States";"Bellingham";"Washington";"2017-06-03";"2017-12-24"
1838;"GD-14590";"Giulietta Dortch";"Corporate";"United States";"Everett";"Washington";"2017-12-25";"2099-01-01"
1839;"GG-14650";"Greg Guthrie";"Corporate";"United States";"Los Angeles";"California";"2014-10-31";"2015-04-04"
1840;"GG-14650";"Greg Guthrie";"Corporate";"United States";"Bristol";"Tennessee";"2015-04-05";"2016-08-17"
1841;"GG-14650";"Greg Guthrie";"Corporate";"United States";"New York City";"New York";"2016-08-18";"2016-11-26"
1842;"GG-14650";"Greg Guthrie";"Corporate";"United States";"Chicago";"Illinois";"2016-11-27";"2016-12-05"
1843;"GG-14650";"Greg Guthrie";"Corporate";"United States";"Antioch";"California";"2016-12-06";"2017-04-22"
1844;"GG-14650";"Greg Guthrie";"Corporate";"United States";"Columbus";"Ohio";"2017-04-23";"2017-10-04"
1845;"GG-14650";"Greg Guthrie";"Corporate";"United States";"Chico";"California";"2017-10-05";"2017-11-01"
1846;"GG-14650";"Greg Guthrie";"Corporate";"United States";"Bloomington";"Illinois";"2017-11-02";"2017-11-16"
1847;"GG-14650";"Greg Guthrie";"Corporate";"United States";"Seattle";"Washington";"2017-11-17";"2099-01-01"
1848;"GH-14410";"Gary Hansen";"Home Office";"United States";"Los Angeles";"California";"2014-07-09";"2014-08-02"
1849;"GH-14410";"Gary Hansen";"Home Office";"United States";"Glendale";"Arizona";"2014-08-03";"2015-07-29"
1850;"GH-14410";"Gary Hansen";"Home Office";"United States";"Lakeville";"Minnesota";"2015-07-30";"2016-08-08"
1851;"GH-14410";"Gary Hansen";"Home Office";"United States";"Hendersonville";"Tennessee";"2016-08-09";"2016-09-04"
1852;"GH-14410";"Gary Hansen";"Home Office";"United States";"Houston";"Texas";"2016-09-05";"2017-02-16"
1853;"GH-14410";"Gary Hansen";"Home Office";"United States";"Perth Amboy";"New Jersey";"2017-02-17";"2017-06-05"
1854;"GH-14410";"Gary Hansen";"Home Office";"United States";"San Francisco";"California";"2017-06-06";"2017-06-29"
1855;"GH-14410";"Gary Hansen";"Home Office";"United States";"Chicago";"Illinois";"2017-06-30";"2017-10-15"
1856;"GH-14410";"Gary Hansen";"Home Office";"United States";"Yuma";"Arizona";"2017-10-16";"2099-01-01"
1857;"GH-14425";"Gary Hwang";"Consumer";"United States";"Seattle";"Washington";"2014-06-17";"2015-12-05"
1858;"GH-14425";"Gary Hwang";"Consumer";"United States";"Tucson";"Arizona";"2015-12-06";"2015-12-10"
1859;"GH-14425";"Gary Hwang";"Consumer";"United States";"Jacksonville";"Florida";"2015-12-11";"2017-11-09"
1860;"GH-14425";"Gary Hwang";"Consumer";"United States";"Modesto";"California";"2017-11-10";"2099-01-01"
1861;"GH-14485";"Gene Hale";"Corporate";"United States";"Dallas";"Texas";"2015-10-08";"2016-12-07"
1862;"GH-14485";"Gene Hale";"Corporate";"United States";"Richardson";"Texas";"2016-12-08";"2099-01-01"
1863;"GH-14665";"Greg Hansen";"Consumer";"United States";"Chicago";"Illinois";"2015-11-17";"2017-12-27"
1864;"GH-14665";"Greg Hansen";"Consumer";"United States";"Round Rock";"Texas";"2017-12-28";"2099-01-01"
1865;"GK-14620";"Grace Kelly";"Corporate";"United States";"Salem";"Oregon";"2014-06-25";"2014-07-12"
1866;"GK-14620";"Grace Kelly";"Corporate";"United States";"Los Angeles";"California";"2014-07-13";"2015-06-14"
1867;"GK-14620";"Grace Kelly";"Corporate";"United States";"Los Angeles";"California";"2015-06-15";"2015-08-12"
1868;"GK-14620";"Grace Kelly";"Corporate";"United States";"Greensboro";"North Carolina";"2015-08-13";"2015-11-19"
1869;"GK-14620";"Grace Kelly";"Corporate";"United States";"Dallas";"Texas";"2015-11-20";"2016-04-22"
1870;"GK-14620";"Grace Kelly";"Corporate";"United States";"Hesperia";"California";"2016-04-23";"2016-12-17"
1871;"GK-14620";"Grace Kelly";"Corporate";"United States";"Morristown";"New Jersey";"2016-12-18";"2016-12-24"
1872;"GK-14620";"Grace Kelly";"Corporate";"United States";"Los Angeles";"California";"2016-12-25";"2017-09-08"
1873;"GK-14620";"Grace Kelly";"Corporate";"United States";"Plano";"Texas";"2017-09-09";"2099-01-01"
1874;"GM-14440";"Gary McGarr";"Consumer";"United States";"Knoxville";"Tennessee";"2014-03-21";"2014-12-20"
1875;"GM-14440";"Gary McGarr";"Consumer";"United States";"San Diego";"California";"2014-12-21";"2016-12-02"
1876;"GM-14440";"Gary McGarr";"Consumer";"United States";"Los Angeles";"California";"2016-12-03";"2017-03-25"
1877;"GM-14440";"Gary McGarr";"Consumer";"United States";"New York City";"New York";"2017-03-26";"2017-04-21"
1878;"GM-14440";"Gary McGarr";"Consumer";"United States";"San Francisco";"California";"2017-04-22";"2017-07-28"
1879;"GM-14440";"Gary McGarr";"Consumer";"United States";"Troy";"New York";"2017-07-29";"2017-10-07"
1880;"GM-14440";"Gary McGarr";"Consumer";"United States";"New York City";"New York";"2017-10-08";"2099-01-01"
1881;"GM-14455";"Gary Mitchum";"Home Office";"United States";"Austin";"Texas";"2014-04-11";"2014-12-30"
1882;"GM-14455";"Gary Mitchum";"Home Office";"United States";"Franklin";"Massachusetts";"2014-12-31";"2016-04-04"
1883;"GM-14455";"Gary Mitchum";"Home Office";"United States";"Houston";"Texas";"2016-04-05";"2016-04-18"
1884;"GM-14455";"Gary Mitchum";"Home Office";"United States";"Columbus";"Ohio";"2016-04-19";"2017-08-05"
1885;"GM-14455";"Gary Mitchum";"Home Office";"United States";"Concord";"New Hampshire";"2017-08-06";"2017-12-13"
1886;"GM-14455";"Gary Mitchum";"Home Office";"United States";"Chicago";"Illinois";"2017-12-14";"2099-01-01"
1887;"GM-14500";"Gene McClure";"Consumer";"United States";"Fresno";"California";"2014-08-09";"2015-03-25"
1888;"GM-14500";"Gene McClure";"Consumer";"United States";"Philadelphia";"Pennsylvania";"2015-03-26";"2015-09-25"
1889;"GM-14500";"Gene McClure";"Consumer";"United States";"Oceanside";"New York";"2015-09-26";"2015-10-21"
1890;"GM-14500";"Gene McClure";"Consumer";"United States";"Hollywood";"Florida";"2015-10-22";"2016-05-05"
1891;"GM-14500";"Gene McClure";"Consumer";"United States";"Bakersfield";"California";"2016-05-06";"2016-05-09"
1892;"GM-14500";"Gene McClure";"Consumer";"United States";"Chicago";"Illinois";"2016-05-10";"2016-06-25"
1893;"GM-14500";"Gene McClure";"Consumer";"United States";"Providence";"Rhode Island";"2016-06-26";"2017-07-20"
1894;"GM-14500";"Gene McClure";"Consumer";"United States";"Pharr";"Texas";"2017-07-21";"2017-08-19"
1895;"GM-14500";"Gene McClure";"Consumer";"United States";"Fresno";"California";"2017-08-20";"2017-09-14"
1896;"GM-14500";"Gene McClure";"Consumer";"United States";"Seattle";"Washington";"2017-09-15";"2099-01-01"
1897;"GM-14680";"Greg Matthias";"Consumer";"United States";"San Jose";"California";"2014-05-10";"2014-08-10"
1898;"GM-14680";"Greg Matthias";"Consumer";"United States";"Seattle";"Washington";"2014-08-11";"2016-06-08"
1899;"GM-14680";"Greg Matthias";"Consumer";"United States";"Los Angeles";"California";"2016-06-09";"2016-09-29"
1900;"GM-14680";"Greg Matthias";"Consumer";"United States";"New York City";"New York";"2016-09-30";"2016-09-30"
1901;"GM-14680";"Greg Matthias";"Consumer";"United States";"New York City";"New York";"2016-10-01";"2017-07-30"
1902;"GM-14680";"Greg Matthias";"Consumer";"United States";"Philadelphia";"Pennsylvania";"2017-07-31";"2099-01-01"
1903;"GM-14695";"Greg Maxwell";"Corporate";"United States";"Alexandria";"Virginia";"2014-04-05";"2016-09-19"
1904;"GM-14695";"Greg Maxwell";"Corporate";"United States";"San Francisco";"California";"2016-09-20";"2017-09-03"
1905;"GM-14695";"Greg Maxwell";"Corporate";"United States";"Los Angeles";"California";"2017-09-04";"2099-01-01"
1906;"GP-14740";"Guy Phonely";"Corporate";"United States";"Lancaster";"Pennsylvania";"2014-04-06";"2015-11-25"
1907;"GP-14740";"Guy Phonely";"Corporate";"United States";"Leominster";"Massachusetts";"2015-11-26";"2099-01-01"
1908;"GR-14560";"Georgia Rosenberg";"Corporate";"United States";"Wilmington";"Delaware";"2014-11-19";"2014-11-20"
1909;"GR-14560";"Georgia Rosenberg";"Corporate";"United States";"San Francisco";"California";"2014-11-21";"2099-01-01"
1910;"GT-14635";"Grant Thornton";"Corporate";"United States";"Long Beach";"New York";"2014-06-06";"2015-11-04"
1911;"GT-14635";"Grant Thornton";"Corporate";"United States";"New York City";"New York";"2015-11-05";"2017-11-03"
1912;"GT-14635";"Grant Thornton";"Corporate";"United States";"Burlington";"North Carolina";"2017-11-04";"2099-01-01"
1913;"GT-14710";"Greg Tran";"Consumer";"United States";"New York City";"New York";"2014-05-23";"2014-11-16"
1914;"GT-14710";"Greg Tran";"Consumer";"United States";"Buffalo";"New York";"2014-11-17";"2015-04-26"
1915;"GT-14710";"Greg Tran";"Consumer";"United States";"Washington";"District of Columbia";"2015-04-27";"2016-02-18"
1916;"GT-14710";"Greg Tran";"Consumer";"United States";"New York City";"New York";"2016-02-19";"2016-02-18"
1917;"GT-14710";"Greg Tran";"Consumer";"United States";"San Francisco";"California";"2016-02-19";"2016-06-12"
1918;"GT-14710";"Greg Tran";"Consumer";"United States";"New York City";"New York";"2016-06-13";"2016-12-05"
1919;"GT-14710";"Greg Tran";"Consumer";"United States";"Seattle";"Washington";"2016-12-06";"2017-05-13"
1920;"GT-14710";"Greg Tran";"Consumer";"United States";"Houston";"Texas";"2017-05-14";"2017-06-26"
1921;"GT-14710";"Greg Tran";"Consumer";"United States";"Omaha";"Nebraska";"2017-06-27";"2017-08-20"
1922;"GT-14710";"Greg Tran";"Consumer";"United States";"Lakeville";"Minnesota";"2017-08-21";"2017-11-23"
1923;"GT-14710";"Greg Tran";"Consumer";"United States";"Houston";"Texas";"2017-11-24";"2099-01-01"
1924;"GT-14755";"Guy Thornton";"Consumer";"United States";"Long Beach";"California";"2015-02-18";"2016-07-02"
1925;"GT-14755";"Guy Thornton";"Consumer";"United States";"Los Angeles";"California";"2016-07-03";"2017-05-28"
1926;"GT-14755";"Guy Thornton";"Consumer";"United States";"Harlingen";"Texas";"2017-05-29";"2017-11-25"
1927;"GT-14755";"Guy Thornton";"Consumer";"United States";"Rockford";"Illinois";"2017-11-26";"2099-01-01"
1928;"GW-14605";"Giulietta Weimer";"Consumer";"United States";"Houston";"Texas";"2014-03-01";"2014-07-26"
1929;"GW-14605";"Giulietta Weimer";"Consumer";"United States";"San Francisco";"California";"2014-07-27";"2015-09-18"
1930;"GW-14605";"Giulietta Weimer";"Consumer";"United States";"New York City";"New York";"2015-09-19";"2016-02-15"
1931;"GW-14605";"Giulietta Weimer";"Consumer";"United States";"Henderson";"Kentucky";"2016-02-16";"2016-10-20"
1932;"GW-14605";"Giulietta Weimer";"Consumer";"United States";"Jackson";"Tennessee";"2016-10-21";"2017-07-28"
1933;"GW-14605";"Giulietta Weimer";"Consumer";"United States";"Seattle";"Washington";"2017-07-29";"2017-12-01"
1934;"GW-14605";"Giulietta Weimer";"Consumer";"United States";"Philadelphia";"Pennsylvania";"2017-12-02";"2099-01-01"
1935;"GZ-14470";"Gary Zandusky";"Consumer";"United States";"Texas City";"Texas";"2014-08-05";"2014-09-07"
1936;"GZ-14470";"Gary Zandusky";"Consumer";"United States";"San Francisco";"California";"2014-09-08";"2015-11-13"
1937;"GZ-14470";"Gary Zandusky";"Consumer";"United States";"Rio Rancho";"New Mexico";"2015-11-14";"2015-12-19"
1938;"GZ-14470";"Gary Zandusky";"Consumer";"United States";"Bullhead City";"Arizona";"2015-12-20";"2016-03-16"
1939;"GZ-14470";"Gary Zandusky";"Consumer";"United States";"Columbia";"Maryland";"2016-03-17";"2016-11-30"
1940;"GZ-14470";"Gary Zandusky";"Consumer";"United States";"Rochester";"Minnesota";"2016-12-01";"2017-05-05"
1941;"GZ-14470";"Gary Zandusky";"Consumer";"United States";"Arlington";"Virginia";"2017-05-06";"2017-09-16"
1942;"GZ-14470";"Gary Zandusky";"Consumer";"United States";"Morristown";"New Jersey";"2017-09-17";"2017-12-22"
1943;"GZ-14470";"Gary Zandusky";"Consumer";"United States";"San Francisco";"California";"2017-12-23";"2099-01-01"
1944;"GZ-14545";"George Zrebassa";"Corporate";"United States";"Lawrence";"Massachusetts";"2014-09-28";"2017-03-18"
1945;"GZ-14545";"George Zrebassa";"Corporate";"United States";"Los Angeles";"California";"2017-03-19";"2017-06-09"
1946;"GZ-14545";"George Zrebassa";"Corporate";"United States";"Thousand Oaks";"California";"2017-06-10";"2017-07-25"
1947;"GZ-14545";"George Zrebassa";"Corporate";"United States";"Los Angeles";"California";"2017-07-26";"2099-01-01"
1948;"HA-14905";"Helen Abelman";"Consumer";"United States";"New York City";"New York";"2014-06-30";"2015-11-07"
1949;"HA-14905";"Helen Abelman";"Consumer";"United States";"Franklin";"Massachusetts";"2015-11-08";"2015-11-12"
1950;"HA-14905";"Helen Abelman";"Consumer";"United States";"Chicago";"Illinois";"2015-11-13";"2015-12-11"
1951;"HA-14905";"Helen Abelman";"Consumer";"United States";"San Jose";"California";"2015-12-12";"2016-09-19"
1952;"HA-14905";"Helen Abelman";"Consumer";"United States";"New York City";"New York";"2016-09-20";"2017-09-09"
1953;"HA-14905";"Helen Abelman";"Consumer";"United States";"Springfield";"Ohio";"2017-09-10";"2017-10-21"
1954;"HA-14905";"Helen Abelman";"Consumer";"United States";"Fort Collins";"Colorado";"2017-10-22";"2099-01-01"
1955;"HA-14920";"Helen Andreada";"Consumer";"United States";"Pasadena";"California";"2014-10-11";"2015-07-25"
1956;"HA-14920";"Helen Andreada";"Consumer";"United States";"San Francisco";"California";"2015-07-26";"2015-07-29"
1957;"HA-14920";"Helen Andreada";"Consumer";"United States";"San Francisco";"California";"2015-07-30";"2015-09-06"
1958;"HA-14920";"Helen Andreada";"Consumer";"United States";"Pasadena";"California";"2015-09-07";"2016-08-08"
1959;"HA-14920";"Helen Andreada";"Consumer";"United States";"Fayetteville";"North Carolina";"2016-08-09";"2016-10-12"
1960;"HA-14920";"Helen Andreada";"Consumer";"United States";"Laredo";"Texas";"2016-10-13";"2017-09-10"
1961;"HA-14920";"Helen Andreada";"Consumer";"United States";"Chicago";"Illinois";"2017-09-11";"2017-12-09"
1962;"HA-14920";"Helen Andreada";"Consumer";"United States";"Philadelphia";"Pennsylvania";"2017-12-10";"2099-01-01"
1963;"HD-14785";"Harold Dahlen";"Home Office";"United States";"Chicago";"Illinois";"2014-05-11";"2015-06-06"
1964;"HD-14785";"Harold Dahlen";"Home Office";"United States";"Philadelphia";"Pennsylvania";"2015-06-07";"2015-11-21"
1965;"HD-14785";"Harold Dahlen";"Home Office";"United States";"Cambridge";"Massachusetts";"2015-11-22";"2099-01-01"
1966;"HE-14800";"Harold Engle";"Corporate";"United States";"Chicago";"Illinois";"2016-01-30";"2016-12-04"
1967;"HE-14800";"Harold Engle";"Corporate";"United States";"Newark";"Delaware";"2016-12-05";"2017-07-07"
1968;"HE-14800";"Harold Engle";"Corporate";"United States";"Newark";"Delaware";"2017-07-08";"2017-12-17"
1969;"HE-14800";"Harold Engle";"Corporate";"United States";"Milwaukee";"Wisconsin";"2017-12-18";"2099-01-01"
1970;"HF-14995";"Herbert Flentye";"Consumer";"United States";"Los Angeles";"California";"2014-05-26";"2014-09-20"
1971;"HF-14995";"Herbert Flentye";"Consumer";"United States";"San Francisco";"California";"2014-09-21";"2016-04-08"
1972;"HF-14995";"Herbert Flentye";"Consumer";"United States";"Los Angeles";"California";"2016-04-09";"2016-04-30"
1973;"HF-14995";"Herbert Flentye";"Consumer";"United States";"Memphis";"Tennessee";"2016-05-01";"2016-09-02"
1974;"HF-14995";"Herbert Flentye";"Consumer";"United States";"Baltimore";"Maryland";"2016-09-03";"2016-11-26"
1975;"HF-14995";"Herbert Flentye";"Consumer";"United States";"Fort Lauderdale";"Florida";"2016-11-27";"2017-12-08"
1976;"HF-14995";"Herbert Flentye";"Consumer";"United States";"Indianapolis";"Indiana";"2017-12-09";"2099-01-01"
1977;"HG-14845";"Harry Greene";"Consumer";"United States";"Lake Charles";"Louisiana";"2014-04-29";"2015-09-12"
1978;"HG-14845";"Harry Greene";"Consumer";"United States";"Philadelphia";"Pennsylvania";"2015-09-13";"2017-03-19"
1979;"HG-14845";"Harry Greene";"Consumer";"United States";"Houston";"Texas";"2017-03-20";"2017-10-08"
1980;"HG-14845";"Harry Greene";"Consumer";"United States";"New York City";"New York";"2017-10-09";"2017-11-05"
1981;"HG-14845";"Harry Greene";"Consumer";"United States";"Dallas";"Texas";"2017-11-06";"2099-01-01"
1982;"HG-14965";"Henry Goldwyn";"Corporate";"United States";"San Diego";"California";"2014-09-20";"2014-09-25"
1983;"HG-14965";"Henry Goldwyn";"Corporate";"United States";"Mesquite";"Texas";"2014-09-26";"2015-08-20"
1984;"HG-14965";"Henry Goldwyn";"Corporate";"United States";"Florence";"Kentucky";"2015-08-21";"2015-09-27"
1985;"HG-14965";"Henry Goldwyn";"Corporate";"United States";"San Francisco";"California";"2015-09-28";"2015-12-07"
1986;"HG-14965";"Henry Goldwyn";"Corporate";"United States";"Colorado Springs";"Colorado";"2015-12-08";"2016-01-23"
1987;"HG-14965";"Henry Goldwyn";"Corporate";"United States";"Gulfport";"Mississippi";"2016-01-24";"2016-01-27"
1988;"HG-14965";"Henry Goldwyn";"Corporate";"United States";"Los Angeles";"California";"2016-01-28";"2016-12-17"
1989;"HG-14965";"Henry Goldwyn";"Corporate";"United States";"Los Angeles";"California";"2016-12-18";"2017-03-30"
1990;"HG-14965";"Henry Goldwyn";"Corporate";"United States";"Los Angeles";"California";"2017-03-31";"2017-11-03"
1991;"HG-14965";"Henry Goldwyn";"Corporate";"United States";"Lancaster";"Ohio";"2017-11-04";"2017-12-06"
1992;"HG-14965";"Henry Goldwyn";"Corporate";"United States";"Chicago";"Illinois";"2017-12-07";"2099-01-01"
1993;"HG-15025";"Hunter Glantz";"Consumer";"United States";"Fort Worth";"Texas";"2014-10-14";"2015-05-13"
1994;"HG-15025";"Hunter Glantz";"Consumer";"United States";"Los Angeles";"California";"2015-05-14";"2016-08-12"
1995;"HG-15025";"Hunter Glantz";"Consumer";"United States";"Kenner";"Louisiana";"2016-08-13";"2016-09-30"
1996;"HG-15025";"Hunter Glantz";"Consumer";"United States";"Amarillo";"Texas";"2016-10-01";"2017-06-11"
1997;"HG-15025";"Hunter Glantz";"Consumer";"United States";"Marion";"Ohio";"2017-06-12";"2017-11-19"
1998;"HG-15025";"Hunter Glantz";"Consumer";"United States";"Lakeville";"Minnesota";"2017-11-20";"2017-12-23"
1999;"HG-15025";"Hunter Glantz";"Consumer";"United States";"Oceanside";"New York";"2017-12-24";"2099-01-01"
2000;"HH-15010";"Hilary Holden";"Corporate";"United States";"San Francisco";"California";"2014-08-29";"2017-10-18"
2001;"HH-15010";"Hilary Holden";"Corporate";"United States";"San Francisco";"California";"2017-10-19";"2099-01-01"
2002;"HJ-14875";"Heather Jas";"Home Office";"United States";"Mesa";"Arizona";"2015-04-13";"2016-09-19"
2003;"HJ-14875";"Heather Jas";"Home Office";"United States";"Seattle";"Washington";"2016-09-20";"2016-11-16"
2004;"HJ-14875";"Heather Jas";"Home Office";"United States";"San Francisco";"California";"2016-11-17";"2016-11-24"
2005;"HJ-14875";"Heather Jas";"Home Office";"United States";"Jacksonville";"Florida";"2016-11-25";"2017-08-25"
2006;"HJ-14875";"Heather Jas";"Home Office";"United States";"Detroit";"Michigan";"2017-08-26";"2099-01-01"
2007;"HK-14890";"Heather Kirkland";"Corporate";"United States";"Detroit";"Michigan";"2014-06-10";"2015-10-24"
2008;"HK-14890";"Heather Kirkland";"Corporate";"United States";"Newark";"Delaware";"2015-10-25";"2015-11-15"
2009;"HK-14890";"Heather Kirkland";"Corporate";"United States";"Boise";"Idaho";"2015-11-16";"2016-04-22"
2010;"HK-14890";"Heather Kirkland";"Corporate";"United States";"Charlotte";"North Carolina";"2016-04-23";"2016-10-22"
2011;"HK-14890";"Heather Kirkland";"Corporate";"United States";"Chicago";"Illinois";"2016-10-23";"2017-03-25"
2012;"HK-14890";"Heather Kirkland";"Corporate";"United States";"Houston";"Texas";"2017-03-26";"2017-06-02"
2013;"HK-14890";"Heather Kirkland";"Corporate";"United States";"Franklin";"Tennessee";"2017-06-03";"2017-07-31"
2014;"HK-14890";"Heather Kirkland";"Corporate";"United States";"Salinas";"California";"2017-08-01";"2099-01-01"
2015;"HL-15040";"Hunter Lopez";"Consumer";"United States";"Jonesboro";"Arkansas";"2014-01-20";"2014-05-11"
2016;"HL-15040";"Hunter Lopez";"Consumer";"United States";"Milwaukee";"Wisconsin";"2014-05-12";"2016-06-23"
2017;"HL-15040";"Hunter Lopez";"Consumer";"United States";"Richmond";"Indiana";"2016-06-24";"2016-10-02"
2018;"HL-15040";"Hunter Lopez";"Consumer";"United States";"Houston";"Texas";"2016-10-03";"2017-10-02"
2019;"HL-15040";"Hunter Lopez";"Consumer";"United States";"Rochester";"New York";"2017-10-03";"2017-11-16"
2020;"HL-15040";"Hunter Lopez";"Consumer";"United States";"Newark";"Delaware";"2017-11-17";"2099-01-01"
2021;"HM-14860";"Harry Marie";"Corporate";"United States";"Dallas";"Texas";"2014-07-21";"2015-12-03"
2022;"HM-14860";"Harry Marie";"Corporate";"United States";"Los Angeles";"California";"2015-12-04";"2015-12-23"
2023;"HM-14860";"Harry Marie";"Corporate";"United States";"Springfield";"Missouri";"2015-12-24";"2016-05-11"
2024;"HM-14860";"Harry Marie";"Corporate";"United States";"New York City";"New York";"2016-05-12";"2016-09-26"
2025;"HM-14860";"Harry Marie";"Corporate";"United States";"Huntsville";"Texas";"2016-09-27";"2017-04-13"
2026;"HM-14860";"Harry Marie";"Corporate";"United States";"Morristown";"New Jersey";"2017-04-14";"2017-08-03"
2027;"HM-14860";"Harry Marie";"Corporate";"United States";"Carrollton";"Texas";"2017-08-04";"2017-08-03"
2028;"HM-14860";"Harry Marie";"Corporate";"United States";"Loveland";"Colorado";"2017-08-04";"2017-10-18"
2029;"HM-14860";"Harry Marie";"Corporate";"United States";"Philadelphia";"Pennsylvania";"2017-10-19";"2017-12-27"
2030;"HM-14860";"Harry Marie";"Corporate";"United States";"Seattle";"Washington";"2017-12-28";"2099-01-01"
2031;"HM-14980";"Henry MacAllister";"Consumer";"United States";"Los Angeles";"California";"2015-10-02";"2016-09-17"
2032;"HM-14980";"Henry MacAllister";"Consumer";"United States";"New York City";"New York";"2016-09-18";"2017-04-10"
2033;"HM-14980";"Henry MacAllister";"Consumer";"United States";"Burlington";"North Carolina";"2017-04-11";"2017-04-26"
2034;"HM-14980";"Henry MacAllister";"Consumer";"United States";"Seattle";"Washington";"2017-04-27";"2099-01-01"
2035;"HP-14815";"Harold Pawlan";"Home Office";"United States";"Los Angeles";"California";"2014-05-06";"2014-11-23"
2036;"HP-14815";"Harold Pawlan";"Home Office";"United States";"Virginia Beach";"Virginia";"2014-11-24";"2015-10-30"
2037;"HP-14815";"Harold Pawlan";"Home Office";"United States";"Jackson";"Michigan";"2015-10-31";"2015-11-21"
2038;"HP-14815";"Harold Pawlan";"Home Office";"United States";"Fort Worth";"Texas";"2015-11-22";"2015-12-02"
2039;"HP-14815";"Harold Pawlan";"Home Office";"United States";"Concord";"New Hampshire";"2015-12-03";"2017-01-22"
2040;"HP-14815";"Harold Pawlan";"Home Office";"United States";"Tucson";"Arizona";"2017-01-23";"2017-11-29"
2041;"HP-14815";"Harold Pawlan";"Home Office";"United States";"New York City";"New York";"2017-11-30";"2099-01-01"
2042;"HR-14770";"Hallie Redmond";"Home Office";"United States";"New York City";"New York";"2014-03-01";"2015-08-08"
2043;"HR-14770";"Hallie Redmond";"Home Office";"United States";"Milwaukee";"Wisconsin";"2015-08-09";"2017-01-13"
2044;"HR-14770";"Hallie Redmond";"Home Office";"United States";"Richmond";"Indiana";"2017-01-14";"2017-04-06"
2045;"HR-14770";"Hallie Redmond";"Home Office";"United States";"Jacksonville";"Florida";"2017-04-07";"2017-12-16"
2046;"HR-14770";"Hallie Redmond";"Home Office";"United States";"Los Angeles";"California";"2017-12-17";"2099-01-01"
2047;"HR-14830";"Harold Ryan";"Corporate";"United States";"Seattle";"Washington";"2014-11-24";"2015-03-16"
2048;"HR-14830";"Harold Ryan";"Corporate";"United States";"New York City";"New York";"2015-03-17";"2015-06-17"
2049;"HR-14830";"Harold Ryan";"Corporate";"United States";"Miami";"Florida";"2015-06-18";"2015-12-21"
2050;"HR-14830";"Harold Ryan";"Corporate";"United States";"Philadelphia";"Pennsylvania";"2015-12-22";"2015-12-23"
2051;"HR-14830";"Harold Ryan";"Corporate";"United States";"Gilbert";"Arizona";"2015-12-24";"2017-03-23"
2052;"HR-14830";"Harold Ryan";"Corporate";"United States";"New York City";"New York";"2017-03-24";"2017-07-23"
2053;"HR-14830";"Harold Ryan";"Corporate";"United States";"Huntington Beach";"California";"2017-07-24";"2099-01-01"
2054;"HW-14935";"Helen Wasserman";"Corporate";"United States";"Detroit";"Michigan";"2015-09-27";"2016-08-17"
2055;"HW-14935";"Helen Wasserman";"Corporate";"United States";"New York City";"New York";"2016-08-18";"2016-10-30"
2056;"HW-14935";"Helen Wasserman";"Corporate";"United States";"Tulsa";"Oklahoma";"2016-10-31";"2017-02-19"
2057;"HW-14935";"Helen Wasserman";"Corporate";"United States";"San Diego";"California";"2017-02-20";"2017-03-19"
2058;"HW-14935";"Helen Wasserman";"Corporate";"United States";"Seattle";"Washington";"2017-03-20";"2017-05-31"
2059;"HW-14935";"Helen Wasserman";"Corporate";"United States";"Indianapolis";"Indiana";"2017-06-01";"2017-08-17"
2060;"HW-14935";"Helen Wasserman";"Corporate";"United States";"Seattle";"Washington";"2017-08-18";"2017-09-03"
2061;"HW-14935";"Helen Wasserman";"Corporate";"United States";"Chicago";"Illinois";"2017-09-04";"2099-01-01"
2062;"HZ-14950";"Henia Zydlo";"Consumer";"United States";"Columbus";"Ohio";"2016-03-14";"2017-05-28"
2063;"HZ-14950";"Henia Zydlo";"Consumer";"United States";"Houston";"Texas";"2017-05-29";"2017-09-13"
2064;"HZ-14950";"Henia Zydlo";"Consumer";"United States";"New York City";"New York";"2017-09-14";"2017-11-20"
2065;"HZ-14950";"Henia Zydlo";"Consumer";"United States";"Houston";"Texas";"2017-11-21";"2017-11-24"
2066;"HZ-14950";"Henia Zydlo";"Consumer";"United States";"Fort Lauderdale";"Florida";"2017-11-25";"2099-01-01"
2067;"IG-15085";"Ivan Gibson";"Consumer";"United States";"Seattle";"Washington";"2014-10-18";"2015-04-08"
2068;"IG-15085";"Ivan Gibson";"Consumer";"United States";"Norwich";"Connecticut";"2015-04-09";"2016-06-16"
2069;"IG-15085";"Ivan Gibson";"Consumer";"United States";"San Diego";"California";"2016-06-17";"2017-10-19"
2070;"IG-15085";"Ivan Gibson";"Consumer";"United States";"Little Rock";"Arkansas";"2017-10-20";"2099-01-01"
2071;"IL-15100";"Ivan Liston";"Consumer";"United States";"San Francisco";"California";"2014-08-01";"2015-02-05"
2072;"IL-15100";"Ivan Liston";"Consumer";"United States";"Wilmington";"Delaware";"2015-02-06";"2015-10-04"
2073;"IL-15100";"Ivan Liston";"Consumer";"United States";"Columbus";"Ohio";"2015-10-05";"2015-12-05"
2074;"IL-15100";"Ivan Liston";"Consumer";"United States";"North Las Vegas";"Nevada";"2015-12-06";"2016-07-22"
2075;"IL-15100";"Ivan Liston";"Consumer";"United States";"Houston";"Texas";"2016-07-23";"2016-09-03"
2076;"IL-15100";"Ivan Liston";"Consumer";"United States";"Houston";"Texas";"2016-09-04";"2017-08-09"
2077;"IL-15100";"Ivan Liston";"Consumer";"United States";"Columbus";"Indiana";"2017-08-10";"2099-01-01"
2078;"IM-15055";"Ionia McGrath";"Consumer";"United States";"Las Vegas";"Nevada";"2014-01-23";"2016-09-03"
2079;"IM-15055";"Ionia McGrath";"Consumer";"United States";"San Francisco";"California";"2016-09-04";"2016-11-15"
2080;"IM-15055";"Ionia McGrath";"Consumer";"United States";"Roseville";"California";"2016-11-16";"2099-01-01"
2081;"IM-15070";"Irene Maddox";"Consumer";"United States";"Florence";"Alabama";"2014-12-19";"2015-07-03"
2082;"IM-15070";"Irene Maddox";"Consumer";"United States";"Milwaukee";"Wisconsin";"2015-07-04";"2015-11-21"
2083;"IM-15070";"Irene Maddox";"Consumer";"United States";"Philadelphia";"Pennsylvania";"2015-11-22";"2015-12-10"
2084;"IM-15070";"Irene Maddox";"Consumer";"United States";"Colorado Springs";"Colorado";"2015-12-11";"2016-06-22"
2085;"IM-15070";"Irene Maddox";"Consumer";"United States";"New York City";"New York";"2016-06-23";"2016-11-05"
2086;"IM-15070";"Irene Maddox";"Consumer";"United States";"San Diego";"California";"2016-11-06";"2016-12-04"
2087;"IM-15070";"Irene Maddox";"Consumer";"United States";"Seattle";"Washington";"2016-12-05";"2099-01-01"
2088;"JA-15970";"Joseph Airdo";"Consumer";"United States";"Springfield";"Oregon";"2014-09-17";"2014-11-11"
2089;"JA-15970";"Joseph Airdo";"Consumer";"United States";"Los Angeles";"California";"2014-11-12";"2016-08-31"
2090;"JA-15970";"Joseph Airdo";"Consumer";"United States";"Detroit";"Michigan";"2016-09-01";"2017-03-01"
2091;"JA-15970";"Joseph Airdo";"Consumer";"United States";"Cuyahoga Falls";"Ohio";"2017-03-02";"2017-05-14"
2092;"JA-15970";"Joseph Airdo";"Consumer";"United States";"Phoenix";"Arizona";"2017-05-15";"2017-09-06"
2093;"JA-15970";"Joseph Airdo";"Consumer";"United States";"Modesto";"California";"2017-09-07";"2017-09-21"
2094;"JA-15970";"Joseph Airdo";"Consumer";"United States";"Philadelphia";"Pennsylvania";"2017-09-22";"2017-09-28"
2095;"JA-15970";"Joseph Airdo";"Consumer";"United States";"Mount Vernon";"New York";"2017-09-29";"2099-01-01"
2096;"JB-15400";"Jennifer Braxton";"Corporate";"United States";"Chicago";"Illinois";"2014-09-14";"2015-04-30"
2097;"JB-15400";"Jennifer Braxton";"Corporate";"United States";"Los Angeles";"California";"2015-05-01";"2015-09-02"
2098;"JB-15400";"Jennifer Braxton";"Corporate";"United States";"Bristol";"Connecticut";"2015-09-03";"2015-09-02"
2099;"JB-15400";"Jennifer Braxton";"Corporate";"United States";"New York City";"New York";"2015-09-03";"2016-02-03"
2100;"JB-15400";"Jennifer Braxton";"Corporate";"United States";"Los Angeles";"California";"2016-02-04";"2016-07-22"
2101;"JB-15400";"Jennifer Braxton";"Corporate";"United States";"Tampa";"Florida";"2016-07-23";"2017-08-18"
2102;"JB-15400";"Jennifer Braxton";"Corporate";"United States";"Lawrence";"Massachusetts";"2017-08-19";"2017-10-20"
2103;"JB-15400";"Jennifer Braxton";"Corporate";"United States";"Milwaukee";"Wisconsin";"2017-10-21";"2017-11-08"
2104;"JB-15400";"Jennifer Braxton";"Corporate";"United States";"Sunnyvale";"California";"2017-11-09";"2017-12-22"
2105;"JB-15400";"Jennifer Braxton";"Corporate";"United States";"Rockford";"Illinois";"2017-12-23";"2099-01-01"
2106;"JB-15925";"Joni Blumstein";"Consumer";"United States";"Los Angeles";"California";"2014-12-05";"2015-12-11"
2107;"JB-15925";"Joni Blumstein";"Consumer";"United States";"Austin";"Texas";"2015-12-12";"2015-12-23"
2108;"JB-15925";"Joni Blumstein";"Consumer";"United States";"Dublin";"Ohio";"2015-12-24";"2099-01-01"
2109;"JB-16000";"Joy Bell-";"Consumer";"United States";"Longview";"Washington";"2016-01-10";"2016-06-09"
2110;"JB-16000";"Joy Bell-";"Consumer";"United States";"Philadelphia";"Pennsylvania";"2016-06-10";"2017-03-12"
2111;"JB-16000";"Joy Bell-";"Consumer";"United States";"Columbia";"Maryland";"2017-03-13";"2017-09-08"
2112;"JB-16000";"Joy Bell-";"Consumer";"United States";"Roseville";"Michigan";"2017-09-09";"2017-09-13"
2113;"JB-16000";"Joy Bell-";"Consumer";"United States";"Los Angeles";"California";"2017-09-14";"2017-11-01"
2114;"JB-16000";"Joy Bell-";"Consumer";"United States";"Salt Lake City";"Utah";"2017-11-02";"2017-11-16"
2115;"JB-16000";"Joy Bell-";"Consumer";"United States";"Brownsville";"Texas";"2017-11-17";"2099-01-01"
2116;"JB-16045";"Julia Barnett";"Home Office";"United States";"Philadelphia";"Pennsylvania";"2016-03-06";"2016-05-24"
2117;"JB-16045";"Julia Barnett";"Home Office";"United States";"Columbus";"Georgia";"2016-05-25";"2017-12-22"
2118;"JB-16045";"Julia Barnett";"Home Office";"United States";"Danbury";"Connecticut";"2017-12-23";"2099-01-01"
2119;"JC-15340";"Jasper Cacioppo";"Consumer";"United States";"Philadelphia";"Pennsylvania";"2016-09-05";"2016-12-12"
2120;"JC-15340";"Jasper Cacioppo";"Consumer";"United States";"Riverside";"California";"2016-12-13";"2017-09-06"
2121;"JC-15340";"Jasper Cacioppo";"Consumer";"United States";"Los Angeles";"California";"2017-09-07";"2099-01-01"
2122;"JC-15385";"Jenna Caffey";"Consumer";"United States";"Kent";"Washington";"2017-07-08";"2099-01-01"
2123;"JC-15775";"John Castell";"Consumer";"United States";"Macon";"Georgia";"2014-09-14";"2014-12-20"
2124;"JC-15775";"John Castell";"Consumer";"United States";"Newark";"Delaware";"2014-12-21";"2015-10-17"
2125;"JC-15775";"John Castell";"Consumer";"United States";"Seattle";"Washington";"2015-10-18";"2016-08-14"
2126;"JC-15775";"John Castell";"Consumer";"United States";"Tallahassee";"Florida";"2016-08-15";"2017-03-24"
2127;"JC-15775";"John Castell";"Consumer";"United States";"San Antonio";"Texas";"2017-03-25";"2017-03-31"
2128;"JC-15775";"John Castell";"Consumer";"United States";"New York City";"New York";"2017-04-01";"2017-05-18"
2129;"JC-15775";"John Castell";"Consumer";"United States";"Atlanta";"Georgia";"2017-05-19";"2017-06-29"
2130;"JC-15775";"John Castell";"Consumer";"United States";"Los Angeles";"California";"2017-06-30";"2017-07-24"
2131;"JC-15775";"John Castell";"Consumer";"United States";"Philadelphia";"Pennsylvania";"2017-07-25";"2099-01-01"
2132;"JC-16105";"Julie Creighton";"Corporate";"United States";"Minneapolis";"Minnesota";"2014-11-18";"2014-12-23"
2133;"JC-16105";"Julie Creighton";"Corporate";"United States";"Los Angeles";"California";"2014-12-24";"2015-09-02"
2134;"JC-16105";"Julie Creighton";"Corporate";"United States";"Durham";"North Carolina";"2015-09-03";"2017-10-22"
2135;"JC-16105";"Julie Creighton";"Corporate";"United States";"Rochester";"New York";"2017-10-23";"2017-11-02"
2136;"JC-16105";"Julie Creighton";"Corporate";"United States";"Atlanta";"Georgia";"2017-11-03";"2099-01-01"
2137;"JD-15790";"John Dryer";"Consumer";"United States";"Los Angeles";"California";"2015-04-02";"2015-10-09"
2138;"JD-15790";"John Dryer";"Consumer";"United States";"Jacksonville";"Florida";"2015-10-10";"2016-02-15"
2139;"JD-15790";"John Dryer";"Consumer";"United States";"Belleville";"New Jersey";"2016-02-16";"2017-06-01"
2140;"JD-15790";"John Dryer";"Consumer";"United States";"Houston";"Texas";"2017-06-02";"2017-09-03"
2141;"JD-15790";"John Dryer";"Consumer";"United States";"Coppell";"Texas";"2017-09-04";"2099-01-01"
2142;"JD-15895";"Jonathan Doherty";"Corporate";"United States";"Los Angeles";"California";"2014-03-26";"2014-04-12"
2143;"JD-15895";"Jonathan Doherty";"Corporate";"United States";"Philadelphia";"Pennsylvania";"2014-04-13";"2014-07-19"
2144;"JD-15895";"Jonathan Doherty";"Corporate";"United States";"Riverside";"California";"2014-07-20";"2015-12-11"
2145;"JD-15895";"Jonathan Doherty";"Corporate";"United States";"Las Vegas";"Nevada";"2015-12-12";"2016-01-24"
2146;"JD-15895";"Jonathan Doherty";"Corporate";"United States";"New York City";"New York";"2016-01-25";"2016-07-08"
2147;"JD-15895";"Jonathan Doherty";"Corporate";"United States";"New York City";"New York";"2016-07-09";"2016-07-15"
2148;"JD-15895";"Jonathan Doherty";"Corporate";"United States";"Columbia";"South Carolina";"2016-07-16";"2016-09-04"
2149;"JD-15895";"Jonathan Doherty";"Corporate";"United States";"Philadelphia";"Pennsylvania";"2016-09-05";"2016-10-27"
2150;"JD-15895";"Jonathan Doherty";"Corporate";"United States";"Belleville";"New Jersey";"2016-10-28";"2016-10-30"
2151;"JD-15895";"Jonathan Doherty";"Corporate";"United States";"Los Angeles";"California";"2016-10-31";"2016-11-30"
2152;"JD-15895";"Jonathan Doherty";"Corporate";"United States";"Richmond";"Virginia";"2016-12-01";"2099-01-01"
2153;"JD-16015";"Joy Daniels";"Consumer";"United States";"Seattle";"Washington";"2014-10-04";"2014-10-05"
2154;"JD-16015";"Joy Daniels";"Consumer";"United States";"Philadelphia";"Pennsylvania";"2014-10-06";"2014-12-13"
2155;"JD-16015";"Joy Daniels";"Consumer";"United States";"Chicago";"Illinois";"2014-12-14";"2017-05-14"
2156;"JD-16015";"Joy Daniels";"Consumer";"United States";"Chicago";"Illinois";"2017-05-15";"2017-07-10"
2157;"JD-16015";"Joy Daniels";"Consumer";"United States";"New York City";"New York";"2017-07-11";"2017-09-08"
2158;"JD-16015";"Joy Daniels";"Consumer";"United States";"Toledo";"Ohio";"2017-09-09";"2099-01-01"
2159;"JD-16060";"Julia Dunbar";"Consumer";"United States";"San Francisco";"California";"2014-09-24";"2015-03-22"
2160;"JD-16060";"Julia Dunbar";"Consumer";"United States";"Houston";"Texas";"2015-03-23";"2017-03-04"
2161;"JD-16060";"Julia Dunbar";"Consumer";"United States";"Rochester";"Minnesota";"2017-03-05";"2099-01-01"
2162;"JD-16150";"Justin Deggeller";"Corporate";"United States";"Los Angeles";"California";"2014-11-16";"2015-03-21"
2163;"JD-16150";"Justin Deggeller";"Corporate";"United States";"San Diego";"California";"2015-03-22";"2015-11-26"
2164;"JD-16150";"Justin Deggeller";"Corporate";"United States";"Newark";"Delaware";"2015-11-27";"2015-12-24"
2165;"JD-16150";"Justin Deggeller";"Corporate";"United States";"Philadelphia";"Pennsylvania";"2015-12-25";"2016-09-14"
2166;"JD-16150";"Justin Deggeller";"Corporate";"United States";"Twin Falls";"Idaho";"2016-09-15";"2016-12-17"
2167;"JD-16150";"Justin Deggeller";"Corporate";"United States";"Minneapolis";"Minnesota";"2016-12-18";"2017-03-24"
2168;"JD-16150";"Justin Deggeller";"Corporate";"United States";"Milwaukee";"Wisconsin";"2017-03-25";"2017-11-18"
2169;"JD-16150";"Justin Deggeller";"Corporate";"United States";"New York City";"New York";"2017-11-19";"2099-01-01"
2170;"JE-15475";"Jeremy Ellison";"Consumer";"United States";"Seattle";"Washington";"2015-03-16";"2015-11-26"
2171;"JE-15475";"Jeremy Ellison";"Consumer";"United States";"New York City";"New York";"2015-11-27";"2016-10-26"
2172;"JE-15475";"Jeremy Ellison";"Consumer";"United States";"Troy";"New York";"2016-10-27";"2016-11-21"
2173;"JE-15475";"Jeremy Ellison";"Consumer";"United States";"Houston";"Texas";"2016-11-22";"2016-12-17"
2174;"JE-15475";"Jeremy Ellison";"Consumer";"United States";"San Diego";"California";"2016-12-18";"2017-06-19"
2175;"JE-15475";"Jeremy Ellison";"Consumer";"United States";"New Rochelle";"New York";"2017-06-20";"2099-01-01"
2176;"JE-15610";"Jim Epp";"Corporate";"United States";"Concord";"New Hampshire";"2014-10-14";"2015-06-10"
2177;"JE-15610";"Jim Epp";"Corporate";"United States";"Lakeland";"Florida";"2015-06-11";"2016-05-21"
2178;"JE-15610";"Jim Epp";"Corporate";"United States";"Los Angeles";"California";"2016-05-22";"2017-03-30"
2179;"JE-15610";"Jim Epp";"Corporate";"United States";"Atlanta";"Georgia";"2017-03-31";"2017-09-21"
2180;"JE-15610";"Jim Epp";"Corporate";"United States";"Milwaukee";"Wisconsin";"2017-09-22";"2017-11-08"
2181;"JE-15610";"Jim Epp";"Corporate";"United States";"San Diego";"California";"2017-11-09";"2017-11-11"
2182;"JE-15610";"Jim Epp";"Corporate";"United States";"Los Angeles";"California";"2017-11-12";"2099-01-01"
2183;"JE-15715";"Joe Elijah";"Consumer";"United States";"Houston";"Texas";"2014-08-25";"2015-02-20"
2184;"JE-15715";"Joe Elijah";"Consumer";"United States";"Las Cruces";"New Mexico";"2015-02-21";"2015-10-22"
2185;"JE-15715";"Joe Elijah";"Consumer";"United States";"Houston";"Texas";"2015-10-23";"2016-07-07"
2186;"JE-15715";"Joe Elijah";"Consumer";"United States";"Broomfield";"Colorado";"2016-07-08";"2016-09-01"
2187;"JE-15715";"Joe Elijah";"Consumer";"United States";"Charlotte";"North Carolina";"2016-09-02";"2016-12-24"
2188;"JE-15715";"Joe Elijah";"Consumer";"United States";"Seattle";"Washington";"2016-12-25";"2016-12-24"
2189;"JE-15715";"Joe Elijah";"Consumer";"United States";"New York City";"New York";"2016-12-25";"2017-06-14"
2190;"JE-15715";"Joe Elijah";"Consumer";"United States";"Monroe";"North Carolina";"2017-06-15";"2017-08-24"
2191;"JE-15715";"Joe Elijah";"Consumer";"United States";"Cleveland";"Ohio";"2017-08-25";"2017-11-13"
2192;"JE-15715";"Joe Elijah";"Consumer";"United States";"Los Angeles";"California";"2017-11-14";"2099-01-01"
2193;"JE-15745";"Joel Eaton";"Consumer";"United States";"Louisville";"Colorado";"2014-06-22";"2014-11-25"
2194;"JE-15745";"Joel Eaton";"Consumer";"United States";"Houston";"Texas";"2014-11-26";"2015-04-25"
2195;"JE-15745";"Joel Eaton";"Consumer";"United States";"Memphis";"Tennessee";"2015-04-26";"2015-05-20"
2196;"JE-15745";"Joel Eaton";"Consumer";"United States";"Frankfort";"Illinois";"2015-05-21";"2015-10-14"
2197;"JE-15745";"Joel Eaton";"Consumer";"United States";"Amarillo";"Texas";"2015-10-15";"2015-11-20"
2198;"JE-15745";"Joel Eaton";"Consumer";"United States";"Newark";"Ohio";"2015-11-21";"2016-10-07"
2199;"JE-15745";"Joel Eaton";"Consumer";"United States";"Los Angeles";"California";"2016-10-08";"2016-11-30"
2200;"JE-15745";"Joel Eaton";"Consumer";"United States";"Rockville";"Maryland";"2016-12-01";"2017-04-15"
2201;"JE-15745";"Joel Eaton";"Consumer";"United States";"San Jose";"California";"2017-04-16";"2017-06-15"
2202;"JE-15745";"Joel Eaton";"Consumer";"United States";"Florence";"Kentucky";"2017-06-16";"2017-09-21"
2203;"JE-15745";"Joel Eaton";"Consumer";"United States";"Fayetteville";"Arkansas";"2017-09-22";"2017-11-08"
2204;"JE-15745";"Joel Eaton";"Consumer";"United States";"Oceanside";"California";"2017-11-09";"2099-01-01"
2205;"JE-16165";"Justin Ellison";"Corporate";"United States";"Franklin";"Wisconsin";"2016-12-05";"2017-10-19"
2206;"JE-16165";"Justin Ellison";"Corporate";"United States";"Woodland";"California";"2017-10-20";"2017-12-09"
2207;"JE-16165";"Justin Ellison";"Corporate";"United States";"North Charleston";"South Carolina";"2017-12-10";"2099-01-01"
2208;"JF-15190";"Jamie Frazer";"Consumer";"United States";"Johnson City";"Tennessee";"2014-11-15";"2015-09-23"
2209;"JF-15190";"Jamie Frazer";"Consumer";"United States";"New York City";"New York";"2015-09-24";"2016-12-01"
2210;"JF-15190";"Jamie Frazer";"Consumer";"United States";"New York City";"New York";"2016-12-02";"2017-01-06"
2211;"JF-15190";"Jamie Frazer";"Consumer";"United States";"Long Beach";"California";"2017-01-07";"2017-04-01"
2212;"JF-15190";"Jamie Frazer";"Consumer";"United States";"Los Angeles";"California";"2017-04-02";"2017-07-08"
2213;"JF-15190";"Jamie Frazer";"Consumer";"United States";"Manchester";"Connecticut";"2017-07-09";"2017-10-25"
2214;"JF-15190";"Jamie Frazer";"Consumer";"United States";"Philadelphia";"Pennsylvania";"2017-10-26";"2099-01-01"
2215;"JF-15295";"Jason Fortune-";"Consumer";"United States";"Logan";"Utah";"2014-03-14";"2016-04-11"
2216;"JF-15295";"Jason Fortune-";"Consumer";"United States";"Los Angeles";"California";"2016-04-12";"2016-10-29"
2217;"JF-15295";"Jason Fortune-";"Consumer";"United States";"Sterling Heights";"Michigan";"2016-10-30";"2017-05-14"
2218;"JF-15295";"Jason Fortune-";"Consumer";"United States";"Seattle";"Washington";"2017-05-15";"2017-05-18"
2219;"JF-15295";"Jason Fortune-";"Consumer";"United States";"Plano";"Texas";"2017-05-19";"2099-01-01"
2220;"JF-15355";"Jay Fein";"Consumer";"United States";"San Diego";"California";"2015-10-23";"2016-06-30"
2221;"JF-15355";"Jay Fein";"Consumer";"United States";"Columbia";"South Carolina";"2016-07-01";"2017-02-03"
2222;"JF-15355";"Jay Fein";"Consumer";"United States";"Rochester";"New York";"2017-02-04";"2017-04-22"
2223;"JF-15355";"Jay Fein";"Consumer";"United States";"Pasadena";"California";"2017-04-23";"2017-07-29"
2224;"JF-15355";"Jay Fein";"Consumer";"United States";"Baltimore";"Maryland";"2017-07-30";"2017-09-15"
2225;"JF-15355";"Jay Fein";"Consumer";"United States";"Austin";"Texas";"2017-09-16";"2099-01-01"
2226;"JF-15415";"Jennifer Ferguson";"Consumer";"United States";"Chicago";"Illinois";"2014-06-17";"2014-08-21"
2227;"JF-15415";"Jennifer Ferguson";"Consumer";"United States";"Saint Charles";"Missouri";"2014-08-22";"2015-04-04"
2228;"JF-15415";"Jennifer Ferguson";"Consumer";"United States";"Spokane";"Washington";"2015-04-05";"2015-10-24"
2229;"JF-15415";"Jennifer Ferguson";"Consumer";"United States";"Sparks";"Nevada";"2015-10-25";"2017-09-10"
2230;"JF-15415";"Jennifer Ferguson";"Consumer";"United States";"Seattle";"Washington";"2017-09-11";"2017-12-27"
2231;"JF-15415";"Jennifer Ferguson";"Consumer";"United States";"New York City";"New York";"2017-12-28";"2099-01-01"
2232;"JF-15490";"Jeremy Farry";"Consumer";"United States";"Los Angeles";"California";"2014-10-19";"2014-12-26"
2233;"JF-15490";"Jeremy Farry";"Consumer";"United States";"San Francisco";"California";"2014-12-27";"2015-10-04"
2234;"JF-15490";"Jeremy Farry";"Consumer";"United States";"Portland";"Oregon";"2015-10-05";"2015-10-31"
2235;"JF-15490";"Jeremy Farry";"Consumer";"United States";"New York City";"New York";"2015-11-01";"2015-12-06"
2236;"JF-15490";"Jeremy Farry";"Consumer";"United States";"Seattle";"Washington";"2015-12-07";"2016-01-29"
2237;"JF-15490";"Jeremy Farry";"Consumer";"United States";"San Francisco";"California";"2016-01-30";"2016-05-21"
2238;"JF-15490";"Jeremy Farry";"Consumer";"United States";"Athens";"Georgia";"2016-05-22";"2017-01-19"
2239;"JF-15490";"Jeremy Farry";"Consumer";"United States";"Waterbury";"Connecticut";"2017-01-20";"2017-04-29"
2240;"JF-15490";"Jeremy Farry";"Consumer";"United States";"Columbus";"Ohio";"2017-04-30";"2017-05-05"
2241;"JF-15490";"Jeremy Farry";"Consumer";"United States";"Chicago";"Illinois";"2017-05-06";"2017-08-30"
2242;"JF-15490";"Jeremy Farry";"Consumer";"United States";"Tempe";"Arizona";"2017-08-31";"2099-01-01"
2243;"JF-15565";"Jill Fjeld";"Consumer";"United States";"Philadelphia";"Pennsylvania";"2014-10-11";"2015-02-08"
2244;"JF-15565";"Jill Fjeld";"Consumer";"United States";"Decatur";"Illinois";"2015-02-09";"2015-06-24"
2245;"JF-15565";"Jill Fjeld";"Consumer";"United States";"San Francisco";"California";"2015-06-25";"2016-02-15"
2246;"JF-15565";"Jill Fjeld";"Consumer";"United States";"New York City";"New York";"2016-02-16";"2016-08-07"
2247;"JF-15565";"Jill Fjeld";"Consumer";"United States";"Dallas";"Texas";"2016-08-08";"2016-09-10"
2248;"JF-15565";"Jill Fjeld";"Consumer";"United States";"Newport News";"Virginia";"2016-09-11";"2016-10-20"
2249;"JF-15565";"Jill Fjeld";"Consumer";"United States";"San Antonio";"Texas";"2016-10-21";"2017-11-05"
2250;"JF-15565";"Jill Fjeld";"Consumer";"United States";"Fayetteville";"North Carolina";"2017-11-06";"2099-01-01"
2251;"JG-15115";"Jack Garza";"Consumer";"United States";"Des Moines";"Washington";"2014-09-21";"2014-10-07"
2252;"JG-15115";"Jack Garza";"Consumer";"United States";"Charlotte";"North Carolina";"2014-10-08";"2015-12-02"
2253;"JG-15115";"Jack Garza";"Consumer";"United States";"Jacksonville";"North Carolina";"2015-12-03";"2099-01-01"
2254;"JG-15160";"James Galang";"Consumer";"United States";"New York City";"New York";"2014-05-30";"2014-06-20"
2255;"JG-15160";"James Galang";"Consumer";"United States";"Long Beach";"New York";"2014-06-21";"2015-05-11"
2256;"JG-15160";"James Galang";"Consumer";"United States";"Houston";"Texas";"2015-05-12";"2015-12-18"
2257;"JG-15160";"James Galang";"Consumer";"United States";"Los Angeles";"California";"2015-12-19";"2016-07-23"
2258;"JG-15160";"James Galang";"Consumer";"United States";"Lafayette";"Louisiana";"2016-07-24";"2016-09-26"
2259;"JG-15160";"James Galang";"Consumer";"United States";"Atlanta";"Georgia";"2016-09-27";"2016-12-04"
2260;"JG-15160";"James Galang";"Consumer";"United States";"New York City";"New York";"2016-12-05";"2016-12-04"
2261;"JG-15160";"James Galang";"Consumer";"United States";"Murray";"Kentucky";"2016-12-05";"2017-05-26"
2262;"JG-15160";"James Galang";"Consumer";"United States";"Pocatello";"Idaho";"2017-05-27";"2017-08-14"
2263;"JG-15160";"James Galang";"Consumer";"United States";"Plainfield";"New Jersey";"2017-08-15";"2017-12-28"
2264;"JG-15160";"James Galang";"Consumer";"United States";"Los Angeles";"California";"2017-12-29";"2099-01-01"
2265;"JG-15310";"Jason Gross";"Corporate";"United States";"Odessa";"Texas";"2016-03-03";"2016-05-29"
2266;"JG-15310";"Jason Gross";"Corporate";"United States";"Los Angeles";"California";"2016-05-30";"2016-07-20"
2267;"JG-15310";"Jason Gross";"Corporate";"United States";"Newark";"Ohio";"2016-07-21";"2017-11-23"
2268;"JG-15310";"Jason Gross";"Corporate";"United States";"Odessa";"Texas";"2017-11-24";"2017-12-21"
2269;"JG-15310";"Jason Gross";"Corporate";"United States";"Providence";"Rhode Island";"2017-12-22";"2017-12-27"
2270;"JG-15310";"Jason Gross";"Corporate";"United States";"Long Beach";"California";"2017-12-28";"2099-01-01"
2271;"JG-15805";"John Grady";"Corporate";"United States";"Decatur";"Illinois";"2014-04-05";"2014-10-06"
2272;"JG-15805";"John Grady";"Corporate";"United States";"Dallas";"Texas";"2014-10-07";"2014-11-17"
2273;"JG-15805";"John Grady";"Corporate";"United States";"Provo";"Utah";"2014-11-18";"2015-11-15"
2274;"JG-15805";"John Grady";"Corporate";"United States";"San Diego";"California";"2015-11-16";"2016-06-25"
2275;"JG-15805";"John Grady";"Corporate";"United States";"New York City";"New York";"2016-06-26";"2017-05-20"
2276;"JG-15805";"John Grady";"Corporate";"United States";"Auburn";"New York";"2017-05-21";"2099-01-01"
2277;"JH-15430";"Jennifer Halladay";"Consumer";"United States";"Medford";"Oregon";"2014-02-24";"2017-11-18"
2278;"JH-15430";"Jennifer Halladay";"Consumer";"United States";"Cleveland";"Ohio";"2017-11-19";"2017-11-19"
2279;"JH-15430";"Jennifer Halladay";"Consumer";"United States";"Burlington";"North Carolina";"2017-11-20";"2017-12-24"
2280;"JH-15430";"Jennifer Halladay";"Consumer";"United States";"Hialeah";"Florida";"2017-12-25";"2099-01-01"
2281;"JH-15820";"John Huston";"Consumer";"United States";"Midland";"Michigan";"2014-05-19";"2015-03-27"
2282;"JH-15820";"John Huston";"Consumer";"United States";"New York City";"New York";"2015-03-28";"2015-09-02"
2283;"JH-15820";"John Huston";"Consumer";"United States";"Holland";"Michigan";"2015-09-03";"2015-11-20"
2284;"JH-15820";"John Huston";"Consumer";"United States";"Monroe";"North Carolina";"2015-11-21";"2017-01-26"
2285;"JH-15820";"John Huston";"Consumer";"United States";"Kent";"Ohio";"2017-01-27";"2017-07-08"
2286;"JH-15820";"John Huston";"Consumer";"United States";"Chicago";"Illinois";"2017-07-09";"2099-01-01"
2287;"JH-15910";"Jonathan Howell";"Consumer";"United States";"West Palm Beach";"Florida";"2015-06-12";"2015-09-12"
2288;"JH-15910";"Jonathan Howell";"Consumer";"United States";"Atlanta";"Georgia";"2015-09-13";"2016-10-05"
2289;"JH-15910";"Jonathan Howell";"Consumer";"United States";"Tulsa";"Oklahoma";"2016-10-06";"2016-10-27"
2290;"JH-15910";"Jonathan Howell";"Consumer";"United States";"Los Angeles";"California";"2016-10-28";"2017-05-11"
2291;"JH-15910";"Jonathan Howell";"Consumer";"United States";"Cincinnati";"Ohio";"2017-05-12";"2017-05-27"
2292;"JH-15910";"Jonathan Howell";"Consumer";"United States";"Houston";"Texas";"2017-05-28";"2017-11-18"
2293;"JH-15910";"Jonathan Howell";"Consumer";"United States";"Chicago";"Illinois";"2017-11-19";"2099-01-01"
2294;"JH-15985";"Joseph Holt";"Consumer";"United States";"Seattle";"Washington";"2014-08-09";"2015-01-27"
2295;"JH-15985";"Joseph Holt";"Consumer";"United States";"Concord";"North Carolina";"2015-01-28";"2015-12-14"
2296;"JH-15985";"Joseph Holt";"Consumer";"United States";"Seattle";"Washington";"2015-12-15";"2016-09-04"
2297;"JH-15985";"Joseph Holt";"Consumer";"United States";"Redondo Beach";"California";"2016-09-05";"2016-11-04"
2298;"JH-15985";"Joseph Holt";"Consumer";"United States";"San Francisco";"California";"2016-11-05";"2017-11-30"
2299;"JH-15985";"Joseph Holt";"Consumer";"United States";"Saginaw";"Michigan";"2017-12-01";"2099-01-01"
2300;"JH-16180";"Justin Hirsh";"Consumer";"United States";"Pueblo";"Colorado";"2015-05-25";"2015-10-31"
2301;"JH-16180";"Justin Hirsh";"Consumer";"United States";"New York City";"New York";"2015-11-01";"2016-04-04"
2302;"JH-16180";"Justin Hirsh";"Consumer";"United States";"Philadelphia";"Pennsylvania";"2016-04-05";"2016-11-20"
2303;"JH-16180";"Justin Hirsh";"Consumer";"United States";"Gresham";"Oregon";"2016-11-21";"2099-01-01"
2304;"JJ-15445";"Jennifer Jackson";"Consumer";"United States";"Chicago";"Illinois";"2015-03-05";"2015-06-12"
2305;"JJ-15445";"Jennifer Jackson";"Consumer";"United States";"Los Angeles";"California";"2015-06-13";"2015-09-27"
2306;"JJ-15445";"Jennifer Jackson";"Consumer";"United States";"New York City";"New York";"2015-09-28";"2016-06-15"
2307;"JJ-15445";"Jennifer Jackson";"Consumer";"United States";"Newark";"Delaware";"2016-06-16";"2016-09-02"
2308;"JJ-15445";"Jennifer Jackson";"Consumer";"United States";"Waukesha";"Wisconsin";"2016-09-03";"2099-01-01"
2309;"JJ-15760";"Joel Jenkins";"Home Office";"United States";"Springfield";"Virginia";"2015-10-05";"2015-12-07"
2310;"JJ-15760";"Joel Jenkins";"Home Office";"United States";"Houston";"Texas";"2015-12-08";"2099-01-01"
2311;"JK-15205";"Jamie Kunitz";"Consumer";"United States";"Niagara Falls";"New York";"2014-07-11";"2015-09-26"
2312;"JK-15205";"Jamie Kunitz";"Consumer";"United States";"Arlington";"Virginia";"2015-09-27";"2015-11-19"
2313;"JK-15205";"Jamie Kunitz";"Consumer";"United States";"Marion";"Ohio";"2015-11-20";"2016-09-30"
2314;"JK-15205";"Jamie Kunitz";"Consumer";"United States";"Hialeah";"Florida";"2016-10-01";"2017-10-29"
2315;"JK-15205";"Jamie Kunitz";"Consumer";"United States";"San Francisco";"California";"2017-10-30";"2099-01-01"
2316;"JK-15325";"Jason Klamczynski";"Corporate";"United States";"Dallas";"Texas";"2014-11-21";"2016-01-30"
2317;"JK-15325";"Jason Klamczynski";"Corporate";"United States";"Atlantic City";"New Jersey";"2016-01-31";"2017-03-17"
2318;"JK-15325";"Jason Klamczynski";"Corporate";"United States";"Los Angeles";"California";"2017-03-18";"2099-01-01"
2319;"JK-15370";"Jay Kimmel";"Consumer";"United States";"Miami";"Florida";"2014-04-11";"2015-04-08"
2320;"JK-15370";"Jay Kimmel";"Consumer";"United States";"Long Beach";"California";"2015-04-09";"2015-12-18"
2321;"JK-15370";"Jay Kimmel";"Consumer";"United States";"Philadelphia";"Pennsylvania";"2015-12-19";"2016-08-20"
2322;"JK-15370";"Jay Kimmel";"Consumer";"United States";"New York City";"New York";"2016-08-21";"2016-11-24"
2323;"JK-15370";"Jay Kimmel";"Consumer";"United States";"Huntsville";"Alabama";"2016-11-25";"2017-08-06"
2324;"JK-15370";"Jay Kimmel";"Consumer";"United States";"San Diego";"California";"2017-08-07";"2017-08-12"
2325;"JK-15370";"Jay Kimmel";"Consumer";"United States";"San Francisco";"California";"2017-08-13";"2017-11-15"
2326;"JK-15370";"Jay Kimmel";"Consumer";"United States";"Fresno";"California";"2017-11-16";"2099-01-01"
2327;"JK-15625";"Jim Karlsson";"Consumer";"United States";"Jackson";"Mississippi";"2014-05-31";"2014-06-28"
2328;"JK-15625";"Jim Karlsson";"Consumer";"United States";"New York City";"New York";"2014-06-29";"2014-08-18"
2329;"JK-15625";"Jim Karlsson";"Consumer";"United States";"Columbus";"Ohio";"2014-08-19";"2014-12-07"
2330;"JK-15625";"Jim Karlsson";"Consumer";"United States";"Olympia";"Washington";"2014-12-08";"2015-08-06"
2331;"JK-15625";"Jim Karlsson";"Consumer";"United States";"Philadelphia";"Pennsylvania";"2015-08-07";"2015-12-24"
2332;"JK-15625";"Jim Karlsson";"Consumer";"United States";"New York City";"New York";"2015-12-25";"2017-10-29"
2333;"JK-15625";"Jim Karlsson";"Consumer";"United States";"Seattle";"Washington";"2017-10-30";"2099-01-01"
2334;"JK-15640";"Jim Kriz";"Home Office";"United States";"San Francisco";"California";"2014-09-19";"2014-09-22"
2335;"JK-15640";"Jim Kriz";"Home Office";"United States";"Lakewood";"Ohio";"2014-09-23";"2015-03-15"
2336;"JK-15640";"Jim Kriz";"Home Office";"United States";"New York City";"New York";"2015-03-16";"2015-04-28"
2337;"JK-15640";"Jim Kriz";"Home Office";"United States";"Philadelphia";"Pennsylvania";"2015-04-29";"2015-12-10"
2338;"JK-15640";"Jim Kriz";"Home Office";"United States";"San Bernardino";"California";"2015-12-11";"2015-12-14"
2339;"JK-15640";"Jim Kriz";"Home Office";"United States";"New York City";"New York";"2015-12-15";"2015-12-17"
2340;"JK-15640";"Jim Kriz";"Home Office";"United States";"Cleveland";"Ohio";"2015-12-18";"2015-12-24"
2341;"JK-15640";"Jim Kriz";"Home Office";"United States";"New York City";"New York";"2015-12-25";"2017-07-02"
2342;"JK-15640";"Jim Kriz";"Home Office";"United States";"Seattle";"Washington";"2017-07-03";"2099-01-01"
2343;"JK-15730";"Joe Kamberova";"Consumer";"United States";"Des Plaines";"Illinois";"2014-11-18";"2014-11-30"
2344;"JK-15730";"Joe Kamberova";"Consumer";"United States";"Columbus";"Ohio";"2014-12-01";"2015-03-19"
2345;"JK-15730";"Joe Kamberova";"Consumer";"United States";"Carrollton";"Texas";"2015-03-20";"2015-11-12"
2346;"JK-15730";"Joe Kamberova";"Consumer";"United States";"Jacksonville";"North Carolina";"2015-11-13";"2016-05-19"
2347;"JK-15730";"Joe Kamberova";"Consumer";"United States";"Asheville";"North Carolina";"2016-05-20";"2016-09-28"
2348;"JK-15730";"Joe Kamberova";"Consumer";"United States";"Mobile";"Alabama";"2016-09-29";"2017-06-21"
2349;"JK-15730";"Joe Kamberova";"Consumer";"United States";"Chicago";"Illinois";"2017-06-22";"2017-09-02"
2350;"JK-15730";"Joe Kamberova";"Consumer";"United States";"Concord";"California";"2017-09-03";"2017-10-06"
2351;"JK-15730";"Joe Kamberova";"Consumer";"United States";"Houston";"Texas";"2017-10-07";"2099-01-01"
2352;"JK-16090";"Juliana Krohn";"Consumer";"United States";"Louisville";"Kentucky";"2015-04-21";"2017-10-01"
2353;"JK-16090";"Juliana Krohn";"Consumer";"United States";"Springfield";"Oregon";"2017-10-02";"2017-12-01"
2354;"JK-16090";"Juliana Krohn";"Consumer";"United States";"Omaha";"Nebraska";"2017-12-02";"2099-01-01"
2355;"JK-16120";"Julie Kriz";"Home Office";"United States";"Fort Lauderdale";"Florida";"2014-11-02";"2015-08-09"
2356;"JK-16120";"Julie Kriz";"Home Office";"United States";"Eagan";"Minnesota";"2015-08-10";"2015-10-03"
2357;"JK-16120";"Julie Kriz";"Home Office";"United States";"Philadelphia";"Pennsylvania";"2015-10-04";"2016-04-14"
2358;"JK-16120";"Julie Kriz";"Home Office";"United States";"San Diego";"California";"2016-04-15";"2016-09-02"
2359;"JK-16120";"Julie Kriz";"Home Office";"United States";"Aurora";"Illinois";"2016-09-03";"2016-11-20"
2360;"JK-16120";"Julie Kriz";"Home Office";"United States";"New York City";"New York";"2016-11-21";"2016-12-17"
2361;"JK-16120";"Julie Kriz";"Home Office";"United States";"New York City";"New York";"2016-12-18";"2017-02-16"
2362;"JK-16120";"Julie Kriz";"Home Office";"United States";"Chicago";"Illinois";"2017-02-17";"2017-05-10"
2363;"JK-16120";"Julie Kriz";"Home Office";"United States";"Austin";"Texas";"2017-05-11";"2017-09-03"
2364;"JK-16120";"Julie Kriz";"Home Office";"United States";"Garland";"Texas";"2017-09-04";"2099-01-01"
2365;"JL-15130";"Jack Lebron";"Consumer";"United States";"New Rochelle";"New York";"2014-07-18";"2014-08-31"
2366;"JL-15130";"Jack Lebron";"Consumer";"United States";"Houston";"Texas";"2014-09-01";"2016-04-23"
2367;"JL-15130";"Jack Lebron";"Consumer";"United States";"Riverside";"California";"2016-04-24";"2017-04-10"
2368;"JL-15130";"Jack Lebron";"Consumer";"United States";"Lancaster";"Ohio";"2017-04-11";"2017-04-27"
2369;"JL-15130";"Jack Lebron";"Consumer";"United States";"Wilmington";"North Carolina";"2017-04-28";"2017-12-21"
2370;"JL-15130";"Jack Lebron";"Consumer";"United States";"Jackson";"Tennessee";"2017-12-22";"2099-01-01"
2371;"JL-15175";"James Lanier";"Home Office";"United States";"Reno";"Nevada";"2014-12-31";"2015-01-04"
2372;"JL-15175";"James Lanier";"Home Office";"United States";"San Francisco";"California";"2015-01-05";"2016-06-15"
2373;"JL-15175";"James Lanier";"Home Office";"United States";"Chattanooga";"Tennessee";"2016-06-16";"2017-11-03"
2374;"JL-15175";"James Lanier";"Home Office";"United States";"Columbia";"Tennessee";"2017-11-04";"2017-12-23"
2375;"JL-15175";"James Lanier";"Home Office";"United States";"Chandler";"Arizona";"2017-12-24";"2099-01-01"
2376;"JL-15235";"Janet Lee";"Consumer";"United States";"Chicago";"Illinois";"2014-05-25";"2015-11-29"
2377;"JL-15235";"Janet Lee";"Consumer";"United States";"New York City";"New York";"2015-11-30";"2016-06-04"
2378;"JL-15235";"Janet Lee";"Consumer";"United States";"Newark";"Delaware";"2016-06-05";"2017-04-27"
2379;"JL-15235";"Janet Lee";"Consumer";"United States";"Kissimmee";"Florida";"2017-04-28";"2017-09-01"
2380;"JL-15235";"Janet Lee";"Consumer";"United States";"Los Angeles";"California";"2017-09-02";"2099-01-01"
2381;"JL-15505";"Jeremy Lonsdale";"Consumer";"United States";"Midland";"Michigan";"2014-11-14";"2014-11-29"
2382;"JL-15505";"Jeremy Lonsdale";"Consumer";"United States";"Mount Vernon";"New York";"2014-11-30";"2016-04-07"
2383;"JL-15505";"Jeremy Lonsdale";"Consumer";"United States";"New York City";"New York";"2016-04-08";"2017-05-24"
2384;"JL-15505";"Jeremy Lonsdale";"Consumer";"United States";"Houston";"Texas";"2017-05-25";"2017-08-06"
2385;"JL-15505";"Jeremy Lonsdale";"Consumer";"United States";"Westminster";"California";"2017-08-07";"2017-11-10"
2386;"JL-15505";"Jeremy Lonsdale";"Consumer";"United States";"Aberdeen";"South Dakota";"2017-11-11";"2099-01-01"
2387;"JL-15835";"John Lee";"Consumer";"United States";"Los Angeles";"California";"2014-04-18";"2014-07-06"
2388;"JL-15835";"John Lee";"Consumer";"United States";"Philadelphia";"Pennsylvania";"2014-07-07";"2014-09-18"
2389;"JL-15835";"John Lee";"Consumer";"United States";"Charlotte";"North Carolina";"2014-09-19";"2015-12-16"
2390;"JL-15835";"John Lee";"Consumer";"United States";"Detroit";"Michigan";"2015-12-17";"2016-04-29"
2391;"JL-15835";"John Lee";"Consumer";"United States";"New York City";"New York";"2016-04-30";"2017-02-01"
2392;"JL-15835";"John Lee";"Consumer";"United States";"Los Angeles";"California";"2017-02-02";"2017-03-24"
2393;"JL-15835";"John Lee";"Consumer";"United States";"New York City";"New York";"2017-03-25";"2017-07-13"
2394;"JL-15835";"John Lee";"Consumer";"United States";"Columbus";"Ohio";"2017-07-14";"2017-07-29"
2395;"JL-15835";"John Lee";"Consumer";"United States";"Mission Viejo";"California";"2017-07-30";"2017-11-23"
2396;"JL-15835";"John Lee";"Consumer";"United States";"San Francisco";"California";"2017-11-24";"2017-12-08"
2397;"JL-15835";"John Lee";"Consumer";"United States";"Richmond";"Kentucky";"2017-12-09";"2099-01-01"
2398;"JL-15850";"John Lucas";"Consumer";"United States";"Houston";"Texas";"2014-07-22";"2015-03-05"
2399;"JL-15850";"John Lucas";"Consumer";"United States";"San Francisco";"California";"2015-03-06";"2015-04-01"
2400;"JL-15850";"John Lucas";"Consumer";"United States";"Mesa";"Arizona";"2015-04-02";"2015-04-24"
2401;"JL-15850";"John Lucas";"Consumer";"United States";"New York City";"New York";"2015-04-25";"2015-05-28"
2402;"JL-15850";"John Lucas";"Consumer";"United States";"Seattle";"Washington";"2015-05-29";"2016-04-24"
2403;"JL-15850";"John Lucas";"Consumer";"United States";"Philadelphia";"Pennsylvania";"2016-04-25";"2099-01-01"
2404;"JM-15250";"Janet Martin";"Consumer";"United States";"New York City";"New York";"2016-03-29";"2016-12-31"
2405;"JM-15250";"Janet Martin";"Consumer";"United States";"Huntsville";"Texas";"2017-01-01";"2017-04-20"
2406;"JM-15250";"Janet Martin";"Consumer";"United States";"Baltimore";"Maryland";"2017-04-21";"2017-08-13"
2407;"JM-15250";"Janet Martin";"Consumer";"United States";"Los Angeles";"California";"2017-08-14";"2017-10-27"
2408;"JM-15250";"Janet Martin";"Consumer";"United States";"Fayetteville";"North Carolina";"2017-10-28";"2017-11-22"
2409;"JM-15250";"Janet Martin";"Consumer";"United States";"Charlotte";"North Carolina";"2017-11-23";"2099-01-01"
2410;"JM-15265";"Janet Molinari";"Corporate";"United States";"Los Angeles";"California";"2014-08-25";"2015-05-30"
2411;"JM-15265";"Janet Molinari";"Corporate";"United States";"Chicago";"Illinois";"2015-05-31";"2016-11-18"
2412;"JM-15265";"Janet Molinari";"Corporate";"United States";"Seattle";"Washington";"2016-11-19";"2016-12-10"
2413;"JM-15265";"Janet Molinari";"Corporate";"United States";"New York City";"New York";"2016-12-11";"2017-11-22"
2414;"JM-15265";"Janet Molinari";"Corporate";"United States";"Canton";"Michigan";"2017-11-23";"2099-01-01"
2415;"JM-15535";"Jessica Myrick";"Consumer";"United States";"Philadelphia";"Pennsylvania";"2014-09-13";"2015-04-16"
2416;"JM-15535";"Jessica Myrick";"Consumer";"United States";"New York City";"New York";"2015-04-17";"2015-07-16"
2417;"JM-15535";"Jessica Myrick";"Consumer";"United States";"Bakersfield";"California";"2015-07-17";"2016-04-16"
2418;"JM-15535";"Jessica Myrick";"Consumer";"United States";"Lakewood";"California";"2016-04-17";"2016-12-23"
2419;"JM-15535";"Jessica Myrick";"Consumer";"United States";"New York City";"New York";"2016-12-24";"2017-09-11"
2420;"JM-15535";"Jessica Myrick";"Consumer";"United States";"Los Angeles";"California";"2017-09-12";"2017-09-18"
2421;"JM-15535";"Jessica Myrick";"Consumer";"United States";"New York City";"New York";"2017-09-19";"2099-01-01"
2422;"JM-15580";"Jill Matthias";"Consumer";"United States";"Baltimore";"Maryland";"2016-04-14";"2016-05-11"
2423;"JM-15580";"Jill Matthias";"Consumer";"United States";"Seattle";"Washington";"2016-05-12";"2016-08-13"
2424;"JM-15580";"Jill Matthias";"Consumer";"United States";"Los Angeles";"California";"2016-08-14";"2016-09-07"
2425;"JM-15580";"Jill Matthias";"Consumer";"United States";"Monroe";"North Carolina";"2016-09-08";"2017-12-29"
2426;"JM-15580";"Jill Matthias";"Consumer";"United States";"Loveland";"Colorado";"2017-12-30";"2099-01-01"
2427;"JM-15655";"Jim Mitchum";"Corporate";"United States";"Glendale";"Arizona";"2014-04-08";"2016-10-28"
2428;"JM-15655";"Jim Mitchum";"Corporate";"United States";"Bridgeton";"New Jersey";"2016-10-29";"2016-12-11"
2429;"JM-15655";"Jim Mitchum";"Corporate";"United States";"Lorain";"Ohio";"2016-12-12";"2017-10-26"
2430;"JM-15655";"Jim Mitchum";"Corporate";"United States";"Los Angeles";"California";"2017-10-27";"2017-12-21"
2431;"JM-15655";"Jim Mitchum";"Corporate";"United States";"Carlsbad";"New Mexico";"2017-12-22";"2099-01-01"
2432;"JM-15865";"John Murray";"Consumer";"United States";"Jamestown";"New York";"2014-11-19";"2015-08-15"
2433;"JM-15865";"John Murray";"Consumer";"United States";"Phoenix";"Arizona";"2015-08-16";"2015-11-29"
2434;"JM-15865";"John Murray";"Consumer";"United States";"Las Vegas";"Nevada";"2015-11-30";"2015-12-19"
2435;"JM-15865";"John Murray";"Consumer";"United States";"Arlington";"Virginia";"2015-12-20";"2016-11-30"
2436;"JM-15865";"John Murray";"Consumer";"United States";"San Angelo";"Texas";"2016-12-01";"2017-05-15"
2437;"JM-15865";"John Murray";"Consumer";"United States";"Akron";"Ohio";"2017-05-16";"2017-09-11"
2438;"JM-15865";"John Murray";"Consumer";"United States";"Los Angeles";"California";"2017-09-12";"2099-01-01"
2439;"JM-16195";"Justin MacKendrick";"Consumer";"United States";"Louisville";"Kentucky";"2014-04-30";"2014-09-01"
2440;"JM-16195";"Justin MacKendrick";"Consumer";"United States";"Watertown";"New York";"2014-09-02";"2015-02-14"
2441;"JM-16195";"Justin MacKendrick";"Consumer";"United States";"Los Angeles";"California";"2015-02-15";"2015-06-19"
2442;"JM-16195";"Justin MacKendrick";"Consumer";"United States";"Aurora";"Colorado";"2015-06-20";"2015-11-04"
2443;"JM-16195";"Justin MacKendrick";"Consumer";"United States";"San Francisco";"California";"2015-11-05";"2016-05-29"
2444;"JM-16195";"Justin MacKendrick";"Consumer";"United States";"Hamilton";"Ohio";"2016-05-30";"2016-11-13"
2445;"JM-16195";"Justin MacKendrick";"Consumer";"United States";"Newark";"Delaware";"2016-11-14";"2017-08-11"
2446;"JM-16195";"Justin MacKendrick";"Consumer";"United States";"Lake Forest";"California";"2017-08-12";"2017-09-06"
2447;"JM-16195";"Justin MacKendrick";"Consumer";"United States";"Draper";"Utah";"2017-09-07";"2017-11-02"
2448;"JM-16195";"Justin MacKendrick";"Consumer";"United States";"Wilmington";"North Carolina";"2017-11-03";"2099-01-01"
2449;"JO-15145";"Jack O'Briant";"Corporate";"United States";"Athens";"Georgia";"2014-01-06";"2014-07-25"
2450;"JO-15145";"Jack O'Briant";"Corporate";"United States";"Draper";"Utah";"2014-07-26";"2014-10-31"
2451;"JO-15145";"Jack O'Briant";"Corporate";"United States";"Richmond";"Kentucky";"2014-11-01";"2014-11-26"
2452;"JO-15145";"Jack O'Briant";"Corporate";"United States";"Buffalo";"New York";"2014-11-27";"2016-01-07"
2453;"JO-15145";"Jack O'Briant";"Corporate";"United States";"Franklin";"Wisconsin";"2016-01-08";"2016-07-28"
2454;"JO-15145";"Jack O'Briant";"Corporate";"United States";"Philadelphia";"Pennsylvania";"2016-07-29";"2017-01-15"
2455;"JO-15145";"Jack O'Briant";"Corporate";"United States";"Los Angeles";"California";"2017-01-16";"2017-10-26"
2456;"JO-15145";"Jack O'Briant";"Corporate";"United States";"San Francisco";"California";"2017-10-27";"2017-11-02"
2457;"JO-15145";"Jack O'Briant";"Corporate";"United States";"Seattle";"Washington";"2017-11-03";"2099-01-01"
2458;"JO-15280";"Jas O'Carroll";"Consumer";"United States";"Philadelphia";"Pennsylvania";"2014-03-31";"2014-12-14"
2459;"JO-15280";"Jas O'Carroll";"Consumer";"United States";"San Diego";"California";"2014-12-15";"2015-11-01"
2460;"JO-15280";"Jas O'Carroll";"Consumer";"United States";"Los Angeles";"California";"2015-11-02";"2015-12-30"
2461;"JO-15280";"Jas O'Carroll";"Consumer";"United States";"Missoula";"Montana";"2015-12-31";"2016-04-18"
2462;"JO-15280";"Jas O'Carroll";"Consumer";"United States";"Los Angeles";"California";"2016-04-19";"2017-09-28"
2463;"JO-15280";"Jas O'Carroll";"Consumer";"United States";"Memphis";"Tennessee";"2017-09-29";"2099-01-01"
2464;"JO-15550";"Jesus Ocampo";"Home Office";"United States";"Seattle";"Washington";"2015-03-19";"2015-05-13"
2465;"JO-15550";"Jesus Ocampo";"Home Office";"United States";"Chester";"Pennsylvania";"2015-05-14";"2017-04-15"
2466;"JO-15550";"Jesus Ocampo";"Home Office";"United States";"San Francisco";"California";"2017-04-16";"2017-05-28"
2467;"JO-15550";"Jesus Ocampo";"Home Office";"United States";"Omaha";"Nebraska";"2017-05-29";"2099-01-01"
2468;"JP-15460";"Jennifer Patt";"Corporate";"United States";"Oceanside";"New York";"2014-08-24";"2015-10-01"
2469;"JP-15460";"Jennifer Patt";"Corporate";"United States";"Lakewood";"New Jersey";"2015-10-02";"2016-07-17"
2470;"JP-15460";"Jennifer Patt";"Corporate";"United States";"Glendale";"Arizona";"2016-07-18";"2016-08-22"
2471;"JP-15460";"Jennifer Patt";"Corporate";"United States";"New York City";"New York";"2016-08-23";"2017-02-12"
2472;"JP-15460";"Jennifer Patt";"Corporate";"United States";"New York City";"New York";"2017-02-13";"2017-11-22"
2473;"JP-15460";"Jennifer Patt";"Corporate";"United States";"Dallas";"Texas";"2017-11-23";"2099-01-01"
2474;"JP-15520";"Jeremy Pistek";"Consumer";"United States";"North Miami";"Florida";"2014-08-22";"2014-11-08"
2475;"JP-15520";"Jeremy Pistek";"Consumer";"United States";"San Francisco";"California";"2014-11-09";"2015-01-29"
2476;"JP-15520";"Jeremy Pistek";"Consumer";"United States";"Houston";"Texas";"2015-01-30";"2016-08-15"
2477;"JP-15520";"Jeremy Pistek";"Consumer";"United States";"Davis";"California";"2016-08-16";"2016-09-03"
2478;"JP-15520";"Jeremy Pistek";"Consumer";"United States";"Jonesboro";"Arkansas";"2016-09-04";"2017-12-07"
2479;"JP-15520";"Jeremy Pistek";"Consumer";"United States";"Madison";"Wisconsin";"2017-12-08";"2017-12-21"
2480;"JP-15520";"Jeremy Pistek";"Consumer";"United States";"Port Orange";"Florida";"2017-12-22";"2099-01-01"
2481;"JP-16135";"Julie Prescott";"Home Office";"United States";"New York City";"New York";"2014-09-23";"2015-07-03"
2482;"JP-16135";"Julie Prescott";"Home Office";"United States";"San Diego";"California";"2015-07-04";"2016-03-10"
2483;"JP-16135";"Julie Prescott";"Home Office";"United States";"Columbus";"Georgia";"2016-03-11";"2016-11-02"
2484;"JP-16135";"Julie Prescott";"Home Office";"United States";"Philadelphia";"Pennsylvania";"2016-11-03";"2016-12-07"
2485;"JP-16135";"Julie Prescott";"Home Office";"United States";"Columbus";"Ohio";"2016-12-08";"2016-12-29"
2486;"JP-16135";"Julie Prescott";"Home Office";"United States";"Los Angeles";"California";"2016-12-30";"2017-02-19"
2487;"JP-16135";"Julie Prescott";"Home Office";"United States";"Muskogee";"Oklahoma";"2017-02-20";"2017-05-11"
2488;"JP-16135";"Julie Prescott";"Home Office";"United States";"Springfield";"Ohio";"2017-05-12";"2017-09-18"
2489;"JP-16135";"Julie Prescott";"Home Office";"United States";"Columbus";"Georgia";"2017-09-19";"2099-01-01"
2490;"JR-15670";"Jim Radford";"Consumer";"United States";"Colorado Springs";"Colorado";"2015-12-24";"2016-05-15"
2491;"JR-15670";"Jim Radford";"Consumer";"United States";"Middletown";"Connecticut";"2016-05-16";"2099-01-01"
2492;"JR-15700";"Jocasta Rupert";"Consumer";"United States";"Jacksonville";"Florida";"2017-10-23";"2099-01-01"
2493;"JR-16210";"Justin Ritter";"Corporate";"United States";"Jacksonville";"Florida";"2015-09-18";"2016-02-08"
2494;"JR-16210";"Justin Ritter";"Corporate";"United States";"San Francisco";"California";"2016-02-09";"2016-04-09"
2495;"JR-16210";"Justin Ritter";"Corporate";"United States";"Springfield";"Ohio";"2016-04-10";"2017-09-18"
2496;"JR-16210";"Justin Ritter";"Corporate";"United States";"Springfield";"Oregon";"2017-09-19";"2017-11-26"
2497;"JR-16210";"Justin Ritter";"Corporate";"United States";"Columbus";"Indiana";"2017-11-27";"2099-01-01"
2498;"JS-15595";"Jill Stevenson";"Corporate";"United States";"Columbus";"Ohio";"2014-03-03";"2015-04-24"
2499;"JS-15595";"Jill Stevenson";"Corporate";"United States";"Los Angeles";"California";"2015-04-25";"2016-10-24"
2500;"JS-15595";"Jill Stevenson";"Corporate";"United States";"Miami";"Florida";"2016-10-25";"2017-09-01"
2501;"JS-15595";"Jill Stevenson";"Corporate";"United States";"Chicago";"Illinois";"2017-09-02";"2099-01-01"
2502;"JS-15685";"Jim Sink";"Corporate";"United States";"Philadelphia";"Pennsylvania";"2016-06-14";"2016-09-16"
2503;"JS-15685";"Jim Sink";"Corporate";"United States";"Los Angeles";"California";"2016-09-17";"2017-06-18"
2504;"JS-15685";"Jim Sink";"Corporate";"United States";"New York City";"New York";"2017-06-19";"2017-11-17"
2505;"JS-15685";"Jim Sink";"Corporate";"United States";"Miramar";"Florida";"2017-11-18";"2099-01-01"
2506;"JS-15880";"John Stevenson";"Consumer";"United States";"Toledo";"Ohio";"2014-04-08";"2015-12-20"
2507;"JS-15880";"John Stevenson";"Consumer";"United States";"Seattle";"Washington";"2015-12-21";"2016-02-11"
2508;"JS-15880";"John Stevenson";"Consumer";"United States";"Atlanta";"Georgia";"2016-02-12";"2016-03-13"
2509;"JS-15880";"John Stevenson";"Consumer";"United States";"Harlingen";"Texas";"2016-03-14";"2016-07-13"
2510;"JS-15880";"John Stevenson";"Consumer";"United States";"Irving";"Texas";"2016-07-14";"2099-01-01"
2511;"JS-15940";"Joni Sundaresam";"Home Office";"United States";"Appleton";"Wisconsin";"2014-05-03";"2014-09-20"
2512;"JS-15940";"Joni Sundaresam";"Home Office";"United States";"Garland";"Texas";"2014-09-21";"2015-01-16"
2513;"JS-15940";"Joni Sundaresam";"Home Office";"United States";"Park Ridge";"Illinois";"2015-01-17";"2016-06-04"
2514;"JS-15940";"Joni Sundaresam";"Home Office";"United States";"Philadelphia";"Pennsylvania";"2016-06-05";"2016-09-22"
2515;"JS-15940";"Joni Sundaresam";"Home Office";"United States";"Lancaster";"Ohio";"2016-09-23";"2099-01-01"
2516;"JS-16030";"Joy Smith";"Consumer";"United States";"Columbus";"Ohio";"2014-02-27";"2016-07-18"
2517;"JS-16030";"Joy Smith";"Consumer";"United States";"Hattiesburg";"Mississippi";"2016-07-19";"2016-10-19"
2518;"JS-16030";"Joy Smith";"Consumer";"United States";"Trenton";"Michigan";"2016-10-20";"2017-02-15"
2519;"JS-16030";"Joy Smith";"Consumer";"United States";"Decatur";"Illinois";"2017-02-16";"2017-10-18"
2520;"JS-16030";"Joy Smith";"Consumer";"United States";"San Francisco";"California";"2017-10-19";"2017-12-01"
2521;"JS-16030";"Joy Smith";"Consumer";"United States";"Houston";"Texas";"2017-12-02";"2099-01-01"
2522;"JW-15220";"Jane Waco";"Corporate";"United States";"Lawrence";"Massachusetts";"2015-04-30";"2016-09-17"
2523;"JW-15220";"Jane Waco";"Corporate";"United States";"San Diego";"California";"2016-09-18";"2017-10-01"
2524;"JW-15220";"Jane Waco";"Corporate";"United States";"Montgomery";"Alabama";"2017-10-02";"2017-10-12"
2525;"JW-15220";"Jane Waco";"Corporate";"United States";"Sacramento";"California";"2017-10-13";"2017-10-29"
2526;"JW-15220";"Jane Waco";"Corporate";"United States";"Vancouver";"Washington";"2017-10-30";"2017-11-17"
2527;"JW-15220";"Jane Waco";"Corporate";"United States";"Lakewood";"Ohio";"2017-11-18";"2099-01-01"
2528;"JW-15955";"Joni Wasserman";"Consumer";"United States";"Philadelphia";"Pennsylvania";"2015-08-16";"2016-12-26"
2529;"JW-15955";"Joni Wasserman";"Consumer";"United States";"Louisville";"Kentucky";"2016-12-27";"2017-04-20"
2530;"JW-15955";"Joni Wasserman";"Consumer";"United States";"Seattle";"Washington";"2017-04-21";"2017-07-26"
2531;"JW-15955";"Joni Wasserman";"Consumer";"United States";"Raleigh";"North Carolina";"2017-07-27";"2017-08-06"
2532;"JW-15955";"Joni Wasserman";"Consumer";"United States";"Long Beach";"New York";"2017-08-07";"2017-10-13"
2533;"JW-15955";"Joni Wasserman";"Consumer";"United States";"Oakland";"California";"2017-10-14";"2017-12-24"
2534;"JW-15955";"Joni Wasserman";"Consumer";"United States";"Louisville";"Kentucky";"2017-12-25";"2099-01-01"
2535;"JW-16075";"Julia West";"Consumer";"United States";"Jacksonville";"North Carolina";"2015-03-21";"2015-12-09"
2536;"JW-16075";"Julia West";"Consumer";"United States";"Chicago";"Illinois";"2015-12-10";"2016-05-08"
2537;"JW-16075";"Julia West";"Consumer";"United States";"Philadelphia";"Pennsylvania";"2016-05-09";"2016-09-24"
2538;"JW-16075";"Julia West";"Consumer";"United States";"San Francisco";"California";"2016-09-25";"2099-01-01"
2539;"KA-16525";"Kelly Andreada";"Consumer";"United States";"New York City";"New York";"2014-03-11";"2015-02-19"
2540;"KA-16525";"Kelly Andreada";"Consumer";"United States";"Perth Amboy";"New Jersey";"2015-02-20";"2015-10-11"
2541;"KA-16525";"Kelly Andreada";"Consumer";"United States";"Seattle";"Washington";"2015-10-12";"2016-12-28"
2542;"KA-16525";"Kelly Andreada";"Consumer";"United States";"Aurora";"Illinois";"2016-12-29";"2017-05-29"
2543;"KA-16525";"Kelly Andreada";"Consumer";"United States";"San Diego";"California";"2017-05-30";"2017-11-19"
2544;"KA-16525";"Kelly Andreada";"Consumer";"United States";"Ontario";"California";"2017-11-20";"2017-11-23"
2545;"KA-16525";"Kelly Andreada";"Consumer";"United States";"New York City";"New York";"2017-11-24";"2099-01-01"
2546;"KB-16240";"Karen Bern";"Corporate";"United States";"Miami";"Florida";"2014-03-31";"2015-11-06"
2547;"KB-16240";"Karen Bern";"Corporate";"United States";"Philadelphia";"Pennsylvania";"2015-11-07";"2015-11-06"
2548;"KB-16240";"Karen Bern";"Corporate";"United States";"Los Angeles";"California";"2015-11-07";"2016-02-05"
2549;"KB-16240";"Karen Bern";"Corporate";"United States";"Chattanooga";"Tennessee";"2016-02-06";"2017-07-10"
2550;"KB-16240";"Karen Bern";"Corporate";"United States";"Los Angeles";"California";"2017-07-11";"2017-09-23"
2551;"KB-16240";"Karen Bern";"Corporate";"United States";"Saint Cloud";"Minnesota";"2017-09-24";"2017-12-25"
2552;"KB-16240";"Karen Bern";"Corporate";"United States";"Odessa";"Texas";"2017-12-26";"2099-01-01"
2553;"KB-16315";"Karl Braun";"Consumer";"United States";"Newark";"Delaware";"2014-08-26";"2014-12-26"
2554;"KB-16315";"Karl Braun";"Consumer";"United States";"Cleveland";"Ohio";"2014-12-27";"2015-01-30"
2555;"KB-16315";"Karl Braun";"Consumer";"United States";"Minneapolis";"Minnesota";"2015-01-31";"2015-02-13"
2556;"KB-16315";"Karl Braun";"Consumer";"United States";"Akron";"Ohio";"2015-02-14";"2015-05-27"
2557;"KB-16315";"Karl Braun";"Consumer";"United States";"Freeport";"New York";"2015-05-28";"2015-05-28"
2558;"KB-16315";"Karl Braun";"Consumer";"United States";"Indianapolis";"Indiana";"2015-05-29";"2015-07-01"
2559;"KB-16315";"Karl Braun";"Consumer";"United States";"Hollywood";"Florida";"2015-07-02";"2016-09-05"
2560;"KB-16315";"Karl Braun";"Consumer";"United States";"Thomasville";"North Carolina";"2016-09-06";"2017-03-08"
2561;"KB-16315";"Karl Braun";"Consumer";"United States";"Los Angeles";"California";"2017-03-09";"2099-01-01"
2562;"KB-16405";"Katrina Bavinger";"Home Office";"United States";"Seattle";"Washington";"2015-11-20";"2017-09-02"
2563;"KB-16405";"Katrina Bavinger";"Home Office";"United States";"New York City";"New York";"2017-09-03";"2017-09-03"
2564;"KB-16405";"Katrina Bavinger";"Home Office";"United States";"Apple Valley";"California";"2017-09-04";"2099-01-01"
2565;"KB-16585";"Ken Black";"Corporate";"United States";"Lafayette";"Louisiana";"2014-04-04";"2014-08-16"
2566;"KB-16585";"Ken Black";"Corporate";"United States";"Houston";"Texas";"2014-08-17";"2014-12-15"
2567;"KB-16585";"Ken Black";"Corporate";"United States";"Hialeah";"Florida";"2014-12-16";"2015-03-09"
2568;"KB-16585";"Ken Black";"Corporate";"United States";"Clinton";"Maryland";"2015-03-10";"2015-04-29"
2569;"KB-16585";"Ken Black";"Corporate";"United States";"San Francisco";"California";"2015-04-30";"2015-09-03"
2570;"KB-16585";"Ken Black";"Corporate";"United States";"Medford";"Oregon";"2015-09-04";"2015-11-13"
2571;"KB-16585";"Ken Black";"Corporate";"United States";"Springfield";"Oregon";"2015-11-14";"2016-01-09"
2572;"KB-16585";"Ken Black";"Corporate";"United States";"Seattle";"Washington";"2016-01-10";"2016-09-07"
2573;"KB-16585";"Ken Black";"Corporate";"United States";"Dallas";"Texas";"2016-09-08";"2016-12-08"
2574;"KB-16585";"Ken Black";"Corporate";"United States";"Fremont";"Nebraska";"2016-12-09";"2017-03-11"
2575;"KB-16585";"Ken Black";"Corporate";"United States";"Lowell";"Massachusetts";"2017-03-12";"2017-05-13"
2576;"KB-16585";"Ken Black";"Corporate";"United States";"Seattle";"Washington";"2017-05-14";"2099-01-01"
2577;"KB-16600";"Ken Brennan";"Corporate";"United States";"Taylor";"Michigan";"2014-12-30";"2015-12-08"
2578;"KB-16600";"Ken Brennan";"Corporate";"United States";"Columbus";"Indiana";"2015-12-09";"2016-06-04"
2579;"KB-16600";"Ken Brennan";"Corporate";"United States";"Seattle";"Washington";"2016-06-05";"2016-06-20"
2580;"KB-16600";"Ken Brennan";"Corporate";"United States";"Chicago";"Illinois";"2016-06-21";"2017-11-12"
2581;"KB-16600";"Ken Brennan";"Corporate";"United States";"New York City";"New York";"2017-11-13";"2017-12-08"
2582;"KB-16600";"Ken Brennan";"Corporate";"United States";"Houston";"Texas";"2017-12-09";"2017-12-28"
2583;"KB-16600";"Ken Brennan";"Corporate";"United States";"Grand Rapids";"Michigan";"2017-12-29";"2099-01-01"
2584;"KC-16255";"Karen Carlisle";"Corporate";"United States";"Macon";"Georgia";"2014-09-08";"2015-07-17"
2585;"KC-16255";"Karen Carlisle";"Corporate";"United States";"New York City";"New York";"2015-07-18";"2015-12-30"
2586;"KC-16255";"Karen Carlisle";"Corporate";"United States";"Henderson";"Kentucky";"2015-12-31";"2016-06-01"
2587;"KC-16255";"Karen Carlisle";"Corporate";"United States";"Philadelphia";"Pennsylvania";"2016-06-02";"2016-11-17"
2588;"KC-16255";"Karen Carlisle";"Corporate";"United States";"Huntsville";"Alabama";"2016-11-18";"2099-01-01"
2589;"KC-16540";"Kelly Collister";"Consumer";"United States";"Seattle";"Washington";"2015-11-02";"2016-09-10"
2590;"KC-16540";"Kelly Collister";"Consumer";"United States";"San Diego";"California";"2016-09-11";"2016-11-13"
2591;"KC-16540";"Kelly Collister";"Consumer";"United States";"Houston";"Texas";"2016-11-14";"2017-09-23"
2592;"KC-16540";"Kelly Collister";"Consumer";"United States";"Newark";"Ohio";"2017-09-24";"2099-01-01"
2593;"KC-16675";"Kimberly Carter";"Corporate";"United States";"Henderson";"Kentucky";"2014-12-13";"2016-05-27"
2594;"KC-16675";"Kimberly Carter";"Corporate";"United States";"Tallahassee";"Florida";"2016-05-28";"2017-05-25"
2595;"KC-16675";"Kimberly Carter";"Corporate";"United States";"Louisville";"Kentucky";"2017-05-26";"2017-11-02"
2596;"KC-16675";"Kimberly Carter";"Corporate";"United States";"Seattle";"Washington";"2017-11-03";"2099-01-01"
2597;"KD-16270";"Karen Daniels";"Consumer";"United States";"Houston";"Texas";"2014-11-11";"2015-12-11"
2598;"KD-16270";"Karen Daniels";"Consumer";"United States";"Los Angeles";"California";"2015-12-12";"2016-02-29"
2599;"KD-16270";"Karen Daniels";"Consumer";"United States";"Yonkers";"New York";"2016-03-01";"2016-06-03"
2600;"KD-16270";"Karen Daniels";"Consumer";"United States";"Springfield";"Virginia";"2016-06-04";"2016-09-01"
2601;"KD-16270";"Karen Daniels";"Consumer";"United States";"New York City";"New York";"2016-09-02";"2099-01-01"
2602;"KD-16345";"Katherine Ducich";"Consumer";"United States";"New York City";"New York";"2014-09-02";"2014-12-12"
2603;"KD-16345";"Katherine Ducich";"Consumer";"United States";"Los Angeles";"California";"2014-12-13";"2015-11-18"
2604;"KD-16345";"Katherine Ducich";"Consumer";"United States";"New York City";"New York";"2015-11-19";"2015-12-19"
2605;"KD-16345";"Katherine Ducich";"Consumer";"United States";"Chicago";"Illinois";"2015-12-20";"2017-06-16"
2606;"KD-16345";"Katherine Ducich";"Consumer";"United States";"San Francisco";"California";"2017-06-17";"2017-11-18"
2607;"KD-16345";"Katherine Ducich";"Consumer";"United States";"Westminster";"California";"2017-11-19";"2099-01-01"
2608;"KD-16495";"Keith Dawkins";"Corporate";"United States";"Fayetteville";"North Carolina";"2014-09-28";"2015-11-07"
2609;"KD-16495";"Keith Dawkins";"Corporate";"United States";"New York City";"New York";"2015-11-08";"2015-11-30"
2610;"KD-16495";"Keith Dawkins";"Corporate";"United States";"Chesapeake";"Virginia";"2015-12-01";"2015-12-09"
2611;"KD-16495";"Keith Dawkins";"Corporate";"United States";"Jackson";"Michigan";"2015-12-10";"2015-12-13"
2612;"KD-16495";"Keith Dawkins";"Corporate";"United States";"Jackson";"Mississippi";"2015-12-14";"2016-09-15"
2613;"KD-16495";"Keith Dawkins";"Corporate";"United States";"San Jose";"California";"2016-09-16";"2016-12-01"
2614;"KD-16495";"Keith Dawkins";"Corporate";"United States";"San Jose";"California";"2016-12-02";"2016-12-15"
2615;"KD-16495";"Keith Dawkins";"Corporate";"United States";"New York City";"New York";"2016-12-16";"2016-12-29"
2616;"KD-16495";"Keith Dawkins";"Corporate";"United States";"Deer Park";"Texas";"2016-12-30";"2017-01-23"
2617;"KD-16495";"Keith Dawkins";"Corporate";"United States";"San Jose";"California";"2017-01-24";"2017-08-12"
2618;"KD-16495";"Keith Dawkins";"Corporate";"United States";"Philadelphia";"Pennsylvania";"2017-08-13";"2017-09-08"
2619;"KD-16495";"Keith Dawkins";"Corporate";"United States";"Los Angeles";"California";"2017-09-09";"2099-01-01"
2620;"KD-16615";"Ken Dana";"Corporate";"United States";"Anaheim";"California";"2015-09-13";"2016-04-29"
2621;"KD-16615";"Ken Dana";"Corporate";"United States";"Scottsdale";"Arizona";"2016-04-30";"2016-08-25"
2622;"KD-16615";"Ken Dana";"Corporate";"United States";"New York City";"New York";"2016-08-26";"2017-03-01"
2623;"KD-16615";"Ken Dana";"Corporate";"United States";"Los Angeles";"California";"2017-03-02";"2017-03-15"
2624;"KD-16615";"Ken Dana";"Corporate";"United States";"Los Angeles";"California";"2017-03-16";"2099-01-01"
2625;"KE-16420";"Katrina Edelman";"Corporate";"United States";"Los Angeles";"California";"2014-04-03";"2014-06-07"
2626;"KE-16420";"Katrina Edelman";"Corporate";"United States";"Bristol";"Tennessee";"2014-06-08";"2014-07-03"
2627;"KE-16420";"Katrina Edelman";"Corporate";"United States";"Aurora";"Colorado";"2014-07-04";"2015-05-31"
2628;"KE-16420";"Katrina Edelman";"Corporate";"United States";"San Antonio";"Texas";"2015-06-01";"2015-07-15"
2629;"KE-16420";"Katrina Edelman";"Corporate";"United States";"New York City";"New York";"2015-07-16";"2016-09-24"
2630;"KE-16420";"Katrina Edelman";"Corporate";"United States";"Tigard";"Oregon";"2016-09-25";"2017-11-12"
2631;"KE-16420";"Katrina Edelman";"Corporate";"United States";"Dallas";"Texas";"2017-11-13";"2017-12-03"
2632;"KE-16420";"Katrina Edelman";"Corporate";"United States";"Philadelphia";"Pennsylvania";"2017-12-04";"2099-01-01"
2633;"KF-16285";"Karen Ferguson";"Home Office";"United States";"San Diego";"California";"2014-09-26";"2016-03-09"
2634;"KF-16285";"Karen Ferguson";"Home Office";"United States";"Los Angeles";"California";"2016-03-10";"2017-03-12"
2635;"KF-16285";"Karen Ferguson";"Home Office";"United States";"Manteca";"California";"2017-03-13";"2017-04-07"
2636;"KF-16285";"Karen Ferguson";"Home Office";"United States";"Plainfield";"New Jersey";"2017-04-08";"2017-06-30"
2637;"KF-16285";"Karen Ferguson";"Home Office";"United States";"Indianapolis";"Indiana";"2017-07-01";"2017-09-10"
2638;"KF-16285";"Karen Ferguson";"Home Office";"United States";"Long Beach";"California";"2017-09-11";"2017-09-23"
2639;"KF-16285";"Karen Ferguson";"Home Office";"United States";"Sandy Springs";"Georgia";"2017-09-24";"2099-01-01"
2640;"KH-16330";"Katharine Harms";"Corporate";"United States";"Revere";"Massachusetts";"2014-04-01";"2014-05-04"
2641;"KH-16330";"Katharine Harms";"Corporate";"United States";"Freeport";"Illinois";"2014-05-05";"2014-11-19"
2642;"KH-16330";"Katharine Harms";"Corporate";"United States";"New York City";"New York";"2014-11-20";"2016-06-26"
2643;"KH-16330";"Katharine Harms";"Corporate";"United States";"Highland Park";"Illinois";"2016-06-27";"2016-07-17"
2644;"KH-16330";"Katharine Harms";"Corporate";"United States";"Bowling Green";"Kentucky";"2016-07-18";"2017-06-18"
2645;"KH-16330";"Katharine Harms";"Corporate";"United States";"Newark";"Ohio";"2017-06-19";"2017-11-16"
2646;"KH-16330";"Katharine Harms";"Corporate";"United States";"Hillsboro";"Oregon";"2017-11-17";"2017-11-19"
2647;"KH-16330";"Katharine Harms";"Corporate";"United States";"New York City";"New York";"2017-11-20";"2099-01-01"
2648;"KH-16360";"Katherine Hughes";"Consumer";"United States";"Dover";"Delaware";"2014-04-29";"2014-05-20"
2649;"KH-16360";"Katherine Hughes";"Consumer";"United States";"Houston";"Texas";"2014-05-21";"2016-07-01"
2650;"KH-16360";"Katherine Hughes";"Consumer";"United States";"Arlington";"Virginia";"2016-07-02";"2016-07-29"
2651;"KH-16360";"Katherine Hughes";"Consumer";"United States";"Chicago";"Illinois";"2016-07-30";"2017-04-02"
2652;"KH-16360";"Katherine Hughes";"Consumer";"United States";"Philadelphia";"Pennsylvania";"2017-04-03";"2017-12-28"
2653;"KH-16360";"Katherine Hughes";"Consumer";"United States";"Louisville";"Kentucky";"2017-12-29";"2099-01-01"
2654;"KH-16510";"Keith Herrera";"Consumer";"United States";"Dallas";"Texas";"2014-08-15";"2014-10-04"
2655;"KH-16510";"Keith Herrera";"Consumer";"United States";"Pomona";"California";"2014-10-05";"2014-12-19"
2656;"KH-16510";"Keith Herrera";"Consumer";"United States";"Seattle";"Washington";"2014-12-20";"2015-06-17"
2657;"KH-16510";"Keith Herrera";"Consumer";"United States";"Arlington";"Virginia";"2015-06-18";"2015-11-12"
2658;"KH-16510";"Keith Herrera";"Consumer";"United States";"San Bernardino";"California";"2015-11-13";"2017-10-27"
2659;"KH-16510";"Keith Herrera";"Consumer";"United States";"Houston";"Texas";"2017-10-28";"2017-12-07"
2660;"KH-16510";"Keith Herrera";"Consumer";"United States";"San Francisco";"California";"2017-12-08";"2099-01-01"
2661;"KH-16630";"Ken Heidel";"Corporate";"United States";"Charlotte";"North Carolina";"2014-11-01";"2015-02-02"
2662;"KH-16630";"Ken Heidel";"Corporate";"United States";"Pleasant Grove";"Utah";"2015-02-03";"2015-09-17"
2663;"KH-16630";"Ken Heidel";"Corporate";"United States";"Clinton";"Maryland";"2015-09-18";"2016-07-24"
2664;"KH-16630";"Ken Heidel";"Corporate";"United States";"Houston";"Texas";"2016-07-25";"2016-12-12"
2665;"KH-16630";"Ken Heidel";"Corporate";"United States";"Norman";"Oklahoma";"2016-12-13";"2017-09-09"
2666;"KH-16630";"Ken Heidel";"Corporate";"United States";"Akron";"Ohio";"2017-09-10";"2017-09-10"
2667;"KH-16630";"Ken Heidel";"Corporate";"United States";"Santa Ana";"California";"2017-09-11";"2017-09-30"
2668;"KH-16630";"Ken Heidel";"Corporate";"United States";"San Antonio";"Texas";"2017-10-01";"2017-11-01"
2669;"KH-16630";"Ken Heidel";"Corporate";"United States";"Seattle";"Washington";"2017-11-02";"2099-01-01"
2670;"KH-16690";"Kristen Hastings";"Corporate";"United States";"Springfield";"Virginia";"2014-03-21";"2015-05-22"
2671;"KH-16690";"Kristen Hastings";"Corporate";"United States";"Woonsocket";"Rhode Island";"2015-05-23";"2015-10-25"
2672;"KH-16690";"Kristen Hastings";"Corporate";"United States";"Springfield";"Oregon";"2015-10-26";"2015-12-06"
2673;"KH-16690";"Kristen Hastings";"Corporate";"United States";"Riverside";"California";"2015-12-07";"2016-07-11"
2674;"KH-16690";"Kristen Hastings";"Corporate";"United States";"Los Angeles";"California";"2016-07-12";"2017-06-14"
2675;"KH-16690";"Kristen Hastings";"Corporate";"United States";"Los Angeles";"California";"2017-06-15";"2017-12-27"
2676;"KH-16690";"Kristen Hastings";"Corporate";"United States";"San Francisco";"California";"2017-12-28";"2099-01-01"
2677;"KL-16555";"Kelly Lampkin";"Corporate";"United States";"San Antonio";"Texas";"2014-06-15";"2014-12-25"
2678;"KL-16555";"Kelly Lampkin";"Corporate";"United States";"Colorado Springs";"Colorado";"2014-12-26";"2016-09-22"
2679;"KL-16555";"Kelly Lampkin";"Corporate";"United States";"Fairfield";"Ohio";"2016-09-23";"2016-11-05"
2680;"KL-16555";"Kelly Lampkin";"Corporate";"United States";"Jacksonville";"Florida";"2016-11-06";"2016-12-30"
2681;"KL-16555";"Kelly Lampkin";"Corporate";"United States";"Reno";"Nevada";"2016-12-31";"2017-07-20"
2682;"KL-16555";"Kelly Lampkin";"Corporate";"United States";"Aurora";"Illinois";"2017-07-21";"2017-11-03"
2683;"KL-16555";"Kelly Lampkin";"Corporate";"United States";"Greensboro";"North Carolina";"2017-11-04";"2017-12-13"
2684;"KL-16555";"Kelly Lampkin";"Corporate";"United States";"Fayetteville";"Arkansas";"2017-12-14";"2099-01-01"
2685;"KL-16645";"Ken Lonsdale";"Consumer";"United States";"San Francisco";"California";"2014-07-25";"2014-08-10"
2686;"KL-16645";"Ken Lonsdale";"Consumer";"United States";"New York City";"New York";"2014-08-11";"2015-11-12"
2687;"KL-16645";"Ken Lonsdale";"Consumer";"United States";"Newark";"Delaware";"2015-11-13";"2016-05-22"
2688;"KL-16645";"Ken Lonsdale";"Consumer";"United States";"Chicago";"Illinois";"2016-05-23";"2016-06-03"
2689;"KL-16645";"Ken Lonsdale";"Consumer";"United States";"Chicago";"Illinois";"2016-06-04";"2016-07-30"
2690;"KL-16645";"Ken Lonsdale";"Consumer";"United States";"Detroit";"Michigan";"2016-07-31";"2016-12-28"
2691;"KL-16645";"Ken Lonsdale";"Consumer";"United States";"Springfield";"Oregon";"2016-12-29";"2017-04-08"
2692;"KL-16645";"Ken Lonsdale";"Consumer";"United States";"Detroit";"Michigan";"2017-04-09";"2017-05-22"
2693;"KL-16645";"Ken Lonsdale";"Consumer";"United States";"Houston";"Texas";"2017-05-23";"2017-11-12"
2694;"KL-16645";"Ken Lonsdale";"Consumer";"United States";"Dublin";"California";"2017-11-13";"2099-01-01"
2695;"KM-16225";"Kalyca Meade";"Corporate";"United States";"New York City";"New York";"2015-07-06";"2015-12-09"
2696;"KM-16225";"Kalyca Meade";"Corporate";"United States";"Baltimore";"Maryland";"2015-12-10";"2016-11-09"
2697;"KM-16225";"Kalyca Meade";"Corporate";"United States";"Springfield";"Missouri";"2016-11-10";"2017-11-01"
2698;"KM-16225";"Kalyca Meade";"Corporate";"United States";"Overland Park";"Kansas";"2017-11-02";"2017-12-08"
2699;"KM-16225";"Kalyca Meade";"Corporate";"United States";"Philadelphia";"Pennsylvania";"2017-12-09";"2017-12-15"
2700;"KM-16225";"Kalyca Meade";"Corporate";"United States";"Sunnyvale";"California";"2017-12-16";"2099-01-01"
2701;"KM-16375";"Katherine Murray";"Home Office";"United States";"Dallas";"Texas";"2014-07-20";"2014-12-30"
2702;"KM-16375";"Katherine Murray";"Home Office";"United States";"Providence";"Rhode Island";"2014-12-31";"2015-06-18"
2703;"KM-16375";"Katherine Murray";"Home Office";"United States";"Houston";"Texas";"2015-06-19";"2015-12-05"
2704;"KM-16375";"Katherine Murray";"Home Office";"United States";"Thousand Oaks";"California";"2015-12-06";"2016-10-31"
2705;"KM-16375";"Katherine Murray";"Home Office";"United States";"Salem";"Virginia";"2016-11-01";"2017-02-19"
2706;"KM-16375";"Katherine Murray";"Home Office";"United States";"Gilbert";"Arizona";"2017-02-20";"2017-11-03"
2707;"KM-16375";"Katherine Murray";"Home Office";"United States";"Springdale";"Arkansas";"2017-11-04";"2099-01-01"
2708;"KM-16660";"Khloe Miller";"Consumer";"United States";"San Jose";"California";"2014-12-22";"2015-12-09"
2709;"KM-16660";"Khloe Miller";"Consumer";"United States";"Roswell";"Georgia";"2015-12-10";"2016-07-27"
2710;"KM-16660";"Khloe Miller";"Consumer";"United States";"Los Angeles";"California";"2016-07-28";"2016-07-31"
2711;"KM-16660";"Khloe Miller";"Consumer";"United States";"Philadelphia";"Pennsylvania";"2016-08-01";"2017-12-14"
2712;"KM-16660";"Khloe Miller";"Consumer";"United States";"Inglewood";"California";"2017-12-15";"2099-01-01"
2713;"KM-16720";"Kunst Miller";"Consumer";"United States";"Long Beach";"New York";"2014-03-30";"2014-03-31"
2714;"KM-16720";"Kunst Miller";"Consumer";"United States";"Vallejo";"California";"2014-04-01";"2014-04-17"
2715;"KM-16720";"Kunst Miller";"Consumer";"United States";"Houston";"Texas";"2014-04-18";"2014-07-25"
2716;"KM-16720";"Kunst Miller";"Consumer";"United States";"North Las Vegas";"Nevada";"2014-07-26";"2015-09-23"
2717;"KM-16720";"Kunst Miller";"Consumer";"United States";"Avondale";"Arizona";"2015-09-24";"2015-11-23"
2718;"KM-16720";"Kunst Miller";"Consumer";"United States";"Los Angeles";"California";"2015-11-24";"2016-04-18"
2719;"KM-16720";"Kunst Miller";"Consumer";"United States";"New York City";"New York";"2016-04-19";"2017-12-01"
2720;"KM-16720";"Kunst Miller";"Consumer";"United States";"Lowell";"Massachusetts";"2017-12-02";"2099-01-01"
2721;"KN-16390";"Katherine Nockton";"Corporate";"United States";"Columbus";"Ohio";"2014-12-02";"2015-03-04"
2722;"KN-16390";"Katherine Nockton";"Corporate";"United States";"Philadelphia";"Pennsylvania";"2015-03-05";"2015-08-20"
2723;"KN-16390";"Katherine Nockton";"Corporate";"United States";"Springfield";"Ohio";"2015-08-21";"2015-10-09"
2724;"KN-16390";"Katherine Nockton";"Corporate";"United States";"Santa Barbara";"California";"2015-10-10";"2017-04-20"
2725;"KN-16390";"Katherine Nockton";"Corporate";"United States";"Houston";"Texas";"2017-04-21";"2017-06-02"
2726;"KN-16390";"Katherine Nockton";"Corporate";"United States";"New York City";"New York";"2017-06-03";"2017-07-10"
2727;"KN-16390";"Katherine Nockton";"Corporate";"United States";"Los Angeles";"California";"2017-07-11";"2017-11-06"
2728;"KN-16390";"Katherine Nockton";"Corporate";"United States";"Clinton";"Maryland";"2017-11-07";"2017-12-10"
2729;"KN-16390";"Katherine Nockton";"Corporate";"United States";"New Bedford";"Massachusetts";"2017-12-11";"2099-01-01"
2730;"KN-16450";"Kean Nguyen";"Corporate";"United States";"Redondo Beach";"California";"2014-04-12";"2014-12-15"
2731;"KN-16450";"Kean Nguyen";"Corporate";"United States";"Jacksonville";"Florida";"2014-12-16";"2015-07-08"
2732;"KN-16450";"Kean Nguyen";"Corporate";"United States";"Dallas";"Texas";"2015-07-09";"2015-12-26"
2733;"KN-16450";"Kean Nguyen";"Corporate";"United States";"Visalia";"California";"2015-12-27";"2017-11-07"
2734;"KN-16450";"Kean Nguyen";"Corporate";"United States";"Baltimore";"Maryland";"2017-11-08";"2099-01-01"
2735;"KN-16705";"Kristina Nunn";"Home Office";"United States";"New York City";"New York";"2014-03-02";"2014-03-15"
2736;"KN-16705";"Kristina Nunn";"Home Office";"United States";"Raleigh";"North Carolina";"2014-03-16";"2014-11-10"
2737;"KN-16705";"Kristina Nunn";"Home Office";"United States";"New Rochelle";"New York";"2014-11-11";"2015-10-17"
2738;"KN-16705";"Kristina Nunn";"Home Office";"United States";"Mcallen";"Texas";"2015-10-18";"2017-06-10"
2739;"KN-16705";"Kristina Nunn";"Home Office";"United States";"Auburn";"Alabama";"2017-06-11";"2017-08-27"
2740;"KN-16705";"Kristina Nunn";"Home Office";"United States";"Seattle";"Washington";"2017-08-28";"2017-09-22"
2741;"KN-16705";"Kristina Nunn";"Home Office";"United States";"Fort Collins";"Colorado";"2017-09-23";"2099-01-01"
2742;"KS-16300";"Karen Seio";"Corporate";"United States";"Columbus";"Georgia";"2015-01-13";"2015-03-14"
2743;"KS-16300";"Karen Seio";"Corporate";"United States";"Lehi";"Utah";"2015-03-15";"2017-03-09"
2744;"KS-16300";"Karen Seio";"Corporate";"United States";"Raleigh";"North Carolina";"2017-03-10";"2099-01-01"
2745;"KT-16465";"Kean Takahito";"Consumer";"United States";"Houston";"Texas";"2014-09-08";"2014-09-16"
2746;"KT-16465";"Kean Takahito";"Consumer";"United States";"Raleigh";"North Carolina";"2014-09-17";"2014-09-25"
2747;"KT-16465";"Kean Takahito";"Consumer";"United States";"Los Angeles";"California";"2014-09-26";"2015-12-23"
2748;"KT-16465";"Kean Takahito";"Consumer";"United States";"Los Angeles";"California";"2015-12-24";"2016-03-20"
2749;"KT-16465";"Kean Takahito";"Consumer";"United States";"Chicago";"Illinois";"2016-03-21";"2016-04-13"
2750;"KT-16465";"Kean Takahito";"Consumer";"United States";"Glendale";"Arizona";"2016-04-14";"2016-12-03"
2751;"KT-16465";"Kean Takahito";"Consumer";"United States";"San Francisco";"California";"2016-12-04";"2099-01-01"
2752;"KT-16480";"Kean Thornton";"Consumer";"United States";"Denver";"Colorado";"2014-03-10";"2014-05-07"
2753;"KT-16480";"Kean Thornton";"Consumer";"United States";"Philadelphia";"Pennsylvania";"2014-05-08";"2014-05-11"
2754;"KT-16480";"Kean Thornton";"Consumer";"United States";"Franklin";"Massachusetts";"2014-05-12";"2015-10-30"
2755;"KT-16480";"Kean Thornton";"Consumer";"United States";"Buffalo";"New York";"2015-10-31";"2016-09-09"
2756;"KT-16480";"Kean Thornton";"Consumer";"United States";"Houston";"Texas";"2016-09-10";"2017-04-28"
2757;"KT-16480";"Kean Thornton";"Consumer";"United States";"Orange";"New Jersey";"2017-04-29";"2017-05-29"
2758;"KT-16480";"Kean Thornton";"Consumer";"United States";"Dallas";"Texas";"2017-05-30";"2017-06-23"
2759;"KT-16480";"Kean Thornton";"Consumer";"United States";"San Francisco";"California";"2017-06-24";"2017-08-19"
2760;"KT-16480";"Kean Thornton";"Consumer";"United States";"Los Angeles";"California";"2017-08-20";"2017-09-20"
2761;"KT-16480";"Kean Thornton";"Consumer";"United States";"Columbus";"Georgia";"2017-09-21";"2099-01-01"
2762;"KW-16435";"Katrina Willman";"Consumer";"United States";"Florence";"Kentucky";"2015-08-24";"2015-12-05"
2763;"KW-16435";"Katrina Willman";"Consumer";"United States";"Austin";"Texas";"2015-12-06";"2016-10-28"
2764;"KW-16435";"Katrina Willman";"Consumer";"United States";"Lansing";"Michigan";"2016-10-29";"2017-07-30"
2765;"KW-16435";"Katrina Willman";"Consumer";"United States";"Chicago";"Illinois";"2017-07-31";"2017-09-24"
2766;"KW-16435";"Katrina Willman";"Consumer";"United States";"New York City";"New York";"2017-09-25";"2099-01-01"
2767;"KW-16570";"Kelly Williams";"Consumer";"United States";"Clarksville";"Tennessee";"2014-09-30";"2015-04-17"
2768;"KW-16570";"Kelly Williams";"Consumer";"United States";"Monroe";"Louisiana";"2015-04-18";"2015-08-06"
2769;"KW-16570";"Kelly Williams";"Consumer";"United States";"Kirkwood";"Missouri";"2015-08-07";"2015-11-19"
2770;"KW-16570";"Kelly Williams";"Consumer";"United States";"San Francisco";"California";"2015-11-20";"2099-01-01"
2771;"LA-16780";"Laura Armstrong";"Corporate";"United States";"Memphis";"Tennessee";"2014-04-29";"2014-07-10"
2772;"LA-16780";"Laura Armstrong";"Corporate";"United States";"Hackensack";"New Jersey";"2014-07-11";"2015-05-03"
2773;"LA-16780";"Laura Armstrong";"Corporate";"United States";"Tinley Park";"Illinois";"2015-05-04";"2015-06-25"
2774;"LA-16780";"Laura Armstrong";"Corporate";"United States";"Taylor";"Michigan";"2015-06-26";"2016-01-08"
2775;"LA-16780";"Laura Armstrong";"Corporate";"United States";"Fresno";"California";"2016-01-09";"2016-05-26"
2776;"LA-16780";"Laura Armstrong";"Corporate";"United States";"Detroit";"Michigan";"2016-05-27";"2016-09-16"
2777;"LA-16780";"Laura Armstrong";"Corporate";"United States";"Bangor";"Maine";"2016-09-17";"2016-09-23"
2778;"LA-16780";"Laura Armstrong";"Corporate";"United States";"Los Angeles";"California";"2016-09-24";"2016-11-23"
2779;"LA-16780";"Laura Armstrong";"Corporate";"United States";"Baltimore";"Maryland";"2016-11-24";"2016-12-22"
2780;"LA-16780";"Laura Armstrong";"Corporate";"United States";"Houston";"Texas";"2016-12-23";"2017-07-28"
2781;"LA-16780";"Laura Armstrong";"Corporate";"United States";"Austin";"Texas";"2017-07-29";"2099-01-01"
2782;"LB-16735";"Larry Blacks";"Consumer";"United States";"Los Angeles";"California";"2016-07-25";"2017-04-25"
2783;"LB-16735";"Larry Blacks";"Consumer";"United States";"Fort Worth";"Texas";"2017-04-26";"2017-11-11"
2784;"LB-16735";"Larry Blacks";"Consumer";"United States";"Tallahassee";"Florida";"2017-11-12";"2099-01-01"
2785;"LB-16795";"Laurel Beltran";"Home Office";"United States";"Columbus";"Ohio";"2014-04-23";"2016-08-31"
2786;"LB-16795";"Laurel Beltran";"Home Office";"United States";"Huntington Beach";"California";"2016-09-01";"2016-10-05"
2787;"LB-16795";"Laurel Beltran";"Home Office";"United States";"Pueblo";"Colorado";"2016-10-06";"2016-11-10"
2788;"LB-16795";"Laurel Beltran";"Home Office";"United States";"Apopka";"Florida";"2016-11-11";"2016-11-12"
2789;"LB-16795";"Laurel Beltran";"Home Office";"United States";"Highland Park";"Illinois";"2016-11-13";"2016-11-30"
2790;"LB-16795";"Laurel Beltran";"Home Office";"United States";"Oxnard";"California";"2016-12-01";"2017-05-08"
2791;"LB-16795";"Laurel Beltran";"Home Office";"United States";"Seattle";"Washington";"2017-05-09";"2017-07-30"
2792;"LB-16795";"Laurel Beltran";"Home Office";"United States";"Wilmington";"Delaware";"2017-07-31";"2099-01-01"
2793;"LC-16870";"Lena Cacioppo";"Consumer";"United States";"San Francisco";"California";"2015-05-03";"2015-11-12"
2794;"LC-16870";"Lena Cacioppo";"Consumer";"United States";"Aurora";"Colorado";"2015-11-13";"2016-02-28"
2795;"LC-16870";"Lena Cacioppo";"Consumer";"United States";"Newark";"Ohio";"2016-02-29";"2016-03-05"
2796;"LC-16870";"Lena Cacioppo";"Consumer";"United States";"Chicago";"Illinois";"2016-03-06";"2016-08-11"
2797;"LC-16870";"Lena Cacioppo";"Consumer";"United States";"Des Moines";"Iowa";"2016-08-12";"2017-03-26"
2798;"LC-16870";"Lena Cacioppo";"Consumer";"United States";"Richmond";"Virginia";"2017-03-27";"2017-09-22"
2799;"LC-16870";"Lena Cacioppo";"Consumer";"United States";"Chicago";"Illinois";"2017-09-23";"2017-12-02"
2800;"LC-16870";"Lena Cacioppo";"Consumer";"United States";"Thornton";"Colorado";"2017-12-03";"2099-01-01"
2801;"LC-16885";"Lena Creighton";"Consumer";"United States";"Wilmington";"North Carolina";"2014-04-25";"2014-05-26"
2802;"LC-16885";"Lena Creighton";"Consumer";"United States";"San Francisco";"California";"2014-05-27";"2015-06-15"
2803;"LC-16885";"Lena Creighton";"Consumer";"United States";"New York City";"New York";"2015-06-16";"2015-11-19"
2804;"LC-16885";"Lena Creighton";"Consumer";"United States";"Oakland";"California";"2015-11-20";"2015-11-27"
2805;"LC-16885";"Lena Creighton";"Consumer";"United States";"Champaign";"Illinois";"2015-11-28";"2015-12-10"
2806;"LC-16885";"Lena Creighton";"Consumer";"United States";"Troy";"Ohio";"2015-12-11";"2016-06-16"
2807;"LC-16885";"Lena Creighton";"Consumer";"United States";"Longmont";"Colorado";"2016-06-17";"2016-10-12"
2808;"LC-16885";"Lena Creighton";"Consumer";"United States";"Roseville";"California";"2016-10-13";"2016-12-21"
2809;"LC-16885";"Lena Creighton";"Consumer";"United States";"New York City";"New York";"2016-12-22";"2017-06-11"
2810;"LC-16885";"Lena Creighton";"Consumer";"United States";"Saint Petersburg";"Florida";"2017-06-12";"2017-11-15"
2811;"LC-16885";"Lena Creighton";"Consumer";"United States";"Los Angeles";"California";"2017-11-16";"2017-12-13"
2812;"LC-16885";"Lena Creighton";"Consumer";"United States";"Plano";"Texas";"2017-12-14";"2099-01-01"
2813;"LC-16930";"Linda Cazamias";"Corporate";"United States";"Richmond";"Indiana";"2014-02-20";"2016-05-20"
2814;"LC-16930";"Linda Cazamias";"Corporate";"United States";"Sparks";"Nevada";"2016-05-21";"2016-08-03"
2815;"LC-16930";"Linda Cazamias";"Corporate";"United States";"Sacramento";"California";"2016-08-04";"2016-08-25"
2816;"LC-16930";"Linda Cazamias";"Corporate";"United States";"Pasadena";"Texas";"2016-08-26";"2016-09-10"
2817;"LC-16930";"Linda Cazamias";"Corporate";"United States";"Phoenix";"Arizona";"2016-09-11";"2017-06-09"
2818;"LC-16930";"Linda Cazamias";"Corporate";"United States";"New York City";"New York";"2017-06-10";"2017-09-09"
2819;"LC-16930";"Linda Cazamias";"Corporate";"United States";"Naperville";"Illinois";"2017-09-10";"2017-11-18"
2820;"LC-16930";"Linda Cazamias";"Corporate";"United States";"San Angelo";"Texas";"2017-11-19";"2099-01-01"
2821;"LC-16960";"Lindsay Castell";"Home Office";"United States";"New York City";"New York";"2015-02-23";"2015-11-30"
2822;"LC-16960";"Lindsay Castell";"Home Office";"United States";"San Diego";"California";"2015-12-01";"2016-02-20"
2823;"LC-16960";"Lindsay Castell";"Home Office";"United States";"Tampa";"Florida";"2016-02-21";"2016-10-19"
2824;"LC-16960";"Lindsay Castell";"Home Office";"United States";"Arlington";"Virginia";"2016-10-20";"2099-01-01"
2825;"LC-17050";"Liz Carlisle";"Consumer";"United States";"Mission Viejo";"California";"2014-01-31";"2014-11-01"
2826;"LC-17050";"Liz Carlisle";"Consumer";"United States";"Medina";"Ohio";"2014-11-02";"2016-02-02"
2827;"LC-17050";"Liz Carlisle";"Consumer";"United States";"Richmond";"Kentucky";"2016-02-03";"2017-09-08"
2828;"LC-17050";"Liz Carlisle";"Consumer";"United States";"Los Angeles";"California";"2017-09-09";"2099-01-01"
2829;"LC-17140";"Logan Currie";"Consumer";"United States";"Philadelphia";"Pennsylvania";"2014-09-09";"2015-11-30"
2830;"LC-17140";"Logan Currie";"Consumer";"United States";"Seattle";"Washington";"2015-12-01";"2016-04-07"
2831;"LC-17140";"Logan Currie";"Consumer";"United States";"Los Angeles";"California";"2016-04-08";"2016-06-24"
2832;"LC-17140";"Logan Currie";"Consumer";"United States";"Houston";"Texas";"2016-06-25";"2016-12-22"
2833;"LC-17140";"Logan Currie";"Consumer";"United States";"Springfield";"Virginia";"2016-12-23";"2017-09-08"
2834;"LC-17140";"Logan Currie";"Consumer";"United States";"Cleveland";"Ohio";"2017-09-09";"2017-09-21"
2835;"LC-17140";"Logan Currie";"Consumer";"United States";"New York City";"New York";"2017-09-22";"2017-12-16"
2836;"LC-17140";"Logan Currie";"Consumer";"United States";"Dallas";"Texas";"2017-12-17";"2099-01-01"
2837;"LD-16855";"Lela Donovan";"Corporate";"United States";"Chicago";"Illinois";"2016-06-26";"2099-01-01"
2838;"LD-17005";"Lisa DeCherney";"Consumer";"United States";"New York City";"New York";"2014-09-29";"2016-05-22"
2839;"LD-17005";"Lisa DeCherney";"Consumer";"United States";"San Francisco";"California";"2016-05-23";"2016-11-06"
2840;"LD-17005";"Lisa DeCherney";"Consumer";"United States";"San Francisco";"California";"2016-11-07";"2016-11-10"
2841;"LD-17005";"Lisa DeCherney";"Consumer";"United States";"Detroit";"Michigan";"2016-11-11";"2099-01-01"
2842;"LE-16810";"Laurel Elliston";"Consumer";"United States";"Chicago";"Illinois";"2014-05-27";"2014-12-15"
2843;"LE-16810";"Laurel Elliston";"Consumer";"United States";"Springfield";"Virginia";"2014-12-16";"2015-06-11"
2844;"LE-16810";"Laurel Elliston";"Consumer";"United States";"Newark";"Delaware";"2015-06-12";"2016-05-18"
2845;"LE-16810";"Laurel Elliston";"Consumer";"United States";"Arlington";"Virginia";"2016-05-19";"2017-05-21"
2846;"LE-16810";"Laurel Elliston";"Consumer";"United States";"Chicago";"Illinois";"2017-05-22";"2017-12-08"
2847;"LE-16810";"Laurel Elliston";"Consumer";"United States";"Whittier";"California";"2017-12-09";"2099-01-01"
2848;"LF-17185";"Luke Foster";"Consumer";"United States";"San Antonio";"Texas";"2014-07-26";"2014-12-05"
2849;"LF-17185";"Luke Foster";"Consumer";"United States";"Houston";"Texas";"2014-12-06";"2014-12-23"
2850;"LF-17185";"Luke Foster";"Consumer";"United States";"Miami";"Florida";"2014-12-24";"2015-03-04"
2851;"LF-17185";"Luke Foster";"Consumer";"United States";"New York City";"New York";"2015-03-05";"2016-10-19"
2852;"LF-17185";"Luke Foster";"Consumer";"United States";"Newark";"Ohio";"2016-10-20";"2017-02-15"
2853;"LF-17185";"Luke Foster";"Consumer";"United States";"New York City";"New York";"2017-02-16";"2017-12-07"
2854;"LF-17185";"Luke Foster";"Consumer";"United States";"Inglewood";"California";"2017-12-08";"2099-01-01"
2855;"LH-16750";"Larry Hughes";"Consumer";"United States";"Philadelphia";"Pennsylvania";"2014-09-21";"2017-04-24"
2856;"LH-16750";"Larry Hughes";"Consumer";"United States";"Chandler";"Arizona";"2017-04-25";"2017-07-31"
2857;"LH-16750";"Larry Hughes";"Consumer";"United States";"Charlotte";"North Carolina";"2017-08-01";"2099-01-01"
2858;"LH-16900";"Lena Hernandez";"Consumer";"United States";"Jonesboro";"Arkansas";"2014-08-19";"2014-08-31"
2859;"LH-16900";"Lena Hernandez";"Consumer";"United States";"New York City";"New York";"2014-09-01";"2014-09-12"
2860;"LH-16900";"Lena Hernandez";"Consumer";"United States";"Columbus";"Ohio";"2014-09-13";"2014-11-06"
2861;"LH-16900";"Lena Hernandez";"Consumer";"United States";"San Francisco";"California";"2014-11-07";"2015-12-24"
2862;"LH-16900";"Lena Hernandez";"Consumer";"United States";"Columbus";"Georgia";"2015-12-25";"2016-06-19"
2863;"LH-16900";"Lena Hernandez";"Consumer";"United States";"Dover";"Delaware";"2016-06-20";"2016-12-07"
2864;"LH-16900";"Lena Hernandez";"Consumer";"United States";"Greenville";"North Carolina";"2016-12-08";"2017-07-22"
2865;"LH-16900";"Lena Hernandez";"Consumer";"United States";"Elkhart";"Indiana";"2017-07-23";"2017-12-08"
2866;"LH-16900";"Lena Hernandez";"Consumer";"United States";"Park Ridge";"Illinois";"2017-12-09";"2099-01-01"
2867;"LH-17020";"Lisa Hazard";"Consumer";"United States";"Tyler";"Texas";"2014-09-08";"2015-02-07"
2868;"LH-17020";"Lisa Hazard";"Consumer";"United States";"Columbus";"Ohio";"2015-02-08";"2016-11-03"
2869;"LH-17020";"Lisa Hazard";"Consumer";"United States";"San Francisco";"California";"2016-11-04";"2017-05-04"
2870;"LH-17020";"Lisa Hazard";"Consumer";"United States";"Louisville";"Colorado";"2017-05-05";"2099-01-01"
2871;"LH-17155";"Logan Haushalter";"Consumer";"United States";"Oakland";"California";"2014-12-12";"2015-06-18"
2872;"LH-17155";"Logan Haushalter";"Consumer";"United States";"Los Angeles";"California";"2015-06-19";"2016-05-20"
2873;"LH-17155";"Logan Haushalter";"Consumer";"United States";"Los Angeles";"California";"2016-05-21";"2016-07-09"
2874;"LH-17155";"Logan Haushalter";"Consumer";"United States";"Dallas";"Texas";"2016-07-10";"2016-10-28"
2875;"LH-17155";"Logan Haushalter";"Consumer";"United States";"Los Angeles";"California";"2016-10-29";"2016-11-04"
2876;"LH-17155";"Logan Haushalter";"Consumer";"United States";"San Jose";"California";"2016-11-05";"2016-12-08"
2877;"LH-17155";"Logan Haushalter";"Consumer";"United States";"Jackson";"Michigan";"2016-12-09";"2016-12-09"
2878;"LH-17155";"Logan Haushalter";"Consumer";"United States";"San Francisco";"California";"2016-12-10";"2099-01-01"
2879;"LL-16840";"Lauren Leatherbury";"Consumer";"United States";"Rochester";"New York";"2014-04-29";"2014-08-11"
2880;"LL-16840";"Lauren Leatherbury";"Consumer";"United States";"Woodstock";"Georgia";"2014-08-12";"2015-04-15"
2881;"LL-16840";"Lauren Leatherbury";"Consumer";"United States";"Waynesboro";"Virginia";"2015-04-16";"2015-06-03"
2882;"LL-16840";"Lauren Leatherbury";"Consumer";"United States";"Seattle";"Washington";"2015-06-04";"2017-02-16"
2883;"LL-16840";"Lauren Leatherbury";"Consumer";"United States";"Lafayette";"Louisiana";"2017-02-17";"2017-04-24"
2884;"LL-16840";"Lauren Leatherbury";"Consumer";"United States";"Los Angeles";"California";"2017-04-25";"2099-01-01"
2885;"LM-17065";"Liz MacKendrick";"Consumer";"United States";"Southaven";"Mississippi";"2014-06-27";"2015-02-19"
2886;"LM-17065";"Liz MacKendrick";"Consumer";"United States";"Hot Springs";"Arkansas";"2015-02-20";"2015-12-17"
2887;"LM-17065";"Liz MacKendrick";"Consumer";"United States";"Springfield";"Ohio";"2015-12-18";"2016-08-05"
2888;"LM-17065";"Liz MacKendrick";"Consumer";"United States";"New York City";"New York";"2016-08-06";"2016-12-03"
2889;"LM-17065";"Liz MacKendrick";"Consumer";"United States";"Auburn";"New York";"2016-12-04";"2099-01-01"
2890;"LO-17170";"Lori Olson";"Corporate";"United States";"Suffolk";"Virginia";"2015-02-06";"2015-09-05"
2891;"LO-17170";"Lori Olson";"Corporate";"United States";"La Quinta";"California";"2015-09-06";"2017-05-27"
2892;"LO-17170";"Lori Olson";"Corporate";"United States";"Concord";"New Hampshire";"2017-05-28";"2017-10-27"
2893;"LO-17170";"Lori Olson";"Corporate";"United States";"New York City";"New York";"2017-10-28";"2017-12-27"
2894;"LO-17170";"Lori Olson";"Corporate";"United States";"Peoria";"Illinois";"2017-12-28";"2099-01-01"
2895;"LP-17080";"Liz Pelletier";"Consumer";"United States";"Tucson";"Arizona";"2014-06-24";"2016-11-10"
2896;"LP-17080";"Liz Pelletier";"Consumer";"United States";"San Francisco";"California";"2016-11-11";"2017-05-10"
2897;"LP-17080";"Liz Pelletier";"Consumer";"United States";"Seattle";"Washington";"2017-05-11";"2017-11-19"
2898;"LP-17080";"Liz Pelletier";"Consumer";"United States";"San Francisco";"California";"2017-11-20";"2099-01-01"
2899;"LP-17095";"Liz Preis";"Consumer";"United States";"Fairfield";"Ohio";"2016-06-06";"2016-09-07"
2900;"LP-17095";"Liz Preis";"Consumer";"United States";"Visalia";"California";"2016-09-08";"2016-10-01"
2901;"LP-17095";"Liz Preis";"Consumer";"United States";"Phoenix";"Arizona";"2016-10-02";"2017-01-29"
2902;"LP-17095";"Liz Preis";"Consumer";"United States";"Aurora";"Illinois";"2017-01-30";"2017-03-02"
2903;"LP-17095";"Liz Preis";"Consumer";"United States";"Murray";"Kentucky";"2017-03-03";"2017-09-04"
2904;"LP-17095";"Liz Preis";"Consumer";"United States";"Knoxville";"Tennessee";"2017-09-05";"2017-12-20"
2905;"LP-17095";"Liz Preis";"Consumer";"United States";"Lafayette";"Indiana";"2017-12-21";"2099-01-01"
2906;"LR-16915";"Lena Radford";"Consumer";"United States";"San Diego";"California";"2014-08-08";"2015-11-29"
2907;"LR-16915";"Lena Radford";"Consumer";"United States";"Durham";"North Carolina";"2015-11-30";"2016-01-02"
2908;"LR-16915";"Lena Radford";"Consumer";"United States";"Los Angeles";"California";"2016-01-03";"2016-09-01"
2909;"LR-16915";"Lena Radford";"Consumer";"United States";"Los Angeles";"California";"2016-09-02";"2016-12-10"
2910;"LR-16915";"Lena Radford";"Consumer";"United States";"Homestead";"Florida";"2016-12-11";"2017-12-03"
2911;"LR-16915";"Lena Radford";"Consumer";"United States";"Nashville";"Tennessee";"2017-12-04";"2099-01-01"
2912;"LR-17035";"Lisa Ryan";"Corporate";"United States";"Santa Clara";"California";"2014-09-07";"2015-09-06"
2913;"LR-17035";"Lisa Ryan";"Corporate";"United States";"Philadelphia";"Pennsylvania";"2015-09-07";"2016-09-25"
2914;"LR-17035";"Lisa Ryan";"Corporate";"United States";"Houston";"Texas";"2016-09-26";"2017-07-22"
2915;"LR-17035";"Lisa Ryan";"Corporate";"United States";"Long Beach";"New York";"2017-07-23";"2017-08-19"
2916;"LR-17035";"Lisa Ryan";"Corporate";"United States";"San Francisco";"California";"2017-08-20";"2099-01-01"
2917;"LS-16945";"Linda Southworth";"Corporate";"United States";"Los Angeles";"California";"2015-04-25";"2016-07-17"
2918;"LS-16945";"Linda Southworth";"Corporate";"United States";"Denver";"Colorado";"2016-07-18";"2016-09-28"
2919;"LS-16945";"Linda Southworth";"Corporate";"United States";"Philadelphia";"Pennsylvania";"2016-09-29";"2017-01-11"
2920;"LS-16945";"Linda Southworth";"Corporate";"United States";"San Francisco";"California";"2017-01-12";"2017-04-23"
2921;"LS-16945";"Linda Southworth";"Corporate";"United States";"Providence";"Rhode Island";"2017-04-24";"2017-07-04"
2922;"LS-16945";"Linda Southworth";"Corporate";"United States";"Dallas";"Texas";"2017-07-05";"2099-01-01"
2923;"LS-16975";"Lindsay Shagiari";"Home Office";"United States";"Chicago";"Illinois";"2014-10-20";"2014-11-25"
2924;"LS-16975";"Lindsay Shagiari";"Home Office";"United States";"San Francisco";"California";"2014-11-26";"2015-09-16"
2925;"LS-16975";"Lindsay Shagiari";"Home Office";"United States";"New York City";"New York";"2015-09-17";"2015-10-14"
2926;"LS-16975";"Lindsay Shagiari";"Home Office";"United States";"Dallas";"Texas";"2015-10-15";"2016-07-29"
2927;"LS-16975";"Lindsay Shagiari";"Home Office";"United States";"Houston";"Texas";"2016-07-30";"2016-11-05"
2928;"LS-16975";"Lindsay Shagiari";"Home Office";"United States";"Los Angeles";"California";"2016-11-06";"2017-11-11"
2929;"LS-16975";"Lindsay Shagiari";"Home Office";"United States";"Dallas";"Texas";"2017-11-12";"2017-11-27"
2930;"LS-16975";"Lindsay Shagiari";"Home Office";"United States";"Baltimore";"Maryland";"2017-11-28";"2017-12-09"
2931;"LS-16975";"Lindsay Shagiari";"Home Office";"United States";"Omaha";"Nebraska";"2017-12-10";"2099-01-01"
2932;"LS-17200";"Luke Schmidt";"Corporate";"United States";"Texarkana";"Arkansas";"2014-10-18";"2014-11-25"
2933;"LS-17200";"Luke Schmidt";"Corporate";"United States";"Fresno";"California";"2014-11-26";"2016-11-22"
2934;"LS-17200";"Luke Schmidt";"Corporate";"United States";"Philadelphia";"Pennsylvania";"2016-11-23";"2017-06-16"
2935;"LS-17200";"Luke Schmidt";"Corporate";"United States";"Skokie";"Illinois";"2017-06-17";"2017-07-30"
2936;"LS-17200";"Luke Schmidt";"Corporate";"United States";"Milwaukee";"Wisconsin";"2017-07-31";"2017-09-24"
2937;"LS-17200";"Luke Schmidt";"Corporate";"United States";"Helena";"Montana";"2017-09-25";"2099-01-01"
2938;"LS-17230";"Lycoris Saunders";"Consumer";"United States";"Los Angeles";"California";"2014-01-06";"2015-06-15"
2939;"LS-17230";"Lycoris Saunders";"Consumer";"United States";"Grand Prairie";"Texas";"2015-06-16";"2015-11-13"
2940;"LS-17230";"Lycoris Saunders";"Consumer";"United States";"Dover";"Delaware";"2015-11-14";"2099-01-01"
2941;"LS-17245";"Lynn Smith";"Consumer";"United States";"San Francisco";"California";"2014-10-16";"2014-11-25"
2942;"LS-17245";"Lynn Smith";"Consumer";"United States";"Utica";"New York";"2014-11-26";"2015-12-20"
2943;"LS-17245";"Lynn Smith";"Consumer";"United States";"Jacksonville";"North Carolina";"2015-12-21";"2016-05-26"
2944;"LS-17245";"Lynn Smith";"Consumer";"United States";"Los Angeles";"California";"2016-05-27";"2016-06-14"
2945;"LS-17245";"Lynn Smith";"Consumer";"United States";"Houston";"Texas";"2016-06-15";"2017-11-25"
2946;"LS-17245";"Lynn Smith";"Consumer";"United States";"Gladstone";"Missouri";"2017-11-26";"2099-01-01"
2947;"LT-16765";"Larry Tron";"Consumer";"United States";"Escondido";"California";"2014-09-01";"2015-05-11"
2948;"LT-16765";"Larry Tron";"Consumer";"United States";"Louisville";"Colorado";"2015-05-12";"2099-01-01"
2949;"LT-17110";"Liz Thompson";"Consumer";"United States";"Little Rock";"Arkansas";"2014-06-01";"2015-10-21"
2950;"LT-17110";"Liz Thompson";"Consumer";"United States";"Bloomington";"Illinois";"2015-10-22";"2015-11-01"
2951;"LT-17110";"Liz Thompson";"Consumer";"United States";"San Diego";"California";"2015-11-02";"2015-12-11"
2952;"LT-17110";"Liz Thompson";"Consumer";"United States";"Lancaster";"California";"2015-12-12";"2016-03-12"
2953;"LT-17110";"Liz Thompson";"Consumer";"United States";"San Antonio";"Texas";"2016-03-13";"2016-11-18"
2954;"LT-17110";"Liz Thompson";"Consumer";"United States";"Jacksonville";"North Carolina";"2016-11-19";"2017-09-13"
2955;"LT-17110";"Liz Thompson";"Consumer";"United States";"Orange";"New Jersey";"2017-09-14";"2017-11-25"
2956;"LT-17110";"Liz Thompson";"Consumer";"United States";"Columbus";"Ohio";"2017-11-26";"2099-01-01"
2957;"LW-16825";"Laurel Workman";"Corporate";"United States";"New York City";"New York";"2014-05-30";"2014-06-30"
2958;"LW-16825";"Laurel Workman";"Corporate";"United States";"Deltona";"Florida";"2014-07-01";"2014-11-24"
2959;"LW-16825";"Laurel Workman";"Corporate";"United States";"Brentwood";"California";"2014-11-25";"2016-12-24"
2960;"LW-16825";"Laurel Workman";"Corporate";"United States";"Phoenix";"Arizona";"2016-12-25";"2017-10-02"
2961;"LW-16825";"Laurel Workman";"Corporate";"United States";"Pasadena";"Texas";"2017-10-03";"2099-01-01"
2962;"LW-16990";"Lindsay Williams";"Corporate";"United States";"Henderson";"Nevada";"2016-05-05";"2017-03-08"
2963;"LW-16990";"Lindsay Williams";"Corporate";"United States";"San Francisco";"California";"2017-03-09";"2017-05-03"
2964;"LW-16990";"Lindsay Williams";"Corporate";"United States";"San Francisco";"California";"2017-05-04";"2017-06-03"
2965;"LW-16990";"Lindsay Williams";"Corporate";"United States";"Monroe";"North Carolina";"2017-06-04";"2017-11-13"
2966;"LW-16990";"Lindsay Williams";"Corporate";"United States";"San Francisco";"California";"2017-11-14";"2017-11-26"
2967;"LW-16990";"Lindsay Williams";"Corporate";"United States";"San Francisco";"California";"2017-11-27";"2099-01-01"
2968;"LW-17125";"Liz Willingham";"Consumer";"United States";"Oxnard";"California";"2014-09-11";"2016-11-04"
2969;"LW-17125";"Liz Willingham";"Consumer";"United States";"Virginia Beach";"Virginia";"2016-11-05";"2017-06-07"
2970;"LW-17125";"Liz Willingham";"Consumer";"United States";"Norwich";"Connecticut";"2017-06-08";"2099-01-01"
2971;"LW-17215";"Luke Weiss";"Consumer";"United States";"New York City";"New York";"2014-09-12";"2016-05-16"
2972;"LW-17215";"Luke Weiss";"Consumer";"United States";"Chicago";"Illinois";"2016-05-17";"2016-09-16"
2973;"LW-17215";"Luke Weiss";"Consumer";"United States";"New York City";"New York";"2016-09-17";"2016-11-06"
2974;"LW-17215";"Luke Weiss";"Consumer";"United States";"Rochester";"New York";"2016-11-07";"2017-04-10"
2975;"LW-17215";"Luke Weiss";"Consumer";"United States";"Pasadena";"California";"2017-04-11";"2017-09-01"
2976;"LW-17215";"Luke Weiss";"Consumer";"United States";"Fort Collins";"Colorado";"2017-09-02";"2017-12-08"
2977;"LW-17215";"Luke Weiss";"Consumer";"United States";"Grand Rapids";"Michigan";"2017-12-09";"2099-01-01"
2978;"MA-17560";"Matt Abelman";"Home Office";"United States";"Trenton";"Michigan";"2014-08-08";"2014-09-20"
2979;"MA-17560";"Matt Abelman";"Home Office";"United States";"Philadelphia";"Pennsylvania";"2014-09-21";"2014-11-10"
2980;"MA-17560";"Matt Abelman";"Home Office";"United States";"Los Angeles";"California";"2014-11-11";"2015-11-26"
2981;"MA-17560";"Matt Abelman";"Home Office";"United States";"Everett";"Massachusetts";"2015-11-27";"2015-11-30"
2982;"MA-17560";"Matt Abelman";"Home Office";"United States";"Jackson";"Michigan";"2015-12-01";"2015-12-09"
2983;"MA-17560";"Matt Abelman";"Home Office";"United States";"New York City";"New York";"2015-12-10";"2016-08-17"
2984;"MA-17560";"Matt Abelman";"Home Office";"United States";"Houston";"Texas";"2016-08-18";"2016-08-22"
2985;"MA-17560";"Matt Abelman";"Home Office";"United States";"Sheboygan";"Wisconsin";"2016-08-23";"2017-10-18"
2986;"MA-17560";"Matt Abelman";"Home Office";"United States";"Houston";"Texas";"2017-10-19";"2017-10-19"
2987;"MA-17560";"Matt Abelman";"Home Office";"United States";"Philadelphia";"Pennsylvania";"2017-10-20";"2017-10-26"
2988;"MA-17560";"Matt Abelman";"Home Office";"United States";"Chicago";"Illinois";"2017-10-27";"2099-01-01"
2989;"MA-17995";"Michelle Arnett";"Home Office";"United States";"Los Angeles";"California";"2014-09-20";"2014-10-12"
2990;"MA-17995";"Michelle Arnett";"Home Office";"United States";"Richmond";"Virginia";"2014-10-13";"2015-11-27"
2991;"MA-17995";"Michelle Arnett";"Home Office";"United States";"Las Cruces";"New Mexico";"2015-11-28";"2016-11-04"
2992;"MA-17995";"Michelle Arnett";"Home Office";"United States";"Lawrence";"Indiana";"2016-11-05";"2016-11-06"
2993;"MA-17995";"Michelle Arnett";"Home Office";"United States";"Cheyenne";"Wyoming";"2016-11-07";"2017-06-26"
2994;"MA-17995";"Michelle Arnett";"Home Office";"United States";"Watertown";"New York";"2017-06-27";"2099-01-01"
2995;"MB-17305";"Maria Bertelson";"Consumer";"United States";"Glendale";"Arizona";"2014-08-08";"2015-09-23"
2996;"MB-17305";"Maria Bertelson";"Consumer";"United States";"Columbus";"Ohio";"2015-09-24";"2015-10-04"
2997;"MB-17305";"Maria Bertelson";"Consumer";"United States";"Cincinnati";"Ohio";"2015-10-05";"2015-10-07"
2998;"MB-17305";"Maria Bertelson";"Consumer";"United States";"San Francisco";"California";"2015-10-08";"2015-12-24"
2999;"MB-17305";"Maria Bertelson";"Consumer";"United States";"Nashville";"Tennessee";"2015-12-25";"2016-11-13"
3000;"MB-17305";"Maria Bertelson";"Consumer";"United States";"New York City";"New York";"2016-11-14";"2017-06-23"
3001;"MB-17305";"Maria Bertelson";"Consumer";"United States";"Akron";"Ohio";"2017-06-24";"2017-07-02"
3002;"MB-17305";"Maria Bertelson";"Consumer";"United States";"Citrus Heights";"California";"2017-07-03";"2017-10-08"
3003;"MB-17305";"Maria Bertelson";"Consumer";"United States";"League City";"Texas";"2017-10-09";"2017-11-11"
3004;"MB-17305";"Maria Bertelson";"Consumer";"United States";"Longview";"Washington";"2017-11-12";"2099-01-01"
3005;"MB-18085";"Mick Brown";"Consumer";"United States";"Philadelphia";"Pennsylvania";"2014-01-05";"2016-03-10"
3006;"MB-18085";"Mick Brown";"Consumer";"United States";"Vineland";"New Jersey";"2016-03-11";"2016-05-08"
3007;"MB-18085";"Mick Brown";"Consumer";"United States";"Houston";"Texas";"2016-05-09";"2016-09-03"
3008;"MB-18085";"Mick Brown";"Consumer";"United States";"Springfield";"Missouri";"2016-09-04";"2017-04-24"
3009;"MB-18085";"Mick Brown";"Consumer";"United States";"Los Angeles";"California";"2017-04-25";"2017-05-05"
3010;"MB-18085";"Mick Brown";"Consumer";"United States";"Charlotte";"North Carolina";"2017-05-06";"2017-11-15"
3011;"MB-18085";"Mick Brown";"Consumer";"United States";"Roseville";"California";"2017-11-16";"2099-01-01"
3012;"MC-17275";"Marc Crier";"Consumer";"United States";"Pasco";"Washington";"2014-09-08";"2015-03-12"
3013;"MC-17275";"Marc Crier";"Consumer";"United States";"Seattle";"Washington";"2015-03-13";"2015-09-06"
3014;"MC-17275";"Marc Crier";"Consumer";"United States";"New York City";"New York";"2015-09-07";"2015-09-23"
3015;"MC-17275";"Marc Crier";"Consumer";"United States";"Lafayette";"Louisiana";"2015-09-24";"2015-11-21"
3016;"MC-17275";"Marc Crier";"Consumer";"United States";"Memphis";"Tennessee";"2015-11-22";"2016-01-21"
3017;"MC-17275";"Marc Crier";"Consumer";"United States";"Seattle";"Washington";"2016-01-22";"2016-03-21"
3018;"MC-17275";"Marc Crier";"Consumer";"United States";"Seattle";"Washington";"2016-03-22";"2017-10-14"
3019;"MC-17275";"Marc Crier";"Consumer";"United States";"Camarillo";"California";"2017-10-15";"2099-01-01"
3020;"MC-17425";"Mark Cousins";"Corporate";"United States";"Chicago";"Illinois";"2014-05-30";"2015-11-27"
3021;"MC-17425";"Mark Cousins";"Corporate";"United States";"New York City";"New York";"2015-11-28";"2016-07-14"
3022;"MC-17425";"Mark Cousins";"Corporate";"United States";"Portland";"Oregon";"2016-07-15";"2016-07-15"
3023;"MC-17425";"Mark Cousins";"Corporate";"United States";"Houston";"Texas";"2016-07-16";"2016-11-25"
3024;"MC-17425";"Mark Cousins";"Corporate";"United States";"Mobile";"Alabama";"2016-11-26";"2099-01-01"
3025;"MC-17575";"Matt Collins";"Consumer";"United States";"Chicago";"Illinois";"2014-12-02";"2015-07-08"
3026;"MC-17575";"Matt Collins";"Consumer";"United States";"Philadelphia";"Pennsylvania";"2015-07-09";"2015-12-12"
3027;"MC-17575";"Matt Collins";"Consumer";"United States";"Los Angeles";"California";"2015-12-13";"2016-12-19"
3028;"MC-17575";"Matt Collins";"Consumer";"United States";"Fremont";"Nebraska";"2016-12-20";"2017-02-02"
3029;"MC-17575";"Matt Collins";"Consumer";"United States";"Cincinnati";"Ohio";"2017-02-03";"2017-08-06"
3030;"MC-17575";"Matt Collins";"Consumer";"United States";"San Jose";"California";"2017-08-07";"2017-12-02"
3031;"MC-17575";"Matt Collins";"Consumer";"United States";"Fayetteville";"North Carolina";"2017-12-03";"2099-01-01"
3032;"MC-17590";"Matt Collister";"Corporate";"United States";"San Marcos";"Texas";"2014-05-20";"2014-11-24"
3033;"MC-17590";"Matt Collister";"Corporate";"United States";"Arlington";"Texas";"2014-11-25";"2016-07-16"
3034;"MC-17590";"Matt Collister";"Corporate";"United States";"Perth Amboy";"New Jersey";"2016-07-17";"2016-09-11"
3035;"MC-17590";"Matt Collister";"Corporate";"United States";"Utica";"New York";"2016-09-12";"2016-12-22"
3036;"MC-17590";"Matt Collister";"Corporate";"United States";"Grand Rapids";"Michigan";"2016-12-23";"2017-11-08"
3037;"MC-17590";"Matt Collister";"Corporate";"United States";"Coachella";"California";"2017-11-09";"2099-01-01"
3038;"MC-17605";"Matt Connell";"Corporate";"United States";"Lakeland";"Florida";"2014-03-19";"2014-11-30"
3039;"MC-17605";"Matt Connell";"Corporate";"United States";"Houston";"Texas";"2014-12-01";"2015-11-15"
3040;"MC-17605";"Matt Connell";"Corporate";"United States";"Chicago";"Illinois";"2015-11-16";"2016-11-19"
3041;"MC-17605";"Matt Connell";"Corporate";"United States";"Los Angeles";"California";"2016-11-20";"2017-01-22"
3042;"MC-17605";"Matt Connell";"Corporate";"United States";"Detroit";"Michigan";"2017-01-23";"2017-04-27"
3043;"MC-17605";"Matt Connell";"Corporate";"United States";"Philadelphia";"Pennsylvania";"2017-04-28";"2017-05-08"
3044;"MC-17605";"Matt Connell";"Corporate";"United States";"Jacksonville";"North Carolina";"2017-05-09";"2017-09-08"
3045;"MC-17605";"Matt Connell";"Corporate";"United States";"Los Angeles";"California";"2017-09-09";"2099-01-01"
3046;"MC-17635";"Matthew Clasen";"Corporate";"United States";"Richmond";"Indiana";"2014-11-28";"2014-12-02"
3047;"MC-17635";"Matthew Clasen";"Corporate";"United States";"Saint Louis";"Missouri";"2014-12-03";"2016-02-20"
3048;"MC-17635";"Matthew Clasen";"Corporate";"United States";"Los Angeles";"California";"2016-02-21";"2017-06-23"
3049;"MC-17635";"Matthew Clasen";"Corporate";"United States";"Decatur";"Illinois";"2017-06-24";"2099-01-01"
3050;"MC-17845";"Michael Chen";"Consumer";"United States";"Jackson";"Mississippi";"2014-07-05";"2014-12-19"
3051;"MC-17845";"Michael Chen";"Consumer";"United States";"Los Angeles";"California";"2014-12-20";"2016-11-06"
3052;"MC-17845";"Michael Chen";"Consumer";"United States";"Dallas";"Texas";"2016-11-07";"2016-12-13"
3053;"MC-17845";"Michael Chen";"Consumer";"United States";"Jackson";"Mississippi";"2016-12-14";"2017-11-09"
3054;"MC-17845";"Michael Chen";"Consumer";"United States";"Pasco";"Washington";"2017-11-10";"2017-12-09"
3055;"MC-17845";"Michael Chen";"Consumer";"United States";"North Las Vegas";"Nevada";"2017-12-10";"2017-12-28"
3056;"MC-17845";"Michael Chen";"Consumer";"United States";"New York City";"New York";"2017-12-29";"2099-01-01"
3057;"MC-18100";"Mick Crebagga";"Consumer";"United States";"Los Angeles";"California";"2014-06-18";"2014-12-14"
3058;"MC-18100";"Mick Crebagga";"Consumer";"United States";"El Paso";"Texas";"2014-12-15";"2015-04-08"
3059;"MC-18100";"Mick Crebagga";"Consumer";"United States";"New York City";"New York";"2015-04-09";"2015-08-24"
3060;"MC-18100";"Mick Crebagga";"Consumer";"United States";"Houston";"Texas";"2015-08-25";"2015-12-16"
3061;"MC-18100";"Mick Crebagga";"Consumer";"United States";"Bloomington";"Illinois";"2015-12-17";"2015-12-25"
3062;"MC-18100";"Mick Crebagga";"Consumer";"United States";"Medina";"Ohio";"2015-12-26";"2016-10-06"
3063;"MC-18100";"Mick Crebagga";"Consumer";"United States";"Marysville";"Washington";"2016-10-07";"2017-09-01"
3064;"MC-18100";"Mick Crebagga";"Consumer";"United States";"Chicago";"Illinois";"2017-09-02";"2017-10-29"
3065;"MC-18100";"Mick Crebagga";"Consumer";"United States";"Philadelphia";"Pennsylvania";"2017-10-30";"2017-11-18"
3066;"MC-18100";"Mick Crebagga";"Consumer";"United States";"Los Angeles";"California";"2017-11-19";"2099-01-01"
3067;"MC-18130";"Mike Caudle";"Corporate";"United States";"Seattle";"Washington";"2014-09-19";"2015-03-18"
3068;"MC-18130";"Mike Caudle";"Corporate";"United States";"Los Angeles";"California";"2015-03-19";"2015-11-06"
3069;"MC-18130";"Mike Caudle";"Corporate";"United States";"Newark";"Delaware";"2015-11-07";"2016-03-11"
3070;"MC-18130";"Mike Caudle";"Corporate";"United States";"Monroe";"Louisiana";"2016-03-12";"2016-12-25"
3071;"MC-18130";"Mike Caudle";"Corporate";"United States";"Los Angeles";"California";"2016-12-26";"2099-01-01"
3072;"MD-17350";"Maribeth Dona";"Consumer";"United States";"Philadelphia";"Pennsylvania";"2014-11-05";"2014-12-27"
3073;"MD-17350";"Maribeth Dona";"Consumer";"United States";"Anaheim";"California";"2014-12-28";"2015-12-26"
3074;"MD-17350";"Maribeth Dona";"Consumer";"United States";"Fayetteville";"Arkansas";"2015-12-27";"2016-09-04"
3075;"MD-17350";"Maribeth Dona";"Consumer";"United States";"Lancaster";"Ohio";"2016-09-05";"2017-03-09"
3076;"MD-17350";"Maribeth Dona";"Consumer";"United States";"Dallas";"Texas";"2017-03-10";"2017-05-07"
3077;"MD-17350";"Maribeth Dona";"Consumer";"United States";"Columbus";"Ohio";"2017-05-08";"2017-09-03"
3078;"MD-17350";"Maribeth Dona";"Consumer";"United States";"Akron";"Ohio";"2017-09-04";"2099-01-01"
3079;"MD-17860";"Michael Dominguez";"Corporate";"United States";"Corpus Christi";"Texas";"2014-12-02";"2017-05-27"
3080;"MD-17860";"Michael Dominguez";"Corporate";"United States";"Laurel";"Maryland";"2017-05-28";"2017-08-28"
3081;"MD-17860";"Michael Dominguez";"Corporate";"United States";"Philadelphia";"Pennsylvania";"2017-08-29";"2017-10-20"
3082;"MD-17860";"Michael Dominguez";"Corporate";"United States";"Indianapolis";"Indiana";"2017-10-21";"2017-11-23"
3083;"MD-17860";"Michael Dominguez";"Corporate";"United States";"Asheville";"North Carolina";"2017-11-24";"2099-01-01"
3084;"ME-17320";"Maria Etezadi";"Home Office";"United States";"Henderson";"Kentucky";"2014-01-06";"2015-06-18"
3085;"ME-17320";"Maria Etezadi";"Home Office";"United States";"Dallas";"Texas";"2015-06-19";"2016-03-28"
3086;"ME-17320";"Maria Etezadi";"Home Office";"United States";"Chicago";"Illinois";"2016-03-29";"2016-04-03"
3087;"ME-17320";"Maria Etezadi";"Home Office";"United States";"Springfield";"Virginia";"2016-04-04";"2016-06-05"
3088;"ME-17320";"Maria Etezadi";"Home Office";"United States";"Santa Barbara";"California";"2016-06-06";"2017-03-29"
3089;"ME-17320";"Maria Etezadi";"Home Office";"United States";"Columbus";"Georgia";"2017-03-30";"2017-06-11"
3090;"ME-17320";"Maria Etezadi";"Home Office";"United States";"Columbus";"Georgia";"2017-06-12";"2017-11-09"
3091;"ME-17320";"Maria Etezadi";"Home Office";"United States";"Los Angeles";"California";"2017-11-10";"2017-11-12"
3092;"ME-17320";"Maria Etezadi";"Home Office";"United States";"Houston";"Texas";"2017-11-13";"2017-11-17"
3093;"ME-17320";"Maria Etezadi";"Home Office";"United States";"Saginaw";"Michigan";"2017-11-18";"2099-01-01"
3094;"ME-17725";"Max Engle";"Consumer";"United States";"Chicago";"Illinois";"2014-07-12";"2015-05-08"
3095;"ME-17725";"Max Engle";"Consumer";"United States";"Louisville";"Kentucky";"2015-05-09";"2015-09-23"
3096;"ME-17725";"Max Engle";"Consumer";"United States";"Seattle";"Washington";"2015-09-24";"2016-08-14"
3097;"ME-17725";"Max Engle";"Consumer";"United States";"Aurora";"Colorado";"2016-08-15";"2017-02-18"
3098;"ME-17725";"Max Engle";"Consumer";"United States";"Seattle";"Washington";"2017-02-19";"2017-06-28"
3099;"ME-17725";"Max Engle";"Consumer";"United States";"Dallas";"Texas";"2017-06-29";"2017-11-29"
3100;"ME-17725";"Max Engle";"Consumer";"United States";"Newark";"Delaware";"2017-11-30";"2017-12-01"
3101;"ME-17725";"Max Engle";"Consumer";"United States";"Salem";"Virginia";"2017-12-02";"2099-01-01"
3102;"ME-18010";"Michelle Ellison";"Corporate";"United States";"San Francisco";"California";"2014-07-21";"2014-12-22"
3103;"ME-18010";"Michelle Ellison";"Corporate";"United States";"Port Arthur";"Texas";"2014-12-23";"2015-05-20"
3104;"ME-18010";"Michelle Ellison";"Corporate";"United States";"Seattle";"Washington";"2015-05-21";"2017-09-28"
3105;"ME-18010";"Michelle Ellison";"Corporate";"United States";"Marion";"Ohio";"2017-09-29";"2099-01-01"
3106;"MF-17665";"Maureen Fritzler";"Corporate";"United States";"Phoenix";"Arizona";"2014-12-30";"2016-01-08"
3107;"MF-17665";"Maureen Fritzler";"Corporate";"United States";"Toledo";"Ohio";"2016-01-09";"2016-07-21"
3108;"MF-17665";"Maureen Fritzler";"Corporate";"United States";"Columbia";"Maryland";"2016-07-22";"2016-08-04"
3109;"MF-17665";"Maureen Fritzler";"Corporate";"United States";"Huntsville";"Alabama";"2016-08-05";"2016-11-03"
3110;"MF-17665";"Maureen Fritzler";"Corporate";"United States";"Miami";"Florida";"2016-11-04";"2099-01-01"
3111;"MF-18250";"Monica Federle";"Corporate";"United States";"Philadelphia";"Pennsylvania";"2014-09-15";"2015-03-15"
3112;"MF-18250";"Monica Federle";"Corporate";"United States";"Los Angeles";"California";"2015-03-16";"2015-08-08"
3113;"MF-18250";"Monica Federle";"Corporate";"United States";"New York City";"New York";"2015-08-09";"2015-11-11"
3114;"MF-18250";"Monica Federle";"Corporate";"United States";"Houston";"Texas";"2015-11-12";"2017-12-22"
3115;"MF-18250";"Monica Federle";"Corporate";"United States";"Little Rock";"Arkansas";"2017-12-23";"2099-01-01"
3116;"MG-17650";"Matthew Grinstein";"Home Office";"United States";"Seattle";"Washington";"2014-08-09";"2016-11-23"
3117;"MG-17650";"Matthew Grinstein";"Home Office";"United States";"Philadelphia";"Pennsylvania";"2016-11-24";"2016-12-11"
3118;"MG-17650";"Matthew Grinstein";"Home Office";"United States";"Jackson";"Michigan";"2016-12-12";"2017-03-15"
3119;"MG-17650";"Matthew Grinstein";"Home Office";"United States";"Lakewood";"Ohio";"2017-03-16";"2017-08-27"
3120;"MG-17650";"Matthew Grinstein";"Home Office";"United States";"Milwaukee";"Wisconsin";"2017-08-28";"2017-10-11"
3121;"MG-17650";"Matthew Grinstein";"Home Office";"United States";"Dallas";"Texas";"2017-10-12";"2017-11-30"
3122;"MG-17650";"Matthew Grinstein";"Home Office";"United States";"Marion";"Ohio";"2017-12-01";"2099-01-01"
3123;"MG-17680";"Maureen Gastineau";"Home Office";"United States";"Newark";"Ohio";"2014-10-22";"2015-11-13"
3124;"MG-17680";"Maureen Gastineau";"Home Office";"United States";"Philadelphia";"Pennsylvania";"2015-11-14";"2017-06-07"
3125;"MG-17680";"Maureen Gastineau";"Home Office";"United States";"Los Angeles";"California";"2017-06-08";"2017-09-28"
3126;"MG-17680";"Maureen Gastineau";"Home Office";"United States";"Mentor";"Ohio";"2017-09-29";"2099-01-01"
3127;"MG-17695";"Maureen Gnade";"Consumer";"United States";"Philadelphia";"Pennsylvania";"2014-12-26";"2015-06-07"
3128;"MG-17695";"Maureen Gnade";"Consumer";"United States";"Chicago";"Illinois";"2015-06-08";"2016-06-22"
3129;"MG-17695";"Maureen Gnade";"Consumer";"United States";"Buffalo";"New York";"2016-06-23";"2099-01-01"
3130;"MG-17875";"Michael Grace";"Home Office";"United States";"El Paso";"Texas";"2014-02-23";"2015-06-21"
3131;"MG-17875";"Michael Grace";"Home Office";"United States";"Aurora";"Illinois";"2015-06-22";"2015-09-21"
3132;"MG-17875";"Michael Grace";"Home Office";"United States";"Arlington";"Virginia";"2015-09-22";"2016-09-07"
3133;"MG-17875";"Michael Grace";"Home Office";"United States";"New York City";"New York";"2016-09-08";"2017-09-04"
3134;"MG-17875";"Michael Grace";"Home Office";"United States";"Fort Lauderdale";"Florida";"2017-09-05";"2099-01-01"
3135;"MG-17890";"Michael Granlund";"Home Office";"United States";"Saint Charles";"Illinois";"2014-12-29";"2015-07-15"
3136;"MG-17890";"Michael Granlund";"Home Office";"United States";"Baltimore";"Maryland";"2015-07-16";"2016-03-03"
3137;"MG-17890";"Michael Granlund";"Home Office";"United States";"San Diego";"California";"2016-03-04";"2016-10-16"
3138;"MG-17890";"Michael Granlund";"Home Office";"United States";"Fresno";"California";"2016-10-17";"2017-03-06"
3139;"MG-17890";"Michael Granlund";"Home Office";"United States";"Clinton";"Maryland";"2017-03-07";"2017-04-23"
3140;"MG-17890";"Michael Granlund";"Home Office";"United States";"Santa Barbara";"California";"2017-04-24";"2017-05-29"
3141;"MG-17890";"Michael Granlund";"Home Office";"United States";"Tigard";"Oregon";"2017-05-30";"2017-08-30"
3142;"MG-17890";"Michael Granlund";"Home Office";"United States";"Salem";"Oregon";"2017-08-31";"2017-09-21"
3143;"MG-17890";"Michael Granlund";"Home Office";"United States";"Concord";"New Hampshire";"2017-09-22";"2099-01-01"
3144;"MG-18145";"Mike Gockenbach";"Consumer";"United States";"Plano";"Texas";"2014-03-29";"2015-09-02"
3145;"MG-18145";"Mike Gockenbach";"Consumer";"United States";"Philadelphia";"Pennsylvania";"2015-09-03";"2017-10-06"
3146;"MG-18145";"Mike Gockenbach";"Consumer";"United States";"Los Angeles";"California";"2017-10-07";"2099-01-01"
3147;"MG-18205";"Mitch Gastineau";"Corporate";"United States";"Jacksonville";"Florida";"2017-04-10";"2099-01-01"
3148;"MH-17290";"Marc Harrigan";"Home Office";"United States";"Los Angeles";"California";"2014-04-26";"2015-09-18"
3149;"MH-17290";"Marc Harrigan";"Home Office";"United States";"Santa Fe";"New Mexico";"2015-09-19";"2016-06-13"
3150;"MH-17290";"Marc Harrigan";"Home Office";"United States";"Los Angeles";"California";"2016-06-14";"2016-12-28"
3151;"MH-17290";"Marc Harrigan";"Home Office";"United States";"Miami";"Florida";"2016-12-29";"2017-03-10"
3152;"MH-17290";"Marc Harrigan";"Home Office";"United States";"Philadelphia";"Pennsylvania";"2017-03-11";"2017-09-01"
3153;"MH-17290";"Marc Harrigan";"Home Office";"United States";"Los Angeles";"California";"2017-09-02";"2099-01-01"
3154;"MH-17440";"Mark Haberlin";"Corporate";"United States";"Escondido";"California";"2014-02-04";"2014-03-16"
3155;"MH-17440";"Mark Haberlin";"Corporate";"United States";"Jackson";"Mississippi";"2014-03-17";"2016-02-07"
3156;"MH-17440";"Mark Haberlin";"Corporate";"United States";"Houston";"Texas";"2016-02-08";"2016-12-18"
3157;"MH-17440";"Mark Haberlin";"Corporate";"United States";"New York City";"New York";"2016-12-19";"2099-01-01"
3158;"MH-17455";"Mark Hamilton";"Consumer";"United States";"New York City";"New York";"2014-07-11";"2014-12-19"
3159;"MH-17455";"Mark Hamilton";"Consumer";"United States";"Hamilton";"Ohio";"2014-12-20";"2015-04-05"
3160;"MH-17455";"Mark Hamilton";"Consumer";"United States";"Jacksonville";"North Carolina";"2015-04-06";"2016-11-24"
3161;"MH-17455";"Mark Hamilton";"Consumer";"United States";"Los Angeles";"California";"2016-11-25";"2016-12-09"
3162;"MH-17455";"Mark Hamilton";"Consumer";"United States";"Greenwood";"Indiana";"2016-12-10";"2017-02-12"
3163;"MH-17455";"Mark Hamilton";"Consumer";"United States";"Minneapolis";"Minnesota";"2017-02-13";"2017-07-12"
3164;"MH-17455";"Mark Hamilton";"Consumer";"United States";"Philadelphia";"Pennsylvania";"2017-07-13";"2017-10-05"
3165;"MH-17455";"Mark Hamilton";"Consumer";"United States";"Chicago";"Illinois";"2017-10-06";"2099-01-01"
3166;"MH-17620";"Matt Hagelstein";"Corporate";"United States";"San Diego";"California";"2015-12-05";"2016-09-02"
3167;"MH-17620";"Matt Hagelstein";"Corporate";"United States";"Cincinnati";"Ohio";"2016-09-03";"2016-09-25"
3168;"MH-17620";"Matt Hagelstein";"Corporate";"United States";"Houston";"Texas";"2016-09-26";"2017-07-27"
3169;"MH-17620";"Matt Hagelstein";"Corporate";"United States";"San Francisco";"California";"2017-07-28";"2099-01-01"
3170;"MH-17785";"Maya Herman";"Corporate";"United States";"San Diego";"California";"2014-05-27";"2014-09-29"
3171;"MH-17785";"Maya Herman";"Corporate";"United States";"New York City";"New York";"2014-09-30";"2014-11-17"
3172;"MH-17785";"Maya Herman";"Corporate";"United States";"Seattle";"Washington";"2014-11-18";"2015-11-14"
3173;"MH-17785";"Maya Herman";"Corporate";"United States";"New York City";"New York";"2015-11-15";"2015-12-19"
3174;"MH-17785";"Maya Herman";"Corporate";"United States";"Lindenhurst";"New York";"2015-12-20";"2016-03-09"
3175;"MH-17785";"Maya Herman";"Corporate";"United States";"Glendale";"Arizona";"2016-03-10";"2017-09-22"
3176;"MH-17785";"Maya Herman";"Corporate";"United States";"Lubbock";"Texas";"2017-09-23";"2099-01-01"
3177;"MH-18025";"Michelle Huthwaite";"Consumer";"United States";"Buffalo";"New York";"2014-07-08";"2015-07-24"
3178;"MH-18025";"Michelle Huthwaite";"Consumer";"United States";"Seattle";"Washington";"2015-07-25";"2017-02-24"
3179;"MH-18025";"Michelle Huthwaite";"Consumer";"United States";"Chicago";"Illinois";"2017-02-25";"2017-10-12"
3180;"MH-18025";"Michelle Huthwaite";"Consumer";"United States";"Lafayette";"Louisiana";"2017-10-13";"2017-11-10"
3181;"MH-18025";"Michelle Huthwaite";"Consumer";"United States";"Knoxville";"Tennessee";"2017-11-11";"2099-01-01"
3182;"MH-18115";"Mick Hernandez";"Home Office";"United States";"Pharr";"Texas";"2016-08-23";"2017-01-20"
3183;"MH-18115";"Mick Hernandez";"Home Office";"United States";"Jackson";"Michigan";"2017-01-21";"2017-03-09"
3184;"MH-18115";"Mick Hernandez";"Home Office";"United States";"Chester";"Pennsylvania";"2017-03-10";"2017-04-29"
3185;"MH-18115";"Mick Hernandez";"Home Office";"United States";"Sanford";"Florida";"2017-04-30";"2017-05-12"
3186;"MH-18115";"Mick Hernandez";"Home Office";"United States";"Philadelphia";"Pennsylvania";"2017-05-13";"2017-05-24"
3187;"MH-18115";"Mick Hernandez";"Home Office";"United States";"Columbus";"Georgia";"2017-05-25";"2017-09-23"
3188;"MH-18115";"Mick Hernandez";"Home Office";"United States";"Lancaster";"Ohio";"2017-09-24";"2017-11-15"
3189;"MH-18115";"Mick Hernandez";"Home Office";"United States";"Yonkers";"New York";"2017-11-16";"2017-12-24"
3190;"MH-18115";"Mick Hernandez";"Home Office";"United States";"Huntsville";"Alabama";"2017-12-25";"2099-01-01"
3191;"MJ-17740";"Max Jones";"Consumer";"United States";"Miami";"Florida";"2015-06-09";"2016-04-22"
3192;"MJ-17740";"Max Jones";"Consumer";"United States";"Lancaster";"Ohio";"2016-04-23";"2016-06-23"
3193;"MJ-17740";"Max Jones";"Consumer";"United States";"San Diego";"California";"2016-06-24";"2016-07-06"
3194;"MJ-17740";"Max Jones";"Consumer";"United States";"Orem";"Utah";"2016-07-07";"2016-11-06"
3195;"MJ-17740";"Max Jones";"Consumer";"United States";"Seattle";"Washington";"2016-11-07";"2017-03-10"
3196;"MJ-17740";"Max Jones";"Consumer";"United States";"Detroit";"Michigan";"2017-03-11";"2017-12-07"
3197;"MJ-17740";"Max Jones";"Consumer";"United States";"Philadelphia";"Pennsylvania";"2017-12-08";"2099-01-01"
3198;"MK-17905";"Michael Kennedy";"Corporate";"United States";"Franklin";"Wisconsin";"2014-11-18";"2015-12-17"
3199;"MK-17905";"Michael Kennedy";"Corporate";"United States";"Louisville";"Colorado";"2015-12-18";"2016-05-13"
3200;"MK-17905";"Michael Kennedy";"Corporate";"United States";"Jacksonville";"Florida";"2016-05-14";"2016-09-23"
3201;"MK-17905";"Michael Kennedy";"Corporate";"United States";"Rockford";"Illinois";"2016-09-24";"2016-10-20"
3202;"MK-17905";"Michael Kennedy";"Corporate";"United States";"Manchester";"Connecticut";"2016-10-21";"2017-06-15"
3203;"MK-17905";"Michael Kennedy";"Corporate";"United States";"Chicago";"Illinois";"2017-06-16";"2017-08-12"
3204;"MK-17905";"Michael Kennedy";"Corporate";"United States";"San Diego";"California";"2017-08-13";"2017-12-01"
3205;"MK-17905";"Michael Kennedy";"Corporate";"United States";"Miami";"Florida";"2017-12-02";"2099-01-01"
3206;"MK-18160";"Mike Kennedy";"Consumer";"United States";"Jacksonville";"Florida";"2014-12-19";"2016-12-01"
3207;"MK-18160";"Mike Kennedy";"Consumer";"United States";"San Francisco";"California";"2016-12-02";"2017-05-02"
3208;"MK-18160";"Mike Kennedy";"Consumer";"United States";"San Francisco";"California";"2017-05-03";"2017-05-03"
3209;"MK-18160";"Mike Kennedy";"Consumer";"United States";"Newport News";"Virginia";"2017-05-04";"2099-01-01"
3210;"ML-17395";"Marina Lichtenstein";"Corporate";"United States";"Seattle";"Washington";"2014-02-14";"2014-05-25"
3211;"ML-17395";"Marina Lichtenstein";"Corporate";"United States";"Los Angeles";"California";"2014-05-26";"2014-08-03"
3212;"ML-17395";"Marina Lichtenstein";"Corporate";"United States";"Bangor";"Maine";"2014-08-04";"2014-10-12"
3213;"ML-17395";"Marina Lichtenstein";"Corporate";"United States";"Lakewood";"New Jersey";"2014-10-13";"2015-09-24"
3214;"ML-17395";"Marina Lichtenstein";"Corporate";"United States";"Murfreesboro";"Tennessee";"2015-09-25";"2016-09-04"
3215;"ML-17395";"Marina Lichtenstein";"Corporate";"United States";"San Diego";"California";"2016-09-05";"2016-11-06"
3216;"ML-17395";"Marina Lichtenstein";"Corporate";"United States";"San Francisco";"California";"2016-11-07";"2017-02-08"
3217;"ML-17395";"Marina Lichtenstein";"Corporate";"United States";"Los Angeles";"California";"2017-02-09";"2017-10-21"
3218;"ML-17395";"Marina Lichtenstein";"Corporate";"United States";"Philadelphia";"Pennsylvania";"2017-10-22";"2099-01-01"
3219;"ML-17410";"Maris LaWare";"Consumer";"United States";"Fairfield";"Connecticut";"2014-11-14";"2016-09-28"
3220;"ML-17410";"Maris LaWare";"Consumer";"United States";"Los Angeles";"California";"2016-09-29";"2017-01-19"
3221;"ML-17410";"Maris LaWare";"Consumer";"United States";"Chicago";"Illinois";"2017-01-20";"2017-05-28"
3222;"ML-17410";"Maris LaWare";"Consumer";"United States";"Columbus";"Indiana";"2017-05-29";"2017-07-17"
3223;"ML-17410";"Maris LaWare";"Consumer";"United States";"Phoenix";"Arizona";"2017-07-18";"2017-11-05"
3224;"ML-17410";"Maris LaWare";"Consumer";"United States";"Philadelphia";"Pennsylvania";"2017-11-06";"2099-01-01"
3225;"ML-17755";"Max Ludwig";"Home Office";"United States";"Suffolk";"Virginia";"2016-08-04";"2017-04-05"
3226;"ML-17755";"Max Ludwig";"Home Office";"United States";"Marion";"Iowa";"2017-04-06";"2017-05-05"
3227;"ML-17755";"Max Ludwig";"Home Office";"United States";"Chicago";"Illinois";"2017-05-06";"2017-06-24"
3228;"ML-17755";"Max Ludwig";"Home Office";"United States";"Springfield";"Oregon";"2017-06-25";"2017-11-10"
3229;"ML-17755";"Max Ludwig";"Home Office";"United States";"Springfield";"Ohio";"2017-11-11";"2017-11-29"
3230;"ML-17755";"Max Ludwig";"Home Office";"United States";"Toledo";"Ohio";"2017-11-30";"2017-11-30"
3231;"ML-17755";"Max Ludwig";"Home Office";"United States";"Stockton";"California";"2017-12-01";"2099-01-01"
3232;"ML-18040";"Michelle Lonsdale";"Corporate";"United States";"Missouri City";"Texas";"2017-06-04";"2017-10-11"
3233;"ML-18040";"Michelle Lonsdale";"Corporate";"United States";"Albuquerque";"New Mexico";"2017-10-12";"2099-01-01"
3234;"ML-18265";"Muhammed Lee";"Consumer";"United States";"Fayetteville";"North Carolina";"2015-05-31";"2017-09-20"
3235;"ML-18265";"Muhammed Lee";"Consumer";"United States";"Seattle";"Washington";"2017-09-21";"2099-01-01"
3236;"MM-17260";"Magdelene Morse";"Consumer";"United States";"Seattle";"Washington";"2014-05-28";"2016-09-17"
3237;"MM-17260";"Magdelene Morse";"Consumer";"United States";"New Rochelle";"New York";"2016-09-18";"2017-02-10"
3238;"MM-17260";"Magdelene Morse";"Consumer";"United States";"Columbus";"Ohio";"2017-02-11";"2017-07-14"
3239;"MM-17260";"Magdelene Morse";"Consumer";"United States";"Wilmington";"Delaware";"2017-07-15";"2099-01-01"
3240;"MM-17920";"Michael Moore";"Consumer";"United States";"Newark";"Ohio";"2014-01-13";"2014-08-26"
3241;"MM-17920";"Michael Moore";"Consumer";"United States";"Springfield";"Virginia";"2014-08-27";"2014-09-25"
3242;"MM-17920";"Michael Moore";"Consumer";"United States";"Chicago";"Illinois";"2014-09-26";"2015-01-09"
3243;"MM-17920";"Michael Moore";"Consumer";"United States";"New York City";"New York";"2015-01-10";"2016-04-21"
3244;"MM-17920";"Michael Moore";"Consumer";"United States";"Rome";"New York";"2016-04-22";"2016-09-04"
3245;"MM-17920";"Michael Moore";"Consumer";"United States";"Chesapeake";"Virginia";"2016-09-05";"2016-12-02"
3246;"MM-17920";"Michael Moore";"Consumer";"United States";"Richmond";"Indiana";"2016-12-03";"2017-01-29"
3247;"MM-17920";"Michael Moore";"Consumer";"United States";"San Francisco";"California";"2017-01-30";"2017-09-03"
3248;"MM-17920";"Michael Moore";"Consumer";"United States";"Philadelphia";"Pennsylvania";"2017-09-04";"2017-12-18"
3249;"MM-17920";"Michael Moore";"Consumer";"United States";"San Francisco";"California";"2017-12-19";"2017-12-22"
3250;"MM-17920";"Michael Moore";"Consumer";"United States";"College Station";"Texas";"2017-12-23";"2099-01-01"
3251;"MM-18055";"Michelle Moray";"Consumer";"United States";"Great Falls";"Montana";"2014-04-11";"2014-05-25"
3252;"MM-18055";"Michelle Moray";"Consumer";"United States";"Chicago";"Illinois";"2014-05-26";"2015-06-28"
3253;"MM-18055";"Michelle Moray";"Consumer";"United States";"New York City";"New York";"2015-06-29";"2015-11-19"
3254;"MM-18055";"Michelle Moray";"Consumer";"United States";"Aurora";"Colorado";"2015-11-20";"2017-05-07"
3255;"MM-18055";"Michelle Moray";"Consumer";"United States";"San Francisco";"California";"2017-05-08";"2017-07-14"
3256;"MM-18055";"Michelle Moray";"Consumer";"United States";"New York City";"New York";"2017-07-15";"2017-09-07"
3257;"MM-18055";"Michelle Moray";"Consumer";"United States";"Chicago";"Illinois";"2017-09-08";"2017-10-29"
3258;"MM-18055";"Michelle Moray";"Consumer";"United States";"Seattle";"Washington";"2017-10-30";"2099-01-01"
3259;"MM-18280";"Muhammed MacIntyre";"Corporate";"United States";"Smyrna";"Tennessee";"2014-01-20";"2015-05-24"
3260;"MM-18280";"Muhammed MacIntyre";"Corporate";"United States";"Haltom City";"Texas";"2015-05-25";"2015-09-21"
3261;"MM-18280";"Muhammed MacIntyre";"Corporate";"United States";"Los Angeles";"California";"2015-09-22";"2015-12-13"
3262;"MM-18280";"Muhammed MacIntyre";"Corporate";"United States";"Columbus";"Georgia";"2015-12-14";"2016-03-13"
3263;"MM-18280";"Muhammed MacIntyre";"Corporate";"United States";"Seattle";"Washington";"2016-03-14";"2016-09-27"
3264;"MM-18280";"Muhammed MacIntyre";"Corporate";"United States";"Quincy";"Illinois";"2016-09-28";"2017-06-09"
3265;"MM-18280";"Muhammed MacIntyre";"Corporate";"United States";"New York City";"New York";"2017-06-10";"2017-09-17"
3266;"MM-18280";"Muhammed MacIntyre";"Corporate";"United States";"New York City";"New York";"2017-09-18";"2017-10-05"
3267;"MM-18280";"Muhammed MacIntyre";"Corporate";"United States";"New York City";"New York";"2017-10-06";"2099-01-01"
3268;"MN-17935";"Michael Nguyen";"Consumer";"United States";"Dallas";"Texas";"2014-02-16";"2014-07-10"
3269;"MN-17935";"Michael Nguyen";"Consumer";"United States";"El Paso";"Texas";"2014-07-11";"2016-05-14"
3270;"MN-17935";"Michael Nguyen";"Consumer";"United States";"Springfield";"Ohio";"2016-05-15";"2017-02-09"
3271;"MN-17935";"Michael Nguyen";"Consumer";"United States";"Clinton";"Maryland";"2017-02-10";"2017-11-12"
3272;"MN-17935";"Michael Nguyen";"Consumer";"United States";"Memphis";"Tennessee";"2017-11-13";"2017-11-25"
3273;"MN-17935";"Michael Nguyen";"Consumer";"United States";"New York City";"New York";"2017-11-26";"2099-01-01"
3274;"MO-17500";"Mary O'Rourke";"Consumer";"United States";"Freeport";"New York";"2014-11-28";"2016-09-05"
3275;"MO-17500";"Mary O'Rourke";"Consumer";"United States";"New York City";"New York";"2016-09-06";"2016-10-03"
3276;"MO-17500";"Mary O'Rourke";"Consumer";"United States";"The Colony";"Texas";"2016-10-04";"2017-10-18"
3277;"MO-17500";"Mary O'Rourke";"Consumer";"United States";"Chicago";"Illinois";"2017-10-19";"2099-01-01"
3278;"MO-17800";"Meg O'Connel";"Home Office";"United States";"Los Angeles";"California";"2015-09-17";"2015-11-21"
3279;"MO-17800";"Meg O'Connel";"Home Office";"United States";"San Antonio";"Texas";"2015-11-22";"2016-08-28"
3280;"MO-17800";"Meg O'Connel";"Home Office";"United States";"New York City";"New York";"2016-08-29";"2017-06-02"
3281;"MO-17800";"Meg O'Connel";"Home Office";"United States";"Spokane";"Washington";"2017-06-03";"2017-06-08"
3282;"MO-17800";"Meg O'Connel";"Home Office";"United States";"Chicago";"Illinois";"2017-06-09";"2017-09-14"
3283;"MO-17800";"Meg O'Connel";"Home Office";"United States";"New York City";"New York";"2017-09-15";"2017-09-16"
3284;"MO-17800";"Meg O'Connel";"Home Office";"United States";"Roswell";"Georgia";"2017-09-17";"2099-01-01"
3285;"MO-17950";"Michael Oakman";"Consumer";"United States";"Dallas";"Texas";"2015-04-02";"2017-07-02"
3286;"MO-17950";"Michael Oakman";"Consumer";"United States";"Jacksonville";"North Carolina";"2017-07-03";"2099-01-01"
3287;"MP-17470";"Mark Packer";"Home Office";"United States";"Brownsville";"Texas";"2014-03-30";"2014-06-03"
3288;"MP-17470";"Mark Packer";"Home Office";"United States";"Columbus";"Ohio";"2014-06-04";"2014-11-16"
3289;"MP-17470";"Mark Packer";"Home Office";"United States";"Moorhead";"Minnesota";"2014-11-17";"2015-06-27"
3290;"MP-17470";"Mark Packer";"Home Office";"United States";"Smyrna";"Georgia";"2015-06-28";"2015-10-11"
3291;"MP-17470";"Mark Packer";"Home Office";"United States";"New York City";"New York";"2015-10-12";"2015-12-02"
3292;"MP-17470";"Mark Packer";"Home Office";"United States";"New York City";"New York";"2015-12-03";"2016-01-10"
3293;"MP-17470";"Mark Packer";"Home Office";"United States";"Columbus";"Ohio";"2016-01-11";"2099-01-01"
3294;"MP-17965";"Michael Paige";"Corporate";"United States";"Mcallen";"Texas";"2015-04-18";"2015-07-16"
3295;"MP-17965";"Michael Paige";"Corporate";"United States";"Port Saint Lucie";"Florida";"2015-07-17";"2015-10-01"
3296;"MP-17965";"Michael Paige";"Corporate";"United States";"Middletown";"Connecticut";"2015-10-02";"2015-10-15"
3297;"MP-17965";"Michael Paige";"Corporate";"United States";"New York City";"New York";"2015-10-16";"2016-10-08"
3298;"MP-17965";"Michael Paige";"Corporate";"United States";"Troy";"Ohio";"2016-10-09";"2016-12-14"
3299;"MP-17965";"Michael Paige";"Corporate";"United States";"Detroit";"Michigan";"2016-12-15";"2016-12-28"
3300;"MP-17965";"Michael Paige";"Corporate";"United States";"Bristol";"Tennessee";"2016-12-29";"2017-07-06"
3301;"MP-17965";"Michael Paige";"Corporate";"United States";"Warwick";"Rhode Island";"2017-07-07";"2017-10-18"
3302;"MP-17965";"Michael Paige";"Corporate";"United States";"Lawrence";"Massachusetts";"2017-10-19";"2099-01-01"
3303;"MP-18175";"Mike Pelletier";"Home Office";"United States";"Springfield";"Ohio";"2014-03-28";"2014-11-24"
3304;"MP-18175";"Mike Pelletier";"Home Office";"United States";"New York City";"New York";"2014-11-25";"2015-11-15"
3305;"MP-18175";"Mike Pelletier";"Home Office";"United States";"Milwaukee";"Wisconsin";"2015-11-16";"2015-12-05"
3306;"MP-18175";"Mike Pelletier";"Home Office";"United States";"Troy";"Ohio";"2015-12-06";"2016-12-04"
3307;"MP-18175";"Mike Pelletier";"Home Office";"United States";"Chicago";"Illinois";"2016-12-05";"2016-12-14"
3308;"MP-18175";"Mike Pelletier";"Home Office";"United States";"Springfield";"Oregon";"2016-12-15";"2017-02-09"
3309;"MP-18175";"Mike Pelletier";"Home Office";"United States";"Laguna Niguel";"California";"2017-02-10";"2017-10-04"
3310;"MP-18175";"Mike Pelletier";"Home Office";"United States";"San Francisco";"California";"2017-10-05";"2017-12-13"
3311;"MP-18175";"Mike Pelletier";"Home Office";"United States";"San Diego";"California";"2017-12-14";"2099-01-01"
3312;"MR-17545";"Mathew Reese";"Home Office";"United States";"Houston";"Texas";"2014-09-03";"2014-10-06"
3313;"MR-17545";"Mathew Reese";"Home Office";"United States";"Philadelphia";"Pennsylvania";"2014-10-07";"2017-07-07"
3314;"MR-17545";"Mathew Reese";"Home Office";"United States";"Seattle";"Washington";"2017-07-08";"2017-08-26"
3315;"MR-17545";"Mathew Reese";"Home Office";"United States";"New York City";"New York";"2017-08-27";"2099-01-01"
3316;"MS-17365";"Maribeth Schnelling";"Consumer";"United States";"Detroit";"Michigan";"2014-09-09";"2014-09-21"
3317;"MS-17365";"Maribeth Schnelling";"Consumer";"United States";"Boca Raton";"Florida";"2014-09-22";"2014-11-06"
3318;"MS-17365";"Maribeth Schnelling";"Consumer";"United States";"Wausau";"Wisconsin";"2014-11-07";"2015-03-04"
3319;"MS-17365";"Maribeth Schnelling";"Consumer";"United States";"Chicago";"Illinois";"2015-03-05";"2015-12-03"
3320;"MS-17365";"Maribeth Schnelling";"Consumer";"United States";"New York City";"New York";"2015-12-04";"2015-12-23"
3321;"MS-17365";"Maribeth Schnelling";"Consumer";"United States";"Phoenix";"Arizona";"2015-12-24";"2016-02-03"
3322;"MS-17365";"Maribeth Schnelling";"Consumer";"United States";"Rockville";"Maryland";"2016-02-04";"2016-11-16"
3323;"MS-17365";"Maribeth Schnelling";"Consumer";"United States";"Carlsbad";"New Mexico";"2016-11-17";"2016-11-25"
3324;"MS-17365";"Maribeth Schnelling";"Consumer";"United States";"Los Angeles";"California";"2016-11-26";"2017-03-31"
3325;"MS-17365";"Maribeth Schnelling";"Consumer";"United States";"San Francisco";"California";"2017-04-01";"2099-01-01"
3326;"MS-17530";"MaryBeth Skach";"Consumer";"United States";"San Diego";"California";"2014-11-04";"2014-11-17"
3327;"MS-17530";"MaryBeth Skach";"Consumer";"United States";"Fairfield";"Ohio";"2014-11-18";"2015-10-31"
3328;"MS-17530";"MaryBeth Skach";"Consumer";"United States";"Conway";"Arkansas";"2015-11-01";"2016-10-21"
3329;"MS-17530";"MaryBeth Skach";"Consumer";"United States";"Seattle";"Washington";"2016-10-22";"2099-01-01"
3330;"MS-17710";"Maurice Satty";"Consumer";"United States";"Fresno";"California";"2014-03-24";"2014-04-03"
3331;"MS-17710";"Maurice Satty";"Consumer";"United States";"Detroit";"Michigan";"2014-04-04";"2015-03-15"
3332;"MS-17710";"Maurice Satty";"Consumer";"United States";"Auburn";"Alabama";"2015-03-16";"2015-08-23"
3333;"MS-17710";"Maurice Satty";"Consumer";"United States";"Bowling Green";"Ohio";"2015-08-24";"2016-05-25"
3334;"MS-17710";"Maurice Satty";"Consumer";"United States";"Fort Worth";"Texas";"2016-05-26";"2016-11-11"
3335;"MS-17710";"Maurice Satty";"Consumer";"United States";"Mesa";"Arizona";"2016-11-12";"2099-01-01"
3336;"MS-17770";"Maxwell Schwartz";"Consumer";"United States";"Richmond";"Virginia";"2014-07-04";"2014-08-18"
3337;"MS-17770";"Maxwell Schwartz";"Consumer";"United States";"Columbus";"Ohio";"2014-08-19";"2014-11-02"
3338;"MS-17770";"Maxwell Schwartz";"Consumer";"United States";"Lancaster";"Pennsylvania";"2014-11-03";"2014-11-26"
3339;"MS-17770";"Maxwell Schwartz";"Consumer";"United States";"New York City";"New York";"2014-11-27";"2015-05-27"
3340;"MS-17770";"Maxwell Schwartz";"Consumer";"United States";"Rochester";"New York";"2015-05-28";"2015-10-19"
3341;"MS-17770";"Maxwell Schwartz";"Consumer";"United States";"New York City";"New York";"2015-10-20";"2016-08-22"
3342;"MS-17770";"Maxwell Schwartz";"Consumer";"United States";"Seattle";"Washington";"2016-08-23";"2016-11-09"
3343;"MS-17770";"Maxwell Schwartz";"Consumer";"United States";"Houston";"Texas";"2016-11-10";"2017-08-30"
3344;"MS-17770";"Maxwell Schwartz";"Consumer";"United States";"San Francisco";"California";"2017-08-31";"2099-01-01"
3345;"MS-17830";"Melanie Seite";"Consumer";"United States";"Laredo";"Texas";"2014-01-09";"2015-07-22"
3346;"MS-17830";"Melanie Seite";"Consumer";"United States";"Rochester";"New York";"2015-07-23";"2015-12-06"
3347;"MS-17830";"Melanie Seite";"Consumer";"United States";"Los Angeles";"California";"2015-12-07";"2016-10-03"
3348;"MS-17830";"Melanie Seite";"Consumer";"United States";"Baltimore";"Maryland";"2016-10-04";"2099-01-01"
3349;"MS-17980";"Michael Stewart";"Corporate";"United States";"Houston";"Texas";"2014-06-30";"2015-02-08"
3350;"MS-17980";"Michael Stewart";"Corporate";"United States";"Dallas";"Texas";"2015-02-09";"2015-03-15"
3351;"MS-17980";"Michael Stewart";"Corporate";"United States";"New York City";"New York";"2015-03-16";"2015-08-05"
3352;"MS-17980";"Michael Stewart";"Corporate";"United States";"Houston";"Texas";"2015-08-06";"2015-12-03"
3353;"MS-17980";"Michael Stewart";"Corporate";"United States";"Springfield";"Missouri";"2015-12-04";"2017-12-03"
3354;"MS-17980";"Michael Stewart";"Corporate";"United States";"Philadelphia";"Pennsylvania";"2017-12-04";"2099-01-01"
3355;"MT-17815";"Meg Tillman";"Consumer";"United States";"Scottsdale";"Arizona";"2015-11-06";"2015-12-09"
3356;"MT-17815";"Meg Tillman";"Consumer";"United States";"San Francisco";"California";"2015-12-10";"2016-07-24"
3357;"MT-17815";"Meg Tillman";"Consumer";"United States";"Jackson";"Mississippi";"2016-07-25";"2016-12-26"
3358;"MT-17815";"Meg Tillman";"Consumer";"United States";"Port Arthur";"Texas";"2016-12-27";"2017-03-12"
3359;"MT-17815";"Meg Tillman";"Consumer";"United States";"New York City";"New York";"2017-03-13";"2017-11-10"
3360;"MT-17815";"Meg Tillman";"Consumer";"United States";"New York City";"New York";"2017-11-11";"2099-01-01"
3361;"MT-18070";"Michelle Tran";"Home Office";"United States";"Houston";"Texas";"2014-09-25";"2015-10-23"
3362;"MT-18070";"Michelle Tran";"Home Office";"United States";"San Antonio";"Texas";"2015-10-24";"2016-08-10"
3363;"MT-18070";"Michelle Tran";"Home Office";"United States";"Tulsa";"Oklahoma";"2016-08-11";"2017-06-09"
3364;"MT-18070";"Michelle Tran";"Home Office";"United States";"Los Angeles";"California";"2017-06-10";"2099-01-01"
3365;"MV-17485";"Mark Van Huff";"Consumer";"United States";"Los Angeles";"California";"2014-01-20";"2015-03-26"
3366;"MV-17485";"Mark Van Huff";"Consumer";"United States";"Seattle";"Washington";"2015-03-27";"2015-06-24"
3367;"MV-17485";"Mark Van Huff";"Consumer";"United States";"Houston";"Texas";"2015-06-25";"2016-03-25"
3368;"MV-17485";"Mark Van Huff";"Consumer";"United States";"Pocatello";"Idaho";"2016-03-26";"2016-09-04"
3369;"MV-17485";"Mark Van Huff";"Consumer";"United States";"New York City";"New York";"2016-09-05";"2017-02-05"
3370;"MV-17485";"Mark Van Huff";"Consumer";"United States";"Arlington";"Virginia";"2017-02-06";"2017-03-23"
3371;"MV-17485";"Mark Van Huff";"Consumer";"United States";"New York City";"New York";"2017-03-24";"2017-11-23"
3372;"MV-17485";"Mark Van Huff";"Consumer";"United States";"Mesa";"Arizona";"2017-11-24";"2017-12-02"
3373;"MV-17485";"Mark Van Huff";"Consumer";"United States";"Houston";"Texas";"2017-12-03";"2099-01-01"
3374;"MV-18190";"Mike Vittorini";"Consumer";"United States";"Detroit";"Michigan";"2014-01-30";"2015-03-04"
3375;"MV-18190";"Mike Vittorini";"Consumer";"United States";"Houston";"Texas";"2015-03-05";"2015-07-09"
3376;"MV-18190";"Mike Vittorini";"Consumer";"United States";"San Bernardino";"California";"2015-07-10";"2016-06-16"
3377;"MV-18190";"Mike Vittorini";"Consumer";"United States";"Los Angeles";"California";"2016-06-17";"2016-11-20"
3378;"MV-18190";"Mike Vittorini";"Consumer";"United States";"New York City";"New York";"2016-11-21";"2016-11-30"
3379;"MV-18190";"Mike Vittorini";"Consumer";"United States";"Raleigh";"North Carolina";"2016-12-01";"2017-12-10"
3380;"MV-18190";"Mike Vittorini";"Consumer";"United States";"New York City";"New York";"2017-12-11";"2099-01-01"
3381;"MW-18220";"Mitch Webber";"Consumer";"United States";"Seattle";"Washington";"2014-08-25";"2014-09-19"
3382;"MW-18220";"Mitch Webber";"Consumer";"United States";"New York City";"New York";"2014-09-20";"2014-11-18"
3383;"MW-18220";"Mitch Webber";"Consumer";"United States";"Coon Rapids";"Minnesota";"2014-11-19";"2015-07-04"
3384;"MW-18220";"Mitch Webber";"Consumer";"United States";"Philadelphia";"Pennsylvania";"2015-07-05";"2015-12-17"
3385;"MW-18220";"Mitch Webber";"Consumer";"United States";"New York City";"New York";"2015-12-18";"2016-12-26"
3386;"MW-18220";"Mitch Webber";"Consumer";"United States";"Lancaster";"Ohio";"2016-12-27";"2017-12-12"
3387;"MW-18220";"Mitch Webber";"Consumer";"United States";"Seattle";"Washington";"2017-12-13";"2099-01-01"
3388;"MW-18235";"Mitch Willingham";"Corporate";"United States";"Virginia Beach";"Virginia";"2014-05-21";"2017-11-15"
3389;"MW-18235";"Mitch Willingham";"Corporate";"United States";"San Francisco";"California";"2017-11-16";"2099-01-01"
3390;"MY-17380";"Maribeth Yedwab";"Corporate";"United States";"Rancho Cucamonga";"California";"2015-10-26";"2016-05-29"
3391;"MY-17380";"Maribeth Yedwab";"Corporate";"United States";"Parker";"Colorado";"2016-05-30";"2017-03-01"
3392;"MY-17380";"Maribeth Yedwab";"Corporate";"United States";"Los Angeles";"California";"2017-03-02";"2017-07-22"
3393;"MY-17380";"Maribeth Yedwab";"Corporate";"United States";"Chicago";"Illinois";"2017-07-23";"2017-10-15"
3394;"MY-17380";"Maribeth Yedwab";"Corporate";"United States";"New York City";"New York";"2017-10-16";"2017-11-23"
3395;"MY-17380";"Maribeth Yedwab";"Corporate";"United States";"Memphis";"Tennessee";"2017-11-24";"2017-11-30"
3396;"MY-17380";"Maribeth Yedwab";"Corporate";"United States";"San Antonio";"Texas";"2017-12-01";"2099-01-01"
3397;"MY-18295";"Muhammed Yedwab";"Corporate";"United States";"Baltimore";"Maryland";"2014-04-28";"2014-11-23"
3398;"MY-18295";"Muhammed Yedwab";"Corporate";"United States";"Columbus";"Ohio";"2014-11-24";"2016-03-14"
3399;"MY-18295";"Muhammed Yedwab";"Corporate";"United States";"Bryan";"Texas";"2016-03-15";"2016-03-31"
3400;"MY-18295";"Muhammed Yedwab";"Corporate";"United States";"Milwaukee";"Wisconsin";"2016-04-01";"2016-04-14"
3401;"MY-18295";"Muhammed Yedwab";"Corporate";"United States";"Grapevine";"Texas";"2016-04-15";"2016-10-19"
3402;"MY-18295";"Muhammed Yedwab";"Corporate";"United States";"El Cajon";"California";"2016-10-20";"2016-10-20"
3403;"MY-18295";"Muhammed Yedwab";"Corporate";"United States";"Newark";"Delaware";"2016-10-21";"2016-12-01"
3404;"MY-18295";"Muhammed Yedwab";"Corporate";"United States";"Houston";"Texas";"2016-12-02";"2017-05-03"
3405;"MY-18295";"Muhammed Yedwab";"Corporate";"United States";"Philadelphia";"Pennsylvania";"2017-05-04";"2017-09-02"
3406;"MY-18295";"Muhammed Yedwab";"Corporate";"United States";"Chicago";"Illinois";"2017-09-03";"2017-10-19"
3407;"MY-18295";"Muhammed Yedwab";"Corporate";"United States";"Durham";"North Carolina";"2017-10-20";"2099-01-01"
3408;"MZ-17335";"Maria Zettner";"Home Office";"United States";"San Diego";"California";"2015-11-08";"2016-10-08"
3409;"MZ-17335";"Maria Zettner";"Home Office";"United States";"Phoenix";"Arizona";"2016-10-09";"2017-03-25"
3410;"MZ-17335";"Maria Zettner";"Home Office";"United States";"Seattle";"Washington";"2017-03-26";"2017-11-29"
3411;"MZ-17335";"Maria Zettner";"Home Office";"United States";"San Francisco";"California";"2017-11-30";"2099-01-01"
3412;"MZ-17515";"Mary Zewe";"Corporate";"United States";"Los Angeles";"California";"2014-04-04";"2014-11-10"
3413;"MZ-17515";"Mary Zewe";"Corporate";"United States";"Seattle";"Washington";"2014-11-11";"2015-10-02"
3414;"MZ-17515";"Mary Zewe";"Corporate";"United States";"Reading";"Pennsylvania";"2015-10-03";"2015-10-30"
3415;"MZ-17515";"Mary Zewe";"Corporate";"United States";"Redlands";"California";"2015-10-31";"2016-06-10"
3416;"MZ-17515";"Mary Zewe";"Corporate";"United States";"Arlington";"Texas";"2016-06-11";"2017-03-22"
3417;"MZ-17515";"Mary Zewe";"Corporate";"United States";"New York City";"New York";"2017-03-23";"2099-01-01"
3418;"NB-18580";"Nicole Brennan";"Corporate";"United States";"Philadelphia";"Pennsylvania";"2014-09-26";"2014-10-21"
3419;"NB-18580";"Nicole Brennan";"Corporate";"United States";"Bossier City";"Louisiana";"2014-10-22";"2099-01-01"
3420;"NB-18655";"Nona Balk";"Corporate";"United States";"Philadelphia";"Pennsylvania";"2014-12-05";"2015-02-09"
3421;"NB-18655";"Nona Balk";"Corporate";"United States";"Philadelphia";"Pennsylvania";"2015-02-10";"2015-10-28"
3422;"NB-18655";"Nona Balk";"Corporate";"United States";"San Francisco";"California";"2015-10-29";"2016-04-27"
3423;"NB-18655";"Nona Balk";"Corporate";"United States";"Dallas";"Texas";"2016-04-28";"2016-09-17"
3424;"NB-18655";"Nona Balk";"Corporate";"United States";"Jacksonville";"Florida";"2016-09-18";"2016-10-15"
3425;"NB-18655";"Nona Balk";"Corporate";"United States";"New York City";"New York";"2016-10-16";"2017-10-26"
3426;"NB-18655";"Nona Balk";"Corporate";"United States";"Tallahassee";"Florida";"2017-10-27";"2017-11-17"
3427;"NB-18655";"Nona Balk";"Corporate";"United States";"Milwaukee";"Wisconsin";"2017-11-18";"2017-12-10"
3428;"NB-18655";"Nona Balk";"Corporate";"United States";"Paterson";"New Jersey";"2017-12-11";"2099-01-01"
3429;"NC-18340";"Nat Carroll";"Consumer";"United States";"Apple Valley";"Minnesota";"2014-03-30";"2014-05-03"
3430;"NC-18340";"Nat Carroll";"Consumer";"United States";"Houston";"Texas";"2014-05-04";"2015-04-03"
3431;"NC-18340";"Nat Carroll";"Consumer";"United States";"Lansing";"Michigan";"2015-04-04";"2016-11-23"
3432;"NC-18340";"Nat Carroll";"Consumer";"United States";"New York City";"New York";"2016-11-24";"2017-05-19"
3433;"NC-18340";"Nat Carroll";"Consumer";"United States";"Fargo";"North Dakota";"2017-05-20";"2099-01-01"
3434;"NC-18415";"Nathan Cano";"Consumer";"United States";"Yonkers";"New York";"2014-05-03";"2014-12-26"
3435;"NC-18415";"Nathan Cano";"Consumer";"United States";"Fort Worth";"Texas";"2014-12-27";"2015-04-17"
3436;"NC-18415";"Nathan Cano";"Consumer";"United States";"Santa Maria";"California";"2015-04-18";"2015-06-08"
3437;"NC-18415";"Nathan Cano";"Consumer";"United States";"Royal Oak";"Michigan";"2015-06-09";"2016-10-13"
3438;"NC-18415";"Nathan Cano";"Consumer";"United States";"Jacksonville";"North Carolina";"2016-10-14";"2017-11-18"
3439;"NC-18415";"Nathan Cano";"Consumer";"United States";"Houston";"Texas";"2017-11-19";"2099-01-01"
3440;"NC-18535";"Nick Crebassa";"Corporate";"United States";"San Francisco";"California";"2014-07-23";"2014-08-19"
3441;"NC-18535";"Nick Crebassa";"Corporate";"United States";"Hampton";"Virginia";"2014-08-20";"2016-11-28"
3442;"NC-18535";"Nick Crebassa";"Corporate";"United States";"Dallas";"Texas";"2016-11-29";"2017-03-31"
3443;"NC-18535";"Nick Crebassa";"Corporate";"United States";"San Francisco";"California";"2017-04-01";"2017-11-09"
3444;"NC-18535";"Nick Crebassa";"Corporate";"United States";"Seattle";"Washington";"2017-11-10";"2017-12-08"
3445;"NC-18535";"Nick Crebassa";"Corporate";"United States";"Phoenix";"Arizona";"2017-12-09";"2017-12-23"
3446;"NC-18535";"Nick Crebassa";"Corporate";"United States";"New Bedford";"Massachusetts";"2017-12-24";"2099-01-01"
3447;"NC-18625";"Noah Childs";"Corporate";"United States";"Columbus";"Indiana";"2014-10-29";"2015-05-01"
3448;"NC-18625";"Noah Childs";"Corporate";"United States";"Houston";"Texas";"2015-05-02";"2016-10-12"
3449;"NC-18625";"Noah Childs";"Corporate";"United States";"Aurora";"Colorado";"2016-10-13";"2017-04-08"
3450;"NC-18625";"Noah Childs";"Corporate";"United States";"York";"Pennsylvania";"2017-04-09";"2017-06-08"
3451;"NC-18625";"Noah Childs";"Corporate";"United States";"Dallas";"Texas";"2017-06-09";"2099-01-01"
3452;"ND-18370";"Natalie DeCherney";"Consumer";"United States";"Mount Pleasant";"South Carolina";"2014-01-13";"2014-10-31"
3453;"ND-18370";"Natalie DeCherney";"Consumer";"United States";"Portland";"Oregon";"2014-11-01";"2015-07-12"
3454;"ND-18370";"Natalie DeCherney";"Consumer";"United States";"New York City";"New York";"2015-07-13";"2016-05-04"
3455;"ND-18370";"Natalie DeCherney";"Consumer";"United States";"Louisville";"Kentucky";"2016-05-05";"2016-11-18"
3456;"ND-18370";"Natalie DeCherney";"Consumer";"United States";"Long Beach";"New York";"2016-11-19";"2017-03-18"
3457;"ND-18370";"Natalie DeCherney";"Consumer";"United States";"San Francisco";"California";"2017-03-19";"2017-04-15"
3458;"ND-18370";"Natalie DeCherney";"Consumer";"United States";"Houston";"Texas";"2017-04-16";"2017-10-20"
3459;"ND-18370";"Natalie DeCherney";"Consumer";"United States";"Glendale";"Arizona";"2017-10-21";"2017-12-02"
3460;"ND-18370";"Natalie DeCherney";"Consumer";"United States";"Jacksonville";"Florida";"2017-12-03";"2099-01-01"
3461;"ND-18460";"Neil Ducich";"Corporate";"United States";"Chesapeake";"Virginia";"2014-02-06";"2014-09-18"
3462;"ND-18460";"Neil Ducich";"Corporate";"United States";"Chandler";"Arizona";"2014-09-19";"2015-07-12"
3463;"ND-18460";"Neil Ducich";"Corporate";"United States";"Macon";"Georgia";"2015-07-13";"2017-05-18"
3464;"ND-18460";"Neil Ducich";"Corporate";"United States";"Huntsville";"Alabama";"2017-05-19";"2017-06-09"
3465;"ND-18460";"Neil Ducich";"Corporate";"United States";"Jacksonville";"Florida";"2017-06-10";"2017-06-29"
3466;"ND-18460";"Neil Ducich";"Corporate";"United States";"Mount Vernon";"New York";"2017-06-30";"2099-01-01"
3467;"NF-18385";"Natalie Fritzler";"Consumer";"United States";"Chesapeake";"Virginia";"2014-02-11";"2015-12-14"
3468;"NF-18385";"Natalie Fritzler";"Consumer";"United States";"Newark";"Ohio";"2015-12-15";"2016-08-17"
3469;"NF-18385";"Natalie Fritzler";"Consumer";"United States";"Edinburg";"Texas";"2016-08-18";"2016-09-25"
3470;"NF-18385";"Natalie Fritzler";"Consumer";"United States";"Decatur";"Illinois";"2016-09-26";"2017-07-15"
3471;"NF-18385";"Natalie Fritzler";"Consumer";"United States";"Charlotte";"North Carolina";"2017-07-16";"2017-08-20"
3472;"NF-18385";"Natalie Fritzler";"Consumer";"United States";"Jackson";"Mississippi";"2017-08-21";"2017-10-11"
3473;"NF-18385";"Natalie Fritzler";"Consumer";"United States";"Wheeling";"West Virginia";"2017-10-12";"2099-01-01"
3474;"NF-18475";"Neil Französisch";"Home Office";"United States";"Jacksonville";"Florida";"2014-03-14";"2014-09-30"
3475;"NF-18475";"Neil Französisch";"Home Office";"United States";"Reno";"Nevada";"2014-10-01";"2015-06-28"
3476;"NF-18475";"Neil Französisch";"Home Office";"United States";"Omaha";"Nebraska";"2015-06-29";"2016-07-22"
3477;"NF-18475";"Neil Französisch";"Home Office";"United States";"Rockford";"Illinois";"2016-07-23";"2099-01-01"
3478;"NF-18595";"Nicole Fjeld";"Home Office";"United States";"San Jose";"California";"2014-04-19";"2014-09-08"
3479;"NF-18595";"Nicole Fjeld";"Home Office";"United States";"Lancaster";"Ohio";"2014-09-09";"2015-03-12"
3480;"NF-18595";"Nicole Fjeld";"Home Office";"United States";"Chico";"California";"2015-03-13";"2015-04-03"
3481;"NF-18595";"Nicole Fjeld";"Home Office";"United States";"New York City";"New York";"2015-04-04";"2015-05-02"
3482;"NF-18595";"Nicole Fjeld";"Home Office";"United States";"San Jose";"California";"2015-05-03";"2017-08-17"
3483;"NF-18595";"Nicole Fjeld";"Home Office";"United States";"Seattle";"Washington";"2017-08-18";"2017-09-06"
3484;"NF-18595";"Nicole Fjeld";"Home Office";"United States";"Chicago";"Illinois";"2017-09-07";"2099-01-01"
3485;"NG-18355";"Nat Gilpin";"Corporate";"United States";"Jackson";"Michigan";"2014-11-24";"2015-09-14"
3486;"NG-18355";"Nat Gilpin";"Corporate";"United States";"Coral Springs";"Florida";"2015-09-15";"2017-02-15"
3487;"NG-18355";"Nat Gilpin";"Corporate";"United States";"Fairfield";"Connecticut";"2017-02-16";"2017-08-17"
3488;"NG-18355";"Nat Gilpin";"Corporate";"United States";"New York City";"New York";"2017-08-18";"2017-11-11"
3489;"NG-18355";"Nat Gilpin";"Corporate";"United States";"Newark";"Ohio";"2017-11-12";"2099-01-01"
3490;"NG-18430";"Nathan Gelder";"Consumer";"United States";"Cincinnati";"Ohio";"2014-11-24";"2014-12-02"
3491;"NG-18430";"Nathan Gelder";"Consumer";"United States";"Oklahoma City";"Oklahoma";"2014-12-03";"2015-11-04"
3492;"NG-18430";"Nathan Gelder";"Consumer";"United States";"Quincy";"Illinois";"2015-11-05";"2015-11-21"
3493;"NG-18430";"Nathan Gelder";"Consumer";"United States";"Los Angeles";"California";"2015-11-22";"2017-11-11"
3494;"NG-18430";"Nathan Gelder";"Consumer";"United States";"Austin";"Texas";"2017-11-12";"2099-01-01"
3495;"NH-18610";"Nicole Hansen";"Corporate";"United States";"Philadelphia";"Pennsylvania";"2014-03-02";"2015-09-18"
3496;"NH-18610";"Nicole Hansen";"Corporate";"United States";"Columbus";"Georgia";"2015-09-19";"2015-10-18"
3497;"NH-18610";"Nicole Hansen";"Corporate";"United States";"Detroit";"Michigan";"2015-10-19";"2016-09-24"
3498;"NH-18610";"Nicole Hansen";"Corporate";"United States";"Irving";"Texas";"2016-09-25";"2017-02-18"
3499;"NH-18610";"Nicole Hansen";"Corporate";"United States";"Roswell";"Georgia";"2017-02-19";"2017-04-07"
3500;"NH-18610";"Nicole Hansen";"Corporate";"United States";"Oak Park";"Michigan";"2017-04-08";"2017-06-23"
3501;"NH-18610";"Nicole Hansen";"Corporate";"United States";"Pomona";"California";"2017-06-24";"2099-01-01"
3502;"NK-18490";"Neil Knudson";"Home Office";"United States";"Seattle";"Washington";"2015-05-28";"2016-07-17"
3503;"NK-18490";"Neil Knudson";"Home Office";"United States";"Philadelphia";"Pennsylvania";"2016-07-18";"2016-10-16"
3504;"NK-18490";"Neil Knudson";"Home Office";"United States";"San Francisco";"California";"2016-10-17";"2017-06-17"
3505;"NK-18490";"Neil Knudson";"Home Office";"United States";"Corpus Christi";"Texas";"2017-06-18";"2017-09-23"
3506;"NK-18490";"Neil Knudson";"Home Office";"United States";"San Francisco";"California";"2017-09-24";"2017-10-11"
3507;"NK-18490";"Neil Knudson";"Home Office";"United States";"San Francisco";"California";"2017-10-12";"2017-10-20"
3508;"NK-18490";"Neil Knudson";"Home Office";"United States";"Deltona";"Florida";"2017-10-21";"2099-01-01"
3509;"NL-18310";"Nancy Lomonaco";"Home Office";"United States";"San Francisco";"California";"2014-10-31";"2015-08-24"
3510;"NL-18310";"Nancy Lomonaco";"Home Office";"United States";"Los Angeles";"California";"2015-08-25";"2016-05-29"
3511;"NL-18310";"Nancy Lomonaco";"Home Office";"United States";"Los Angeles";"California";"2016-05-30";"2017-11-01"
3512;"NL-18310";"Nancy Lomonaco";"Home Office";"United States";"Danville";"California";"2017-11-02";"2099-01-01"
3513;"NM-18445";"Nathan Mautz";"Home Office";"United States";"North Las Vegas";"Nevada";"2014-02-08";"2014-04-07"
3514;"NM-18445";"Nathan Mautz";"Home Office";"United States";"Concord";"California";"2014-04-08";"2014-04-22"
3515;"NM-18445";"Nathan Mautz";"Home Office";"United States";"San Francisco";"California";"2014-04-23";"2014-11-03"
3516;"NM-18445";"Nathan Mautz";"Home Office";"United States";"New York City";"New York";"2014-11-04";"2015-05-22"
3517;"NM-18445";"Nathan Mautz";"Home Office";"United States";"Detroit";"Michigan";"2015-05-23";"2015-05-24"
3518;"NM-18445";"Nathan Mautz";"Home Office";"United States";"Wichita";"Kansas";"2015-05-25";"2017-07-22"
3519;"NM-18445";"Nathan Mautz";"Home Office";"United States";"New York City";"New York";"2017-07-23";"2099-01-01"
3520;"NM-18520";"Neoma Murray";"Consumer";"United States";"Moreno Valley";"California";"2015-09-08";"2015-09-26"
3521;"NM-18520";"Neoma Murray";"Consumer";"United States";"Chicago";"Illinois";"2015-09-27";"2015-11-30"
3522;"NM-18520";"Neoma Murray";"Consumer";"United States";"Houston";"Texas";"2015-12-01";"2016-01-06"
3523;"NM-18520";"Neoma Murray";"Consumer";"United States";"Amarillo";"Texas";"2016-01-07";"2016-05-30"
3524;"NM-18520";"Neoma Murray";"Consumer";"United States";"New York City";"New York";"2016-05-31";"2016-12-02"
3525;"NM-18520";"Neoma Murray";"Consumer";"United States";"Los Angeles";"California";"2016-12-03";"2016-12-22"
3526;"NM-18520";"Neoma Murray";"Consumer";"United States";"Bowling Green";"Ohio";"2016-12-23";"2017-04-29"
3527;"NM-18520";"Neoma Murray";"Consumer";"United States";"Manchester";"Connecticut";"2017-04-30";"2099-01-01"
3528;"NP-18325";"Naresj Patel";"Consumer";"United States";"Oakland";"California";"2014-05-13";"2014-06-20"
3529;"NP-18325";"Naresj Patel";"Consumer";"United States";"Waynesboro";"Virginia";"2014-06-21";"2014-07-21"
3530;"NP-18325";"Naresj Patel";"Consumer";"United States";"San Francisco";"California";"2014-07-22";"2015-08-08"
3531;"NP-18325";"Naresj Patel";"Consumer";"United States";"New York City";"New York";"2015-08-09";"2015-12-05"
3532;"NP-18325";"Naresj Patel";"Consumer";"United States";"San Diego";"California";"2015-12-06";"2017-12-04"
3533;"NP-18325";"Naresj Patel";"Consumer";"United States";"San Diego";"California";"2017-12-05";"2099-01-01"
3534;"NP-18670";"Nora Paige";"Consumer";"United States";"Seattle";"Washington";"2015-02-27";"2016-07-17"
3535;"NP-18670";"Nora Paige";"Consumer";"United States";"Phoenix";"Arizona";"2016-07-18";"2016-11-19"
3536;"NP-18670";"Nora Paige";"Consumer";"United States";"Edmond";"Oklahoma";"2016-11-20";"2017-10-11"
3537;"NP-18670";"Nora Paige";"Consumer";"United States";"Lakewood";"New Jersey";"2017-10-12";"2017-11-01"
3538;"NP-18670";"Nora Paige";"Consumer";"United States";"Saint Louis";"Missouri";"2017-11-02";"2099-01-01"
3539;"NP-18685";"Nora Pelletier";"Home Office";"United States";"Des Moines";"Washington";"2014-03-07";"2015-05-24"
3540;"NP-18685";"Nora Pelletier";"Home Office";"United States";"San Francisco";"California";"2015-05-25";"2015-10-01"
3541;"NP-18685";"Nora Pelletier";"Home Office";"United States";"Wilson";"North Carolina";"2015-10-02";"2015-12-05"
3542;"NP-18685";"Nora Pelletier";"Home Office";"United States";"Indianapolis";"Indiana";"2015-12-06";"2016-09-21"
3543;"NP-18685";"Nora Pelletier";"Home Office";"United States";"Parma";"Ohio";"2016-09-22";"2016-11-18"
3544;"NP-18685";"Nora Pelletier";"Home Office";"United States";"Niagara Falls";"New York";"2016-11-19";"2099-01-01"
3545;"NP-18700";"Nora Preis";"Consumer";"United States";"Bowling Green";"Ohio";"2014-09-05";"2014-12-11"
3546;"NP-18700";"Nora Preis";"Consumer";"United States";"Fresno";"California";"2014-12-12";"2014-12-21"
3547;"NP-18700";"Nora Preis";"Consumer";"United States";"Chicago";"Illinois";"2014-12-22";"2016-08-11"
3548;"NP-18700";"Nora Preis";"Consumer";"United States";"New York City";"New York";"2016-08-12";"2016-11-04"
3549;"NP-18700";"Nora Preis";"Consumer";"United States";"Seattle";"Washington";"2016-11-05";"2017-06-25"
3550;"NP-18700";"Nora Preis";"Consumer";"United States";"Denver";"Colorado";"2017-06-26";"2017-08-13"
3551;"NP-18700";"Nora Preis";"Consumer";"United States";"San Francisco";"California";"2017-08-14";"2099-01-01"
3552;"NR-18550";"Nick Radford";"Consumer";"United States";"Aurora";"Illinois";"2014-06-07";"2016-05-01"
3553;"NR-18550";"Nick Radford";"Consumer";"United States";"Amarillo";"Texas";"2016-05-02";"2016-10-16"
3554;"NR-18550";"Nick Radford";"Consumer";"United States";"Perth Amboy";"New Jersey";"2016-10-17";"2017-06-02"
3555;"NR-18550";"Nick Radford";"Consumer";"United States";"Pembroke Pines";"Florida";"2017-06-03";"2099-01-01"
3556;"NS-18505";"Neola Schneider";"Consumer";"United States";"Dallas";"Texas";"2016-11-24";"2017-01-18"
3557;"NS-18505";"Neola Schneider";"Consumer";"United States";"Philadelphia";"Pennsylvania";"2017-01-19";"2017-09-30"
3558;"NS-18505";"Neola Schneider";"Consumer";"United States";"San Jose";"California";"2017-10-01";"2017-12-23"
3559;"NS-18505";"Neola Schneider";"Consumer";"United States";"Dallas";"Texas";"2017-12-24";"2099-01-01"
3560;"NS-18640";"Noel Staavos";"Corporate";"United States";"Los Angeles";"California";"2014-06-25";"2015-03-08"
3561;"NS-18640";"Noel Staavos";"Corporate";"United States";"San Antonio";"Texas";"2015-03-09";"2015-08-06"
3562;"NS-18640";"Noel Staavos";"Corporate";"United States";"Boise";"Idaho";"2015-08-07";"2015-08-06"
3563;"NS-18640";"Noel Staavos";"Corporate";"United States";"Baltimore";"Maryland";"2015-08-07";"2015-10-19"
3564;"NS-18640";"Noel Staavos";"Corporate";"United States";"San Francisco";"California";"2015-10-20";"2015-11-07"
3565;"NS-18640";"Noel Staavos";"Corporate";"United States";"Jacksonville";"North Carolina";"2015-11-08";"2016-02-01"
3566;"NS-18640";"Noel Staavos";"Corporate";"United States";"Houston";"Texas";"2016-02-02";"2016-12-10"
3567;"NS-18640";"Noel Staavos";"Corporate";"United States";"Columbus";"Ohio";"2016-12-11";"2016-12-11"
3568;"NS-18640";"Noel Staavos";"Corporate";"United States";"New York City";"New York";"2016-12-12";"2016-12-16"
3569;"NS-18640";"Noel Staavos";"Corporate";"United States";"Carlsbad";"New Mexico";"2016-12-17";"2017-04-14"
3570;"NS-18640";"Noel Staavos";"Corporate";"United States";"Los Angeles";"California";"2017-04-15";"2017-06-04"
3571;"NS-18640";"Noel Staavos";"Corporate";"United States";"Orlando";"Florida";"2017-06-05";"2017-07-08"
3572;"NS-18640";"Noel Staavos";"Corporate";"United States";"Chicago";"Illinois";"2017-07-09";"2099-01-01"
3573;"NW-18400";"Natalie Webber";"Consumer";"United States";"Philadelphia";"Pennsylvania";"2014-06-21";"2014-11-25"
3574;"NW-18400";"Natalie Webber";"Consumer";"United States";"Tigard";"Oregon";"2014-11-26";"2015-05-07"
3575;"NW-18400";"Natalie Webber";"Consumer";"United States";"New York City";"New York";"2015-05-08";"2015-09-14"
3576;"NW-18400";"Natalie Webber";"Consumer";"United States";"Mobile";"Alabama";"2015-09-15";"2015-11-20"
3577;"NW-18400";"Natalie Webber";"Consumer";"United States";"Las Vegas";"Nevada";"2015-11-21";"2016-11-02"
3578;"NW-18400";"Natalie Webber";"Consumer";"United States";"Portland";"Oregon";"2016-11-03";"2017-07-10"
3579;"NW-18400";"Natalie Webber";"Consumer";"United States";"Waterloo";"Iowa";"2017-07-11";"2099-01-01"
3580;"NZ-18565";"Nick Zandusky";"Home Office";"United States";"Springfield";"Missouri";"2014-08-02";"2015-08-20"
3581;"NZ-18565";"Nick Zandusky";"Home Office";"United States";"San Francisco";"California";"2015-08-21";"2016-06-30"
3582;"NZ-18565";"Nick Zandusky";"Home Office";"United States";"Seattle";"Washington";"2016-07-01";"2016-07-09"
3583;"NZ-18565";"Nick Zandusky";"Home Office";"United States";"Yuma";"Arizona";"2016-07-10";"2016-09-10"
3584;"NZ-18565";"Nick Zandusky";"Home Office";"United States";"Toledo";"Ohio";"2016-09-11";"2016-11-19"
3585;"NZ-18565";"Nick Zandusky";"Home Office";"United States";"Columbus";"Ohio";"2016-11-20";"2017-04-29"
3586;"NZ-18565";"Nick Zandusky";"Home Office";"United States";"Los Angeles";"California";"2017-04-30";"2017-08-04"
3587;"NZ-18565";"Nick Zandusky";"Home Office";"United States";"Houston";"Texas";"2017-08-05";"2017-10-05"
3588;"NZ-18565";"Nick Zandusky";"Home Office";"United States";"Meridian";"Idaho";"2017-10-06";"2099-01-01"
3589;"ON-18715";"Odella Nelson";"Corporate";"United States";"Tempe";"Arizona";"2014-09-13";"2014-11-03"
3590;"ON-18715";"Odella Nelson";"Corporate";"United States";"Cary";"North Carolina";"2014-11-04";"2014-12-01"
3591;"ON-18715";"Odella Nelson";"Corporate";"United States";"Clinton";"Maryland";"2014-12-02";"2015-05-16"
3592;"ON-18715";"Odella Nelson";"Corporate";"United States";"Houston";"Texas";"2015-05-17";"2015-08-12"
3593;"ON-18715";"Odella Nelson";"Corporate";"United States";"Yucaipa";"California";"2015-08-13";"2015-09-23"
3594;"ON-18715";"Odella Nelson";"Corporate";"United States";"Philadelphia";"Pennsylvania";"2015-09-24";"2016-02-29"
3595;"ON-18715";"Odella Nelson";"Corporate";"United States";"Denver";"Colorado";"2016-03-01";"2016-03-10"
3596;"ON-18715";"Odella Nelson";"Corporate";"United States";"Eagan";"Minnesota";"2016-03-11";"2016-11-14"
3597;"ON-18715";"Odella Nelson";"Corporate";"United States";"Burlington";"North Carolina";"2016-11-15";"2099-01-01"
3598;"OT-18730";"Olvera Toch";"Consumer";"United States";"Detroit";"Michigan";"2015-04-20";"2016-06-09"
3599;"OT-18730";"Olvera Toch";"Consumer";"United States";"Los Angeles";"California";"2016-06-10";"2016-07-27"
3600;"OT-18730";"Olvera Toch";"Consumer";"United States";"Bethlehem";"Pennsylvania";"2016-07-28";"2017-06-25"
3601;"OT-18730";"Olvera Toch";"Consumer";"United States";"San Diego";"California";"2017-06-26";"2017-10-25"
3602;"OT-18730";"Olvera Toch";"Consumer";"United States";"Virginia Beach";"Virginia";"2017-10-26";"2099-01-01"
3603;"PA-19060";"Pete Armstrong";"Home Office";"United States";"Eau Claire";"Wisconsin";"2014-05-17";"2015-03-01"
3604;"PA-19060";"Pete Armstrong";"Home Office";"United States";"Richmond";"Indiana";"2015-03-02";"2015-10-14"
3605;"PA-19060";"Pete Armstrong";"Home Office";"United States";"Orland Park";"Illinois";"2015-10-15";"2016-10-26"
3606;"PA-19060";"Pete Armstrong";"Home Office";"United States";"San Francisco";"California";"2016-10-27";"2016-11-25"
3607;"PA-19060";"Pete Armstrong";"Home Office";"United States";"Miami";"Florida";"2016-11-26";"2017-09-17"
3608;"PA-19060";"Pete Armstrong";"Home Office";"United States";"Dallas";"Texas";"2017-09-18";"2099-01-01"
3609;"PB-18805";"Patrick Bzostek";"Home Office";"United States";"San Francisco";"California";"2015-11-20";"2016-10-14"
3610;"PB-18805";"Patrick Bzostek";"Home Office";"United States";"Salt Lake City";"Utah";"2016-10-15";"2017-12-04"
3611;"PB-18805";"Patrick Bzostek";"Home Office";"United States";"Seattle";"Washington";"2017-12-05";"2099-01-01"
3612;"PB-19105";"Peter Bühler";"Consumer";"United States";"Houston";"Texas";"2014-11-15";"2016-03-19"
3613;"PB-19105";"Peter Bühler";"Consumer";"United States";"Evanston";"Illinois";"2016-03-20";"2017-09-21"
3614;"PB-19105";"Peter Bühler";"Consumer";"United States";"Smyrna";"Georgia";"2017-09-22";"2017-11-02"
3615;"PB-19105";"Peter Bühler";"Consumer";"United States";"Philadelphia";"Pennsylvania";"2017-11-03";"2099-01-01"
3616;"PB-19150";"Philip Brown";"Consumer";"United States";"Phoenix";"Arizona";"2014-07-14";"2014-11-28"
3617;"PB-19150";"Philip Brown";"Consumer";"United States";"New York City";"New York";"2014-11-29";"2014-11-29"
3618;"PB-19150";"Philip Brown";"Consumer";"United States";"Avondale";"Arizona";"2014-11-30";"2014-12-11"
3619;"PB-19150";"Philip Brown";"Consumer";"United States";"Miami";"Florida";"2014-12-12";"2015-01-12"
3620;"PB-19150";"Philip Brown";"Consumer";"United States";"Los Angeles";"California";"2015-01-13";"2015-06-15"
3621;"PB-19150";"Philip Brown";"Consumer";"United States";"Philadelphia";"Pennsylvania";"2015-06-16";"2016-04-13"
3622;"PB-19150";"Philip Brown";"Consumer";"United States";"Los Angeles";"California";"2016-04-14";"2017-09-23"
3623;"PB-19150";"Philip Brown";"Consumer";"United States";"Seattle";"Washington";"2017-09-24";"2099-01-01"
3624;"PB-19210";"Phillip Breyer";"Corporate";"United States";"Philadelphia";"Pennsylvania";"2014-11-23";"2016-02-10"
3625;"PB-19210";"Phillip Breyer";"Corporate";"United States";"Tulsa";"Oklahoma";"2016-02-11";"2099-01-01"
3626;"PC-18745";"Pamela Coakley";"Corporate";"United States";"Watertown";"New York";"2014-12-31";"2016-11-09"
3627;"PC-18745";"Pamela Coakley";"Corporate";"United States";"San Francisco";"California";"2016-11-10";"2016-11-26"
3628;"PC-18745";"Pamela Coakley";"Corporate";"United States";"Westfield";"New Jersey";"2016-11-27";"2017-12-27"
3629;"PC-18745";"Pamela Coakley";"Corporate";"United States";"Loveland";"Colorado";"2017-12-28";"2099-01-01"
3630;"PC-19000";"Pauline Chand";"Home Office";"United States";"Chandler";"Arizona";"2014-04-08";"2015-07-31"
3631;"PC-19000";"Pauline Chand";"Home Office";"United States";"Los Angeles";"California";"2015-08-01";"2099-01-01"
3632;"PF-19120";"Peter Fuller";"Consumer";"United States";"Richmond";"Kentucky";"2014-05-05";"2015-04-06"
3633;"PF-19120";"Peter Fuller";"Consumer";"United States";"San Antonio";"Texas";"2015-04-07";"2015-06-14"
3634;"PF-19120";"Peter Fuller";"Consumer";"United States";"Gilbert";"Arizona";"2015-06-15";"2015-09-16"
3635;"PF-19120";"Peter Fuller";"Consumer";"United States";"New York City";"New York";"2015-09-17";"2099-01-01"
3636;"PF-19165";"Philip Fox";"Consumer";"United States";"Bloomington";"Illinois";"2014-09-20";"2015-08-26"
3637;"PF-19165";"Philip Fox";"Consumer";"United States";"San Diego";"California";"2015-08-27";"2015-09-25"
3638;"PF-19165";"Philip Fox";"Consumer";"United States";"New York City";"New York";"2015-09-26";"2016-06-29"
3639;"PF-19165";"Philip Fox";"Consumer";"United States";"Sandy Springs";"Georgia";"2016-06-30";"2016-11-08"
3640;"PF-19165";"Philip Fox";"Consumer";"United States";"Oakland";"California";"2016-11-09";"2017-06-16"
3641;"PF-19165";"Philip Fox";"Consumer";"United States";"Olympia";"Washington";"2017-06-17";"2099-01-01"
3642;"PF-19225";"Phillip Flathmann";"Consumer";"United States";"Atlanta";"Georgia";"2016-06-26";"2016-11-02"
3643;"PF-19225";"Phillip Flathmann";"Consumer";"United States";"Los Angeles";"California";"2016-11-03";"2016-12-28"
3644;"PF-19225";"Phillip Flathmann";"Consumer";"United States";"Los Angeles";"California";"2016-12-29";"2017-09-01"
3645;"PF-19225";"Phillip Flathmann";"Consumer";"United States";"San Francisco";"California";"2017-09-02";"2017-09-06"
3646;"PF-19225";"Phillip Flathmann";"Consumer";"United States";"Edmonds";"Washington";"2017-09-07";"2099-01-01"
3647;"PG-18820";"Patrick Gardner";"Consumer";"United States";"San Francisco";"California";"2014-05-09";"2014-07-20"
3648;"PG-18820";"Patrick Gardner";"Consumer";"United States";"Omaha";"Nebraska";"2014-07-21";"2015-04-18"
3649;"PG-18820";"Patrick Gardner";"Consumer";"United States";"Carrollton";"Texas";"2015-04-19";"2015-07-26"
3650;"PG-18820";"Patrick Gardner";"Consumer";"United States";"Louisville";"Kentucky";"2015-07-27";"2016-02-14"
3651;"PG-18820";"Patrick Gardner";"Consumer";"United States";"New York City";"New York";"2016-02-15";"2016-03-07"
3652;"PG-18820";"Patrick Gardner";"Consumer";"United States";"Glendale";"Arizona";"2016-03-08";"2016-04-07"
3653;"PG-18820";"Patrick Gardner";"Consumer";"United States";"Smyrna";"Georgia";"2016-04-08";"2016-08-31"
3654;"PG-18820";"Patrick Gardner";"Consumer";"United States";"New York City";"New York";"2016-09-01";"2016-10-27"
3655;"PG-18820";"Patrick Gardner";"Consumer";"United States";"Boynton Beach";"Florida";"2016-10-28";"2016-11-17"
3656;"PG-18820";"Patrick Gardner";"Consumer";"United States";"San Diego";"California";"2016-11-18";"2017-09-28"
3657;"PG-18820";"Patrick Gardner";"Consumer";"United States";"Bakersfield";"California";"2017-09-29";"2017-11-10"
3658;"PG-18820";"Patrick Gardner";"Consumer";"United States";"Dallas";"Texas";"2017-11-11";"2017-11-23"
3659;"PG-18820";"Patrick Gardner";"Consumer";"United States";"San Francisco";"California";"2017-11-24";"2099-01-01"
3660;"PG-18895";"Paul Gonzalez";"Consumer";"United States";"Fort Worth";"Texas";"2014-05-11";"2015-09-11"
3661;"PG-18895";"Paul Gonzalez";"Consumer";"United States";"New York City";"New York";"2015-09-12";"2015-12-16"
3662;"PG-18895";"Paul Gonzalez";"Consumer";"United States";"Los Angeles";"California";"2015-12-17";"2016-01-21"
3663;"PG-18895";"Paul Gonzalez";"Consumer";"United States";"Morristown";"New Jersey";"2016-01-22";"2016-04-21"
3664;"PG-18895";"Paul Gonzalez";"Consumer";"United States";"San Francisco";"California";"2016-04-22";"2017-06-12"
3665;"PG-18895";"Paul Gonzalez";"Consumer";"United States";"Springfield";"Virginia";"2017-06-13";"2017-06-19"
3666;"PG-18895";"Paul Gonzalez";"Consumer";"United States";"Richmond";"Virginia";"2017-06-20";"2017-10-25"
3667;"PG-18895";"Paul Gonzalez";"Consumer";"United States";"Rochester";"Minnesota";"2017-10-26";"2017-11-02"
3668;"PG-18895";"Paul Gonzalez";"Consumer";"United States";"San Francisco";"California";"2017-11-03";"2099-01-01"
3669;"PH-18790";"Patricia Hirasaki";"Home Office";"United States";"Lakeland";"Florida";"2017-10-21";"2099-01-01"
3670;"PJ-18835";"Patrick Jones";"Corporate";"United States";"Seattle";"Washington";"2014-05-28";"2015-11-13"
3671;"PJ-18835";"Patrick Jones";"Corporate";"United States";"New York City";"New York";"2015-11-14";"2015-11-13"
3672;"PJ-18835";"Patrick Jones";"Corporate";"United States";"Springfield";"Virginia";"2015-11-14";"2016-05-04"
3673;"PJ-18835";"Patrick Jones";"Corporate";"United States";"Murfreesboro";"Tennessee";"2016-05-05";"2016-11-02"
3674;"PJ-18835";"Patrick Jones";"Corporate";"United States";"Dallas";"Texas";"2016-11-03";"2017-05-18"
3675;"PJ-18835";"Patrick Jones";"Corporate";"United States";"Rockford";"Illinois";"2017-05-19";"2017-11-02"
3676;"PJ-18835";"Patrick Jones";"Corporate";"United States";"Richmond";"Kentucky";"2017-11-03";"2017-11-20"
3677;"PJ-18835";"Patrick Jones";"Corporate";"United States";"San Francisco";"California";"2017-11-21";"2099-01-01"
3678;"PJ-19015";"Pauline Johnson";"Consumer";"United States";"Mobile";"Alabama";"2014-04-07";"2015-07-17"
3679;"PJ-19015";"Pauline Johnson";"Consumer";"United States";"New York City";"New York";"2015-07-18";"2016-07-19"
3680;"PJ-19015";"Pauline Johnson";"Consumer";"United States";"Long Beach";"New York";"2016-07-20";"2016-09-07"
3681;"PJ-19015";"Pauline Johnson";"Consumer";"United States";"Santa Ana";"California";"2016-09-08";"2017-05-13"
3682;"PJ-19015";"Pauline Johnson";"Consumer";"United States";"Santa Ana";"California";"2017-05-14";"2017-06-19"
3683;"PJ-19015";"Pauline Johnson";"Consumer";"United States";"Miami";"Florida";"2017-06-20";"2017-08-17"
3684;"PJ-19015";"Pauline Johnson";"Consumer";"United States";"Columbus";"Ohio";"2017-08-18";"2099-01-01"
3685;"PK-18910";"Paul Knutson";"Home Office";"United States";"San Francisco";"California";"2014-04-04";"2016-09-02"
3686;"PK-18910";"Paul Knutson";"Home Office";"United States";"Philadelphia";"Pennsylvania";"2016-09-03";"2099-01-01"
3687;"PK-19075";"Pete Kriz";"Consumer";"United States";"Madison";"Wisconsin";"2014-11-11";"2016-04-15"
3688;"PK-19075";"Pete Kriz";"Consumer";"United States";"Nashville";"Tennessee";"2016-04-16";"2016-08-15"
3689;"PK-19075";"Pete Kriz";"Consumer";"United States";"San Francisco";"California";"2016-08-16";"2016-09-04"
3690;"PK-19075";"Pete Kriz";"Consumer";"United States";"Detroit";"Michigan";"2016-09-05";"2016-09-23"
3691;"PK-19075";"Pete Kriz";"Consumer";"United States";"Columbus";"Ohio";"2016-09-24";"2016-12-13"
3692;"PK-19075";"Pete Kriz";"Consumer";"United States";"New York City";"New York";"2016-12-14";"2016-12-15"
3693;"PK-19075";"Pete Kriz";"Consumer";"United States";"Apple Valley";"California";"2016-12-16";"2017-03-04"
3694;"PK-19075";"Pete Kriz";"Consumer";"United States";"Milwaukee";"Wisconsin";"2017-03-05";"2017-08-20"
3695;"PK-19075";"Pete Kriz";"Consumer";"United States";"New York City";"New York";"2017-08-21";"2017-09-03"
3696;"PK-19075";"Pete Kriz";"Consumer";"United States";"San Francisco";"California";"2017-09-04";"2017-11-06"
3697;"PK-19075";"Pete Kriz";"Consumer";"United States";"Newark";"Delaware";"2017-11-07";"2017-12-20"
3698;"PK-19075";"Pete Kriz";"Consumer";"United States";"Columbia";"South Carolina";"2017-12-21";"2099-01-01"
3699;"PL-18925";"Paul Lucas";"Home Office";"United States";"Los Angeles";"California";"2014-11-01";"2016-03-14"
3700;"PL-18925";"Paul Lucas";"Home Office";"United States";"Philadelphia";"Pennsylvania";"2016-03-15";"2017-04-15"
3701;"PL-18925";"Paul Lucas";"Home Office";"United States";"Chicago";"Illinois";"2017-04-16";"2017-06-21"
3702;"PL-18925";"Paul Lucas";"Home Office";"United States";"Philadelphia";"Pennsylvania";"2017-06-22";"2017-12-14"
3703;"PL-18925";"Paul Lucas";"Home Office";"United States";"Seattle";"Washington";"2017-12-15";"2099-01-01"
3704;"PM-18940";"Paul MacIntyre";"Consumer";"United States";"Jackson";"Michigan";"2014-05-04";"2015-01-18"
3705;"PM-18940";"Paul MacIntyre";"Consumer";"United States";"Texas City";"Texas";"2015-01-19";"2016-12-08"
3706;"PM-18940";"Paul MacIntyre";"Consumer";"United States";"Springfield";"Virginia";"2016-12-09";"2099-01-01"
3707;"PM-19135";"Peter McVee";"Home Office";"United States";"Dover";"New Hampshire";"2015-12-19";"2016-10-07"
3708;"PM-19135";"Peter McVee";"Home Office";"United States";"San Antonio";"Texas";"2016-10-08";"2016-10-21"
3709;"PM-19135";"Peter McVee";"Home Office";"United States";"Detroit";"Michigan";"2016-10-22";"2017-11-08"
3710;"PM-19135";"Peter McVee";"Home Office";"United States";"Jacksonville";"Florida";"2017-11-09";"2099-01-01"
3711;"PN-18775";"Parhena Norris";"Home Office";"United States";"Bakersfield";"California";"2015-08-07";"2016-09-09"
3712;"PN-18775";"Parhena Norris";"Home Office";"United States";"New York City";"New York";"2016-09-10";"2016-09-13"
3713;"PN-18775";"Parhena Norris";"Home Office";"United States";"Columbia";"South Carolina";"2016-09-14";"2016-12-17"
3714;"PN-18775";"Parhena Norris";"Home Office";"United States";"Omaha";"Nebraska";"2016-12-18";"2017-04-22"
3715;"PN-18775";"Parhena Norris";"Home Office";"United States";"Clarksville";"Tennessee";"2017-04-23";"2017-04-24"
3716;"PN-18775";"Parhena Norris";"Home Office";"United States";"Nashville";"Tennessee";"2017-04-25";"2017-11-08"
3717;"PN-18775";"Parhena Norris";"Home Office";"United States";"New York City";"New York";"2017-11-09";"2017-11-29"
3718;"PN-18775";"Parhena Norris";"Home Office";"United States";"Miami";"Florida";"2017-11-30";"2099-01-01"
3719;"PO-18850";"Patrick O'Brill";"Consumer";"United States";"Irving";"Texas";"2014-11-02";"2014-12-06"
3720;"PO-18850";"Patrick O'Brill";"Consumer";"United States";"Virginia Beach";"Virginia";"2014-12-07";"2015-04-30"
3721;"PO-18850";"Patrick O'Brill";"Consumer";"United States";"San Francisco";"California";"2015-05-01";"2015-11-12"
3722;"PO-18850";"Patrick O'Brill";"Consumer";"United States";"Houston";"Texas";"2015-11-13";"2016-08-29"
3723;"PO-18850";"Patrick O'Brill";"Consumer";"United States";"Philadelphia";"Pennsylvania";"2016-08-30";"2016-09-17"
3724;"PO-18850";"Patrick O'Brill";"Consumer";"United States";"Jacksonville";"Florida";"2016-09-18";"2017-07-05"
3725;"PO-18850";"Patrick O'Brill";"Consumer";"United States";"Los Angeles";"California";"2017-07-06";"2017-08-22"
3726;"PO-18850";"Patrick O'Brill";"Consumer";"United States";"Tallahassee";"Florida";"2017-08-23";"2017-10-02"
3727;"PO-18850";"Patrick O'Brill";"Consumer";"United States";"Hialeah";"Florida";"2017-10-03";"2017-10-23"
3728;"PO-18850";"Patrick O'Brill";"Consumer";"United States";"Mansfield";"Texas";"2017-10-24";"2099-01-01"
3729;"PO-18865";"Patrick O'Donnell";"Consumer";"United States";"Los Angeles";"California";"2014-03-23";"2014-10-19"
3730;"PO-18865";"Patrick O'Donnell";"Consumer";"United States";"Westland";"Michigan";"2014-10-20";"2016-09-16"
3731;"PO-18865";"Patrick O'Donnell";"Consumer";"United States";"Marlborough";"Massachusetts";"2016-09-17";"2017-05-27"
3732;"PO-18865";"Patrick O'Donnell";"Consumer";"United States";"Columbia";"South Carolina";"2017-05-28";"2017-08-04"
3733;"PO-18865";"Patrick O'Donnell";"Consumer";"United States";"Indianapolis";"Indiana";"2017-08-05";"2017-12-24"
3734;"PO-18865";"Patrick O'Donnell";"Consumer";"United States";"East Orange";"New Jersey";"2017-12-25";"2017-12-29"
3735;"PO-18865";"Patrick O'Donnell";"Consumer";"United States";"New York City";"New York";"2017-12-30";"2099-01-01"
3736;"PO-19180";"Philisse Overcash";"Home Office";"United States";"New York City";"New York";"2015-08-11";"2015-11-09"
3737;"PO-19180";"Philisse Overcash";"Home Office";"United States";"Roseville";"Minnesota";"2015-11-10";"2015-11-15"
3738;"PO-19180";"Philisse Overcash";"Home Office";"United States";"New York City";"New York";"2015-11-16";"2016-06-11"
3739;"PO-19180";"Philisse Overcash";"Home Office";"United States";"Chicago";"Illinois";"2016-06-12";"2016-09-11"
3740;"PO-19180";"Philisse Overcash";"Home Office";"United States";"Louisville";"Colorado";"2016-09-12";"2016-11-12"
3741;"PO-19180";"Philisse Overcash";"Home Office";"United States";"Seattle";"Washington";"2016-11-13";"2017-03-16"
3742;"PO-19180";"Philisse Overcash";"Home Office";"United States";"Houston";"Texas";"2017-03-17";"2017-04-25"
3743;"PO-19180";"Philisse Overcash";"Home Office";"United States";"Seattle";"Washington";"2017-04-26";"2017-07-22"
3744;"PO-19180";"Philisse Overcash";"Home Office";"United States";"Kenosha";"Wisconsin";"2017-07-23";"2099-01-01"
3745;"PO-19195";"Phillina Ober";"Home Office";"United States";"Naperville";"Illinois";"2014-01-04";"2015-09-24"
3746;"PO-19195";"Phillina Ober";"Home Office";"United States";"Bayonne";"New Jersey";"2015-09-25";"2015-11-19"
3747;"PO-19195";"Phillina Ober";"Home Office";"United States";"Philadelphia";"Pennsylvania";"2015-11-20";"2015-11-28"
3748;"PO-19195";"Phillina Ober";"Home Office";"United States";"San Francisco";"California";"2015-11-29";"2017-10-04"
3749;"PO-19195";"Phillina Ober";"Home Office";"United States";"New York City";"New York";"2017-10-05";"2099-01-01"
3750;"PP-18955";"Paul Prost";"Home Office";"United States";"Newark";"Delaware";"2014-08-26";"2014-09-07"
3751;"PP-18955";"Paul Prost";"Home Office";"United States";"New York City";"New York";"2014-09-08";"2014-09-28"
3752;"PP-18955";"Paul Prost";"Home Office";"United States";"Seattle";"Washington";"2014-09-29";"2015-06-18"
3753;"PP-18955";"Paul Prost";"Home Office";"United States";"Philadelphia";"Pennsylvania";"2015-06-19";"2015-07-05"
3754;"PP-18955";"Paul Prost";"Home Office";"United States";"Holyoke";"Massachusetts";"2015-07-06";"2015-12-13"
3755;"PP-18955";"Paul Prost";"Home Office";"United States";"Los Angeles";"California";"2015-12-14";"2016-02-04"
3756;"PP-18955";"Paul Prost";"Home Office";"United States";"Smyrna";"Georgia";"2016-02-05";"2016-11-09"
3757;"PP-18955";"Paul Prost";"Home Office";"United States";"Springfield";"Ohio";"2016-11-10";"2017-05-17"
3758;"PP-18955";"Paul Prost";"Home Office";"United States";"Springfield";"Missouri";"2017-05-18";"2017-09-23"
3759;"PP-18955";"Paul Prost";"Home Office";"United States";"Hollywood";"Florida";"2017-09-24";"2099-01-01"
3760;"PR-18880";"Patrick Ryan";"Consumer";"United States";"Saint Petersburg";"Florida";"2014-09-05";"2015-04-10"
3761;"PR-18880";"Patrick Ryan";"Consumer";"United States";"Tampa";"Florida";"2015-04-11";"2015-12-18"
3762;"PR-18880";"Patrick Ryan";"Consumer";"United States";"Glenview";"Illinois";"2015-12-19";"2017-08-20"
3763;"PR-18880";"Patrick Ryan";"Consumer";"United States";"Oakland";"California";"2017-08-21";"2017-11-23"
3764;"PR-18880";"Patrick Ryan";"Consumer";"United States";"San Francisco";"California";"2017-11-24";"2099-01-01"
3765;"PS-18760";"Pamela Stobb";"Consumer";"United States";"El Paso";"Texas";"2014-06-15";"2015-05-25"
3766;"PS-18760";"Pamela Stobb";"Consumer";"United States";"San Antonio";"Texas";"2015-05-26";"2016-03-08"
3767;"PS-18760";"Pamela Stobb";"Consumer";"United States";"Andover";"Massachusetts";"2016-03-09";"2016-09-28"
3768;"PS-18760";"Pamela Stobb";"Consumer";"United States";"Los Angeles";"California";"2016-09-29";"2017-04-16"
3769;"PS-18760";"Pamela Stobb";"Consumer";"United States";"Los Angeles";"California";"2017-04-17";"2017-09-13"
3770;"PS-18760";"Pamela Stobb";"Consumer";"United States";"Philadelphia";"Pennsylvania";"2017-09-14";"2099-01-01"
3771;"PS-18970";"Paul Stevenson";"Home Office";"United States";"Los Angeles";"California";"2014-04-15";"2015-04-29"
3772;"PS-18970";"Paul Stevenson";"Home Office";"United States";"Chicago";"Illinois";"2015-04-30";"2015-05-10"
3773;"PS-18970";"Paul Stevenson";"Home Office";"United States";"Phoenix";"Arizona";"2015-05-11";"2015-11-29"
3774;"PS-18970";"Paul Stevenson";"Home Office";"United States";"Henderson";"Kentucky";"2015-11-30";"2016-05-08"
3775;"PS-18970";"Paul Stevenson";"Home Office";"United States";"New York City";"New York";"2016-05-09";"2017-03-20"
3776;"PS-18970";"Paul Stevenson";"Home Office";"United States";"Seattle";"Washington";"2017-03-21";"2017-10-03"
3777;"PS-18970";"Paul Stevenson";"Home Office";"United States";"Clinton";"Maryland";"2017-10-04";"2017-10-21"
3778;"PS-18970";"Paul Stevenson";"Home Office";"United States";"Tulsa";"Oklahoma";"2017-10-22";"2099-01-01"
3779;"PS-19045";"Penelope Sewall";"Home Office";"United States";"Harrisonburg";"Virginia";"2014-12-20";"2015-02-21"
3780;"PS-19045";"Penelope Sewall";"Home Office";"United States";"Sterling Heights";"Michigan";"2015-02-22";"2015-06-12"
3781;"PS-19045";"Penelope Sewall";"Home Office";"United States";"Lewiston";"Maine";"2015-06-13";"2016-11-06"
3782;"PS-19045";"Penelope Sewall";"Home Office";"United States";"Oceanside";"California";"2016-11-07";"2017-01-20"
3783;"PS-19045";"Penelope Sewall";"Home Office";"United States";"Charlotte";"North Carolina";"2017-01-21";"2017-04-03"
3784;"PS-19045";"Penelope Sewall";"Home Office";"United States";"New York City";"New York";"2017-04-04";"2017-05-07"
3785;"PS-19045";"Penelope Sewall";"Home Office";"United States";"Los Angeles";"California";"2017-05-08";"2099-01-01"
3786;"PT-19090";"Pete Takahito";"Consumer";"United States";"Houston";"Texas";"2014-09-12";"2016-09-04"
3787;"PT-19090";"Pete Takahito";"Consumer";"United States";"San Antonio";"Texas";"2016-09-05";"2017-07-20"
3788;"PT-19090";"Pete Takahito";"Consumer";"United States";"Chicago";"Illinois";"2017-07-21";"2017-10-19"
3789;"PT-19090";"Pete Takahito";"Consumer";"United States";"Jacksonville";"Florida";"2017-10-20";"2099-01-01"
3790;"PV-18985";"Paul Van Hugh";"Home Office";"United States";"League City";"Texas";"2014-07-12";"2016-02-21"
3791;"PV-18985";"Paul Van Hugh";"Home Office";"United States";"Milwaukee";"Wisconsin";"2016-02-22";"2016-06-13"
3792;"PV-18985";"Paul Van Hugh";"Home Office";"United States";"San Francisco";"California";"2016-06-14";"2017-03-10"
3793;"PV-18985";"Paul Van Hugh";"Home Office";"United States";"Cambridge";"Massachusetts";"2017-03-11";"2017-10-01"
3794;"PV-18985";"Paul Van Hugh";"Home Office";"United States";"Los Angeles";"California";"2017-10-02";"2099-01-01"
3795;"PW-19030";"Pauline Webber";"Corporate";"United States";"Los Angeles";"California";"2014-05-16";"2015-02-02"
3796;"PW-19030";"Pauline Webber";"Corporate";"United States";"Rome";"New York";"2015-02-03";"2016-08-21"
3797;"PW-19030";"Pauline Webber";"Corporate";"United States";"Los Angeles";"California";"2016-08-22";"2016-10-13"
3798;"PW-19030";"Pauline Webber";"Corporate";"United States";"New York City";"New York";"2016-10-14";"2016-12-01"
3799;"PW-19030";"Pauline Webber";"Corporate";"United States";"Marion";"Iowa";"2016-12-02";"2016-12-23"
3800;"PW-19030";"Pauline Webber";"Corporate";"United States";"New York City";"New York";"2016-12-24";"2017-03-20"
3801;"PW-19030";"Pauline Webber";"Corporate";"United States";"Pompano Beach";"Florida";"2017-03-21";"2017-06-26"
3802;"PW-19030";"Pauline Webber";"Corporate";"United States";"Seattle";"Washington";"2017-06-27";"2017-08-04"
3803;"PW-19030";"Pauline Webber";"Corporate";"United States";"Richmond";"Kentucky";"2017-08-05";"2017-11-13"
3804;"PW-19030";"Pauline Webber";"Corporate";"United States";"Watertown";"New York";"2017-11-14";"2099-01-01"
3805;"PW-19240";"Pierre Wener";"Consumer";"United States";"Louisville";"Colorado";"2014-11-18";"2015-02-20"
3806;"PW-19240";"Pierre Wener";"Consumer";"United States";"Columbia";"Maryland";"2015-02-21";"2015-04-25"
3807;"PW-19240";"Pierre Wener";"Consumer";"United States";"Houston";"Texas";"2015-04-26";"2015-11-22"
3808;"PW-19240";"Pierre Wener";"Consumer";"United States";"Wilmington";"Delaware";"2015-11-23";"2015-12-02"
3809;"PW-19240";"Pierre Wener";"Consumer";"United States";"San Francisco";"California";"2015-12-03";"2016-07-28"
3810;"PW-19240";"Pierre Wener";"Consumer";"United States";"Pensacola";"Florida";"2016-07-29";"2016-09-21"
3811;"PW-19240";"Pierre Wener";"Consumer";"United States";"Philadelphia";"Pennsylvania";"2016-09-22";"2099-01-01"
3812;"QJ-19255";"Quincy Jones";"Corporate";"United States";"Philadelphia";"Pennsylvania";"2014-03-17";"2014-05-31"
3813;"QJ-19255";"Quincy Jones";"Corporate";"United States";"Detroit";"Michigan";"2014-06-01";"2015-10-31"
3814;"QJ-19255";"Quincy Jones";"Corporate";"United States";"New York City";"New York";"2015-11-01";"2015-11-07"
3815;"QJ-19255";"Quincy Jones";"Corporate";"United States";"Burlington";"Vermont";"2015-11-08";"2016-04-09"
3816;"QJ-19255";"Quincy Jones";"Corporate";"United States";"Chicago";"Illinois";"2016-04-10";"2016-10-14"
3817;"QJ-19255";"Quincy Jones";"Corporate";"United States";"Springfield";"Virginia";"2016-10-15";"2016-12-07"
3818;"QJ-19255";"Quincy Jones";"Corporate";"United States";"Saint Paul";"Minnesota";"2016-12-08";"2017-04-29"
3819;"QJ-19255";"Quincy Jones";"Corporate";"United States";"Philadelphia";"Pennsylvania";"2017-04-30";"2017-12-04"
3820;"QJ-19255";"Quincy Jones";"Corporate";"United States";"Burlington";"Vermont";"2017-12-05";"2099-01-01"
3821;"RA-19285";"Ralph Arnett";"Consumer";"United States";"Houston";"Texas";"2014-12-13";"2015-08-12"
3822;"RA-19285";"Ralph Arnett";"Consumer";"United States";"Richmond";"Indiana";"2015-08-13";"2015-10-22"
3823;"RA-19285";"Ralph Arnett";"Consumer";"United States";"Lakeland";"Florida";"2015-10-23";"2015-12-24"
3824;"RA-19285";"Ralph Arnett";"Consumer";"United States";"San Diego";"California";"2015-12-25";"2016-08-03"
3825;"RA-19285";"Ralph Arnett";"Consumer";"United States";"Peoria";"Illinois";"2016-08-04";"2017-06-29"
3826;"RA-19285";"Ralph Arnett";"Consumer";"United States";"New York City";"New York";"2017-06-30";"2017-09-03"
3827;"RA-19285";"Ralph Arnett";"Consumer";"United States";"Los Angeles";"California";"2017-09-04";"2017-11-30"
3828;"RA-19285";"Ralph Arnett";"Consumer";"United States";"Philadelphia";"Pennsylvania";"2017-12-01";"2017-12-24"
3829;"RA-19285";"Ralph Arnett";"Consumer";"United States";"New York City";"New York";"2017-12-25";"2099-01-01"
3830;"RA-19885";"Ruben Ausman";"Corporate";"United States";"Decatur";"Alabama";"2014-04-08";"2014-11-21"
3831;"RA-19885";"Ruben Ausman";"Corporate";"United States";"Columbus";"Georgia";"2014-11-22";"2015-08-08"
3832;"RA-19885";"Ruben Ausman";"Corporate";"United States";"Jacksonville";"Florida";"2015-08-09";"2016-07-16"
3833;"RA-19885";"Ruben Ausman";"Corporate";"United States";"Los Angeles";"California";"2016-07-17";"2017-09-25"
3834;"RA-19885";"Ruben Ausman";"Corporate";"United States";"San Francisco";"California";"2017-09-26";"2017-11-04"
3835;"RA-19885";"Ruben Ausman";"Corporate";"United States";"Farmington";"New Mexico";"2017-11-05";"2017-11-16"
3836;"RA-19885";"Ruben Ausman";"Corporate";"United States";"Athens";"Georgia";"2017-11-17";"2099-01-01"
3837;"RA-19915";"Russell Applegate";"Consumer";"United States";"Chicago";"Illinois";"2014-06-30";"2014-09-29"
3838;"RA-19915";"Russell Applegate";"Consumer";"United States";"New York City";"New York";"2014-09-30";"2014-10-31"
3839;"RA-19915";"Russell Applegate";"Consumer";"United States";"Denver";"Colorado";"2014-11-01";"2015-04-27"
3840;"RA-19915";"Russell Applegate";"Consumer";"United States";"Houston";"Texas";"2015-04-28";"2015-07-19"
3841;"RA-19915";"Russell Applegate";"Consumer";"United States";"Highland Park";"Illinois";"2015-07-20";"2015-11-12"
3842;"RA-19915";"Russell Applegate";"Consumer";"United States";"Columbus";"Indiana";"2015-11-13";"2016-09-22"
3843;"RA-19915";"Russell Applegate";"Consumer";"United States";"Columbus";"Georgia";"2016-09-23";"2017-08-17"
3844;"RA-19915";"Russell Applegate";"Consumer";"United States";"Dallas";"Texas";"2017-08-18";"2017-12-17"
3845;"RA-19915";"Russell Applegate";"Consumer";"United States";"Encinitas";"California";"2017-12-18";"2099-01-01"
3846;"RA-19945";"Ryan Akin";"Consumer";"United States";"Miami";"Florida";"2014-08-29";"2015-08-26"
3847;"RA-19945";"Ryan Akin";"Consumer";"United States";"Murrieta";"California";"2015-08-27";"2015-12-09"
3848;"RA-19945";"Ryan Akin";"Consumer";"United States";"Cleveland";"Ohio";"2015-12-10";"2017-06-16"
3849;"RA-19945";"Ryan Akin";"Consumer";"United States";"Commerce City";"Colorado";"2017-06-17";"2017-10-29"
3850;"RA-19945";"Ryan Akin";"Consumer";"United States";"Dallas";"Texas";"2017-10-30";"2099-01-01"
3851;"RB-19330";"Randy Bradley";"Consumer";"United States";"Philadelphia";"Pennsylvania";"2014-11-17";"2017-10-22"
3852;"RB-19330";"Randy Bradley";"Consumer";"United States";"Austin";"Texas";"2017-10-23";"2099-01-01"
3853;"RB-19360";"Raymond Buch";"Consumer";"United States";"Auburn";"New York";"2016-04-01";"2016-05-28"
3854;"RB-19360";"Raymond Buch";"Consumer";"United States";"Nashville";"Tennessee";"2016-05-29";"2016-07-13"
3855;"RB-19360";"Raymond Buch";"Consumer";"United States";"San Francisco";"California";"2016-07-14";"2017-03-22"
3856;"RB-19360";"Raymond Buch";"Consumer";"United States";"Seattle";"Washington";"2017-03-23";"2017-07-24"
3857;"RB-19360";"Raymond Buch";"Consumer";"United States";"Sioux Falls";"South Dakota";"2017-07-25";"2017-09-24"
3858;"RB-19360";"Raymond Buch";"Consumer";"United States";"Cincinnati";"Ohio";"2017-09-25";"2099-01-01"
3859;"RB-19435";"Richard Bierner";"Consumer";"United States";"Roseville";"California";"2014-03-11";"2014-10-09"
3860;"RB-19435";"Richard Bierner";"Consumer";"United States";"Columbus";"Ohio";"2014-10-10";"2014-11-23"
3861;"RB-19435";"Richard Bierner";"Consumer";"United States";"Saint Louis";"Missouri";"2014-11-24";"2014-11-24"
3862;"RB-19435";"Richard Bierner";"Consumer";"United States";"Los Angeles";"California";"2014-11-25";"2015-03-28"
3863;"RB-19435";"Richard Bierner";"Consumer";"United States";"San Diego";"California";"2015-03-29";"2015-07-01"
3864;"RB-19435";"Richard Bierner";"Consumer";"United States";"Houston";"Texas";"2015-07-02";"2017-11-18"
3865;"RB-19435";"Richard Bierner";"Consumer";"United States";"Springfield";"Virginia";"2017-11-19";"2017-12-10"
3866;"RB-19435";"Richard Bierner";"Consumer";"United States";"Plainfield";"New Jersey";"2017-12-11";"2099-01-01"
3867;"RB-19465";"Rick Bensley";"Home Office";"United States";"Chicago";"Illinois";"2014-03-14";"2014-09-06"
3868;"RB-19465";"Rick Bensley";"Home Office";"United States";"Tulsa";"Oklahoma";"2014-09-07";"2016-03-08"
3869;"RB-19465";"Rick Bensley";"Home Office";"United States";"Milford";"Connecticut";"2016-03-09";"2016-05-04"
3870;"RB-19465";"Rick Bensley";"Home Office";"United States";"Tallahassee";"Florida";"2016-05-05";"2016-05-19"
3871;"RB-19465";"Rick Bensley";"Home Office";"United States";"Vallejo";"California";"2016-05-20";"2016-07-03"
3872;"RB-19465";"Rick Bensley";"Home Office";"United States";"Seattle";"Washington";"2016-07-04";"2016-08-20"
3873;"RB-19465";"Rick Bensley";"Home Office";"United States";"Philadelphia";"Pennsylvania";"2016-08-21";"2016-08-28"
3874;"RB-19465";"Rick Bensley";"Home Office";"United States";"Chicago";"Illinois";"2016-08-29";"2017-06-21"
3875;"RB-19465";"Rick Bensley";"Home Office";"United States";"Detroit";"Michigan";"2017-06-22";"2017-10-19"
3876;"RB-19465";"Rick Bensley";"Home Office";"United States";"New York City";"New York";"2017-10-20";"2017-12-15"
3877;"RB-19465";"Rick Bensley";"Home Office";"United States";"Los Angeles";"California";"2017-12-16";"2017-12-20"
3878;"RB-19465";"Rick Bensley";"Home Office";"United States";"Fremont";"Nebraska";"2017-12-21";"2099-01-01"
3879;"RB-19570";"Rob Beeghly";"Consumer";"United States";"Chicago";"Illinois";"2016-09-03";"2016-09-14"
3880;"RB-19570";"Rob Beeghly";"Consumer";"United States";"Seattle";"Washington";"2016-09-15";"2017-01-13"
3881;"RB-19570";"Rob Beeghly";"Consumer";"United States";"Jacksonville";"North Carolina";"2017-01-14";"2017-12-04"
3882;"RB-19570";"Rob Beeghly";"Consumer";"United States";"Columbus";"Indiana";"2017-12-05";"2099-01-01"
3883;"RB-19645";"Robert Barroso";"Corporate";"United States";"Los Angeles";"California";"2014-08-23";"2014-08-23"
3884;"RB-19645";"Robert Barroso";"Corporate";"United States";"Billings";"Montana";"2014-08-24";"2014-11-21"
3885;"RB-19645";"Robert Barroso";"Corporate";"United States";"Atlanta";"Georgia";"2014-11-22";"2015-12-17"
3886;"RB-19645";"Robert Barroso";"Corporate";"United States";"Memphis";"Tennessee";"2015-12-18";"2016-03-21"
3887;"RB-19645";"Robert Barroso";"Corporate";"United States";"North Las Vegas";"Nevada";"2016-03-22";"2099-01-01"
3888;"RB-19705";"Roger Barcio";"Home Office";"United States";"New York City";"New York";"2015-08-22";"2015-12-25"
3889;"RB-19705";"Roger Barcio";"Home Office";"United States";"Houston";"Texas";"2015-12-26";"2017-09-13"
3890;"RB-19705";"Roger Barcio";"Home Office";"United States";"New York City";"New York";"2017-09-14";"2017-11-05"
3891;"RB-19705";"Roger Barcio";"Home Office";"United States";"Portland";"Oregon";"2017-11-06";"2099-01-01"
3892;"RB-19795";"Ross Baird";"Home Office";"United States";"Midland";"Michigan";"2014-06-03";"2015-07-24"
3893;"RB-19795";"Ross Baird";"Home Office";"United States";"Philadelphia";"Pennsylvania";"2015-07-25";"2016-04-14"
3894;"RB-19795";"Ross Baird";"Home Office";"United States";"Gastonia";"North Carolina";"2016-04-15";"2016-06-05"
3895;"RB-19795";"Ross Baird";"Home Office";"United States";"Los Angeles";"California";"2016-06-06";"2016-12-23"
3896;"RB-19795";"Ross Baird";"Home Office";"United States";"Charlotte";"North Carolina";"2016-12-24";"2017-05-12"
3897;"RB-19795";"Ross Baird";"Home Office";"United States";"San Francisco";"California";"2017-05-13";"2017-10-04"
3898;"RB-19795";"Ross Baird";"Home Office";"United States";"Denver";"Colorado";"2017-10-05";"2017-11-27"
3899;"RB-19795";"Ross Baird";"Home Office";"United States";"Philadelphia";"Pennsylvania";"2017-11-28";"2099-01-01"
3900;"RC-19825";"Roy Collins";"Consumer";"United States";"Alexandria";"Virginia";"2014-12-05";"2016-01-14"
3901;"RC-19825";"Roy Collins";"Consumer";"United States";"Fairfield";"Connecticut";"2016-01-15";"2016-06-05"
3902;"RC-19825";"Roy Collins";"Consumer";"United States";"Chicago";"Illinois";"2016-06-06";"2016-06-19"
3903;"RC-19825";"Roy Collins";"Consumer";"United States";"Pasadena";"California";"2016-06-20";"2016-11-03"
3904;"RC-19825";"Roy Collins";"Consumer";"United States";"Louisville";"Kentucky";"2016-11-04";"2016-12-25"
3905;"RC-19825";"Roy Collins";"Consumer";"United States";"Colorado Springs";"Colorado";"2016-12-26";"2099-01-01"
3906;"RC-19960";"Ryan Crowe";"Consumer";"United States";"Columbus";"Ohio";"2014-08-25";"2014-12-05"
3907;"RC-19960";"Ryan Crowe";"Consumer";"United States";"Springfield";"Oregon";"2014-12-06";"2016-09-10"
3908;"RC-19960";"Ryan Crowe";"Consumer";"United States";"Houston";"Texas";"2016-09-11";"2016-09-21"
3909;"RC-19960";"Ryan Crowe";"Consumer";"United States";"Grand Rapids";"Michigan";"2016-09-22";"2016-11-13"
3910;"RC-19960";"Ryan Crowe";"Consumer";"United States";"Baltimore";"Maryland";"2016-11-14";"2017-09-10"
3911;"RC-19960";"Ryan Crowe";"Consumer";"United States";"Jacksonville";"Florida";"2017-09-11";"2099-01-01"
3912;"RD-19480";"Rick Duston";"Consumer";"United States";"Long Beach";"New York";"2014-06-08";"2015-06-22"
3913;"RD-19480";"Rick Duston";"Consumer";"United States";"Olympia";"Washington";"2015-06-23";"2015-12-13"
3914;"RD-19480";"Rick Duston";"Consumer";"United States";"San Diego";"California";"2015-12-14";"2016-03-03"
3915;"RD-19480";"Rick Duston";"Consumer";"United States";"Mishawaka";"Indiana";"2016-03-04";"2016-11-30"
3916;"RD-19480";"Rick Duston";"Consumer";"United States";"Richmond";"Indiana";"2016-12-01";"2017-05-19"
3917;"RD-19480";"Rick Duston";"Consumer";"United States";"Las Vegas";"Nevada";"2017-05-20";"2017-09-14"
3918;"RD-19480";"Rick Duston";"Consumer";"United States";"San Francisco";"California";"2017-09-15";"2017-10-18"
3919;"RD-19480";"Rick Duston";"Consumer";"United States";"Houston";"Texas";"2017-10-19";"2099-01-01"
3920;"RD-19585";"Rob Dowd";"Consumer";"United States";"Athens";"Georgia";"2014-04-02";"2015-02-15"
3921;"RD-19585";"Rob Dowd";"Consumer";"United States";"Los Angeles";"California";"2015-02-16";"2015-08-07"
3922;"RD-19585";"Rob Dowd";"Consumer";"United States";"Utica";"New York";"2015-08-08";"2015-10-27"
3923;"RD-19585";"Rob Dowd";"Consumer";"United States";"Henderson";"Kentucky";"2015-10-28";"2015-11-07"
3924;"RD-19585";"Rob Dowd";"Consumer";"United States";"Dubuque";"Iowa";"2015-11-08";"2015-12-12"
3925;"RD-19585";"Rob Dowd";"Consumer";"United States";"Temecula";"California";"2015-12-13";"2016-11-21"
3926;"RD-19585";"Rob Dowd";"Consumer";"United States";"Detroit";"Michigan";"2016-11-22";"2017-01-28"
3927;"RD-19585";"Rob Dowd";"Consumer";"United States";"New York City";"New York";"2017-01-29";"2017-07-02"
3928;"RD-19585";"Rob Dowd";"Consumer";"United States";"Los Angeles";"California";"2017-07-03";"2017-07-02"
3929;"RD-19585";"Rob Dowd";"Consumer";"United States";"Plano";"Texas";"2017-07-03";"2099-01-01"
3930;"RD-19660";"Robert Dilbeck";"Home Office";"United States";"Seattle";"Washington";"2015-04-12";"2015-10-23"
3931;"RD-19660";"Robert Dilbeck";"Home Office";"United States";"Oakland";"California";"2015-10-24";"2016-03-19"
3932;"RD-19660";"Robert Dilbeck";"Home Office";"United States";"Saint Peters";"Missouri";"2016-03-20";"2016-09-21"
3933;"RD-19660";"Robert Dilbeck";"Home Office";"United States";"Philadelphia";"Pennsylvania";"2016-09-22";"2017-09-06"
3934;"RD-19660";"Robert Dilbeck";"Home Office";"United States";"Independence";"Missouri";"2017-09-07";"2099-01-01"
3935;"RD-19720";"Roger Demir";"Consumer";"United States";"San Francisco";"California";"2014-07-20";"2014-08-08"
3936;"RD-19720";"Roger Demir";"Consumer";"United States";"Phoenix";"Arizona";"2014-08-09";"2014-11-01"
3937;"RD-19720";"Roger Demir";"Consumer";"United States";"New York City";"New York";"2014-11-02";"2015-12-20"
3938;"RD-19720";"Roger Demir";"Consumer";"United States";"Daytona Beach";"Florida";"2015-12-21";"2016-05-09"
3939;"RD-19720";"Roger Demir";"Consumer";"United States";"Seattle";"Washington";"2016-05-10";"2016-11-20"
3940;"RD-19720";"Roger Demir";"Consumer";"United States";"Chicago";"Illinois";"2016-11-21";"2016-12-02"
3941;"RD-19720";"Roger Demir";"Consumer";"United States";"Morgan Hill";"California";"2016-12-03";"2017-03-19"
3942;"RD-19720";"Roger Demir";"Consumer";"United States";"Middletown";"Connecticut";"2017-03-20";"2017-03-28"
3943;"RD-19720";"Roger Demir";"Consumer";"United States";"Lafayette";"Indiana";"2017-03-29";"2017-12-08"
3944;"RD-19720";"Roger Demir";"Consumer";"United States";"Philadelphia";"Pennsylvania";"2017-12-09";"2099-01-01"
3945;"RD-19810";"Ross DeVincentis";"Home Office";"United States";"Fayetteville";"North Carolina";"2014-10-27";"2016-02-12"
3946;"RD-19810";"Ross DeVincentis";"Home Office";"United States";"Los Angeles";"California";"2016-02-13";"2016-06-06"
3947;"RD-19810";"Ross DeVincentis";"Home Office";"United States";"New York City";"New York";"2016-06-07";"2016-09-01"
3948;"RD-19810";"Ross DeVincentis";"Home Office";"United States";"Houston";"Texas";"2016-09-02";"2016-12-26"
3949;"RD-19810";"Ross DeVincentis";"Home Office";"United States";"Akron";"Ohio";"2016-12-27";"2017-02-02"
3950;"RD-19810";"Ross DeVincentis";"Home Office";"United States";"Chicago";"Illinois";"2017-02-03";"2017-10-29"
3951;"RD-19810";"Ross DeVincentis";"Home Office";"United States";"Richmond";"Kentucky";"2017-10-30";"2017-12-15"
3952;"RD-19810";"Ross DeVincentis";"Home Office";"United States";"Rochester";"New York";"2017-12-16";"2099-01-01"
3953;"RD-19900";"Ruben Dartt";"Consumer";"United States";"Dearborn Heights";"Michigan";"2014-04-05";"2014-11-09"
3954;"RD-19900";"Ruben Dartt";"Consumer";"United States";"San Diego";"California";"2014-11-10";"2014-11-18"
3955;"RD-19900";"Ruben Dartt";"Consumer";"United States";"Philadelphia";"Pennsylvania";"2014-11-19";"2015-03-21"
3956;"RD-19900";"Ruben Dartt";"Consumer";"United States";"Thousand Oaks";"California";"2015-03-22";"2015-05-25"
3957;"RD-19900";"Ruben Dartt";"Consumer";"United States";"Bellevue";"Washington";"2015-05-26";"2016-06-22"
3958;"RD-19900";"Ruben Dartt";"Consumer";"United States";"San Francisco";"California";"2016-06-23";"2016-09-23"
3959;"RD-19900";"Ruben Dartt";"Consumer";"United States";"Bloomington";"Indiana";"2016-09-24";"2016-11-15"
3960;"RD-19900";"Ruben Dartt";"Consumer";"United States";"Carlsbad";"New Mexico";"2016-11-16";"2017-09-06"
3961;"RD-19900";"Ruben Dartt";"Consumer";"United States";"Portland";"Oregon";"2017-09-07";"2099-01-01"
3962;"RD-19930";"Russell D'Ascenzo";"Consumer";"United States";"Dallas";"Texas";"2014-10-03";"2015-07-24"
3963;"RD-19930";"Russell D'Ascenzo";"Consumer";"United States";"Los Angeles";"California";"2015-07-25";"2017-04-09"
3964;"RD-19930";"Russell D'Ascenzo";"Consumer";"United States";"Austin";"Texas";"2017-04-10";"2017-11-17"
3965;"RD-19930";"Russell D'Ascenzo";"Consumer";"United States";"Chicago";"Illinois";"2017-11-18";"2099-01-01"
3966;"RE-19405";"Ricardo Emerson";"Consumer";"United States";"Kent";"Ohio";"2014-12-29";"2099-01-01"
3967;"RE-19450";"Richard Eichhorn";"Consumer";"United States";"Decatur";"Illinois";"2014-06-03";"2015-08-14"
3968;"RE-19450";"Richard Eichhorn";"Consumer";"United States";"Oakland";"California";"2015-08-15";"2015-12-26"
3969;"RE-19450";"Richard Eichhorn";"Consumer";"United States";"Eau Claire";"Wisconsin";"2015-12-27";"2016-07-13"
3970;"RE-19450";"Richard Eichhorn";"Consumer";"United States";"Auburn";"New York";"2016-07-14";"2017-03-02"
3971;"RE-19450";"Richard Eichhorn";"Consumer";"United States";"Dallas";"Texas";"2017-03-03";"2099-01-01"
3972;"RF-19345";"Randy Ferguson";"Corporate";"United States";"Dover";"New Hampshire";"2014-05-20";"2014-09-15"
3973;"RF-19345";"Randy Ferguson";"Corporate";"United States";"New York City";"New York";"2014-09-16";"2014-11-29"
3974;"RF-19345";"Randy Ferguson";"Corporate";"United States";"Orlando";"Florida";"2014-11-30";"2014-12-12"
3975;"RF-19345";"Randy Ferguson";"Corporate";"United States";"Phoenix";"Arizona";"2014-12-13";"2015-06-22"
3976;"RF-19345";"Randy Ferguson";"Corporate";"United States";"East Point";"Georgia";"2015-06-23";"2016-03-03"
3977;"RF-19345";"Randy Ferguson";"Corporate";"United States";"Miami";"Florida";"2016-03-04";"2016-11-27"
3978;"RF-19345";"Randy Ferguson";"Corporate";"United States";"Marietta";"Georgia";"2016-11-28";"2016-12-04"
3979;"RF-19345";"Randy Ferguson";"Corporate";"United States";"Chicago";"Illinois";"2016-12-05";"2099-01-01"
3980;"RF-19735";"Roland Fjeld";"Consumer";"United States";"Columbia";"South Carolina";"2014-08-06";"2015-04-17"
3981;"RF-19735";"Roland Fjeld";"Consumer";"United States";"New York City";"New York";"2015-04-18";"2015-07-17"
3982;"RF-19735";"Roland Fjeld";"Consumer";"United States";"San Diego";"California";"2015-07-18";"2016-06-27"
3983;"RF-19735";"Roland Fjeld";"Consumer";"United States";"Chicago";"Illinois";"2016-06-28";"2016-08-25"
3984;"RF-19735";"Roland Fjeld";"Consumer";"United States";"San Jose";"California";"2016-08-26";"2017-07-28"
3985;"RF-19735";"Roland Fjeld";"Consumer";"United States";"Oklahoma City";"Oklahoma";"2017-07-29";"2017-10-01"
3986;"RF-19735";"Roland Fjeld";"Consumer";"United States";"Trenton";"Michigan";"2017-10-02";"2099-01-01"
3987;"RF-19840";"Roy Französisch";"Consumer";"United States";"San Antonio";"Texas";"2014-11-12";"2014-12-16"
3988;"RF-19840";"Roy Französisch";"Consumer";"United States";"Columbus";"Georgia";"2014-12-17";"2015-12-28"
3989;"RF-19840";"Roy Französisch";"Consumer";"United States";"New York City";"New York";"2015-12-29";"2016-04-17"
3990;"RF-19840";"Roy Französisch";"Consumer";"United States";"Chesapeake";"Virginia";"2016-04-18";"2016-08-12"
3991;"RF-19840";"Roy Französisch";"Consumer";"United States";"Springfield";"Virginia";"2016-08-13";"2016-12-11"
3992;"RF-19840";"Roy Französisch";"Consumer";"United States";"Pasadena";"California";"2016-12-12";"2017-04-15"
3993;"RF-19840";"Roy Französisch";"Consumer";"United States";"Columbus";"Ohio";"2017-04-16";"2017-12-23"
3994;"RF-19840";"Roy Französisch";"Consumer";"United States";"New York City";"New York";"2017-12-24";"2099-01-01"
3995;"RH-19495";"Rick Hansen";"Consumer";"United States";"New York City";"New York";"2014-08-23";"2015-07-30"
3996;"RH-19495";"Rick Hansen";"Consumer";"United States";"New York City";"New York";"2015-07-31";"2017-08-11"
3997;"RH-19495";"Rick Hansen";"Consumer";"United States";"Orlando";"Florida";"2017-08-12";"2017-09-20"
3998;"RH-19495";"Rick Hansen";"Consumer";"United States";"Rochester";"Minnesota";"2017-09-21";"2017-11-27"
3999;"RH-19495";"Rick Hansen";"Consumer";"United States";"Denver";"Colorado";"2017-11-28";"2099-01-01"
4000;"RH-19510";"Rick Huthwaite";"Home Office";"United States";"Manhattan";"Kansas";"2014-11-16";"2015-08-30"
4001;"RH-19510";"Rick Huthwaite";"Home Office";"United States";"San Diego";"California";"2015-08-31";"2015-09-26"
4002;"RH-19510";"Rick Huthwaite";"Home Office";"United States";"San Francisco";"California";"2015-09-27";"2016-03-09"
4003;"RH-19510";"Rick Huthwaite";"Home Office";"United States";"Los Angeles";"California";"2016-03-10";"2016-07-14"
4004;"RH-19510";"Rick Huthwaite";"Home Office";"United States";"Provo";"Utah";"2016-07-15";"2016-09-18"
4005;"RH-19510";"Rick Huthwaite";"Home Office";"United States";"Providence";"Rhode Island";"2016-09-19";"2099-01-01"
4006;"RH-19555";"Ritsa Hightower";"Consumer";"United States";"Tallahassee";"Florida";"2015-12-04";"2016-07-28"
4007;"RH-19555";"Ritsa Hightower";"Consumer";"United States";"Charlotte";"North Carolina";"2016-07-29";"2099-01-01"
4008;"RH-19600";"Rob Haberlin";"Consumer";"United States";"Carol Stream";"Illinois";"2015-07-02";"2015-11-07"
4009;"RH-19600";"Rob Haberlin";"Consumer";"United States";"Hampton";"Virginia";"2015-11-08";"2016-07-13"
4010;"RH-19600";"Rob Haberlin";"Consumer";"United States";"Huntsville";"Alabama";"2016-07-14";"2099-01-01"
4011;"RK-19300";"Ralph Kennedy";"Consumer";"United States";"South Bend";"Indiana";"2015-07-20";"2015-10-11"
4012;"RK-19300";"Ralph Kennedy";"Consumer";"United States";"Rochester";"New York";"2015-10-12";"2099-01-01"
4013;"RL-19615";"Rob Lucas";"Consumer";"United States";"Los Angeles";"California";"2014-12-05";"2015-07-11"
4014;"RL-19615";"Rob Lucas";"Consumer";"United States";"Chicago";"Illinois";"2015-07-12";"2016-05-28"
4015;"RL-19615";"Rob Lucas";"Consumer";"United States";"Montgomery";"Alabama";"2016-05-29";"2016-09-01"
4016;"RL-19615";"Rob Lucas";"Consumer";"United States";"Chicago";"Illinois";"2016-09-02";"2017-04-24"
4017;"RL-19615";"Rob Lucas";"Consumer";"United States";"Los Angeles";"California";"2017-04-25";"2017-05-21"
4018;"RL-19615";"Rob Lucas";"Consumer";"United States";"Los Angeles";"California";"2017-05-22";"2017-07-06"
4019;"RL-19615";"Rob Lucas";"Consumer";"United States";"Philadelphia";"Pennsylvania";"2017-07-07";"2017-08-30"
4020;"RL-19615";"Rob Lucas";"Consumer";"United States";"Fayetteville";"North Carolina";"2017-08-31";"2099-01-01"
4021;"RM-19375";"Raymond Messe";"Consumer";"United States";"Houston";"Texas";"2014-05-11";"2014-06-20"
4022;"RM-19375";"Raymond Messe";"Consumer";"United States";"Meriden";"Connecticut";"2014-06-21";"2015-11-29"
4023;"RM-19375";"Raymond Messe";"Consumer";"United States";"Raleigh";"North Carolina";"2015-11-30";"2016-04-07"
4024;"RM-19375";"Raymond Messe";"Consumer";"United States";"Columbus";"Georgia";"2016-04-08";"2016-07-06"
4025;"RM-19375";"Raymond Messe";"Consumer";"United States";"San Jose";"California";"2016-07-07";"2017-01-18"
4026;"RM-19375";"Raymond Messe";"Consumer";"United States";"Burlington";"Vermont";"2017-01-19";"2099-01-01"
4027;"RM-19675";"Robert Marley";"Home Office";"United States";"New York City";"New York";"2014-11-14";"2014-11-18"
4028;"RM-19675";"Robert Marley";"Home Office";"United States";"Monroe";"Louisiana";"2014-11-19";"2015-09-30"
4029;"RM-19675";"Robert Marley";"Home Office";"United States";"Cambridge";"Massachusetts";"2015-10-01";"2015-10-18"
4030;"RM-19675";"Robert Marley";"Home Office";"United States";"Los Angeles";"California";"2015-10-19";"2017-12-23"
4031;"RM-19675";"Robert Marley";"Home Office";"United States";"Los Angeles";"California";"2017-12-24";"2099-01-01"
4032;"RM-19750";"Roland Murray";"Consumer";"United States";"New York City";"New York";"2017-03-06";"2099-01-01"
4033;"RO-19780";"Rose O'Brian";"Consumer";"United States";"Seattle";"Washington";"2015-05-12";"2015-12-03"
4034;"RO-19780";"Rose O'Brian";"Consumer";"United States";"Clarksville";"Tennessee";"2015-12-04";"2015-12-05"
4035;"RO-19780";"Rose O'Brian";"Consumer";"United States";"Arlington";"Virginia";"2015-12-06";"2016-03-17"
4036;"RO-19780";"Rose O'Brian";"Consumer";"United States";"Memphis";"Tennessee";"2016-03-18";"2016-11-09"
4037;"RO-19780";"Rose O'Brian";"Consumer";"United States";"San Francisco";"California";"2016-11-10";"2017-09-23"
4038;"RO-19780";"Rose O'Brian";"Consumer";"United States";"Chicago";"Illinois";"2017-09-24";"2017-11-24"
4039;"RO-19780";"Rose O'Brian";"Consumer";"United States";"Houston";"Texas";"2017-11-25";"2099-01-01"
4040;"RP-19270";"Rachel Payne";"Corporate";"United States";"San Francisco";"California";"2014-10-19";"2015-08-05"
4041;"RP-19270";"Rachel Payne";"Corporate";"United States";"Houston";"Texas";"2015-08-06";"2015-12-12"
4042;"RP-19270";"Rachel Payne";"Corporate";"United States";"Riverside";"California";"2015-12-13";"2016-08-20"
4043;"RP-19270";"Rachel Payne";"Corporate";"United States";"Seattle";"Washington";"2016-08-21";"2099-01-01"
4044;"RP-19390";"Resi Pölking";"Consumer";"United States";"Baltimore";"Maryland";"2014-05-24";"2014-09-12"
4045;"RP-19390";"Resi Pölking";"Consumer";"United States";"Seattle";"Washington";"2014-09-13";"2014-11-02"
4046;"RP-19390";"Resi Pölking";"Consumer";"United States";"Fairfield";"Connecticut";"2014-11-03";"2014-11-30"
4047;"RP-19390";"Resi Pölking";"Consumer";"United States";"Madison";"Wisconsin";"2014-12-01";"2014-12-23"
4048;"RP-19390";"Resi Pölking";"Consumer";"United States";"Cleveland";"Ohio";"2014-12-24";"2014-12-26"
4049;"RP-19390";"Resi Pölking";"Consumer";"United States";"Phoenix";"Arizona";"2014-12-27";"2015-02-28"
4050;"RP-19390";"Resi Pölking";"Consumer";"United States";"Philadelphia";"Pennsylvania";"2015-03-01";"2015-04-06"
4051;"RP-19390";"Resi Pölking";"Consumer";"United States";"New York City";"New York";"2015-04-07";"2016-08-18"
4052;"RP-19390";"Resi Pölking";"Consumer";"United States";"New York City";"New York";"2016-08-19";"2017-04-20"
4053;"RP-19390";"Resi Pölking";"Consumer";"United States";"Houston";"Texas";"2017-04-21";"2017-11-26"
4054;"RP-19390";"Resi Pölking";"Consumer";"United States";"New York City";"New York";"2017-11-27";"2099-01-01"
4055;"RP-19855";"Roy Phan";"Corporate";"United States";"Richmond";"Kentucky";"2014-04-05";"2015-02-14"
4056;"RP-19855";"Roy Phan";"Corporate";"United States";"Kenosha";"Wisconsin";"2015-02-15";"2015-09-27"
4057;"RP-19855";"Roy Phan";"Corporate";"United States";"Los Angeles";"California";"2015-09-28";"2016-05-16"
4058;"RP-19855";"Roy Phan";"Corporate";"United States";"Apopka";"Florida";"2016-05-17";"2016-05-18"
4059;"RP-19855";"Roy Phan";"Corporate";"United States";"Lafayette";"Indiana";"2016-05-19";"2016-09-03"
4060;"RP-19855";"Roy Phan";"Corporate";"United States";"Woodbury";"Minnesota";"2016-09-04";"2017-05-26"
4061;"RP-19855";"Roy Phan";"Corporate";"United States";"Seattle";"Washington";"2017-05-27";"2017-12-01"
4062;"RP-19855";"Roy Phan";"Corporate";"United States";"Houston";"Texas";"2017-12-02";"2099-01-01"
4063;"RR-19315";"Ralph Ritter";"Consumer";"United States";"San Francisco";"California";"2016-11-14";"2017-12-10"
4064;"RR-19315";"Ralph Ritter";"Consumer";"United States";"Aurora";"Illinois";"2017-12-11";"2099-01-01"
4065;"RR-19525";"Rick Reed";"Corporate";"United States";"Lowell";"Massachusetts";"2014-09-09";"2015-12-04"
4066;"RR-19525";"Rick Reed";"Corporate";"United States";"Nashville";"Tennessee";"2015-12-05";"2015-12-14"
4067;"RR-19525";"Rick Reed";"Corporate";"United States";"Cary";"North Carolina";"2015-12-15";"2016-02-27"
4068;"RR-19525";"Rick Reed";"Corporate";"United States";"New York City";"New York";"2016-02-28";"2016-07-24"
4069;"RR-19525";"Rick Reed";"Corporate";"United States";"Toledo";"Ohio";"2016-07-25";"2017-07-12"
4070;"RR-19525";"Rick Reed";"Corporate";"United States";"Overland Park";"Kansas";"2017-07-13";"2099-01-01"
4071;"RS-19420";"Ricardo Sperren";"Corporate";"United States";"Meriden";"Connecticut";"2014-08-05";"2016-05-08"
4072;"RS-19420";"Ricardo Sperren";"Corporate";"United States";"Los Angeles";"California";"2016-05-09";"2017-01-07"
4073;"RS-19420";"Ricardo Sperren";"Corporate";"United States";"Seattle";"Washington";"2017-01-08";"2017-07-14"
4074;"RS-19420";"Ricardo Sperren";"Corporate";"United States";"Suffolk";"Virginia";"2017-07-15";"2017-10-14"
4075;"RS-19420";"Ricardo Sperren";"Corporate";"United States";"Fairfield";"Connecticut";"2017-10-15";"2099-01-01"
4076;"RS-19765";"Roland Schwarz";"Corporate";"United States";"Columbia";"South Carolina";"2014-04-07";"2014-12-05"
4077;"RS-19765";"Roland Schwarz";"Corporate";"United States";"Los Angeles";"California";"2014-12-06";"2015-07-04"
4078;"RS-19765";"Roland Schwarz";"Corporate";"United States";"Charlotte";"North Carolina";"2015-07-05";"2017-03-01"
4079;"RS-19765";"Roland Schwarz";"Corporate";"United States";"Waco";"Texas";"2017-03-02";"2017-05-18"
4080;"RS-19765";"Roland Schwarz";"Corporate";"United States";"Mount Vernon";"New York";"2017-05-19";"2017-09-07"
4081;"RS-19765";"Roland Schwarz";"Corporate";"United States";"Marion";"Ohio";"2017-09-08";"2017-10-14"
4082;"RS-19765";"Roland Schwarz";"Corporate";"United States";"Los Angeles";"California";"2017-10-15";"2017-11-23"
4083;"RS-19765";"Roland Schwarz";"Corporate";"United States";"Summerville";"South Carolina";"2017-11-24";"2099-01-01"
4084;"RS-19870";"Roy Skaria";"Home Office";"United States";"Philadelphia";"Pennsylvania";"2016-06-07";"2017-12-10"
4085;"RS-19870";"Roy Skaria";"Home Office";"United States";"Burlington";"Iowa";"2017-12-11";"2099-01-01"
4086;"RW-19540";"Rick Wilson";"Corporate";"United States";"Los Angeles";"California";"2015-02-03";"2015-09-18"
4087;"RW-19540";"Rick Wilson";"Corporate";"United States";"Los Angeles";"California";"2015-09-19";"2015-09-25"
4088;"RW-19540";"Rick Wilson";"Corporate";"United States";"Mesa";"Arizona";"2015-09-26";"2017-05-06"
4089;"RW-19540";"Rick Wilson";"Corporate";"United States";"Detroit";"Michigan";"2017-05-07";"2017-08-16"
4090;"RW-19540";"Rick Wilson";"Corporate";"United States";"Brentwood";"California";"2017-08-17";"2017-08-28"
4091;"RW-19540";"Rick Wilson";"Corporate";"United States";"Los Angeles";"California";"2017-08-29";"2017-08-31"
4092;"RW-19540";"Rick Wilson";"Corporate";"United States";"Seattle";"Washington";"2017-09-01";"2099-01-01"
4093;"RW-19630";"Rob Williams";"Corporate";"United States";"Detroit";"Michigan";"2014-06-28";"2014-12-30"
4094;"RW-19630";"Rob Williams";"Corporate";"United States";"Columbia";"Missouri";"2014-12-31";"2016-03-04"
4095;"RW-19630";"Rob Williams";"Corporate";"United States";"Dallas";"Texas";"2016-03-05";"2016-07-29"
4096;"RW-19630";"Rob Williams";"Corporate";"United States";"San Francisco";"California";"2016-07-30";"2016-11-26"
4097;"RW-19630";"Rob Williams";"Corporate";"United States";"Overland Park";"Kansas";"2016-11-27";"2016-12-08"
4098;"RW-19630";"Rob Williams";"Corporate";"United States";"Chicago";"Illinois";"2016-12-09";"2016-12-12"
4099;"RW-19630";"Rob Williams";"Corporate";"United States";"Torrance";"California";"2016-12-13";"2017-04-12"
4100;"RW-19630";"Rob Williams";"Corporate";"United States";"Seattle";"Washington";"2017-04-13";"2017-10-01"
4101;"RW-19630";"Rob Williams";"Corporate";"United States";"New York City";"New York";"2017-10-02";"2099-01-01"
4102;"RW-19690";"Robert Waldorf";"Consumer";"United States";"Wilmington";"North Carolina";"2016-05-30";"2017-01-14"
4103;"RW-19690";"Robert Waldorf";"Consumer";"United States";"Philadelphia";"Pennsylvania";"2017-01-15";"2017-03-20"
4104;"RW-19690";"Robert Waldorf";"Consumer";"United States";"Lafayette";"Indiana";"2017-03-21";"2017-09-09"
4105;"RW-19690";"Robert Waldorf";"Consumer";"United States";"Springfield";"Missouri";"2017-09-10";"2017-10-11"
4106;"RW-19690";"Robert Waldorf";"Consumer";"United States";"Los Angeles";"California";"2017-10-12";"2099-01-01"
4107;"SA-20830";"Sue Ann Reed";"Consumer";"United States";"Moreno Valley";"California";"2014-02-22";"2014-10-28"
4108;"SA-20830";"Sue Ann Reed";"Consumer";"United States";"Chicago";"Illinois";"2014-10-29";"2015-04-25"
4109;"SA-20830";"Sue Ann Reed";"Consumer";"United States";"Daytona Beach";"Florida";"2015-04-26";"2015-06-25"
4110;"SA-20830";"Sue Ann Reed";"Consumer";"United States";"Richmond";"Virginia";"2015-06-26";"2016-12-21"
4111;"SA-20830";"Sue Ann Reed";"Consumer";"United States";"Redmond";"Oregon";"2016-12-22";"2017-03-18"
4112;"SA-20830";"Sue Ann Reed";"Consumer";"United States";"Fresno";"California";"2017-03-19";"2017-04-02"
4113;"SA-20830";"Sue Ann Reed";"Consumer";"United States";"Chicago";"Illinois";"2017-04-03";"2017-04-08"
4114;"SA-20830";"Sue Ann Reed";"Consumer";"United States";"Jacksonville";"Florida";"2017-04-09";"2017-05-18"
4115;"SA-20830";"Sue Ann Reed";"Consumer";"United States";"San Jose";"California";"2017-05-19";"2017-10-27"
4116;"SA-20830";"Sue Ann Reed";"Consumer";"United States";"Everett";"Massachusetts";"2017-10-28";"2099-01-01"
4117;"SB-20170";"Sarah Bern";"Consumer";"United States";"Chicago";"Illinois";"2014-06-06";"2017-02-08"
4118;"SB-20170";"Sarah Bern";"Consumer";"United States";"Los Angeles";"California";"2017-02-09";"2017-06-11"
4119;"SB-20170";"Sarah Bern";"Consumer";"United States";"New York City";"New York";"2017-06-12";"2099-01-01"
4120;"SB-20185";"Sarah Brown";"Consumer";"United States";"Chicago";"Illinois";"2014-09-20";"2015-04-15"
4121;"SB-20185";"Sarah Brown";"Consumer";"United States";"Evanston";"Illinois";"2015-04-16";"2015-05-21"
4122;"SB-20185";"Sarah Brown";"Consumer";"United States";"Los Angeles";"California";"2015-05-22";"2015-09-24"
4123;"SB-20185";"Sarah Brown";"Consumer";"United States";"Concord";"New Hampshire";"2015-09-25";"2017-06-11"
4124;"SB-20185";"Sarah Brown";"Consumer";"United States";"Kent";"Washington";"2017-06-12";"2017-06-24"
4125;"SB-20185";"Sarah Brown";"Consumer";"United States";"New York City";"New York";"2017-06-25";"2099-01-01"
4126;"SB-20290";"Sean Braxton";"Corporate";"United States";"Henderson";"Kentucky";"2014-05-09";"2014-09-06"
4127;"SB-20290";"Sean Braxton";"Corporate";"United States";"Philadelphia";"Pennsylvania";"2014-09-07";"2014-09-18"
4128;"SB-20290";"Sean Braxton";"Corporate";"United States";"Houston";"Texas";"2014-09-19";"2015-09-10"
4129;"SB-20290";"Sean Braxton";"Corporate";"United States";"San Diego";"California";"2015-09-11";"2016-11-17"
4130;"SB-20290";"Sean Braxton";"Corporate";"United States";"Kent";"Ohio";"2016-11-18";"2017-09-08"
4131;"SB-20290";"Sean Braxton";"Corporate";"United States";"Florence";"South Carolina";"2017-09-09";"2017-11-12"
4132;"SB-20290";"Sean Braxton";"Corporate";"United States";"Springfield";"Ohio";"2017-11-13";"2099-01-01"
4133;"SC-20020";"Sam Craven";"Consumer";"United States";"Houston";"Texas";"2014-03-03";"2014-04-01"
4134;"SC-20020";"Sam Craven";"Consumer";"United States";"Houston";"Texas";"2014-04-02";"2014-06-19"
4135;"SC-20020";"Sam Craven";"Consumer";"United States";"Plano";"Texas";"2014-06-20";"2014-11-09"
4136;"SC-20020";"Sam Craven";"Consumer";"United States";"Midland";"Michigan";"2014-11-10";"2015-11-09"
4137;"SC-20020";"Sam Craven";"Consumer";"United States";"Philadelphia";"Pennsylvania";"2015-11-10";"2099-01-01"
4138;"SC-20050";"Sample Company A";"Home Office";"United States";"Burbank";"California";"2014-03-18";"2015-05-30"
4139;"SC-20050";"Sample Company A";"Home Office";"United States";"Norwich";"Connecticut";"2015-05-31";"2016-01-30"
4140;"SC-20050";"Sample Company A";"Home Office";"United States";"Los Angeles";"California";"2016-01-31";"2016-06-12"
4141;"SC-20050";"Sample Company A";"Home Office";"United States";"Jackson";"Michigan";"2016-06-13";"2016-11-23"
4142;"SC-20050";"Sample Company A";"Home Office";"United States";"Hialeah";"Florida";"2016-11-24";"2017-04-10"
4143;"SC-20050";"Sample Company A";"Home Office";"United States";"Lubbock";"Texas";"2017-04-11";"2017-09-02"
4144;"SC-20050";"Sample Company A";"Home Office";"United States";"La Mesa";"California";"2017-09-03";"2017-09-29"
4145;"SC-20050";"Sample Company A";"Home Office";"United States";"Arlington";"Texas";"2017-09-30";"2017-11-19"
4146;"SC-20050";"Sample Company A";"Home Office";"United States";"Henderson";"Kentucky";"2017-11-20";"2099-01-01"
4147;"SC-20095";"Sanjit Chand";"Consumer";"United States";"Concord";"California";"2014-02-12";"2014-03-03"
4148;"SC-20095";"Sanjit Chand";"Consumer";"United States";"Margate";"Florida";"2014-03-04";"2014-09-01"
4149;"SC-20095";"Sanjit Chand";"Consumer";"United States";"Fayetteville";"Arkansas";"2014-09-02";"2014-09-22"
4150;"SC-20095";"Sanjit Chand";"Consumer";"United States";"Minneapolis";"Minnesota";"2014-09-23";"2014-11-22"
4151;"SC-20095";"Sanjit Chand";"Consumer";"United States";"Los Angeles";"California";"2014-11-23";"2015-11-07"
4152;"SC-20095";"Sanjit Chand";"Consumer";"United States";"West Jordan";"Utah";"2015-11-08";"2016-05-15"
4153;"SC-20095";"Sanjit Chand";"Consumer";"United States";"Los Angeles";"California";"2016-05-16";"2016-07-24"
4154;"SC-20095";"Sanjit Chand";"Consumer";"United States";"Costa Mesa";"California";"2016-07-25";"2017-01-14"
4155;"SC-20095";"Sanjit Chand";"Consumer";"United States";"Quincy";"Massachusetts";"2017-01-15";"2099-01-01"
4156;"SC-20230";"Scot Coram";"Corporate";"United States";"Lowell";"Massachusetts";"2016-06-06";"2016-07-07"
4157;"SC-20230";"Scot Coram";"Corporate";"United States";"Arlington";"Texas";"2016-07-08";"2016-08-20"
4158;"SC-20230";"Scot Coram";"Corporate";"United States";"Los Angeles";"California";"2016-08-21";"2017-08-02"
4159;"SC-20230";"Scot Coram";"Corporate";"United States";"Seattle";"Washington";"2017-08-03";"2099-01-01"
4160;"SC-20260";"Scott Cohen";"Corporate";"United States";"Seattle";"Washington";"2014-04-06";"2014-09-13"
4161;"SC-20260";"Scott Cohen";"Corporate";"United States";"Corpus Christi";"Texas";"2014-09-14";"2014-11-14"
4162;"SC-20260";"Scott Cohen";"Corporate";"United States";"San Francisco";"California";"2014-11-15";"2015-01-16"
4163;"SC-20260";"Scott Cohen";"Corporate";"United States";"Lawrence";"Massachusetts";"2015-01-17";"2015-03-30"
4164;"SC-20260";"Scott Cohen";"Corporate";"United States";"Jacksonville";"Florida";"2015-03-31";"2015-08-30"
4165;"SC-20260";"Scott Cohen";"Corporate";"United States";"San Francisco";"California";"2015-08-31";"2017-03-30"
4166;"SC-20260";"Scott Cohen";"Corporate";"United States";"Arlington";"Texas";"2017-03-31";"2017-06-25"
4167;"SC-20260";"Scott Cohen";"Corporate";"United States";"New York City";"New York";"2017-06-26";"2099-01-01"
4168;"SC-20305";"Sean Christensen";"Consumer";"United States";"Beaumont";"Texas";"2014-12-16";"2015-01-26"
4169;"SC-20305";"Sean Christensen";"Consumer";"United States";"Los Angeles";"California";"2015-01-27";"2016-12-23"
4170;"SC-20305";"Sean Christensen";"Consumer";"United States";"San Jose";"California";"2016-12-24";"2017-04-22"
4171;"SC-20305";"Sean Christensen";"Consumer";"United States";"Lawrence";"Indiana";"2017-04-23";"2017-06-09"
4172;"SC-20305";"Sean Christensen";"Consumer";"United States";"Rochester Hills";"Michigan";"2017-06-10";"2017-08-27"
4173;"SC-20305";"Sean Christensen";"Consumer";"United States";"Chicago";"Illinois";"2017-08-28";"2017-11-30"
4174;"SC-20305";"Sean Christensen";"Consumer";"United States";"Philadelphia";"Pennsylvania";"2017-12-01";"2099-01-01"
4175;"SC-20380";"Shahid Collister";"Consumer";"United States";"El Paso";"Texas";"2014-03-01";"2015-07-10"
4176;"SC-20380";"Shahid Collister";"Consumer";"United States";"Seattle";"Washington";"2015-07-11";"2015-08-23"
4177;"SC-20380";"Shahid Collister";"Consumer";"United States";"New York City";"New York";"2015-08-24";"2016-09-25"
4178;"SC-20380";"Shahid Collister";"Consumer";"United States";"Houston";"Texas";"2016-09-26";"2017-02-02"
4179;"SC-20380";"Shahid Collister";"Consumer";"United States";"Pembroke Pines";"Florida";"2017-02-03";"2017-03-12"
4180;"SC-20380";"Shahid Collister";"Consumer";"United States";"Fairfield";"Connecticut";"2017-03-13";"2017-05-18"
4181;"SC-20380";"Shahid Collister";"Consumer";"United States";"Atlanta";"Georgia";"2017-05-19";"2017-09-16"
4182;"SC-20380";"Shahid Collister";"Consumer";"United States";"Boise";"Idaho";"2017-09-17";"2017-11-29"
4183;"SC-20380";"Shahid Collister";"Consumer";"United States";"Burlington";"North Carolina";"2017-11-30";"2099-01-01"
4184;"SC-20440";"Shaun Chance";"Corporate";"United States";"New Bedford";"Massachusetts";"2015-08-17";"2015-09-03"
4185;"SC-20440";"Shaun Chance";"Corporate";"United States";"Philadelphia";"Pennsylvania";"2015-09-04";"2015-09-23"
4186;"SC-20440";"Shaun Chance";"Corporate";"United States";"Los Angeles";"California";"2015-09-24";"2015-09-30"
4187;"SC-20440";"Shaun Chance";"Corporate";"United States";"Aurora";"Colorado";"2015-10-01";"2017-09-21"
4188;"SC-20440";"Shaun Chance";"Corporate";"United States";"New York City";"New York";"2017-09-22";"2017-10-25"
4189;"SC-20440";"Shaun Chance";"Corporate";"United States";"Lancaster";"Pennsylvania";"2017-10-26";"2017-11-23"
4190;"SC-20440";"Shaun Chance";"Corporate";"United States";"Lancaster";"Pennsylvania";"2017-11-24";"2099-01-01"
4191;"SC-20575";"Sonia Cooley";"Consumer";"United States";"Mishawaka";"Indiana";"2014-06-16";"2015-10-08"
4192;"SC-20575";"Sonia Cooley";"Consumer";"United States";"Miami";"Florida";"2015-10-09";"2017-06-23"
4193;"SC-20575";"Sonia Cooley";"Consumer";"United States";"Cranston";"Rhode Island";"2017-06-24";"2017-08-18"
4194;"SC-20575";"Sonia Cooley";"Consumer";"United States";"Chicago";"Illinois";"2017-08-19";"2017-09-28"
4195;"SC-20575";"Sonia Cooley";"Consumer";"United States";"Los Angeles";"California";"2017-09-29";"2099-01-01"
4196;"SC-20680";"Steve Carroll";"Home Office";"United States";"San Francisco";"California";"2014-11-21";"2015-09-23"
4197;"SC-20680";"Steve Carroll";"Home Office";"United States";"Broken Arrow";"Oklahoma";"2015-09-24";"2016-07-27"
4198;"SC-20680";"Steve Carroll";"Home Office";"United States";"Holland";"Michigan";"2016-07-28";"2016-11-23"
4199;"SC-20680";"Steve Carroll";"Home Office";"United States";"Seattle";"Washington";"2016-11-24";"2016-12-16"
4200;"SC-20680";"Steve Carroll";"Home Office";"United States";"Seattle";"Washington";"2016-12-17";"2017-08-25"
4201;"SC-20680";"Steve Carroll";"Home Office";"United States";"Columbus";"Georgia";"2017-08-26";"2099-01-01"
4202;"SC-20695";"Steve Chapman";"Corporate";"United States";"Detroit";"Michigan";"2014-12-16";"2015-07-30"
4203;"SC-20695";"Steve Chapman";"Corporate";"United States";"Saint Louis";"Missouri";"2015-07-31";"2015-11-09"
4204;"SC-20695";"Steve Chapman";"Corporate";"United States";"Richmond";"Indiana";"2015-11-10";"2016-07-06"
4205;"SC-20695";"Steve Chapman";"Corporate";"United States";"Hialeah";"Florida";"2016-07-07";"2016-09-09"
4206;"SC-20695";"Steve Chapman";"Corporate";"United States";"Fort Lauderdale";"Florida";"2016-09-10";"2016-09-11"
4207;"SC-20695";"Steve Chapman";"Corporate";"United States";"Roseville";"Michigan";"2016-09-12";"2016-09-24"
4208;"SC-20695";"Steve Chapman";"Corporate";"United States";"La Crosse";"Wisconsin";"2016-09-25";"2016-12-10"
4209;"SC-20695";"Steve Chapman";"Corporate";"United States";"Springfield";"Ohio";"2016-12-11";"2017-08-09"
4210;"SC-20695";"Steve Chapman";"Corporate";"United States";"Richmond";"Indiana";"2017-08-10";"2017-10-01"
4211;"SC-20695";"Steve Chapman";"Corporate";"United States";"Houston";"Texas";"2017-10-02";"2099-01-01"
4212;"SC-20725";"Steven Cartwright";"Consumer";"United States";"Seattle";"Washington";"2014-06-03";"2014-11-06"
4213;"SC-20725";"Steven Cartwright";"Consumer";"United States";"Houston";"Texas";"2014-11-07";"2015-06-28"
4214;"SC-20725";"Steven Cartwright";"Consumer";"United States";"Lancaster";"Pennsylvania";"2015-06-29";"2015-08-16"
4215;"SC-20725";"Steven Cartwright";"Consumer";"United States";"Peoria";"Arizona";"2015-08-17";"2015-09-10"
4216;"SC-20725";"Steven Cartwright";"Consumer";"United States";"Redlands";"California";"2015-09-11";"2015-09-25"
4217;"SC-20725";"Steven Cartwright";"Consumer";"United States";"Houston";"Texas";"2015-09-26";"2016-01-29"
4218;"SC-20725";"Steven Cartwright";"Consumer";"United States";"San Francisco";"California";"2016-01-30";"2016-06-11"
4219;"SC-20725";"Steven Cartwright";"Consumer";"United States";"Wilmington";"Delaware";"2016-06-12";"2016-12-31"
4220;"SC-20725";"Steven Cartwright";"Consumer";"United States";"Los Angeles";"California";"2017-01-01";"2017-03-20"
4221;"SC-20725";"Steven Cartwright";"Consumer";"United States";"Los Angeles";"California";"2017-03-21";"2017-06-25"
4222;"SC-20725";"Steven Cartwright";"Consumer";"United States";"New York City";"New York";"2017-06-26";"2099-01-01"
4223;"SC-20770";"Stewart Carmichael";"Corporate";"United States";"San Francisco";"California";"2015-06-20";"2016-03-12"
4224;"SC-20770";"Stewart Carmichael";"Corporate";"United States";"Philadelphia";"Pennsylvania";"2016-03-13";"2016-06-11"
4225;"SC-20770";"Stewart Carmichael";"Corporate";"United States";"Decatur";"Alabama";"2016-06-12";"2016-06-17"
4226;"SC-20770";"Stewart Carmichael";"Corporate";"United States";"Philadelphia";"Pennsylvania";"2016-06-18";"2016-11-14"
4227;"SC-20770";"Stewart Carmichael";"Corporate";"United States";"Los Angeles";"California";"2016-11-15";"2017-03-01"
4228;"SC-20770";"Stewart Carmichael";"Corporate";"United States";"Dallas";"Texas";"2017-03-02";"2017-11-18"
4229;"SC-20770";"Stewart Carmichael";"Corporate";"United States";"San Antonio";"Texas";"2017-11-19";"2099-01-01"
4230;"SC-20800";"Stuart Calhoun";"Consumer";"United States";"Houston";"Texas";"2015-12-11";"2016-12-19"
4231;"SC-20800";"Stuart Calhoun";"Consumer";"United States";"Jackson";"Mississippi";"2016-12-20";"2017-06-14"
4232;"SC-20800";"Stuart Calhoun";"Consumer";"United States";"Los Angeles";"California";"2017-06-15";"2017-11-29"
4233;"SC-20800";"Stuart Calhoun";"Consumer";"United States";"Edinburg";"Texas";"2017-11-30";"2099-01-01"
4234;"SC-20845";"Sung Chung";"Consumer";"United States";"Arlington Heights";"Illinois";"2016-11-11";"2017-08-20"
4235;"SC-20845";"Sung Chung";"Consumer";"United States";"Louisville";"Colorado";"2017-08-21";"2099-01-01"
4236;"SD-20485";"Shirley Daniels";"Home Office";"United States";"Alexandria";"Virginia";"2014-01-26";"2014-04-05"
4237;"SD-20485";"Shirley Daniels";"Home Office";"United States";"Philadelphia";"Pennsylvania";"2014-04-06";"2014-09-11"
4238;"SD-20485";"Shirley Daniels";"Home Office";"United States";"New Rochelle";"New York";"2014-09-12";"2014-10-09"
4239;"SD-20485";"Shirley Daniels";"Home Office";"United States";"Phoenix";"Arizona";"2014-10-10";"2015-04-27"
4240;"SD-20485";"Shirley Daniels";"Home Office";"United States";"Midland";"Michigan";"2015-04-28";"2015-08-30"
4241;"SD-20485";"Shirley Daniels";"Home Office";"United States";"Bedford";"Texas";"2015-08-31";"2016-09-18"
4242;"SD-20485";"Shirley Daniels";"Home Office";"United States";"Orange";"New Jersey";"2016-09-19";"2017-04-14"
4243;"SD-20485";"Shirley Daniels";"Home Office";"United States";"Houston";"Texas";"2017-04-15";"2017-06-12"
4244;"SD-20485";"Shirley Daniels";"Home Office";"United States";"Chicago";"Illinois";"2017-06-13";"2099-01-01"
4245;"SE-20110";"Sanjit Engle";"Consumer";"United States";"Lewiston";"Idaho";"2014-04-11";"2014-09-21"
4246;"SE-20110";"Sanjit Engle";"Consumer";"United States";"San Jose";"California";"2014-09-22";"2014-11-24"
4247;"SE-20110";"Sanjit Engle";"Consumer";"United States";"Springfield";"Oregon";"2014-11-25";"2015-04-10"
4248;"SE-20110";"Sanjit Engle";"Consumer";"United States";"New York City";"New York";"2015-04-11";"2016-02-01"
4249;"SE-20110";"Sanjit Engle";"Consumer";"United States";"Arlington";"Virginia";"2016-02-02";"2016-06-10"
4250;"SE-20110";"Sanjit Engle";"Consumer";"United States";"Seattle";"Washington";"2016-06-11";"2016-09-07"
4251;"SE-20110";"Sanjit Engle";"Consumer";"United States";"Wheeling";"Illinois";"2016-09-08";"2017-03-12"
4252;"SE-20110";"Sanjit Engle";"Consumer";"United States";"Denver";"Colorado";"2017-03-13";"2017-08-26"
4253;"SE-20110";"Sanjit Engle";"Consumer";"United States";"Dallas";"Texas";"2017-08-27";"2017-11-12"
4254;"SE-20110";"Sanjit Engle";"Consumer";"United States";"Oxnard";"California";"2017-11-13";"2017-12-20"
4255;"SE-20110";"Sanjit Engle";"Consumer";"United States";"Costa Mesa";"California";"2017-12-21";"2099-01-01"
4256;"SF-20065";"Sandra Flanagan";"Consumer";"United States";"Clifton";"New Jersey";"2014-09-10";"2015-08-12"
4257;"SF-20065";"Sandra Flanagan";"Consumer";"United States";"Pomona";"California";"2015-08-13";"2015-11-24"
4258;"SF-20065";"Sandra Flanagan";"Consumer";"United States";"Wilmington";"North Carolina";"2015-11-25";"2015-12-04"
4259;"SF-20065";"Sandra Flanagan";"Consumer";"United States";"Dallas";"Texas";"2015-12-05";"2016-12-15"
4260;"SF-20065";"Sandra Flanagan";"Consumer";"United States";"Goldsboro";"North Carolina";"2016-12-16";"2017-07-15"
4261;"SF-20065";"Sandra Flanagan";"Consumer";"United States";"Philadelphia";"Pennsylvania";"2017-07-16";"2017-10-31"
4262;"SF-20065";"Sandra Flanagan";"Consumer";"United States";"Everett";"Massachusetts";"2017-11-01";"2099-01-01"
4263;"SF-20200";"Sarah Foster";"Consumer";"United States";"Richmond";"Indiana";"2014-12-23";"2015-03-04"
4264;"SF-20200";"Sarah Foster";"Consumer";"United States";"New Castle";"Indiana";"2015-03-05";"2015-09-25"
4265;"SF-20200";"Sarah Foster";"Consumer";"United States";"Philadelphia";"Pennsylvania";"2015-09-26";"2016-04-06"
4266;"SF-20200";"Sarah Foster";"Consumer";"United States";"New York City";"New York";"2016-04-07";"2016-09-11"
4267;"SF-20200";"Sarah Foster";"Consumer";"United States";"Seattle";"Washington";"2016-09-12";"2016-11-02"
4268;"SF-20200";"Sarah Foster";"Consumer";"United States";"Marysville";"Washington";"2016-11-03";"2017-07-20"
4269;"SF-20200";"Sarah Foster";"Consumer";"United States";"Murray";"Utah";"2017-07-21";"2017-08-26"
4270;"SF-20200";"Sarah Foster";"Consumer";"United States";"Mesa";"Arizona";"2017-08-27";"2017-10-31"
4271;"SF-20200";"Sarah Foster";"Consumer";"United States";"Bellingham";"Washington";"2017-11-01";"2099-01-01"
4272;"SF-20965";"Sylvia Foulston";"Corporate";"United States";"San Diego";"California";"2014-10-21";"2015-01-02"
4273;"SF-20965";"Sylvia Foulston";"Corporate";"United States";"Baytown";"Texas";"2015-01-03";"2015-09-16"
4274;"SF-20965";"Sylvia Foulston";"Corporate";"United States";"Houston";"Texas";"2015-09-17";"2015-10-04"
4275;"SF-20965";"Sylvia Foulston";"Corporate";"United States";"Wilmington";"Delaware";"2015-10-05";"2015-11-28"
4276;"SF-20965";"Sylvia Foulston";"Corporate";"United States";"Dearborn";"Michigan";"2015-11-29";"2016-10-30"
4277;"SF-20965";"Sylvia Foulston";"Corporate";"United States";"San Francisco";"California";"2016-10-31";"2017-08-10"
4278;"SF-20965";"Sylvia Foulston";"Corporate";"United States";"Bedford";"Texas";"2017-08-11";"2017-09-27"
4279;"SF-20965";"Sylvia Foulston";"Corporate";"United States";"Philadelphia";"Pennsylvania";"2017-09-28";"2017-11-11"
4280;"SF-20965";"Sylvia Foulston";"Corporate";"United States";"Columbus";"Ohio";"2017-11-12";"2099-01-01"
4281;"SG-20080";"Sandra Glassco";"Consumer";"United States";"Redlands";"California";"2015-10-31";"2015-12-15"
4282;"SG-20080";"Sandra Glassco";"Consumer";"United States";"Seattle";"Washington";"2015-12-16";"2017-12-21"
4283;"SG-20080";"Sandra Glassco";"Consumer";"United States";"Independence";"Missouri";"2017-12-22";"2099-01-01"
4284;"SG-20470";"Sheri Gordon";"Consumer";"United States";"Atlanta";"Georgia";"2014-07-26";"2014-11-27"
4285;"SG-20470";"Sheri Gordon";"Consumer";"United States";"San Francisco";"California";"2014-11-28";"2015-03-22"
4286;"SG-20470";"Sheri Gordon";"Consumer";"United States";"Florence";"South Carolina";"2015-03-23";"2015-05-19"
4287;"SG-20470";"Sheri Gordon";"Consumer";"United States";"Wilson";"North Carolina";"2015-05-20";"2015-06-28"
4288;"SG-20470";"Sheri Gordon";"Consumer";"United States";"New York City";"New York";"2015-06-29";"2015-10-01"
4289;"SG-20470";"Sheri Gordon";"Consumer";"United States";"Rockville";"Maryland";"2015-10-02";"2016-08-21"
4290;"SG-20470";"Sheri Gordon";"Consumer";"United States";"Gresham";"Oregon";"2016-08-22";"2017-06-29"
4291;"SG-20470";"Sheri Gordon";"Consumer";"United States";"New York City";"New York";"2017-06-30";"2099-01-01"
4292;"SG-20605";"Speros Goranitis";"Consumer";"United States";"Lafayette";"Indiana";"2014-01-23";"2014-11-02"
4293;"SG-20605";"Speros Goranitis";"Consumer";"United States";"New York City";"New York";"2014-11-03";"2014-12-18"
4294;"SG-20605";"Speros Goranitis";"Consumer";"United States";"Chicago";"Illinois";"2014-12-19";"2015-12-05"
4295;"SG-20605";"Speros Goranitis";"Consumer";"United States";"New York City";"New York";"2015-12-06";"2017-04-24"
4296;"SG-20605";"Speros Goranitis";"Consumer";"United States";"San Francisco";"California";"2017-04-25";"2017-09-12"
4297;"SG-20605";"Speros Goranitis";"Consumer";"United States";"Asheville";"North Carolina";"2017-09-13";"2099-01-01"
4298;"SG-20890";"Susan Gilcrest";"Corporate";"United States";"New York City";"New York";"2014-03-30";"2016-07-31"
4299;"SG-20890";"Susan Gilcrest";"Corporate";"United States";"Amarillo";"Texas";"2016-08-01";"2017-05-17"
4300;"SG-20890";"Susan Gilcrest";"Corporate";"United States";"Mcallen";"Texas";"2017-05-18";"2099-01-01"
4301;"SH-19975";"Sally Hughsby";"Corporate";"United States";"Caldwell";"Idaho";"2014-12-10";"2015-09-24"
4302;"SH-19975";"Sally Hughsby";"Corporate";"United States";"Seattle";"Washington";"2015-09-25";"2016-05-20"
4303;"SH-19975";"Sally Hughsby";"Corporate";"United States";"Chicago";"Illinois";"2016-05-21";"2016-07-24"
4304;"SH-19975";"Sally Hughsby";"Corporate";"United States";"Milwaukee";"Wisconsin";"2016-07-25";"2016-09-21"
4305;"SH-19975";"Sally Hughsby";"Corporate";"United States";"Smyrna";"Tennessee";"2016-09-22";"2016-09-25"
4306;"SH-19975";"Sally Hughsby";"Corporate";"United States";"Hesperia";"California";"2016-09-26";"2016-11-09"
4307;"SH-19975";"Sally Hughsby";"Corporate";"United States";"New York City";"New York";"2016-11-10";"2016-12-25"
4308;"SH-19975";"Sally Hughsby";"Corporate";"United States";"Denver";"Colorado";"2016-12-26";"2017-03-05"
4309;"SH-19975";"Sally Hughsby";"Corporate";"United States";"San Francisco";"California";"2017-03-06";"2017-09-17"
4310;"SH-19975";"Sally Hughsby";"Corporate";"United States";"San Francisco";"California";"2017-09-18";"2017-09-21"
4311;"SH-19975";"Sally Hughsby";"Corporate";"United States";"Pearland";"Texas";"2017-09-22";"2017-10-26"
4312;"SH-19975";"Sally Hughsby";"Corporate";"United States";"Dallas";"Texas";"2017-10-27";"2017-11-30"
4313;"SH-19975";"Sally Hughsby";"Corporate";"United States";"Seattle";"Washington";"2017-12-01";"2099-01-01"
4314;"SH-20395";"Shahid Hopkins";"Consumer";"United States";"San Francisco";"California";"2014-11-02";"2014-11-02"
4315;"SH-20395";"Shahid Hopkins";"Consumer";"United States";"Jacksonville";"North Carolina";"2014-11-03";"2015-10-10"
4316;"SH-20395";"Shahid Hopkins";"Consumer";"United States";"Rochester";"New York";"2015-10-11";"2016-12-14"
4317;"SH-20395";"Shahid Hopkins";"Consumer";"United States";"Cuyahoga Falls";"Ohio";"2016-12-15";"2017-03-06"
4318;"SH-20395";"Shahid Hopkins";"Consumer";"United States";"New York City";"New York";"2017-03-07";"2017-04-14"
4319;"SH-20395";"Shahid Hopkins";"Consumer";"United States";"Arlington";"Virginia";"2017-04-15";"2017-05-03"
4320;"SH-20395";"Shahid Hopkins";"Consumer";"United States";"Springfield";"Ohio";"2017-05-04";"2017-08-05"
4321;"SH-20395";"Shahid Hopkins";"Consumer";"United States";"New York City";"New York";"2017-08-06";"2017-09-09"
4322;"SH-20395";"Shahid Hopkins";"Consumer";"United States";"New York City";"New York";"2017-09-10";"2017-12-06"
4323;"SH-20395";"Shahid Hopkins";"Consumer";"United States";"Toledo";"Ohio";"2017-12-07";"2099-01-01"
4324;"SH-20635";"Stefanie Holloman";"Corporate";"United States";"Sacramento";"California";"2014-12-16";"2015-11-25"
4325;"SH-20635";"Stefanie Holloman";"Corporate";"United States";"Jackson";"Tennessee";"2015-11-26";"2099-01-01"
4326;"SJ-20125";"Sanjit Jacobs";"Home Office";"United States";"Franklin";"Tennessee";"2015-09-22";"2016-03-07"
4327;"SJ-20125";"Sanjit Jacobs";"Home Office";"United States";"Dallas";"Texas";"2016-03-08";"2016-03-14"
4328;"SJ-20125";"Sanjit Jacobs";"Home Office";"United States";"Jackson";"Mississippi";"2016-03-15";"2016-09-16"
4329;"SJ-20125";"Sanjit Jacobs";"Home Office";"United States";"Seattle";"Washington";"2016-09-17";"2016-12-09"
4330;"SJ-20125";"Sanjit Jacobs";"Home Office";"United States";"Long Beach";"California";"2016-12-10";"2017-03-22"
4331;"SJ-20125";"Sanjit Jacobs";"Home Office";"United States";"Seattle";"Washington";"2017-03-23";"2017-04-09"
4332;"SJ-20125";"Sanjit Jacobs";"Home Office";"United States";"New Brunswick";"New Jersey";"2017-04-10";"2017-04-19"
4333;"SJ-20125";"Sanjit Jacobs";"Home Office";"United States";"Chicago";"Illinois";"2017-04-20";"2017-04-30"
4334;"SJ-20125";"Sanjit Jacobs";"Home Office";"United States";"Texarkana";"Arkansas";"2017-05-01";"2017-08-10"
4335;"SJ-20125";"Sanjit Jacobs";"Home Office";"United States";"New York City";"New York";"2017-08-11";"2017-09-16"
4336;"SJ-20125";"Sanjit Jacobs";"Home Office";"United States";"Houston";"Texas";"2017-09-17";"2017-09-25"
4337;"SJ-20125";"Sanjit Jacobs";"Home Office";"United States";"Miramar";"Florida";"2017-09-26";"2099-01-01"
4338;"SJ-20215";"Sarah Jordon";"Consumer";"United States";"Los Angeles";"California";"2015-02-09";"2015-07-05"
4339;"SJ-20215";"Sarah Jordon";"Consumer";"United States";"Pasadena";"California";"2015-07-06";"2017-04-19"
4340;"SJ-20215";"Sarah Jordon";"Consumer";"United States";"Chicago";"Illinois";"2017-04-20";"2017-08-15"
4341;"SJ-20215";"Sarah Jordon";"Consumer";"United States";"Columbia";"Tennessee";"2017-08-16";"2017-11-30"
4342;"SJ-20215";"Sarah Jordon";"Consumer";"United States";"Grand Prairie";"Texas";"2017-12-01";"2099-01-01"
4343;"SJ-20500";"Shirley Jackson";"Consumer";"United States";"Santa Fe";"New Mexico";"2014-08-31";"2014-10-08"
4344;"SJ-20500";"Shirley Jackson";"Consumer";"United States";"San Francisco";"California";"2014-10-09";"2016-11-30"
4345;"SJ-20500";"Shirley Jackson";"Consumer";"United States";"Fairfield";"Connecticut";"2016-12-01";"2017-04-20"
4346;"SJ-20500";"Shirley Jackson";"Consumer";"United States";"Houston";"Texas";"2017-04-21";"2099-01-01"
4347;"SK-19990";"Sally Knutson";"Consumer";"United States";"Fairfield";"Connecticut";"2016-11-28";"2017-04-22"
4348;"SK-19990";"Sally Knutson";"Consumer";"United States";"New York City";"New York";"2017-04-23";"2017-12-21"
4349;"SK-19990";"Sally Knutson";"Consumer";"United States";"Toledo";"Ohio";"2017-12-22";"2099-01-01"
4350;"SL-20155";"Sara Luxemburg";"Home Office";"United States";"New York City";"New York";"2014-09-21";"2014-10-02"
4351;"SL-20155";"Sara Luxemburg";"Home Office";"United States";"Durham";"North Carolina";"2014-10-03";"2015-03-28"
4352;"SL-20155";"Sara Luxemburg";"Home Office";"United States";"Jacksonville";"Florida";"2015-03-29";"2015-07-12"
4353;"SL-20155";"Sara Luxemburg";"Home Office";"United States";"Houston";"Texas";"2015-07-13";"2016-12-09"
4354;"SL-20155";"Sara Luxemburg";"Home Office";"United States";"New York City";"New York";"2016-12-10";"2017-09-25"
4355;"SL-20155";"Sara Luxemburg";"Home Office";"United States";"Salem";"Oregon";"2017-09-26";"2017-10-20"
4356;"SL-20155";"Sara Luxemburg";"Home Office";"United States";"Muskogee";"Oklahoma";"2017-10-21";"2099-01-01"
4357;"SM-20005";"Sally Matthias";"Consumer";"United States";"Scottsdale";"Arizona";"2014-11-23";"2014-12-09"
4358;"SM-20005";"Sally Matthias";"Consumer";"United States";"New York City";"New York";"2014-12-10";"2016-06-22"
4359;"SM-20005";"Sally Matthias";"Consumer";"United States";"New York City";"New York";"2016-06-23";"2016-11-03"
4360;"SM-20005";"Sally Matthias";"Consumer";"United States";"Houston";"Texas";"2016-11-04";"2099-01-01"
4361;"SM-20320";"Sean Miller";"Home Office";"United States";"Jacksonville";"Florida";"2014-03-18";"2015-08-20"
4362;"SM-20320";"Sean Miller";"Home Office";"United States";"Allentown";"Pennsylvania";"2015-08-21";"2015-12-24"
4363;"SM-20320";"Sean Miller";"Home Office";"United States";"Los Angeles";"California";"2015-12-25";"2017-07-08"
4364;"SM-20320";"Sean Miller";"Home Office";"United States";"Lafayette";"Indiana";"2017-07-09";"2017-10-11"
4365;"SM-20320";"Sean Miller";"Home Office";"United States";"Monroe";"North Carolina";"2017-10-12";"2099-01-01"
4366;"SM-20905";"Susan MacKendrick";"Consumer";"United States";"Newark";"Ohio";"2016-05-03";"2099-01-01"
4367;"SM-20950";"Suzanne McNair";"Corporate";"United States";"Philadelphia";"Pennsylvania";"2014-09-29";"2014-10-31"
4368;"SM-20950";"Suzanne McNair";"Corporate";"United States";"Chicago";"Illinois";"2014-11-01";"2014-12-19"
4369;"SM-20950";"Suzanne McNair";"Corporate";"United States";"New York City";"New York";"2014-12-20";"2015-03-25"
4370;"SM-20950";"Suzanne McNair";"Corporate";"United States";"New York City";"New York";"2015-03-26";"2015-08-27"
4371;"SM-20950";"Suzanne McNair";"Corporate";"United States";"Fairfield";"Connecticut";"2015-08-28";"2015-12-18"
4372;"SM-20950";"Suzanne McNair";"Corporate";"United States";"Omaha";"Nebraska";"2015-12-19";"2016-01-31"
4373;"SM-20950";"Suzanne McNair";"Corporate";"United States";"Los Angeles";"California";"2016-02-01";"2016-09-21"
4374;"SM-20950";"Suzanne McNair";"Corporate";"United States";"Broomfield";"Colorado";"2016-09-22";"2016-10-27"
4375;"SM-20950";"Suzanne McNair";"Corporate";"United States";"Greenville";"North Carolina";"2016-10-28";"2017-05-29"
4376;"SM-20950";"Suzanne McNair";"Corporate";"United States";"Los Angeles";"California";"2017-05-30";"2017-07-19"
4377;"SM-20950";"Suzanne McNair";"Corporate";"United States";"Maple Grove";"Minnesota";"2017-07-20";"2017-12-04"
4378;"SM-20950";"Suzanne McNair";"Corporate";"United States";"New York City";"New York";"2017-12-05";"2099-01-01"
4379;"SN-20560";"Skye Norling";"Home Office";"United States";"Peoria";"Arizona";"2015-06-18";"2015-09-10"
4380;"SN-20560";"Skye Norling";"Home Office";"United States";"Paterson";"New Jersey";"2015-09-11";"2015-11-19"
4381;"SN-20560";"Skye Norling";"Home Office";"United States";"Los Angeles";"California";"2015-11-20";"2016-06-25"
4382;"SN-20560";"Skye Norling";"Home Office";"United States";"Roseville";"Michigan";"2016-06-26";"2017-02-05"
4383;"SN-20560";"Skye Norling";"Home Office";"United States";"San Francisco";"California";"2017-02-06";"2017-09-09"
4384;"SN-20560";"Skye Norling";"Home Office";"United States";"Chicago";"Illinois";"2017-09-10";"2099-01-01"
4385;"SN-20710";"Steve Nguyen";"Home Office";"United States";"Los Angeles";"California";"2014-05-06";"2015-11-26"
4386;"SN-20710";"Steve Nguyen";"Home Office";"United States";"Los Angeles";"California";"2015-11-27";"2015-12-26"
4387;"SN-20710";"Steve Nguyen";"Home Office";"United States";"Houston";"Texas";"2015-12-27";"2016-05-14"
4388;"SN-20710";"Steve Nguyen";"Home Office";"United States";"Jackson";"Mississippi";"2016-05-15";"2016-09-25"
4389;"SN-20710";"Steve Nguyen";"Home Office";"United States";"Covington";"Washington";"2016-09-26";"2016-11-17"
4390;"SN-20710";"Steve Nguyen";"Home Office";"United States";"Pasadena";"Texas";"2016-11-18";"2017-10-11"
4391;"SN-20710";"Steve Nguyen";"Home Office";"United States";"Rockford";"Illinois";"2017-10-12";"2099-01-01"
4392;"SO-20335";"Sean O'Donnell";"Consumer";"United States";"Fort Lauderdale";"Florida";"2015-10-11";"2015-12-03"
4393;"SO-20335";"Sean O'Donnell";"Consumer";"United States";"Hempstead";"New York";"2015-12-04";"2017-01-13"
4394;"SO-20335";"Sean O'Donnell";"Consumer";"United States";"Los Angeles";"California";"2017-01-14";"2017-04-22"
4395;"SO-20335";"Sean O'Donnell";"Consumer";"United States";"Greeley";"Colorado";"2017-04-23";"2017-09-08"
4396;"SO-20335";"Sean O'Donnell";"Consumer";"United States";"Columbia";"Tennessee";"2017-09-09";"2017-11-30"
4397;"SO-20335";"Sean O'Donnell";"Consumer";"United States";"Seattle";"Washington";"2017-12-01";"2099-01-01"
4398;"SP-20545";"Sibella Parks";"Corporate";"United States";"Mount Vernon";"New York";"2014-10-13";"2016-03-13"
4399;"SP-20545";"Sibella Parks";"Corporate";"United States";"Green Bay";"Wisconsin";"2016-03-14";"2016-03-25"
4400;"SP-20545";"Sibella Parks";"Corporate";"United States";"New York City";"New York";"2016-03-26";"2016-04-20"
4401;"SP-20545";"Sibella Parks";"Corporate";"United States";"Chicago";"Illinois";"2016-04-21";"2016-10-08"
4402;"SP-20545";"Sibella Parks";"Corporate";"United States";"Philadelphia";"Pennsylvania";"2016-10-09";"2017-02-05"
4403;"SP-20545";"Sibella Parks";"Corporate";"United States";"New York City";"New York";"2017-02-06";"2099-01-01"
4404;"SP-20620";"Stefania Perrino";"Corporate";"United States";"Long Beach";"New York";"2014-09-08";"2014-12-29"
4405;"SP-20620";"Stefania Perrino";"Corporate";"United States";"Laredo";"Texas";"2014-12-30";"2015-01-05"
4406;"SP-20620";"Stefania Perrino";"Corporate";"United States";"Colorado Springs";"Colorado";"2015-01-06";"2015-09-13"
4407;"SP-20620";"Stefania Perrino";"Corporate";"United States";"Los Angeles";"California";"2015-09-14";"2016-12-07"
4408;"SP-20620";"Stefania Perrino";"Corporate";"United States";"San Francisco";"California";"2016-12-08";"2017-08-26"
4409;"SP-20620";"Stefania Perrino";"Corporate";"United States";"Tampa";"Florida";"2017-08-27";"2017-09-06"
4410;"SP-20620";"Stefania Perrino";"Corporate";"United States";"New York City";"New York";"2017-09-07";"2017-09-08"
4411;"SP-20620";"Stefania Perrino";"Corporate";"United States";"Philadelphia";"Pennsylvania";"2017-09-09";"2017-11-12"
4412;"SP-20620";"Stefania Perrino";"Corporate";"United States";"Buffalo";"New York";"2017-11-13";"2099-01-01"
4413;"SP-20650";"Stephanie Phelps";"Corporate";"United States";"Wilmington";"North Carolina";"2014-04-16";"2014-08-04"
4414;"SP-20650";"Stephanie Phelps";"Corporate";"United States";"New York City";"New York";"2014-08-05";"2014-11-02"
4415;"SP-20650";"Stephanie Phelps";"Corporate";"United States";"Omaha";"Nebraska";"2014-11-03";"2015-05-30"
4416;"SP-20650";"Stephanie Phelps";"Corporate";"United States";"San Jose";"California";"2015-05-31";"2016-03-07"
4417;"SP-20650";"Stephanie Phelps";"Corporate";"United States";"Jackson";"Michigan";"2016-03-08";"2016-03-13"
4418;"SP-20650";"Stephanie Phelps";"Corporate";"United States";"Redwood City";"California";"2016-03-14";"2016-08-13"
4419;"SP-20650";"Stephanie Phelps";"Corporate";"United States";"Akron";"Ohio";"2016-08-14";"2016-11-11"
4420;"SP-20650";"Stephanie Phelps";"Corporate";"United States";"Chicago";"Illinois";"2016-11-12";"2099-01-01"
4421;"SP-20860";"Sung Pak";"Corporate";"United States";"Chicago";"Illinois";"2014-12-15";"2014-12-27"
4422;"SP-20860";"Sung Pak";"Corporate";"United States";"Philadelphia";"Pennsylvania";"2014-12-28";"2015-02-15"
4423;"SP-20860";"Sung Pak";"Corporate";"United States";"Dover";"New Hampshire";"2015-02-16";"2015-08-15"
4424;"SP-20860";"Sung Pak";"Corporate";"United States";"Philadelphia";"Pennsylvania";"2015-08-16";"2015-09-04"
4425;"SP-20860";"Sung Pak";"Corporate";"United States";"Rochester";"Minnesota";"2015-09-05";"2015-12-26"
4426;"SP-20860";"Sung Pak";"Corporate";"United States";"Murfreesboro";"Tennessee";"2015-12-27";"2016-11-23"
4427;"SP-20860";"Sung Pak";"Corporate";"United States";"Los Angeles";"California";"2016-11-24";"2017-03-03"
4428;"SP-20860";"Sung Pak";"Corporate";"United States";"Los Angeles";"California";"2017-03-04";"2017-09-27"
4429;"SP-20860";"Sung Pak";"Corporate";"United States";"Jacksonville";"Florida";"2017-09-28";"2017-10-11"
4430;"SP-20860";"Sung Pak";"Corporate";"United States";"Dallas";"Texas";"2017-10-12";"2099-01-01"
4431;"SP-20920";"Susan Pistek";"Consumer";"United States";"Los Angeles";"California";"2014-11-22";"2016-04-12"
4432;"SP-20920";"Susan Pistek";"Consumer";"United States";"San Francisco";"California";"2016-04-13";"2016-10-29"
4433;"SP-20920";"Susan Pistek";"Consumer";"United States";"San Luis Obispo";"California";"2016-10-30";"2016-11-11"
4434;"SP-20920";"Susan Pistek";"Consumer";"United States";"Parma";"Ohio";"2016-11-12";"2017-03-15"
4435;"SP-20920";"Susan Pistek";"Consumer";"United States";"Columbus";"Ohio";"2017-03-16";"2017-10-20"
4436;"SP-20920";"Susan Pistek";"Consumer";"United States";"Chicago";"Illinois";"2017-10-21";"2099-01-01"
4437;"SR-20425";"Sharelle Roach";"Home Office";"United States";"Detroit";"Michigan";"2014-06-14";"2017-04-16"
4438;"SR-20425";"Sharelle Roach";"Home Office";"United States";"Louisville";"Colorado";"2017-04-17";"2017-11-01"
4439;"SR-20425";"Sharelle Roach";"Home Office";"United States";"Springfield";"Ohio";"2017-11-02";"2017-11-07"
4440;"SR-20425";"Sharelle Roach";"Home Office";"United States";"New York City";"New York";"2017-11-08";"2017-12-21"
4441;"SR-20425";"Sharelle Roach";"Home Office";"United States";"Tuscaloosa";"Alabama";"2017-12-22";"2099-01-01"
4442;"SR-20740";"Steven Roelle";"Home Office";"United States";"Los Angeles";"California";"2014-02-20";"2014-11-04"
4443;"SR-20740";"Steven Roelle";"Home Office";"United States";"Arlington";"Virginia";"2014-11-05";"2014-11-15"
4444;"SR-20740";"Steven Roelle";"Home Office";"United States";"Bloomington";"Indiana";"2014-11-16";"2015-01-04"
4445;"SR-20740";"Steven Roelle";"Home Office";"United States";"Seattle";"Washington";"2015-01-05";"2015-07-01"
4446;"SR-20740";"Steven Roelle";"Home Office";"United States";"New York City";"New York";"2015-07-02";"2016-04-02"
4447;"SR-20740";"Steven Roelle";"Home Office";"United States";"Dallas";"Texas";"2016-04-03";"2016-10-22"
4448;"SR-20740";"Steven Roelle";"Home Office";"United States";"New York City";"New York";"2016-10-23";"2017-06-16"
4449;"SR-20740";"Steven Roelle";"Home Office";"United States";"New York City";"New York";"2017-06-17";"2099-01-01"
4450;"SS-20140";"Saphhira Shifley";"Corporate";"United States";"Mesquite";"Texas";"2014-11-23";"2015-09-26"
4451;"SS-20140";"Saphhira Shifley";"Corporate";"United States";"Seattle";"Washington";"2015-09-27";"2016-12-24"
4452;"SS-20140";"Saphhira Shifley";"Corporate";"United States";"Nashua";"New Hampshire";"2016-12-25";"2017-04-29"
4453;"SS-20140";"Saphhira Shifley";"Corporate";"United States";"Pompano Beach";"Florida";"2017-04-30";"2017-06-02"
4454;"SS-20140";"Saphhira Shifley";"Corporate";"United States";"Los Angeles";"California";"2017-06-03";"2017-09-17"
4455;"SS-20140";"Saphhira Shifley";"Corporate";"United States";"Columbus";"Georgia";"2017-09-18";"2017-10-16"
4456;"SS-20140";"Saphhira Shifley";"Corporate";"United States";"Warwick";"Rhode Island";"2017-10-17";"2017-12-14"
4457;"SS-20140";"Saphhira Shifley";"Corporate";"United States";"Oak Park";"Illinois";"2017-12-15";"2099-01-01"
4458;"SS-20410";"Shahid Shariari";"Consumer";"United States";"Buffalo Grove";"Illinois";"2014-05-30";"2014-09-06"
4459;"SS-20410";"Shahid Shariari";"Consumer";"United States";"Oswego";"Illinois";"2014-09-07";"2014-11-14"
4460;"SS-20410";"Shahid Shariari";"Consumer";"United States";"Los Angeles";"California";"2014-11-15";"2015-11-20"
4461;"SS-20410";"Shahid Shariari";"Consumer";"United States";"Philadelphia";"Pennsylvania";"2015-11-21";"2017-09-09"
4462;"SS-20410";"Shahid Shariari";"Consumer";"United States";"Atlanta";"Georgia";"2017-09-10";"2017-09-10"
4463;"SS-20410";"Shahid Shariari";"Consumer";"United States";"Georgetown";"Kentucky";"2017-09-11";"2099-01-01"
4464;"SS-20515";"Shirley Schmidt";"Home Office";"United States";"Newark";"Delaware";"2014-07-14";"2015-07-23"
4465;"SS-20515";"Shirley Schmidt";"Home Office";"United States";"Louisville";"Kentucky";"2015-07-24";"2016-08-25"
4466;"SS-20515";"Shirley Schmidt";"Home Office";"United States";"Franklin";"Wisconsin";"2016-08-26";"2099-01-01"
4467;"SS-20590";"Sonia Sunley";"Consumer";"United States";"San Francisco";"California";"2014-08-05";"2015-04-12"
4468;"SS-20590";"Sonia Sunley";"Consumer";"United States";"Norfolk";"Nebraska";"2015-04-13";"2016-05-08"
4469;"SS-20590";"Sonia Sunley";"Consumer";"United States";"Seattle";"Washington";"2016-05-09";"2016-06-12"
4470;"SS-20590";"Sonia Sunley";"Consumer";"United States";"Wichita";"Kansas";"2016-06-13";"2016-09-01"
4471;"SS-20590";"Sonia Sunley";"Consumer";"United States";"Madison";"Wisconsin";"2016-09-02";"2016-10-23"
4472;"SS-20590";"Sonia Sunley";"Consumer";"United States";"San Francisco";"California";"2016-10-24";"2099-01-01"
4473;"SS-20875";"Sung Shariari";"Consumer";"United States";"Marion";"Ohio";"2014-12-14";"2015-02-24"
4474;"SS-20875";"Sung Shariari";"Consumer";"United States";"Leominster";"Massachusetts";"2015-02-25";"2015-11-19"
4475;"SS-20875";"Sung Shariari";"Consumer";"United States";"Miami";"Florida";"2015-11-20";"2016-08-26"
4476;"SS-20875";"Sung Shariari";"Consumer";"United States";"Dallas";"Texas";"2016-08-27";"2017-08-31"
4477;"SS-20875";"Sung Shariari";"Consumer";"United States";"Redmond";"Washington";"2017-09-01";"2099-01-01"
4478;"ST-20530";"Shui Tom";"Consumer";"United States";"Houston";"Texas";"2014-02-14";"2014-07-13"
4479;"ST-20530";"Shui Tom";"Consumer";"United States";"Philadelphia";"Pennsylvania";"2014-07-14";"2014-09-22"
4480;"ST-20530";"Shui Tom";"Consumer";"United States";"New York City";"New York";"2014-09-23";"2014-12-28"
4481;"ST-20530";"Shui Tom";"Consumer";"United States";"Albuquerque";"New Mexico";"2014-12-29";"2015-02-28"
4482;"ST-20530";"Shui Tom";"Consumer";"United States";"Macon";"Georgia";"2015-03-01";"2017-06-19"
4483;"ST-20530";"Shui Tom";"Consumer";"United States";"Parma";"Ohio";"2017-06-20";"2017-08-26"
4484;"ST-20530";"Shui Tom";"Consumer";"United States";"Port Saint Lucie";"Florida";"2017-08-27";"2099-01-01"
4485;"SU-20665";"Stephanie Ulpright";"Home Office";"United States";"Ann Arbor";"Michigan";"2015-12-05";"2016-06-30"
4486;"SU-20665";"Stephanie Ulpright";"Home Office";"United States";"New York City";"New York";"2016-07-01";"2016-08-20"
4487;"SU-20665";"Stephanie Ulpright";"Home Office";"United States";"Greenville";"North Carolina";"2016-08-21";"2016-09-04"
4488;"SU-20665";"Stephanie Ulpright";"Home Office";"United States";"Chicago";"Illinois";"2016-09-05";"2017-03-12"
4489;"SU-20665";"Stephanie Ulpright";"Home Office";"United States";"Chicago";"Illinois";"2017-03-13";"2017-09-01"
4490;"SU-20665";"Stephanie Ulpright";"Home Office";"United States";"Seattle";"Washington";"2017-09-02";"2017-12-09"
4491;"SU-20665";"Stephanie Ulpright";"Home Office";"United States";"Jackson";"Mississippi";"2017-12-10";"2099-01-01"
4492;"SV-20365";"Seth Vernon";"Consumer";"United States";"Dover";"Delaware";"2014-01-11";"2014-04-19"
4493;"SV-20365";"Seth Vernon";"Consumer";"United States";"Houston";"Texas";"2014-04-20";"2015-01-26"
4494;"SV-20365";"Seth Vernon";"Consumer";"United States";"Cleveland";"Ohio";"2015-01-27";"2016-06-10"
4495;"SV-20365";"Seth Vernon";"Consumer";"United States";"Los Angeles";"California";"2016-06-11";"2016-09-17"
4496;"SV-20365";"Seth Vernon";"Consumer";"United States";"Columbus";"Ohio";"2016-09-18";"2016-11-09"
4497;"SV-20365";"Seth Vernon";"Consumer";"United States";"Troy";"Ohio";"2016-11-10";"2017-07-17"
4498;"SV-20365";"Seth Vernon";"Consumer";"United States";"Philadelphia";"Pennsylvania";"2017-07-18";"2017-08-05"
4499;"SV-20365";"Seth Vernon";"Consumer";"United States";"Lafayette";"Louisiana";"2017-08-06";"2017-08-24"
4500;"SV-20365";"Seth Vernon";"Consumer";"United States";"Philadelphia";"Pennsylvania";"2017-08-25";"2017-09-19"
4501;"SV-20365";"Seth Vernon";"Consumer";"United States";"New York City";"New York";"2017-09-20";"2099-01-01"
4502;"SV-20785";"Stewart Visinsky";"Consumer";"United States";"Bloomington";"Indiana";"2014-04-12";"2014-06-01"
4503;"SV-20785";"Stewart Visinsky";"Consumer";"United States";"Roswell";"Georgia";"2014-06-02";"2014-06-05"
4504;"SV-20785";"Stewart Visinsky";"Consumer";"United States";"Jacksonville";"Florida";"2014-06-06";"2014-06-20"
4505;"SV-20785";"Stewart Visinsky";"Consumer";"United States";"Pueblo";"Colorado";"2014-06-21";"2015-05-02"
4506;"SV-20785";"Stewart Visinsky";"Consumer";"United States";"Philadelphia";"Pennsylvania";"2015-05-03";"2015-10-19"
4507;"SV-20785";"Stewart Visinsky";"Consumer";"United States";"Los Angeles";"California";"2015-10-20";"2015-11-06"
4508;"SV-20785";"Stewart Visinsky";"Consumer";"United States";"Burlington";"Vermont";"2015-11-07";"2016-05-25"
4509;"SV-20785";"Stewart Visinsky";"Consumer";"United States";"Santa Ana";"California";"2016-05-26";"2017-02-12"
4510;"SV-20785";"Stewart Visinsky";"Consumer";"United States";"Baltimore";"Maryland";"2017-02-13";"2099-01-01"
4511;"SV-20815";"Stuart Van";"Corporate";"United States";"Indianapolis";"Indiana";"2015-05-04";"2015-09-20"
4512;"SV-20815";"Stuart Van";"Corporate";"United States";"Houston";"Texas";"2015-09-21";"2016-08-25"
4513;"SV-20815";"Stuart Van";"Corporate";"United States";"Miami";"Florida";"2016-08-26";"2017-10-14"
4514;"SV-20815";"Stuart Van";"Corporate";"United States";"Orem";"Utah";"2017-10-15";"2099-01-01"
4515;"SV-20935";"Susan Vittorini";"Consumer";"United States";"Oceanside";"New York";"2016-03-19";"2016-07-17"
4516;"SV-20935";"Susan Vittorini";"Consumer";"United States";"Dallas";"Texas";"2016-07-18";"2016-10-20"
4517;"SV-20935";"Susan Vittorini";"Consumer";"United States";"Columbus";"Ohio";"2016-10-21";"2017-04-23"
4518;"SV-20935";"Susan Vittorini";"Consumer";"United States";"Mesa";"Arizona";"2017-04-24";"2017-11-04"
4519;"SV-20935";"Susan Vittorini";"Consumer";"United States";"New York City";"New York";"2017-11-05";"2017-12-01"
4520;"SV-20935";"Susan Vittorini";"Consumer";"United States";"Peoria";"Arizona";"2017-12-02";"2017-12-24"
4521;"SV-20935";"Susan Vittorini";"Consumer";"United States";"Fairfield";"Ohio";"2017-12-25";"2017-12-27"
4522;"SV-20935";"Susan Vittorini";"Consumer";"United States";"Albuquerque";"New Mexico";"2017-12-28";"2099-01-01"
4523;"SW-20245";"Scot Wooten";"Consumer";"United States";"Springfield";"Ohio";"2014-07-20";"2015-11-01"
4524;"SW-20245";"Scot Wooten";"Consumer";"United States";"Troy";"New York";"2015-11-02";"2015-12-04"
4525;"SW-20245";"Scot Wooten";"Consumer";"United States";"Philadelphia";"Pennsylvania";"2015-12-05";"2016-03-11"
4526;"SW-20245";"Scot Wooten";"Consumer";"United States";"Los Angeles";"California";"2016-03-12";"2017-02-24"
4527;"SW-20245";"Scot Wooten";"Consumer";"United States";"Greenville";"North Carolina";"2017-02-25";"2017-10-09"
4528;"SW-20245";"Scot Wooten";"Consumer";"United States";"Aurora";"Illinois";"2017-10-10";"2099-01-01"
4529;"SW-20275";"Scott Williamson";"Consumer";"United States";"Royal Oak";"Michigan";"2014-03-10";"2016-11-09"
4530;"SW-20275";"Scott Williamson";"Consumer";"United States";"New York City";"New York";"2016-11-10";"2017-03-17"
4531;"SW-20275";"Scott Williamson";"Consumer";"United States";"Seattle";"Washington";"2017-03-18";"2017-11-15"
4532;"SW-20275";"Scott Williamson";"Consumer";"United States";"San Diego";"California";"2017-11-16";"2017-11-20"
4533;"SW-20275";"Scott Williamson";"Consumer";"United States";"New York City";"New York";"2017-11-21";"2017-11-29"
4534;"SW-20275";"Scott Williamson";"Consumer";"United States";"Jackson";"Mississippi";"2017-11-30";"2099-01-01"
4535;"SW-20350";"Sean Wendt";"Home Office";"United States";"Detroit";"Michigan";"2016-04-09";"2016-04-16"
4536;"SW-20350";"Sean Wendt";"Home Office";"United States";"Omaha";"Nebraska";"2016-04-17";"2017-07-20"
4537;"SW-20350";"Sean Wendt";"Home Office";"United States";"Cleveland";"Ohio";"2017-07-21";"2099-01-01"
4538;"SW-20455";"Shaun Weien";"Consumer";"United States";"Rochester";"New York";"2015-06-22";"2015-09-05"
4539;"SW-20455";"Shaun Weien";"Consumer";"United States";"Lafayette";"Louisiana";"2015-09-06";"2015-11-07"
4540;"SW-20455";"Shaun Weien";"Consumer";"United States";"San Francisco";"California";"2015-11-08";"2015-12-10"
4541;"SW-20455";"Shaun Weien";"Consumer";"United States";"Suffolk";"Virginia";"2015-12-11";"2016-09-26"
4542;"SW-20455";"Shaun Weien";"Consumer";"United States";"Seattle";"Washington";"2016-09-27";"2017-07-16"
4543;"SW-20455";"Shaun Weien";"Consumer";"United States";"Tampa";"Florida";"2017-07-17";"2017-07-20"
4544;"SW-20455";"Shaun Weien";"Consumer";"United States";"San Diego";"California";"2017-07-21";"2099-01-01"
4545;"SW-20755";"Steven Ward";"Corporate";"United States";"Seattle";"Washington";"2014-11-02";"2016-07-13"
4546;"SW-20755";"Steven Ward";"Corporate";"United States";"New York City";"New York";"2016-07-14";"2099-01-01"
4547;"SZ-20035";"Sam Zeldin";"Home Office";"United States";"Houston";"Texas";"2014-09-07";"2014-11-03"
4548;"SZ-20035";"Sam Zeldin";"Home Office";"United States";"New York City";"New York";"2014-11-04";"2015-06-11"
4549;"SZ-20035";"Sam Zeldin";"Home Office";"United States";"Columbus";"Indiana";"2015-06-12";"2015-12-20"
4550;"SZ-20035";"Sam Zeldin";"Home Office";"United States";"Saint Charles";"Illinois";"2015-12-21";"2016-09-01"
4551;"SZ-20035";"Sam Zeldin";"Home Office";"United States";"San Francisco";"California";"2016-09-02";"2016-09-21"
4552;"SZ-20035";"Sam Zeldin";"Home Office";"United States";"New York City";"New York";"2016-09-22";"2017-01-29"
4553;"SZ-20035";"Sam Zeldin";"Home Office";"United States";"Seattle";"Washington";"2017-01-30";"2017-07-02"
4554;"SZ-20035";"Sam Zeldin";"Home Office";"United States";"Lancaster";"Ohio";"2017-07-03";"2017-07-07"
4555;"SZ-20035";"Sam Zeldin";"Home Office";"United States";"Pico Rivera";"California";"2017-07-08";"2017-11-03"
4556;"SZ-20035";"Sam Zeldin";"Home Office";"United States";"Grand Prairie";"Texas";"2017-11-04";"2017-11-24"
4557;"SZ-20035";"Sam Zeldin";"Home Office";"United States";"Canton";"Michigan";"2017-11-25";"2099-01-01"
4558;"TA-21385";"Tom Ashbrook";"Home Office";"United States";"Olathe";"Kansas";"2014-09-12";"2016-09-01"
4559;"TA-21385";"Tom Ashbrook";"Home Office";"United States";"Chicago";"Illinois";"2016-09-02";"2017-04-03"
4560;"TA-21385";"Tom Ashbrook";"Home Office";"United States";"New York City";"New York";"2017-04-04";"2017-10-21"
4561;"TA-21385";"Tom Ashbrook";"Home Office";"United States";"New York City";"New York";"2017-10-22";"2099-01-01"
4562;"TB-21055";"Ted Butterfield";"Consumer";"United States";"Troy";"New York";"2016-06-17";"2016-08-26"
4563;"TB-21055";"Ted Butterfield";"Consumer";"United States";"Quincy";"Massachusetts";"2016-08-27";"2017-03-20"
4564;"TB-21055";"Ted Butterfield";"Consumer";"United States";"Reading";"Pennsylvania";"2017-03-21";"2017-08-02"
4565;"TB-21055";"Ted Butterfield";"Consumer";"United States";"Fairfield";"Ohio";"2017-08-03";"2017-09-01"
4566;"TB-21055";"Ted Butterfield";"Consumer";"United States";"Meriden";"Connecticut";"2017-09-02";"2099-01-01"
4567;"TB-21175";"Thomas Boland";"Corporate";"United States";"Houston";"Texas";"2014-12-08";"2016-03-31"
4568;"TB-21175";"Thomas Boland";"Corporate";"United States";"New York City";"New York";"2016-04-01";"2016-04-11"
4569;"TB-21175";"Thomas Boland";"Corporate";"United States";"Wilson";"North Carolina";"2016-04-12";"2017-11-01"
4570;"TB-21175";"Thomas Boland";"Corporate";"United States";"Henderson";"Kentucky";"2017-11-02";"2099-01-01"
4571;"TB-21190";"Thomas Brumley";"Home Office";"United States";"New York City";"New York";"2014-12-27";"2015-11-26"
4572;"TB-21190";"Thomas Brumley";"Home Office";"United States";"Fayetteville";"Arkansas";"2015-11-27";"2017-11-09"
4573;"TB-21190";"Thomas Brumley";"Home Office";"United States";"Riverside";"California";"2017-11-10";"2017-11-10"
4574;"TB-21190";"Thomas Brumley";"Home Office";"United States";"Los Angeles";"California";"2017-11-11";"2099-01-01"
4575;"TB-21250";"Tim Brockman";"Consumer";"United States";"Salem";"Oregon";"2014-12-08";"2015-10-08"
4576;"TB-21250";"Tim Brockman";"Consumer";"United States";"New York City";"New York";"2015-10-09";"2015-12-04"
4577;"TB-21250";"Tim Brockman";"Consumer";"United States";"Bloomington";"Illinois";"2015-12-05";"2016-01-29"
4578;"TB-21250";"Tim Brockman";"Consumer";"United States";"Seattle";"Washington";"2016-01-30";"2016-10-06"
4579;"TB-21250";"Tim Brockman";"Consumer";"United States";"Los Angeles";"California";"2016-10-07";"2016-11-13"
4580;"TB-21250";"Tim Brockman";"Consumer";"United States";"Los Angeles";"California";"2016-11-14";"2017-01-14"
4581;"TB-21250";"Tim Brockman";"Consumer";"United States";"Austin";"Texas";"2017-01-15";"2099-01-01"
4582;"TB-21280";"Toby Braunhardt";"Consumer";"United States";"New York City";"New York";"2014-06-21";"2014-06-21"
4583;"TB-21280";"Toby Braunhardt";"Consumer";"United States";"Phoenix";"Arizona";"2014-06-22";"2014-11-30"
4584;"TB-21280";"Toby Braunhardt";"Consumer";"United States";"Jacksonville";"North Carolina";"2014-12-01";"2016-01-21"
4585;"TB-21280";"Toby Braunhardt";"Consumer";"United States";"New York City";"New York";"2016-01-22";"2016-03-24"
4586;"TB-21280";"Toby Braunhardt";"Consumer";"United States";"Norman";"Oklahoma";"2016-03-25";"2016-05-25"
4587;"TB-21280";"Toby Braunhardt";"Consumer";"United States";"Washington";"District of Columbia";"2016-05-26";"2099-01-01"
4588;"TB-21355";"Todd Boyes";"Corporate";"United States";"Plainfield";"New Jersey";"2016-01-25";"2016-08-26"
4589;"TB-21355";"Todd Boyes";"Corporate";"United States";"Houston";"Texas";"2016-08-27";"2016-11-21"
4590;"TB-21355";"Todd Boyes";"Corporate";"United States";"New York City";"New York";"2016-11-22";"2017-05-17"
4591;"TB-21355";"Todd Boyes";"Corporate";"United States";"Sandy Springs";"Georgia";"2017-05-18";"2017-08-05"
4592;"TB-21355";"Todd Boyes";"Corporate";"United States";"Cedar Hill";"Texas";"2017-08-06";"2099-01-01"
4593;"TB-21400";"Tom Boeckenhauer";"Consumer";"United States";"Miami";"Florida";"2014-01-21";"2014-02-02"
4594;"TB-21400";"Tom Boeckenhauer";"Consumer";"United States";"Seattle";"Washington";"2014-02-03";"2014-09-06"
4595;"TB-21400";"Tom Boeckenhauer";"Consumer";"United States";"Tulsa";"Oklahoma";"2014-09-07";"2014-12-13"
4596;"TB-21400";"Tom Boeckenhauer";"Consumer";"United States";"New York City";"New York";"2014-12-14";"2016-04-13"
4597;"TB-21400";"Tom Boeckenhauer";"Consumer";"United States";"Alexandria";"Virginia";"2016-04-14";"2017-03-29"
4598;"TB-21400";"Tom Boeckenhauer";"Consumer";"United States";"Los Angeles";"California";"2017-03-30";"2017-06-10"
4599;"TB-21400";"Tom Boeckenhauer";"Consumer";"United States";"Seattle";"Washington";"2017-06-11";"2099-01-01"
4600;"TB-21520";"Tracy Blumstein";"Consumer";"United States";"Beaumont";"Texas";"2014-10-17";"2014-10-20"
4601;"TB-21520";"Tracy Blumstein";"Consumer";"United States";"Fairfield";"Ohio";"2014-10-21";"2014-12-25"
4602;"TB-21520";"Tracy Blumstein";"Consumer";"United States";"New York City";"New York";"2014-12-26";"2015-09-16"
4603;"TB-21520";"Tracy Blumstein";"Consumer";"United States";"Philadelphia";"Pennsylvania";"2015-09-17";"2015-09-25"
4604;"TB-21520";"Tracy Blumstein";"Consumer";"United States";"Portland";"Oregon";"2015-09-26";"2015-10-18"
4605;"TB-21520";"Tracy Blumstein";"Consumer";"United States";"Concord";"New Hampshire";"2015-10-19";"2016-02-03"
4606;"TB-21520";"Tracy Blumstein";"Consumer";"United States";"Sierra Vista";"Arizona";"2016-02-04";"2017-07-22"
4607;"TB-21520";"Tracy Blumstein";"Consumer";"United States";"Los Angeles";"California";"2017-07-23";"2017-09-13"
4608;"TB-21520";"Tracy Blumstein";"Consumer";"United States";"Jackson";"Michigan";"2017-09-14";"2099-01-01"
4609;"TB-21595";"Troy Blackwell";"Consumer";"United States";"Lubbock";"Texas";"2014-02-18";"2014-11-06"
4610;"TB-21595";"Troy Blackwell";"Consumer";"United States";"Portland";"Oregon";"2014-11-07";"2016-03-28"
4611;"TB-21595";"Troy Blackwell";"Consumer";"United States";"Springfield";"Ohio";"2016-03-29";"2016-12-28"
4612;"TB-21595";"Troy Blackwell";"Consumer";"United States";"Milwaukee";"Wisconsin";"2016-12-29";"2017-03-19"
4613;"TB-21595";"Troy Blackwell";"Consumer";"United States";"Columbus";"Indiana";"2017-03-20";"2099-01-01"
4614;"TB-21625";"Trudy Brown";"Consumer";"United States";"New York City";"New York";"2014-08-06";"2015-05-27"
4615;"TB-21625";"Trudy Brown";"Consumer";"United States";"Manchester";"Connecticut";"2015-05-28";"2015-10-24"
4616;"TB-21625";"Trudy Brown";"Consumer";"United States";"San Francisco";"California";"2015-10-25";"2015-12-30"
4617;"TB-21625";"Trudy Brown";"Consumer";"United States";"Grand Prairie";"Texas";"2015-12-31";"2016-05-07"
4618;"TB-21625";"Trudy Brown";"Consumer";"United States";"Los Angeles";"California";"2016-05-08";"2016-09-10"
4619;"TB-21625";"Trudy Brown";"Consumer";"United States";"Wichita";"Kansas";"2016-09-11";"2017-05-24"
4620;"TB-21625";"Trudy Brown";"Consumer";"United States";"New York City";"New York";"2017-05-25";"2017-11-16"
4621;"TB-21625";"Trudy Brown";"Consumer";"United States";"Hagerstown";"Maryland";"2017-11-17";"2017-11-29"
4622;"TB-21625";"Trudy Brown";"Consumer";"United States";"Philadelphia";"Pennsylvania";"2017-11-30";"2099-01-01"
4623;"TC-20980";"Tamara Chand";"Corporate";"United States";"Houston";"Texas";"2014-11-07";"2014-12-26"
4624;"TC-20980";"Tamara Chand";"Corporate";"United States";"Decatur";"Alabama";"2014-12-27";"2015-09-19"
4625;"TC-20980";"Tamara Chand";"Corporate";"United States";"Long Beach";"New York";"2015-09-20";"2016-10-01"
4626;"TC-20980";"Tamara Chand";"Corporate";"United States";"Lafayette";"Indiana";"2016-10-02";"2016-11-25"
4627;"TC-20980";"Tamara Chand";"Corporate";"United States";"Seattle";"Washington";"2016-11-26";"2099-01-01"
4628;"TC-21145";"Theresa Coyne";"Corporate";"United States";"Lakewood";"New Jersey";"2017-09-15";"2099-01-01"
4629;"TC-21295";"Toby Carlisle";"Consumer";"United States";"Everett";"Massachusetts";"2014-10-14";"2014-12-19"
4630;"TC-21295";"Toby Carlisle";"Consumer";"United States";"Thornton";"Colorado";"2014-12-20";"2016-06-08"
4631;"TC-21295";"Toby Carlisle";"Consumer";"United States";"Tallahassee";"Florida";"2016-06-09";"2017-05-05"
4632;"TC-21295";"Toby Carlisle";"Consumer";"United States";"New York City";"New York";"2017-05-06";"2017-07-13"
4633;"TC-21295";"Toby Carlisle";"Consumer";"United States";"Westminster";"California";"2017-07-14";"2017-11-12"
4634;"TC-21295";"Toby Carlisle";"Consumer";"United States";"Jupiter";"Florida";"2017-11-13";"2017-11-13"
4635;"TC-21295";"Toby Carlisle";"Consumer";"United States";"Houston";"Texas";"2017-11-14";"2017-12-02"
4636;"TC-21295";"Toby Carlisle";"Consumer";"United States";"San Diego";"California";"2017-12-03";"2099-01-01"
4637;"TC-21475";"Tony Chapman";"Home Office";"United States";"Bolingbrook";"Illinois";"2014-11-22";"2015-04-26"
4638;"TC-21475";"Tony Chapman";"Home Office";"United States";"Aurora";"Colorado";"2015-04-27";"2016-08-21"
4639;"TC-21475";"Tony Chapman";"Home Office";"United States";"Fort Collins";"Colorado";"2016-08-22";"2016-12-04"
4640;"TC-21475";"Tony Chapman";"Home Office";"United States";"Washington";"District of Columbia";"2016-12-05";"2016-12-14"
4641;"TC-21475";"Tony Chapman";"Home Office";"United States";"Fayetteville";"Arkansas";"2016-12-15";"2017-04-01"
4642;"TC-21475";"Tony Chapman";"Home Office";"United States";"Columbus";"Georgia";"2017-04-02";"2017-04-29"
4643;"TC-21475";"Tony Chapman";"Home Office";"United States";"Danville";"Illinois";"2017-04-30";"2017-07-29"
4644;"TC-21475";"Tony Chapman";"Home Office";"United States";"Lakewood";"Ohio";"2017-07-30";"2099-01-01"
4645;"TC-21535";"Tracy Collins";"Home Office";"United States";"Los Angeles";"California";"2014-11-03";"2015-06-03"
4646;"TC-21535";"Tracy Collins";"Home Office";"United States";"New York City";"New York";"2015-06-04";"2015-09-18"
4647;"TC-21535";"Tracy Collins";"Home Office";"United States";"Arlington";"Virginia";"2015-09-19";"2016-07-18"
4648;"TC-21535";"Tracy Collins";"Home Office";"United States";"San Francisco";"California";"2016-07-19";"2016-11-17"
4649;"TC-21535";"Tracy Collins";"Home Office";"United States";"Los Angeles";"California";"2016-11-18";"2017-12-25"
4650;"TC-21535";"Tracy Collins";"Home Office";"United States";"Columbus";"Ohio";"2017-12-26";"2099-01-01"
4651;"TD-20995";"Tamara Dahlen";"Consumer";"United States";"Virginia Beach";"Virginia";"2014-05-19";"2015-08-22"
4652;"TD-20995";"Tamara Dahlen";"Consumer";"United States";"Bolingbrook";"Illinois";"2015-08-23";"2016-01-20"
4653;"TD-20995";"Tamara Dahlen";"Consumer";"United States";"San Diego";"California";"2016-01-21";"2017-04-22"
4654;"TD-20995";"Tamara Dahlen";"Consumer";"United States";"New York City";"New York";"2017-04-23";"2017-06-14"
4655;"TD-20995";"Tamara Dahlen";"Consumer";"United States";"Quincy";"Illinois";"2017-06-15";"2017-07-07"
4656;"TD-20995";"Tamara Dahlen";"Consumer";"United States";"Lowell";"Massachusetts";"2017-07-08";"2017-07-08"
4657;"TD-20995";"Tamara Dahlen";"Consumer";"United States";"Portland";"Oregon";"2017-07-09";"2017-11-10"
4658;"TD-20995";"Tamara Dahlen";"Consumer";"United States";"Garland";"Texas";"2017-11-11";"2017-11-22"
4659;"TD-20995";"Tamara Dahlen";"Consumer";"United States";"Philadelphia";"Pennsylvania";"2017-11-23";"2099-01-01"
4660;"TG-21310";"Toby Gnade";"Consumer";"United States";"Raleigh";"North Carolina";"2015-03-09";"2015-07-13"
4661;"TG-21310";"Toby Gnade";"Consumer";"United States";"Mesa";"Arizona";"2015-07-14";"2016-09-01"
4662;"TG-21310";"Toby Gnade";"Consumer";"United States";"Des Moines";"Washington";"2016-09-02";"2016-11-14"
4663;"TG-21310";"Toby Gnade";"Consumer";"United States";"Los Angeles";"California";"2016-11-15";"2017-01-26"
4664;"TG-21310";"Toby Gnade";"Consumer";"United States";"New York City";"New York";"2017-01-27";"2099-01-01"
4665;"TG-21640";"Trudy Glocke";"Consumer";"United States";"Tampa";"Florida";"2014-03-31";"2015-06-08"
4666;"TG-21640";"Trudy Glocke";"Consumer";"United States";"Pocatello";"Idaho";"2015-06-09";"2015-09-17"
4667;"TG-21640";"Trudy Glocke";"Consumer";"United States";"Long Beach";"California";"2015-09-18";"2017-09-06"
4668;"TG-21640";"Trudy Glocke";"Consumer";"United States";"Saint Charles";"Missouri";"2017-09-07";"2099-01-01"
4669;"TH-21100";"Thea Hendricks";"Consumer";"United States";"San Diego";"California";"2014-09-27";"2014-11-23"
4670;"TH-21100";"Thea Hendricks";"Consumer";"United States";"Toledo";"Ohio";"2014-11-24";"2015-04-12"
4671;"TH-21100";"Thea Hendricks";"Consumer";"United States";"Glendale";"Arizona";"2015-04-13";"2016-05-08"
4672;"TH-21100";"Thea Hendricks";"Consumer";"United States";"Salem";"Virginia";"2016-05-09";"2017-01-19"
4673;"TH-21100";"Thea Hendricks";"Consumer";"United States";"Los Angeles";"California";"2017-01-20";"2099-01-01"
4674;"TH-21115";"Thea Hudgings";"Corporate";"United States";"Newark";"Delaware";"2014-09-23";"2016-04-17"
4675;"TH-21115";"Thea Hudgings";"Corporate";"United States";"Houston";"Texas";"2016-04-18";"2016-07-07"
4676;"TH-21115";"Thea Hudgings";"Corporate";"United States";"Providence";"Rhode Island";"2016-07-08";"2017-11-01"
4677;"TH-21115";"Thea Hudgings";"Corporate";"United States";"Philadelphia";"Pennsylvania";"2017-11-02";"2099-01-01"
4678;"TH-21235";"Tiffany House";"Corporate";"United States";"Long Beach";"California";"2014-11-04";"2014-12-22"
4679;"TH-21235";"Tiffany House";"Corporate";"United States";"New York City";"New York";"2014-12-23";"2016-05-13"
4680;"TH-21235";"Tiffany House";"Corporate";"United States";"Yuma";"Arizona";"2016-05-14";"2016-05-25"
4681;"TH-21235";"Tiffany House";"Corporate";"United States";"Philadelphia";"Pennsylvania";"2016-05-26";"2016-11-20"
4682;"TH-21235";"Tiffany House";"Corporate";"United States";"Los Angeles";"California";"2016-11-21";"2017-05-27"
4683;"TH-21235";"Tiffany House";"Corporate";"United States";"Chicago";"Illinois";"2017-05-28";"2017-06-07"
4684;"TH-21235";"Tiffany House";"Corporate";"United States";"Dallas";"Texas";"2017-06-08";"2017-09-03"
4685;"TH-21235";"Tiffany House";"Corporate";"United States";"Los Angeles";"California";"2017-09-04";"2099-01-01"
4686;"TH-21550";"Tracy Hopkins";"Home Office";"United States";"New York City";"New York";"2014-04-05";"2015-05-15"
4687;"TH-21550";"Tracy Hopkins";"Home Office";"United States";"Jacksonville";"Florida";"2015-05-16";"2015-07-22"
4688;"TH-21550";"Tracy Hopkins";"Home Office";"United States";"New York City";"New York";"2015-07-23";"2015-09-20"
4689;"TH-21550";"Tracy Hopkins";"Home Office";"United States";"Everett";"Massachusetts";"2015-09-21";"2017-06-25"
4690;"TH-21550";"Tracy Hopkins";"Home Office";"United States";"Detroit";"Michigan";"2017-06-26";"2017-08-20"
4691;"TH-21550";"Tracy Hopkins";"Home Office";"United States";"Columbia";"Maryland";"2017-08-21";"2017-10-18"
4692;"TH-21550";"Tracy Hopkins";"Home Office";"United States";"Burlington";"North Carolina";"2017-10-19";"2099-01-01"
4693;"TM-21010";"Tamara Manning";"Consumer";"United States";"Woodstock";"Illinois";"2014-02-21";"2014-04-29"
4694;"TM-21010";"Tamara Manning";"Consumer";"United States";"Jackson";"Mississippi";"2014-04-30";"2014-08-07"
4695;"TM-21010";"Tamara Manning";"Consumer";"United States";"Vacaville";"California";"2014-08-08";"2015-05-30"
4696;"TM-21010";"Tamara Manning";"Consumer";"United States";"Orem";"Utah";"2015-05-31";"2015-09-11"
4697;"TM-21010";"Tamara Manning";"Consumer";"United States";"Auburn";"New York";"2015-09-12";"2017-01-19"
4698;"TM-21010";"Tamara Manning";"Consumer";"United States";"San Francisco";"California";"2017-01-20";"2017-01-28"
4699;"TM-21010";"Tamara Manning";"Consumer";"United States";"Marion";"Iowa";"2017-01-29";"2017-09-17"
4700;"TM-21010";"Tamara Manning";"Consumer";"United States";"Grand Island";"Nebraska";"2017-09-18";"2099-01-01"
4701;"TM-21490";"Tony Molinari";"Consumer";"United States";"Oklahoma City";"Oklahoma";"2017-03-30";"2017-07-26"
4702;"TM-21490";"Tony Molinari";"Consumer";"United States";"Yonkers";"New York";"2017-07-27";"2017-08-21"
4703;"TM-21490";"Tony Molinari";"Consumer";"United States";"San Francisco";"California";"2017-08-22";"2099-01-01"
4704;"TN-21040";"Tanja Norvell";"Home Office";"United States";"Manteca";"California";"2014-10-10";"2015-09-06"
4705;"TN-21040";"Tanja Norvell";"Home Office";"United States";"New York City";"New York";"2015-09-07";"2016-04-21"
4706;"TN-21040";"Tanja Norvell";"Home Office";"United States";"Phoenix";"Arizona";"2016-04-22";"2016-05-27"
4707;"TN-21040";"Tanja Norvell";"Home Office";"United States";"Park Ridge";"Illinois";"2016-05-28";"2016-09-25"
4708;"TN-21040";"Tanja Norvell";"Home Office";"United States";"Tallahassee";"Florida";"2016-09-26";"2016-12-15"
4709;"TN-21040";"Tanja Norvell";"Home Office";"United States";"San Diego";"California";"2016-12-16";"2017-09-30"
4710;"TN-21040";"Tanja Norvell";"Home Office";"United States";"San Francisco";"California";"2017-10-01";"2099-01-01"
4711;"TP-21130";"Theone Pippenger";"Consumer";"United States";"Springfield";"Oregon";"2015-04-14";"2015-09-19"
4712;"TP-21130";"Theone Pippenger";"Consumer";"United States";"Naperville";"Illinois";"2015-09-20";"2016-07-13"
4713;"TP-21130";"Theone Pippenger";"Consumer";"United States";"Philadelphia";"Pennsylvania";"2016-07-14";"2016-08-30"
4714;"TP-21130";"Theone Pippenger";"Consumer";"United States";"Waco";"Texas";"2016-08-31";"2016-09-18"
4715;"TP-21130";"Theone Pippenger";"Consumer";"United States";"Columbus";"Georgia";"2016-09-19";"2016-12-04"
4716;"TP-21130";"Theone Pippenger";"Consumer";"United States";"Georgetown";"Kentucky";"2016-12-05";"2017-01-23"
4717;"TP-21130";"Theone Pippenger";"Consumer";"United States";"Smyrna";"Georgia";"2017-01-24";"2017-12-03"
4718;"TP-21130";"Theone Pippenger";"Consumer";"United States";"Rochester";"Minnesota";"2017-12-04";"2017-12-21"
4719;"TP-21130";"Theone Pippenger";"Consumer";"United States";"Detroit";"Michigan";"2017-12-22";"2099-01-01"
4720;"TP-21415";"Tom Prescott";"Consumer";"United States";"Freeport";"New York";"2015-11-28";"2016-08-27"
4721;"TP-21415";"Tom Prescott";"Consumer";"United States";"Dallas";"Texas";"2016-08-28";"2017-02-08"
4722;"TP-21415";"Tom Prescott";"Consumer";"United States";"Houston";"Texas";"2017-02-09";"2017-08-16"
4723;"TP-21415";"Tom Prescott";"Consumer";"United States";"Philadelphia";"Pennsylvania";"2017-08-17";"2017-09-16"
4724;"TP-21415";"Tom Prescott";"Consumer";"United States";"Seattle";"Washington";"2017-09-17";"2099-01-01"
4725;"TP-21565";"Tracy Poddar";"Corporate";"United States";"Coppell";"Texas";"2015-03-01";"2016-10-02"
4726;"TP-21565";"Tracy Poddar";"Corporate";"United States";"Grand Prairie";"Texas";"2016-10-03";"2016-11-03"
4727;"TP-21565";"Tracy Poddar";"Corporate";"United States";"Eugene";"Oregon";"2016-11-04";"2017-01-13"
4728;"TP-21565";"Tracy Poddar";"Corporate";"United States";"Aurora";"Colorado";"2017-01-14";"2099-01-01"
4729;"TR-21325";"Toby Ritter";"Consumer";"United States";"San Francisco";"California";"2014-12-01";"2016-08-13"
4730;"TR-21325";"Toby Ritter";"Consumer";"United States";"Nashville";"Tennessee";"2016-08-14";"2016-09-04"
4731;"TR-21325";"Toby Ritter";"Consumer";"United States";"Cedar Rapids";"Iowa";"2016-09-05";"2016-09-07"
4732;"TR-21325";"Toby Ritter";"Consumer";"United States";"Seattle";"Washington";"2016-09-08";"2017-06-19"
4733;"TR-21325";"Toby Ritter";"Consumer";"United States";"Belleville";"New Jersey";"2017-06-20";"2099-01-01"
4734;"TS-21085";"Thais Sissman";"Consumer";"United States";"Phoenix";"Arizona";"2015-07-19";"2017-01-06"
4735;"TS-21085";"Thais Sissman";"Consumer";"United States";"Ormond Beach";"Florida";"2017-01-07";"2099-01-01"
4736;"TS-21160";"Theresa Swint";"Corporate";"United States";"Philadelphia";"Pennsylvania";"2014-04-23";"2015-04-15"
4737;"TS-21160";"Theresa Swint";"Corporate";"United States";"Toledo";"Ohio";"2015-04-16";"2015-04-19"
4738;"TS-21160";"Theresa Swint";"Corporate";"United States";"Columbus";"Georgia";"2015-04-20";"2016-03-02"
4739;"TS-21160";"Theresa Swint";"Corporate";"United States";"San Francisco";"California";"2016-03-03";"2016-06-24"
4740;"TS-21160";"Theresa Swint";"Corporate";"United States";"York";"Pennsylvania";"2016-06-25";"2016-08-12"
4741;"TS-21160";"Theresa Swint";"Corporate";"United States";"West Allis";"Wisconsin";"2016-08-13";"2099-01-01"
4742;"TS-21205";"Thomas Seio";"Corporate";"United States";"Asheville";"North Carolina";"2014-03-21";"2014-06-08"
4743;"TS-21205";"Thomas Seio";"Corporate";"United States";"North Las Vegas";"Nevada";"2014-06-09";"2014-09-26"
4744;"TS-21205";"Thomas Seio";"Corporate";"United States";"Hackensack";"New Jersey";"2014-09-27";"2014-11-16"
4745;"TS-21205";"Thomas Seio";"Corporate";"United States";"San Francisco";"California";"2014-11-17";"2014-12-08"
4746;"TS-21205";"Thomas Seio";"Corporate";"United States";"Chicago";"Illinois";"2014-12-09";"2016-07-31"
4747;"TS-21205";"Thomas Seio";"Corporate";"United States";"Riverside";"California";"2016-08-01";"2017-06-14"
4748;"TS-21205";"Thomas Seio";"Corporate";"United States";"Nashville";"Tennessee";"2017-06-15";"2099-01-01"
4749;"TS-21340";"Toby Swindell";"Consumer";"United States";"Scottsdale";"Arizona";"2014-01-19";"2014-09-07"
4750;"TS-21340";"Toby Swindell";"Consumer";"United States";"San Francisco";"California";"2014-09-08";"2015-03-09"
4751;"TS-21340";"Toby Swindell";"Consumer";"United States";"Houston";"Texas";"2015-03-10";"2015-11-23"
4752;"TS-21340";"Toby Swindell";"Consumer";"United States";"Los Angeles";"California";"2015-11-24";"2017-05-17"
4753;"TS-21340";"Toby Swindell";"Consumer";"United States";"New York City";"New York";"2017-05-18";"2099-01-01"
4754;"TS-21370";"Todd Sumrall";"Corporate";"United States";"Los Angeles";"California";"2014-10-28";"2015-07-10"
4755;"TS-21370";"Todd Sumrall";"Corporate";"United States";"Wilmington";"Delaware";"2015-07-11";"2015-08-27"
4756;"TS-21370";"Todd Sumrall";"Corporate";"United States";"Chicago";"Illinois";"2015-08-28";"2017-05-10"
4757;"TS-21370";"Todd Sumrall";"Corporate";"United States";"Phoenix";"Arizona";"2017-05-11";"2017-10-04"
4758;"TS-21370";"Todd Sumrall";"Corporate";"United States";"New York City";"New York";"2017-10-05";"2017-11-23"
4759;"TS-21370";"Todd Sumrall";"Corporate";"United States";"New York City";"New York";"2017-11-24";"2099-01-01"
4760;"TS-21430";"Tom Stivers";"Corporate";"United States";"Seattle";"Washington";"2014-07-30";"2014-11-10"
4761;"TS-21430";"Tom Stivers";"Corporate";"United States";"Reading";"Pennsylvania";"2014-11-11";"2016-08-25"
4762;"TS-21430";"Tom Stivers";"Corporate";"United States";"Los Angeles";"California";"2016-08-26";"2016-11-12"
4763;"TS-21430";"Tom Stivers";"Corporate";"United States";"Oklahoma City";"Oklahoma";"2016-11-13";"2017-07-10"
4764;"TS-21430";"Tom Stivers";"Corporate";"United States";"San Diego";"California";"2017-07-11";"2099-01-01"
4765;"TS-21505";"Tony Sayre";"Consumer";"United States";"Columbia";"Tennessee";"2014-12-20";"2016-09-24"
4766;"TS-21505";"Tony Sayre";"Consumer";"United States";"Cleveland";"Ohio";"2016-09-25";"2017-07-02"
4767;"TS-21505";"Tony Sayre";"Consumer";"United States";"Concord";"New Hampshire";"2017-07-03";"2017-09-17"
4768;"TS-21505";"Tony Sayre";"Consumer";"United States";"Clovis";"New Mexico";"2017-09-18";"2017-11-06"
4769;"TS-21505";"Tony Sayre";"Consumer";"United States";"San Francisco";"California";"2017-11-07";"2017-12-18"
4770;"TS-21505";"Tony Sayre";"Consumer";"United States";"Parker";"Colorado";"2017-12-19";"2099-01-01"
4771;"TS-21610";"Troy Staebel";"Consumer";"United States";"Philadelphia";"Pennsylvania";"2014-08-16";"2016-09-08"
4772;"TS-21610";"Troy Staebel";"Consumer";"United States";"New York City";"New York";"2016-09-09";"2016-09-16"
4773;"TS-21610";"Troy Staebel";"Consumer";"United States";"Springfield";"Ohio";"2016-09-17";"2017-06-11"
4774;"TS-21610";"Troy Staebel";"Consumer";"United States";"Chicago";"Illinois";"2017-06-12";"2017-06-15"
4775;"TS-21610";"Troy Staebel";"Consumer";"United States";"San Francisco";"California";"2017-06-16";"2017-10-12"
4776;"TS-21610";"Troy Staebel";"Consumer";"United States";"Freeport";"Illinois";"2017-10-13";"2017-11-04"
4777;"TS-21610";"Troy Staebel";"Consumer";"United States";"Phoenix";"Arizona";"2017-11-05";"2099-01-01"
4778;"TS-21655";"Trudy Schmidt";"Consumer";"United States";"Houston";"Texas";"2015-02-06";"2015-04-24"
4779;"TS-21655";"Trudy Schmidt";"Consumer";"United States";"Milwaukee";"Wisconsin";"2015-04-25";"2016-12-24"
4780;"TS-21655";"Trudy Schmidt";"Consumer";"United States";"Fayetteville";"Arkansas";"2016-12-25";"2017-01-01"
4781;"TS-21655";"Trudy Schmidt";"Consumer";"United States";"El Paso";"Texas";"2017-01-02";"2017-05-05"
4782;"TS-21655";"Trudy Schmidt";"Consumer";"United States";"Rancho Cucamonga";"California";"2017-05-06";"2099-01-01"
4783;"TT-21070";"Ted Trevino";"Consumer";"United States";"Akron";"Ohio";"2014-05-18";"2014-09-07"
4784;"TT-21070";"Ted Trevino";"Consumer";"United States";"Chesapeake";"Virginia";"2014-09-08";"2015-02-13"
4785;"TT-21070";"Ted Trevino";"Consumer";"United States";"Rochester";"New York";"2015-02-14";"2015-04-04"
4786;"TT-21070";"Ted Trevino";"Consumer";"United States";"Philadelphia";"Pennsylvania";"2015-04-05";"2016-05-10"
4787;"TT-21070";"Ted Trevino";"Consumer";"United States";"Los Angeles";"California";"2016-05-11";"2017-11-12"
4788;"TT-21070";"Ted Trevino";"Consumer";"United States";"Seattle";"Washington";"2017-11-13";"2017-11-28"
4789;"TT-21070";"Ted Trevino";"Consumer";"United States";"Chattanooga";"Tennessee";"2017-11-29";"2099-01-01"
4790;"TT-21220";"Thomas Thornton";"Consumer";"United States";"Dover";"Delaware";"2014-09-23";"2015-04-05"
4791;"TT-21220";"Thomas Thornton";"Consumer";"United States";"Houston";"Texas";"2015-04-06";"2015-08-07"
4792;"TT-21220";"Thomas Thornton";"Consumer";"United States";"San Francisco";"California";"2015-08-08";"2015-10-29"
4793;"TT-21220";"Thomas Thornton";"Consumer";"United States";"Virginia Beach";"Virginia";"2015-10-30";"2016-05-14"
4794;"TT-21220";"Thomas Thornton";"Consumer";"United States";"New York City";"New York";"2016-05-15";"2016-11-03"
4795;"TT-21220";"Thomas Thornton";"Consumer";"United States";"Chula Vista";"California";"2016-11-04";"2017-03-17"
4796;"TT-21220";"Thomas Thornton";"Consumer";"United States";"Houston";"Texas";"2017-03-18";"2017-06-29"
4797;"TT-21220";"Thomas Thornton";"Consumer";"United States";"Los Angeles";"California";"2017-06-30";"2099-01-01"
4798;"TT-21265";"Tim Taslimi";"Corporate";"United States";"Los Angeles";"California";"2015-08-15";"2016-10-01"
4799;"TT-21265";"Tim Taslimi";"Corporate";"United States";"New York City";"New York";"2016-10-02";"2016-11-18"
4800;"TT-21265";"Tim Taslimi";"Corporate";"United States";"Indianapolis";"Indiana";"2016-11-19";"2099-01-01"
4801;"TT-21460";"Tonja Turnell";"Home Office";"United States";"Fort Worth";"Texas";"2015-12-08";"2016-04-21"
4802;"TT-21460";"Tonja Turnell";"Home Office";"United States";"Aurora";"Illinois";"2016-04-22";"2017-01-14"
4803;"TT-21460";"Tonja Turnell";"Home Office";"United States";"Los Angeles";"California";"2017-01-15";"2017-03-03"
4804;"TT-21460";"Tonja Turnell";"Home Office";"United States";"Houston";"Texas";"2017-03-04";"2017-08-19"
4805;"TT-21460";"Tonja Turnell";"Home Office";"United States";"Charlotte";"North Carolina";"2017-08-20";"2017-11-25"
4806;"TT-21460";"Tonja Turnell";"Home Office";"United States";"Richmond";"Indiana";"2017-11-26";"2017-12-17"
4807;"TT-21460";"Tonja Turnell";"Home Office";"United States";"San Francisco";"California";"2017-12-18";"2099-01-01"
4808;"TW-21025";"Tamara Willingham";"Home Office";"United States";"New York City";"New York";"2014-12-22";"2015-09-04"
4809;"TW-21025";"Tamara Willingham";"Home Office";"United States";"Charlottesville";"Virginia";"2015-09-05";"2015-11-30"
4810;"TW-21025";"Tamara Willingham";"Home Office";"United States";"Seattle";"Washington";"2015-12-01";"2016-03-12"
4811;"TW-21025";"Tamara Willingham";"Home Office";"United States";"Scottsdale";"Arizona";"2016-03-13";"2017-06-12"
4812;"TW-21025";"Tamara Willingham";"Home Office";"United States";"Seattle";"Washington";"2017-06-13";"2017-07-20"
4813;"TW-21025";"Tamara Willingham";"Home Office";"United States";"Plainfield";"New Jersey";"2017-07-21";"2017-10-26"
4814;"TW-21025";"Tamara Willingham";"Home Office";"United States";"Mesa";"Arizona";"2017-10-27";"2099-01-01"
4815;"TZ-21580";"Tracy Zic";"Consumer";"United States";"Louisville";"Colorado";"2014-11-11";"2015-12-03"
4816;"TZ-21580";"Tracy Zic";"Consumer";"United States";"Lakewood";"California";"2015-12-04";"2016-02-21"
4817;"TZ-21580";"Tracy Zic";"Consumer";"United States";"Los Angeles";"California";"2016-02-22";"2017-11-24"
4818;"TZ-21580";"Tracy Zic";"Consumer";"United States";"San Francisco";"California";"2017-11-25";"2099-01-01"
4819;"VB-21745";"Victoria Brennan";"Corporate";"United States";"Houston";"Texas";"2015-07-17";"2015-11-22"
4820;"VB-21745";"Victoria Brennan";"Corporate";"United States";"San Antonio";"Texas";"2015-11-23";"2016-10-27"
4821;"VB-21745";"Victoria Brennan";"Corporate";"United States";"Rochester";"New York";"2016-10-28";"2016-11-26"
4822;"VB-21745";"Victoria Brennan";"Corporate";"United States";"Lincoln Park";"Michigan";"2016-11-27";"2017-03-07"
4823;"VB-21745";"Victoria Brennan";"Corporate";"United States";"Columbus";"Georgia";"2017-03-08";"2017-11-05"
4824;"VB-21745";"Victoria Brennan";"Corporate";"United States";"Richmond";"Kentucky";"2017-11-06";"2099-01-01"
4825;"VD-21670";"Valerie Dominguez";"Consumer";"United States";"Pleasant Grove";"Utah";"2014-08-04";"2015-02-27"
4826;"VD-21670";"Valerie Dominguez";"Consumer";"United States";"Columbia";"Tennessee";"2015-02-28";"2015-06-25"
4827;"VD-21670";"Valerie Dominguez";"Consumer";"United States";"Houston";"Texas";"2015-06-26";"2015-10-31"
4828;"VD-21670";"Valerie Dominguez";"Consumer";"United States";"New York City";"New York";"2015-11-01";"2015-11-04"
4829;"VD-21670";"Valerie Dominguez";"Consumer";"United States";"Coral Springs";"Florida";"2015-11-05";"2016-05-27"
4830;"VD-21670";"Valerie Dominguez";"Consumer";"United States";"Jackson";"Mississippi";"2016-05-28";"2099-01-01"
4831;"VF-21715";"Vicky Freymann";"Home Office";"United States";"Elmhurst";"Illinois";"2014-03-01";"2014-07-24"
4832;"VF-21715";"Vicky Freymann";"Home Office";"United States";"Los Angeles";"California";"2014-07-25";"2017-05-21"
4833;"VF-21715";"Vicky Freymann";"Home Office";"United States";"San Francisco";"California";"2017-05-22";"2017-07-07"
4834;"VF-21715";"Vicky Freymann";"Home Office";"United States";"Seattle";"Washington";"2017-07-08";"2099-01-01"
4835;"VG-21790";"Vivek Gonzalez";"Consumer";"United States";"Jacksonville";"Florida";"2014-08-08";"2016-08-05"
4836;"VG-21790";"Vivek Gonzalez";"Consumer";"United States";"Los Angeles";"California";"2016-08-06";"2017-01-28"
4837;"VG-21790";"Vivek Gonzalez";"Consumer";"United States";"San Francisco";"California";"2017-01-29";"2017-07-07"
4838;"VG-21790";"Vivek Gonzalez";"Consumer";"United States";"San Mateo";"California";"2017-07-08";"2017-07-28"
4839;"VG-21790";"Vivek Gonzalez";"Consumer";"United States";"Seattle";"Washington";"2017-07-29";"2099-01-01"
4840;"VG-21805";"Vivek Grady";"Corporate";"United States";"Chicago";"Illinois";"2014-09-22";"2016-03-23"
4841;"VG-21805";"Vivek Grady";"Corporate";"United States";"Richmond";"Indiana";"2016-03-24";"2016-05-11"
4842;"VG-21805";"Vivek Grady";"Corporate";"United States";"Virginia Beach";"Virginia";"2016-05-12";"2016-08-25"
4843;"VG-21805";"Vivek Grady";"Corporate";"United States";"Philadelphia";"Pennsylvania";"2016-08-26";"2017-03-18"
4844;"VG-21805";"Vivek Grady";"Corporate";"United States";"Lakewood";"New Jersey";"2017-03-19";"2099-01-01"
4845;"VM-21685";"Valerie Mitchum";"Home Office";"United States";"Marietta";"Georgia";"2014-04-07";"2015-10-31"
4846;"VM-21685";"Valerie Mitchum";"Home Office";"United States";"Philadelphia";"Pennsylvania";"2015-11-01";"2016-04-05"
4847;"VM-21685";"Valerie Mitchum";"Home Office";"United States";"Burlington";"Vermont";"2016-04-06";"2016-09-07"
4848;"VM-21685";"Valerie Mitchum";"Home Office";"United States";"Lancaster";"California";"2016-09-08";"2017-03-15"
4849;"VM-21685";"Valerie Mitchum";"Home Office";"United States";"Seattle";"Washington";"2017-03-16";"2017-07-15"
4850;"VM-21685";"Valerie Mitchum";"Home Office";"United States";"Woodstock";"Illinois";"2017-07-16";"2017-11-05"
4851;"VM-21685";"Valerie Mitchum";"Home Office";"United States";"Westfield";"New Jersey";"2017-11-06";"2099-01-01"
4852;"VM-21835";"Vivian Mathis";"Consumer";"United States";"Portage";"Indiana";"2014-03-22";"2016-03-16"
4853;"VM-21835";"Vivian Mathis";"Consumer";"United States";"Newark";"Delaware";"2016-03-17";"2016-05-11"
4854;"VM-21835";"Vivian Mathis";"Consumer";"United States";"Mission Viejo";"California";"2016-05-12";"2016-06-13"
4855;"VM-21835";"Vivian Mathis";"Consumer";"United States";"Boca Raton";"Florida";"2016-06-14";"2017-09-03"
4856;"VM-21835";"Vivian Mathis";"Consumer";"United States";"Nashua";"New Hampshire";"2017-09-04";"2099-01-01"
4857;"VP-21730";"Victor Preis";"Home Office";"United States";"Sterling Heights";"Michigan";"2015-07-05";"2017-06-29"
4858;"VP-21730";"Victor Preis";"Home Office";"United States";"Las Vegas";"Nevada";"2017-06-30";"2017-11-29"
4859;"VP-21730";"Victor Preis";"Home Office";"United States";"New York City";"New York";"2017-11-30";"2099-01-01"
4860;"VP-21760";"Victoria Pisteka";"Corporate";"United States";"San Francisco";"California";"2014-09-06";"2014-10-05"
4861;"VP-21760";"Victoria Pisteka";"Corporate";"United States";"Indianapolis";"Indiana";"2014-10-06";"2014-12-08"
4862;"VP-21760";"Victoria Pisteka";"Corporate";"United States";"Brownsville";"Texas";"2014-12-09";"2015-05-28"
4863;"VP-21760";"Victoria Pisteka";"Corporate";"United States";"Columbus";"Ohio";"2015-05-29";"2016-06-25"
4864;"VP-21760";"Victoria Pisteka";"Corporate";"United States";"New York City";"New York";"2016-06-26";"2017-10-15"
4865;"VP-21760";"Victoria Pisteka";"Corporate";"United States";"Columbia";"Tennessee";"2017-10-16";"2099-01-01"
4866;"VS-21820";"Vivek Sundaresam";"Consumer";"United States";"Huntsville";"Texas";"2014-01-07";"2015-05-23"
4867;"VS-21820";"Vivek Sundaresam";"Consumer";"United States";"Naperville";"Illinois";"2015-05-24";"2016-01-07"
4868;"VS-21820";"Vivek Sundaresam";"Consumer";"United States";"Raleigh";"North Carolina";"2016-01-08";"2017-05-22"
4869;"VS-21820";"Vivek Sundaresam";"Consumer";"United States";"Los Angeles";"California";"2017-05-23";"2099-01-01"
4870;"VT-21700";"Valerie Takahito";"Home Office";"United States";"Houston";"Texas";"2014-06-06";"2015-04-04"
4871;"VT-21700";"Valerie Takahito";"Home Office";"United States";"Philadelphia";"Pennsylvania";"2015-04-05";"2099-01-01"
4872;"VW-21775";"Victoria Wilson";"Corporate";"United States";"Huntsville";"Texas";"2014-05-11";"2014-07-14"
4873;"VW-21775";"Victoria Wilson";"Corporate";"United States";"Sioux Falls";"South Dakota";"2014-07-15";"2015-01-01"
4874;"VW-21775";"Victoria Wilson";"Corporate";"United States";"Medina";"Ohio";"2015-01-02";"2015-02-05"
4875;"VW-21775";"Victoria Wilson";"Corporate";"United States";"Bellevue";"Washington";"2015-02-06";"2015-09-07"
4876;"VW-21775";"Victoria Wilson";"Corporate";"United States";"Montgomery";"Alabama";"2015-09-08";"2016-10-20"
4877;"VW-21775";"Victoria Wilson";"Corporate";"United States";"Lakewood";"Ohio";"2016-10-21";"2016-10-23"
4878;"VW-21775";"Victoria Wilson";"Corporate";"United States";"Los Angeles";"California";"2016-10-24";"2017-11-16"
4879;"VW-21775";"Victoria Wilson";"Corporate";"United States";"New York City";"New York";"2017-11-17";"2017-12-01"
4880;"VW-21775";"Victoria Wilson";"Corporate";"United States";"San Francisco";"California";"2017-12-02";"2099-01-01"
4881;"WB-21850";"William Brown";"Consumer";"United States";"Los Angeles";"California";"2014-11-04";"2014-12-11"
4882;"WB-21850";"William Brown";"Consumer";"United States";"Concord";"California";"2014-12-12";"2014-12-19"
4883;"WB-21850";"William Brown";"Consumer";"United States";"Grand Prairie";"Texas";"2014-12-20";"2015-08-09"
4884;"WB-21850";"William Brown";"Consumer";"United States";"Redmond";"Oregon";"2015-08-10";"2015-11-29"
4885;"WB-21850";"William Brown";"Consumer";"United States";"Philadelphia";"Pennsylvania";"2015-11-30";"2016-01-14"
4886;"WB-21850";"William Brown";"Consumer";"United States";"New York City";"New York";"2016-01-15";"2016-10-09"
4887;"WB-21850";"William Brown";"Consumer";"United States";"La Porte";"Texas";"2016-10-10";"2016-12-10"
4888;"WB-21850";"William Brown";"Consumer";"United States";"Anaheim";"California";"2016-12-11";"2017-06-28"
4889;"WB-21850";"William Brown";"Consumer";"United States";"Los Angeles";"California";"2017-06-29";"2017-11-10"
4890;"WB-21850";"William Brown";"Consumer";"United States";"Urbandale";"Iowa";"2017-11-11";"2017-12-09"
4891;"WB-21850";"William Brown";"Consumer";"United States";"Philadelphia";"Pennsylvania";"2017-12-10";"2099-01-01"
4892;"XP-21865";"Xylona Preis";"Consumer";"United States";"Westland";"Michigan";"2014-01-20";"2014-09-27"
4893;"XP-21865";"Xylona Preis";"Consumer";"United States";"Hollywood";"Florida";"2014-09-28";"2014-10-05"
4894;"XP-21865";"Xylona Preis";"Consumer";"United States";"San Diego";"California";"2014-10-06";"2015-12-11"
4895;"XP-21865";"Xylona Preis";"Consumer";"United States";"Chico";"California";"2015-12-12";"2016-08-25"
4896;"XP-21865";"Xylona Preis";"Consumer";"United States";"Athens";"Georgia";"2016-08-26";"2016-10-31"
4897;"XP-21865";"Xylona Preis";"Consumer";"United States";"Chicago";"Illinois";"2016-11-01";"2016-11-02"
4898;"XP-21865";"Xylona Preis";"Consumer";"United States";"Los Angeles";"California";"2016-11-03";"2017-10-05"
4899;"XP-21865";"Xylona Preis";"Consumer";"United States";"Belleville";"New Jersey";"2017-10-06";"2017-11-13"
4900;"XP-21865";"Xylona Preis";"Consumer";"United States";"Pasadena";"Texas";"2017-11-14";"2017-11-16"
4901;"XP-21865";"Xylona Preis";"Consumer";"United States";"Everett";"Massachusetts";"2017-11-17";"2099-01-01"
4902;"YC-21895";"Yoseph Carroll";"Corporate";"United States";"Newark";"Delaware";"2014-11-17";"2015-11-11"
4903;"YC-21895";"Yoseph Carroll";"Corporate";"United States";"Los Angeles";"California";"2015-11-12";"2016-04-06"
4904;"YC-21895";"Yoseph Carroll";"Corporate";"United States";"San Francisco";"California";"2016-04-07";"2016-09-05"
4905;"YC-21895";"Yoseph Carroll";"Corporate";"United States";"Dallas";"Texas";"2016-09-06";"2017-12-25"
4906;"YC-21895";"Yoseph Carroll";"Corporate";"United States";"Fremont";"Nebraska";"2017-12-26";"2099-01-01"
4907;"YS-21880";"Yana Sorensen";"Corporate";"United States";"Newark";"Delaware";"2015-01-12";"2015-07-24"
4908;"YS-21880";"Yana Sorensen";"Corporate";"United States";"Montgomery";"Alabama";"2015-07-25";"2015-12-07"
4909;"YS-21880";"Yana Sorensen";"Corporate";"United States";"Los Angeles";"California";"2015-12-08";"2017-04-12"
4910;"YS-21880";"Yana Sorensen";"Corporate";"United States";"Hesperia";"California";"2017-04-13";"2017-05-04"
4911;"YS-21880";"Yana Sorensen";"Corporate";"United States";"Columbus";"Georgia";"2017-05-05";"2017-07-02"
4912;"YS-21880";"Yana Sorensen";"Corporate";"United States";"Burlington";"North Carolina";"2017-07-03";"2017-08-17"
4913;"YS-21880";"Yana Sorensen";"Corporate";"United States";"Seattle";"Washington";"2017-08-18";"2017-12-20"
4914;"YS-21880";"Yana Sorensen";"Corporate";"United States";"Oakland";"California";"2017-12-21";"2099-01-01"
4915;"ZC-21910";"Zuschuss Carroll";"Consumer";"United States";"Edmonds";"Washington";"2014-10-13";"2014-12-28"
4916;"ZC-21910";"Zuschuss Carroll";"Consumer";"United States";"Chicago";"Illinois";"2014-12-29";"2015-04-12"
4917;"ZC-21910";"Zuschuss Carroll";"Consumer";"United States";"Pomona";"California";"2015-04-13";"2015-04-24"
4918;"ZC-21910";"Zuschuss Carroll";"Consumer";"United States";"Aurora";"Illinois";"2015-04-25";"2015-09-12"
4919;"ZC-21910";"Zuschuss Carroll";"Consumer";"United States";"Columbus";"Indiana";"2015-09-13";"2015-09-27"
4920;"ZC-21910";"Zuschuss Carroll";"Consumer";"United States";"Aurora";"Colorado";"2015-09-28";"2016-03-07"
4921;"ZC-21910";"Zuschuss Carroll";"Consumer";"United States";"Miami";"Florida";"2016-03-08";"2016-03-19"
4922;"ZC-21910";"Zuschuss Carroll";"Consumer";"United States";"Salem";"Oregon";"2016-03-20";"2016-04-07"
4923;"ZC-21910";"Zuschuss Carroll";"Consumer";"United States";"Houston";"Texas";"2016-04-08";"2017-05-10"
4924;"ZC-21910";"Zuschuss Carroll";"Consumer";"United States";"New York City";"New York";"2017-05-11";"2017-06-18"
4925;"ZC-21910";"Zuschuss Carroll";"Consumer";"United States";"Houston";"Texas";"2017-06-19";"2017-11-05"
4926;"ZC-21910";"Zuschuss Carroll";"Consumer";"United States";"Los Angeles";"California";"2017-11-06";"2099-01-01"
4927;"ZD-21925";"Zuschuss Donatelli";"Consumer";"United States";"San Francisco";"California";"2014-08-27";"2016-04-02"
4928;"ZD-21925";"Zuschuss Donatelli";"Consumer";"United States";"Richmond";"Indiana";"2016-04-03";"2016-05-04"
4929;"ZD-21925";"Zuschuss Donatelli";"Consumer";"United States";"Chattanooga";"Tennessee";"2016-05-05";"2016-07-07"
4930;"ZD-21925";"Zuschuss Donatelli";"Consumer";"United States";"Jacksonville";"Florida";"2016-07-08";"2017-06-10"
4931;"ZD-21925";"Zuschuss Donatelli";"Consumer";"United States";"Los Angeles";"California";"2017-06-11";"2099-01-01"
