"Product_ID";"Product_Name";"Category";"Sub_Category";"product_key"
"FUR-BO-10001798";"Bush Somerset Collection Bookcase";"Furniture";"Bookcases";1
"FUR-CH-10000454";"Hon Deluxe Fabric Upholstered Stacking Chairs, Rounded Back";"Furniture";"Chairs";2
"OFF-LA-10000240";"Self-Adhesive Address Labels for Typewriters by Universal";"Office Supplies";"Labels";3
"FUR-TA-10000577";"Bretford CR4500 Series Slim Rectangular Table";"Furniture";"Tables";4
"OFF-ST-10000760";"Eldon Fold 'N Roll Cart System";"Office Supplies";"Storage";5
"FUR-FU-10003347";"Coloredge Poster Frame";"Furniture";"Furnishings";6
"FUR-FU-10001487";"Eldon Expressions Wood and Plastic Desk Accessories, Cherry Wood";"Furniture";"Furnishings";7
"OFF-AR-10002833";"Newell 322";"Office Supplies";"Art";8
"TEC-PH-10002275";"Mitel 5320 IP Phone VoIP phone";"Technology";"Phones";9
"OFF-BI-10001543";"GBC VeloBinder Manual Binding System";"Office Supplies";"Binders";10
"FUR-FU-10004351";"Staple-based wall hangings";"Furniture";"Furnishings";11
"TEC-PH-10000011";"PureGear Roll-On Screen Protector";"Technology";"Phones";12
"OFF-ST-10000615";"SimpliFile Personal File, Black Granite, 15w x 6-15/16d x 11-1/4h";"Office Supplies";"Storage";13
"FUR-FU-10003194";"Eldon Expressions Desk Accessory, Wood Pencil Holder, Oak";"Furniture";"Furnishings";14
"OFF-BI-10003910";"DXL Angle-View Binders with Locking Rings by Samsill";"Office Supplies";"Binders";15
"OFF-AP-10002892";"Belkin F5C206VTEL 6 Outlet Surge";"Office Supplies";"Appliances";16
"TEC-MA-10000029";"Epson WorkForce WF-2530 All-in-One Printer, Copier Scanner";"Technology";"Machines";17
"OFF-AR-10000369";"Design Ebony Sketching Pencil";"Office Supplies";"Art";18
"OFF-AP-10002118";"1.7 Cubic Foot Compact ""Cube"""" Office Refrigerators""";"Office Supplies";"Appliances";19
"FUR-TA-10001539";"Chromcraft Rectangular Conference Tables";"Furniture";"Tables";20
"OFF-BI-10004584";"GBC ProClick 150 Presentation Binding System";"Office Supplies";"Binders";21
"OFF-BI-10002309";"Avery Heavy-Duty EZD  Binder With Locking Rings";"Office Supplies";"Binders";22
"TEC-PH-10002033";"Konftel 250 Conference phone - Charcoal black";"Technology";"Phones";23
"OFF-AR-10002053";"Premium Writing Pencils, Soft, #2 by Central Association for the Blind";"Office Supplies";"Art";24
"OFF-ST-10000617";"Woodgrain Magazine Files by Perma";"Office Supplies";"Storage";25
"FUR-TA-10002607";"KI Conference Tables";"Furniture";"Tables";26
"OFF-ST-10002370";"Sortfiler Multipurpose Personal File Organizer, Black";"Office Supplies";"Storage";27
"OFF-PA-10002365";"Xerox 1967";"Office Supplies";"Paper";28
"OFF-EN-10000927";"Jet-Pak Recycled Peel 'N' Seal Padded Mailers";"Office Supplies";"Envelopes";29
"OFF-ST-10003306";"Letter Size Cart";"Office Supplies";"Storage";30
"OFF-BI-10003656";"Fellowes PB200 Plastic Comb Binding Machine";"Office Supplies";"Binders";31
"OFF-BI-10000773";"Insertable Tab Post Binder Dividers";"Office Supplies";"Binders";32
"OFF-ST-10003656";"Safco Industrial Wire Shelving";"Office Supplies";"Storage";33
"OFF-AP-10002311";"Holmes Replacement Filter for HEPA Air Cleaner, Very Large Room, HEPA Filter";"Office Supplies";"Appliances";34
"OFF-BI-10000756";"Storex DuraTech Recycled Plastic Frosted Binders";"Office Supplies";"Binders";35
"FUR-FU-10002505";"Eldon 100 Class Desk Accessories";"Furniture";"Furnishings";36
"FUR-CH-10000863";"Novimex Swivel Fabric Task Chair";"Furniture";"Chairs";37
"TEC-AC-10001998";"Logitech LS21 Speaker System - PC Multimedia - 2.1-CH - Wired";"Technology";"Accessories";38
"OFF-ST-10004186";"Stur-D-Stor Shelving, Vertical 5-Shelf: 72""H x 36""""W x 18 1/2""""D""";"Office Supplies";"Storage";39
"OFF-ST-10002276";"Safco Steel Mobile File Cart";"Office Supplies";"Storage";40
"TEC-AC-10002600";"Belkin QODE FastFit Bluetooth Keyboard";"Technology";"Accessories";41
"OFF-ST-10000107";"Fellowes Super Stor/Drawer";"Office Supplies";"Storage";42
"OFF-PA-10004082";"Adams Telephone Message Book w/Frequently-Called Numbers Space, 400 Messages per Book";"Office Supplies";"Paper";43
"OFF-LA-10000134";"Avery 511";"Office Supplies";"Labels";44
"TEC-MA-10002937";"Canon Color ImageCLASS MF8580Cdw Wireless Laser All-In-One Printer, Copier, Scanner";"Technology";"Machines";45
"OFF-ST-10003442";"Eldon Portable Mobile Manager";"Office Supplies";"Storage";46
"OFF-AP-10002945";"Honeywell Enviracaire Portable HEPA Air Cleaner for 17' x 22' Room";"Office Supplies";"Appliances";47
"OFF-AR-10003056";"Newell 341";"Office Supplies";"Art";48
"OFF-AR-10004930";"Turquoise Lead Holder with Pocket Clip";"Office Supplies";"Art";49
"FUR-CH-10002965";"Global Leather Highback Executive Chair with Pneumatic Height Adjustment, Black";"Furniture";"Chairs";50
"TEC-PH-10001949";"Cisco SPA 501G IP Phone";"Technology";"Phones";51
"OFF-PA-10000304";"Xerox 1995";"Office Supplies";"Paper";52
"OFF-PA-10003177";"Xerox 1999";"Office Supplies";"Paper";53
"OFF-PA-10002230";"Xerox 1897";"Office Supplies";"Paper";54
"FUR-FU-10003799";"Seth Thomas 13 1/2"" Wall Clock""";"Furniture";"Furnishings";55
"FUR-CH-10003396";"Global Deluxe Steno Chair";"Furniture";"Chairs";56
"FUR-FU-10000246";"Aluminum Document Frame";"Furniture";"Furnishings";57
"OFF-BI-10002852";"Ibico Standard Transparent Covers";"Office Supplies";"Binders";58
"OFF-PA-10004569";"Wirebound Message Books, Two 4 1/4"" x 5"""" Forms per Page""";"Office Supplies";"Paper";59
"OFF-BI-10004738";"Flexible Leather- Look Classic Collection Ring Binder";"Office Supplies";"Binders";60
"OFF-ST-10000060";"Fellowes Bankers Box Staxonsteel Drawer File/Stacking System";"Office Supplies";"Storage";61
"FUR-FU-10000629";"9-3/4 Diameter Round Wall Clock";"Furniture";"Furnishings";62
"OFF-ST-10001228";"Fellowes Personal Hanging Folder Files, Navy";"Office Supplies";"Storage";63
"OFF-BI-10001721";"Trimflex Flexible Post Binders";"Office Supplies";"Binders";64
"OFF-ST-10003058";"Eldon Mobile Mega Data Cart  Mega Stackable  Add-On Trays";"Office Supplies";"Storage";65
"FUR-CH-10002372";"Office Star - Ergonomically Designed Knee Chair";"Furniture";"Chairs";66
"OFF-EN-10003296";"Tyvek Side-Opening Peel & Seel Expanding Envelopes";"Office Supplies";"Envelopes";67
"TEC-PH-10001580";"Logitech Mobile Speakerphone P710e - speaker phone";"Technology";"Phones";68
"TEC-AC-10000290";"Sabrent 4-Port USB 2.0 Hub";"Technology";"Accessories";69
"OFF-ST-10002790";"Safco Industrial Shelving";"Office Supplies";"Storage";70
"OFF-LA-10001317";"Avery 520";"Office Supplies";"Labels";71
"OFF-BI-10003460";"Acco 3-Hole Punch";"Office Supplies";"Binders";72
"FUR-FU-10000206";"GE General Purpose, Extra Long Life, Showcase & Floodlight Incandescent Bulbs";"Furniture";"Furnishings";73
"OFF-AR-10000588";"Newell 345";"Office Supplies";"Art";74
"OFF-ST-10001469";"Fellowes Bankers Box Recycled Super Stor/Drawer";"Office Supplies";"Storage";75
"OFF-AP-10002203";"Eureka Disposable Bags for Sanitaire Vibra Groomer I Upright Vac";"Office Supplies";"Appliances";76
"TEC-MA-10003353";"Xerox WorkCentre 6505DN Laser Multifunction Printer";"Technology";"Machines";77
"TEC-PH-10001433";"Cisco Small Business SPA 502G VoIP phone";"Technology";"Phones";78
"TEC-AC-10004469";"Microsoft Sculpt Comfort Mouse";"Technology";"Accessories";79
"OFF-AR-10003602";"Quartet Omega Colored Chalk, 12/Pack";"Office Supplies";"Art";80
"OFF-AR-10001953";"Boston 1645 Deluxe Heavier-Duty Electric Pencil Sharpener";"Office Supplies";"Art";81
"OFF-AR-10003156";"50 Colored Long Pencils";"Office Supplies";"Art";82
"OFF-AR-10004974";"Newell 342";"Office Supplies";"Art";83
"TEC-PH-10002365";"Belkin Grip Candy Sheer Case / Cover for iPhone 5 and 5S";"Technology";"Phones";84
"OFF-ST-10000142";"Deluxe Rollaway Locking File with Drawer";"Office Supplies";"Storage";85
"TEC-AC-10001772";"Memorex Mini Travel Drive 16 GB USB 2.0 Flash Drive";"Technology";"Accessories";86
"OFF-BI-10002215";"Wilson Jones Hanging View Binder, White, 1""""";"Office Supplies";"Binders";87
"FUR-CH-10000225";"Global Geo Office Task Chair, Gray";"Furniture";"Chairs";88
"FUR-CH-10002331";"Hon 4700 Series Mobuis Mid-Back Task Chairs with Adjustable Arms";"Furniture";"Chairs";89
"OFF-EN-10001415";"Staple envelope";"Office Supplies";"Envelopes";90
"OFF-AP-10002472";"3M Office Air Cleaner";"Office Supplies";"Appliances";91
"OFF-AR-10000246";"Newell 318";"Office Supplies";"Art";92
"OFF-AP-10001492";"Acco Six-Outlet Power Strip, 4' Cord Length";"Office Supplies";"Appliances";93
"FUR-CH-10002774";"Global Deluxe Stacking Chair, Gray";"Furniture";"Chairs";94
"OFF-BI-10001634";"Wilson Jones Active Use Binders";"Office Supplies";"Binders";95
"TEC-AC-10004571";"Logitech G700s Rechargeable Gaming Mouse";"Technology";"Accessories";96
"OFF-BI-10001098";"Acco D-Ring Binder w/DublLock";"Office Supplies";"Binders";97
"FUR-TA-10001889";"Bush Advantage Collection Racetrack Conference Table";"Furniture";"Tables";98
"OFF-BI-10000315";"Poly Designer Cover & Back";"Office Supplies";"Binders";99
"OFF-SU-10003505";"Premier Electric Letter Opener";"Office Supplies";"Supplies";100
"OFF-AP-10000358";"Fellowes Basic Home/Office Series Surge Protectors";"Office Supplies";"Appliances";101
"TEC-AC-10003027";"Imation 8GB Mini TravelDrive USB 2.0 Flash Drive";"Technology";"Accessories";102
"FUR-BO-10004834";"Riverside Palais Royal Lawyers Bookcase, Royale Cherry Finish";"Furniture";"Bookcases";103
"OFF-BI-10000474";"Avery Recycled Flexi-View Covers for Binding Systems";"Office Supplies";"Binders";104
"OFF-AP-10002578";"Fellowes Premier Superior Surge Suppressor, 10-Outlet, With Phone and Remote";"Office Supplies";"Appliances";105
"FUR-FU-10004848";"Howard Miller 13-3/4"" Diameter Brushed Chrome Round Wall Clock""";"Furniture";"Furnishings";106
"OFF-EN-10001509";"Poly String Tie Envelopes";"Office Supplies";"Envelopes";107
"OFF-PA-10003256";"Avery Personal Creations Heavyweight Cards";"Office Supplies";"Paper";108
"TEC-AC-10001767";"SanDisk Ultra 64 GB MicroSDHC Class 10 Memory Card";"Technology";"Accessories";109
"OFF-BI-10002609";"Avery Hidden Tab Dividers for Binding Systems";"Office Supplies";"Binders";110
"FUR-BO-10002824";"Bush Mission Pointe Library";"Furniture";"Bookcases";111
"OFF-AR-10004042";"BOSTON Model 1800 Electric Pencil Sharpeners, Putty/Woodgrain";"Office Supplies";"Art";112
"OFF-AR-10001683";"Lumber Crayons";"Office Supplies";"Art";113
"OFF-BI-10002194";"Cardinal Hold-It CD Pocket";"Office Supplies";"Binders";114
"OFF-PA-10000249";"Easy-staple paper";"Office Supplies";"Paper";115
"TEC-PH-10004977";"GE 30524EE4";"Technology";"Phones";116
"OFF-PA-10004071";"Eaton Premium Continuous-Feed Paper, 25% Cotton, Letter Size, White, 1000 Shts/Box";"Office Supplies";"Paper";117
"OFF-PA-10004040";"Universal Premium White Copier/Laser Paper (20Lb. and 87 Bright)";"Office Supplies";"Paper";118
"FUR-FU-10003664";"Electrix Architect's Clamp-On Swing Arm Lamp, Black";"Furniture";"Furnishings";119
"TEC-AC-10001552";"Logitech K350 2.4Ghz Wireless Keyboard";"Technology";"Accessories";120
"OFF-EN-10002986";"#10-4 1/8"" x 9 1/2"""" Premium Diagonal Seam Envelopes""";"Office Supplies";"Envelopes";121
"FUR-FU-10004006";"Deflect-o DuraMat Lighweight, Studded, Beveled Mat for Low Pile Carpeting";"Furniture";"Furnishings";122
"OFF-ST-10002743";"SAFCO Boltless Steel Shelving";"Office Supplies";"Storage";123
"TEC-AC-10003499";"Memorex Mini Travel Drive 8 GB USB 2.0 Flash Drive";"Technology";"Accessories";124
"FUR-BO-10001601";"Sauder Mission Library with Doors, Fruitwood Finish";"Furniture";"Bookcases";125
"TEC-PH-10002844";"Speck Products Candyshell Flip Case";"Technology";"Phones";126
"FUR-BO-10002545";"Atlantic Metals Mobile 3-Shelf Bookcases, Custom Colors";"Furniture";"Bookcases";127
"OFF-AR-10000390";"Newell Chalk Holder";"Office Supplies";"Art";128
"FUR-CH-10004218";"Global Fabric Manager's Chair, Dark Gray";"Furniture";"Chairs";129
"TEC-PH-10000486";"Plantronics HL10 Handset Lifter";"Technology";"Phones";130
"TEC-PH-10004093";"Panasonic Kx-TS550";"Technology";"Phones";131
"OFF-ST-10003479";"Eldon Base for stackable storage shelf, platinum";"Office Supplies";"Storage";132
"TEC-PH-10002680";"Samsung Galaxy Note 3";"Technology";"Phones";133
"TEC-AC-10000844";"Logitech Gaming G510s - Keyboard";"Technology";"Accessories";134
"FUR-FU-10001934";"Magnifier Swing Arm Lamp";"Furniture";"Furnishings";135
"OFF-AR-10000380";"Hunt PowerHouse Electric Pencil Sharpener, Blue";"Office Supplies";"Art";136
"OFF-BI-10003981";"Avery Durable Plastic 1"" Binders""";"Office Supplies";"Binders";137
"OFF-FA-10000621";"OIC Colored Binder Clips, Assorted Sizes";"Office Supplies";"Fasteners";138
"OFF-ST-10003282";"Advantus 10-Drawer Portable Organizer, Chrome Metal Frame, Smoke Drawers";"Office Supplies";"Storage";139
"TEC-AC-10000171";"Verbatim 25 GB 6x Blu-ray Single Layer Recordable Disc, 25/Pack";"Technology";"Accessories";140
"OFF-EN-10002600";"Redi-Strip #10 Envelopes, 4 1/8 x 9 1/2";"Office Supplies";"Envelopes";141
"OFF-BI-10003291";"Wilson Jones Leather-Like Binders with DublLock Round Rings";"Office Supplies";"Binders";142
"OFF-PA-10004965";"Xerox 1921";"Office Supplies";"Paper";143
"OFF-ST-10001713";"Gould Plastics 9-Pocket Panel Bin, 18-3/8w x 5-1/4d x 20-1/2h, Black";"Office Supplies";"Storage";144
"OFF-EN-10002504";"Tyvek  Top-Opening Peel & Seel Envelopes, Plain White";"Office Supplies";"Envelopes";145
"TEC-AC-10002167";"Imation 8gb Micro Traveldrive Usb 2.0 Flash Drive";"Technology";"Accessories";146
"TEC-PH-10003988";"LF Elite 3D Dazzle Designer Hard Case Cover, Lf Stylus Pen and Wiper For Apple Iphone 5c Mini Lite";"Technology";"Phones";147
"FUR-TA-10001768";"Hon Racetrack Conference Tables";"Furniture";"Tables";148
"OFF-BI-10003650";"GBC DocuBind 300 Electric Binding Machine";"Office Supplies";"Binders";149
"FUR-FU-10002157";"Artistic Insta-Plaque";"Furniture";"Furnishings";150
"OFF-BI-10004410";"C-Line Peel & Stick Add-On Filing Pockets, 8-3/4 x 5-1/8, 10/Pack";"Office Supplies";"Binders";151
"OFF-ST-10001321";"Decoflex Hanging Personal Folder File, Blue";"Office Supplies";"Storage";152
"OFF-PA-10003465";"Xerox 1912";"Office Supplies";"Paper";153
"OFF-ST-10000777";"Companion Letter/Legal File, Black";"Office Supplies";"Storage";154
"TEC-PH-10000149";"Cisco SPA525G2 IP Phone - Wireless";"Technology";"Phones";155
"OFF-EN-10002500";"Globe Weis Peel & Seel First Class Envelopes";"Office Supplies";"Envelopes";156
"OFF-LA-10002762";"Avery 485";"Office Supplies";"Labels";157
"TEC-PH-10003875";"KLD Oscar II Style Snap-on Ultra Thin Side Flip Synthetic Leather Cover Case for HTC One HTC M7";"Technology";"Phones";158
"FUR-FU-10001706";"Longer-Life Soft White Bulbs";"Furniture";"Furnishings";159
"FUR-CH-10004063";"Global Deluxe High-Back Manager's Chair";"Furniture";"Chairs";160
"FUR-CH-10003061";"Global Leather Task Chair, Black";"Furniture";"Chairs";161
"FUR-TA-10004534";"Bevis 44 x 96 Conference Tables";"Furniture";"Tables";162
"OFF-BI-10003274";"Avery Durable Slant Ring Binders, No Labels";"Office Supplies";"Binders";163
"OFF-AR-10003045";"Prang Colored Pencils";"Office Supplies";"Art";164
"OFF-FA-10000304";"Advantus Push Pins";"Office Supplies";"Fasteners";165
"OFF-ST-10000689";"Fellowes Strictly Business Drawer File, Letter/Legal Size";"Office Supplies";"Storage";166
"TEC-PH-10002447";"AT&T CL83451 4-Handset Telephone";"Technology";"Phones";167
"OFF-ST-10000604";"Home/Office Personal File Carts";"Office Supplies";"Storage";168
"OFF-PA-10001569";"Xerox 232";"Office Supplies";"Paper";169
"FUR-CH-10003968";"Novimex Turbo Task Chair";"Furniture";"Chairs";170
"OFF-ST-10002974";"Trav-L-File Heavy-Duty Shuttle II, Black";"Office Supplies";"Storage";171
"OFF-PA-10000587";"Array Parchment Paper, Assorted Colors";"Office Supplies";"Paper";172
"FUR-CH-10001146";"Global Task Chair, Black";"Furniture";"Chairs";173
"TEC-AC-10001445";"Imation USB 2.0 Swivel Flash Drive USB flash drive - 4 GB - Pink";"Technology";"Accessories";174
"OFF-BI-10001460";"Plastic Binding Combs";"Office Supplies";"Binders";175
"FUR-FU-10003773";"Eldon Cleatmat Plus Chair Mats for High Pile Carpets";"Furniture";"Furnishings";176
"OFF-AR-10001868";"Prang Dustless Chalk Sticks";"Office Supplies";"Art";177
"TEC-PH-10002293";"Anker 36W 4-Port USB Wall Charger Travel Power Adapter for iPhone 5s 5c 5";"Technology";"Phones";178
"TEC-AC-10004633";"Verbatim 25 GB 6x Blu-ray Single Layer Recordable Disc, 3/Pack";"Technology";"Accessories";179
"OFF-FA-10003472";"Bagged Rubber Bands";"Office Supplies";"Fasteners";180
"TEC-AC-10002567";"Logitech G602 Wireless Gaming Mouse";"Technology";"Accessories";181
"OFF-BI-10001078";"Acco PRESSTEX Data Binder with Storage Hooks, Dark Blue, 14 7/8"" X 11""""""";"Office Supplies";"Binders";182
"OFF-PA-10002377";"Xerox 1916";"Office Supplies";"Paper";183
"OFF-LA-10003923";"Alphabetical Labels for Top Tab Filing";"Office Supplies";"Labels";184
"OFF-FA-10002780";"Staples";"Office Supplies";"Fasteners";185
"OFF-ST-10004180";"Safco Commercial Shelving";"Office Supplies";"Storage";186
"OFF-PA-10001804";"Xerox 195";"Office Supplies";"Paper";187
"FUR-BO-10001337";"O'Sullivan Living Dimensions 2-Shelf Bookcases";"Furniture";"Bookcases";188
"OFF-PA-10003892";"Xerox 1943";"Office Supplies";"Paper";189
"OFF-PA-10001736";"Xerox 1880";"Office Supplies";"Paper";190
"OFF-EN-10004386";"Recycled Interoffice Envelopes with String and Button Closure, 10 x 13";"Office Supplies";"Envelopes";191
"FUR-FU-10000397";"Luxo Economy Swing Arm Lamp";"Furniture";"Furnishings";192
"OFF-AR-10001149";"Sanford Colorific Colored Pencils, 12/Box";"Office Supplies";"Art";193
"FUR-CH-10001146";"Global Value Mid-Back Manager's Chair, Gray";"Furniture";"Chairs";194
"OFF-ST-10003208";"Adjustable Depth Letter/Legal Cart";"Office Supplies";"Storage";195
"OFF-FA-10002988";"Ideal Clamps";"Office Supplies";"Fasteners";196
"TEC-PH-10001924";"iHome FM Clock Radio with Lightning Dock";"Technology";"Phones";197
"OFF-AR-10002671";"Hunt BOSTON Model 1606 High-Volume Electric Pencil Sharpener, Beige";"Office Supplies";"Art";198
"OFF-BI-10004781";"GBC Wire Binding Strips";"Office Supplies";"Binders";199
"TEC-PH-10002726";"netTALK DUO VoIP Telephone Service";"Technology";"Phones";200
"TEC-PH-10001363";"Apple iPhone 5S";"Technology";"Phones";201
"OFF-PA-10000482";"Snap-A-Way Black Print Carbonless Ruled Speed Letter, Triplicate";"Office Supplies";"Paper";202
"OFF-BI-10004654";"Avery Binding System Hidden Tab Executive Style Index Sets";"Office Supplies";"Binders";203
"TEC-PH-10000376";"Square Credit Card Reader";"Technology";"Phones";204
"OFF-PA-10004675";"Telephone Message Books with Fax/Mobile Section, 5 1/2"" x 3 3/16""""""";"Office Supplies";"Paper";205
"OFF-SU-10001218";"Fiskars Softgrip Scissors";"Office Supplies";"Supplies";206
"FUR-CH-10000513";"High-Back Leather Manager's Chair";"Furniture";"Chairs";207
"TEC-AC-10000303";"Logitech M510 Wireless Mouse";"Technology";"Accessories";208
"OFF-AR-10000940";"Newell 343";"Office Supplies";"Art";209
"FUR-FU-10003708";"Tenex Traditional Chairmats for Medium Pile Carpet, Standard Lip, 36"" x 48""""""";"Furniture";"Furnishings";210
"OFF-ST-10001809";"Fellowes Officeware Wire Shelving";"Office Supplies";"Storage";211
"TEC-AC-10003628";"Logitech 910-002974 M325 Wireless Mouse for Web Scrolling";"Technology";"Accessories";212
"OFF-EN-10003845";"Colored Envelopes";"Office Supplies";"Envelopes";213
"OFF-EN-10004030";"Convenience Packs of Business Envelopes";"Office Supplies";"Envelopes";214
"FUR-FU-10003274";"Regeneration Desk Collection";"Furniture";"Furnishings";215
"TEC-AC-10000991";"Sony Micro Vault Click 8 GB USB 2.0 Flash Drive";"Technology";"Accessories";216
"OFF-BI-10002557";"Presstex Flexible Ring Binders";"Office Supplies";"Binders";217
"FUR-TA-10001857";"Balt Solid Wood Rectangular Table";"Furniture";"Tables";218
"OFF-ST-10004123";"Safco Industrial Wire Shelving System";"Office Supplies";"Storage";219
"OFF-AR-10001427";"Newell 330";"Office Supplies";"Art";220
"OFF-EN-10001434";"Strathmore #10 Envelopes, Ultimate White";"Office Supplies";"Envelopes";221
"OFF-PA-10000673";"Post-it “Important Message” Note Pad, Neon Colors, 50 Sheets/Pad";"Office Supplies";"Paper";222
"OFF-ST-10000876";"Eldon Simplefile Box Office";"Office Supplies";"Storage";223
"OFF-BI-10004182";"Economy Binders";"Office Supplies";"Binders";224
"OFF-PA-10004327";"Xerox 1911";"Office Supplies";"Paper";225
"OFF-BI-10002498";"Clear Mylar Reinforcing Strips";"Office Supplies";"Binders";226
"OFF-AP-10001058";"Sanyo 2.5 Cubic Foot Mid-Size Office Refrigerators";"Office Supplies";"Appliances";227
"OFF-LA-10002043";"Avery 489";"Office Supplies";"Labels";228
"FUR-FU-10000521";"Seth Thomas 14"" Putty-Colored Wall Clock""";"Furniture";"Furnishings";229
"OFF-BI-10004967";"Round Ring Binders";"Office Supplies";"Binders";230
"TEC-PH-10000215";"Plantronics Cordless Phone Headset with In-line Volume - M214C";"Technology";"Phones";231
"TEC-PH-10001448";"Anker Astro 15000mAh USB Portable Charger";"Technology";"Phones";232
"TEC-PH-10001760";"Bose SoundLink Bluetooth Speaker";"Technology";"Phones";233
"FUR-FU-10004864";"Howard Miller 14-1/2"" Diameter Chrome Round Wall Clock""";"Furniture";"Furnishings";234
"OFF-BI-10002735";"GBC Prestige Therm-A-Bind Covers";"Office Supplies";"Binders";235
"OFF-AP-10000326";"Belkin 7 Outlet SurgeMaster Surge Protector with Phone Protection";"Office Supplies";"Appliances";236
"FUR-FU-10000073";"Deflect-O Glasstique Clear Desk Accessories";"Furniture";"Furnishings";237
"FUR-TA-10002903";"Bevis Round Bullnose 29"" High Table Top""";"Furniture";"Tables";238
"TEC-PH-10001254";"Jabra BIZ 2300 Duo QD Duo Corded Headset";"Technology";"Phones";239
"OFF-PA-10001950";"Southworth 25% Cotton Antique Laid Paper & Envelopes";"Office Supplies";"Paper";240
"OFF-PA-10000474";"Easy-staple paper";"Office Supplies";"Paper";241
"OFF-BI-10001670";"Vinyl Sectional Post Binders";"Office Supplies";"Binders";242
"OFF-PA-10002254";"Xerox 1883";"Office Supplies";"Paper";243
"OFF-BI-10001658";"GBC Standard Therm-A-Bind Covers";"Office Supplies";"Binders";244
"FUR-CH-10001215";"Global Troy Executive Leather Low-Back Tilter";"Furniture";"Chairs";245
"OFF-BI-10000831";"Storex Flexible Poly Binders with Double Pockets";"Office Supplies";"Binders";246
"TEC-PH-10002538";"Grandstream GXP1160 VoIP phone";"Technology";"Phones";247
"OFF-PA-10000357";"White Dual Perf Computer Printout Paper, 2700 Sheets, 1 Part, Heavyweight, 20 lbs., 14 7/8 x 11";"Office Supplies";"Paper";248
"OFF-BI-10002103";"Cardinal Slant-D Ring Binder, Heavy Gauge Vinyl";"Office Supplies";"Binders";249
"OFF-ST-10001590";"Tenex Personal Project File with Scoop Front Design, Black";"Office Supplies";"Storage";250
"OFF-AR-10001662";"Rogers Handheld Barrel Pencil Sharpener";"Office Supplies";"Art";251
"FUR-CH-10004853";"Global Manager's Adjustable Task Chair, Storm";"Furniture";"Chairs";252
"OFF-AP-10000179";"Honeywell Enviracaire Portable HEPA Air Cleaner for up to 10 x 16 Room";"Office Supplies";"Appliances";253
"OFF-AR-10003856";"Newell 344";"Office Supplies";"Art";254
"OFF-ST-10001272";"Mini 13-1/2 Capacity Data Binder Rack, Pearl";"Office Supplies";"Storage";255
"OFF-ST-10001228";"Personal File Boxes with Fold-Down Carry Handle";"Office Supplies";"Storage";256
"FUR-FU-10000221";"Master Caster Door Stop, Brown";"Furniture";"Furnishings";257
"OFF-AP-10001563";"Belkin Premiere Surge Master II 8-outlet surge protector";"Office Supplies";"Appliances";258
"OFF-ST-10001963";"Tennsco Regal Shelving Units";"Office Supplies";"Storage";259
"OFF-AR-10001547";"Newell 311";"Office Supplies";"Art";260
"OFF-BI-10003527";"Fellowes PB500 Electric Punch Plastic Comb Binding Machine with Manual Bind";"Office Supplies";"Binders";261
"TEC-AC-10001267";"Imation 32GB Pocket Pro USB 3.0 Flash Drive - 32 GB - Black - 1 P ...";"Technology";"Accessories";262
"TEC-PH-10002103";"Jabra SPEAK 410";"Technology";"Phones";263
"TEC-AC-10002857";"Verbatim 25 GB 6x Blu-ray Single Layer Recordable Disc, 1/Pack";"Technology";"Accessories";264
"FUR-CH-10001482";"Office Star - Mesh Screen back chair with Vinyl seat";"Furniture";"Chairs";265
"OFF-BI-10001989";"Premium Transparent Presentation Covers by GBC";"Office Supplies";"Binders";266
"OFF-AP-10003287";"Tripp Lite TLP810NET Broadband Surge for Modem/Fax";"Office Supplies";"Appliances";267
"TEC-AC-10001956";"Microsoft Arc Touch Mouse";"Technology";"Accessories";268
"FUR-FU-10001290";"Executive Impressions Supervisor Wall Clock";"Furniture";"Furnishings";269
"OFF-BI-10004728";"Wilson Jones Turn Tabs Binder Tool for Ring Binders";"Office Supplies";"Binders";270
"FUR-FU-10000732";"Eldon 200 Class Desk Accessories";"Furniture";"Furnishings";271
"TEC-AC-10002399";"SanDisk Cruzer 32 GB USB Flash Drive";"Technology";"Accessories";272
"OFF-LA-10002475";"Avery 519";"Office Supplies";"Labels";273
"OFF-ST-10000585";"Economy Rollaway Files";"Office Supplies";"Storage";274
"TEC-PH-10004536";"Avaya 5420 Digital phone";"Technology";"Phones";275
"OFF-AR-10003811";"Newell 327";"Office Supplies";"Art";276
"OFF-LA-10002787";"Avery 480";"Office Supplies";"Labels";277
"OFF-PA-10002751";"Xerox 1920";"Office Supplies";"Paper";278
"OFF-PA-10001934";"Xerox 1993";"Office Supplies";"Paper";279
"OFF-AR-10001246";"Newell 317";"Office Supplies";"Art";280
"TEC-AC-10003657";"Lenovo 17-Key USB Numeric Keypad";"Technology";"Accessories";281
"OFF-AP-10002457";"Eureka The Boss Plus 12-Amp Hard Box Upright Vacuum, Red";"Office Supplies";"Appliances";282
"OFF-PA-10004100";"Xerox 216";"Office Supplies";"Paper";283
"OFF-EN-10001990";"Staple envelope";"Office Supplies";"Envelopes";284
"TEC-CO-10003236";"Canon Image Class D660 Copier";"Technology";"Copiers";285
"OFF-FA-10003112";"Staples";"Office Supplies";"Fasteners";286
"OFF-BI-10004002";"Wilson Jones International Size A4 Ring Binders";"Office Supplies";"Binders";287
"OFF-BI-10000778";"GBC VeloBinder Electric Binding Machine";"Office Supplies";"Binders";288
"OFF-AR-10004441";"BIC Brite Liner Highlighters";"Office Supplies";"Art";289
"OFF-AP-10002350";"Belkin F9H710-06 7 Outlet SurgeMaster Surge Protector";"Office Supplies";"Appliances";290
"TEC-AC-10001142";"First Data FD10 PIN Pad";"Technology";"Accessories";291
"OFF-SU-10000646";"Premier Automatic Letter Opener";"Office Supplies";"Supplies";292
"TEC-MA-10000822";"Lexmark MX611dhe Monochrome Laser Printer";"Technology";"Machines";293
"TEC-AC-10001101";"Sony 16GB Class 10 Micro SDHC R40 Memory Card";"Technology";"Accessories";294
"OFF-FA-10002983";"Advantus SlideClip Paper Clips";"Office Supplies";"Fasteners";295
"OFF-ST-10000991";"Space Solutions HD Industrial Steel Shelving.";"Office Supplies";"Storage";296
"OFF-AP-10002439";"Tripp Lite Isotel 8 Ultra 8 Outlet Metal Surge";"Office Supplies";"Appliances";297
"OFF-BI-10002827";"Avery Durable Poly Binders";"Office Supplies";"Binders";298
"OFF-EN-10002230";"Airmail Envelopes";"Office Supplies";"Envelopes";299
"OFF-ST-10001511";"Space Solutions Commercial Steel Shelving";"Office Supplies";"Storage";300
"OFF-SU-10004231";"Acme Tagit Stainless Steel Antibacterial Scissors";"Office Supplies";"Supplies";301
"TEC-PH-10004042";"ClearOne Communications CHAT 70 OC Speaker Phone";"Technology";"Phones";302
"FUR-FU-10003096";"Master Giant Foot Doorstop, Safety Yellow";"Furniture";"Furnishings";303
"FUR-CH-10004287";"SAFCO Arco Folding Chair";"Furniture";"Chairs";304
"FUR-FU-10002759";"12-1/2 Diameter Round Wall Clock";"Furniture";"Furnishings";305
"OFF-AR-10002656";"Sanford Liquid Accent Highlighters";"Office Supplies";"Art";306
"FUR-TA-10000688";"Chromcraft Bull-Nose Wood Round Conference Table Top, Wood Base";"Furniture";"Tables";307
"OFF-AR-10001954";"Newell 331";"Office Supplies";"Art";308
"OFF-AP-10004532";"Kensington 6 Outlet Guardian Standard Surge Protector";"Office Supplies";"Appliances";309
"OFF-AP-10002518";"Kensington 7 Outlet MasterPiece Power Center";"Office Supplies";"Appliances";310
"OFF-PA-10002137";"Southworth 100% Résumé Paper, 24lb.";"Office Supplies";"Paper";311
"TEC-PH-10003931";"JBL Micro Wireless Portable Bluetooth Speaker";"Technology";"Phones";312
"OFF-AP-10000804";"Hoover Portapower Portable Vacuum";"Office Supplies";"Appliances";313
"OFF-PA-10000659";"Adams Phone Message Book, Professional, 400 Message Capacity, 5 3/6” x 11”";"Office Supplies";"Paper";314
"TEC-AC-10003614";"Verbatim 25 GB 6x Blu-ray Single Layer Recordable Disc, 10/Pack";"Technology";"Accessories";315
"OFF-PA-10001144";"Xerox 1913";"Office Supplies";"Paper";316
"FUR-FU-10003553";"Howard Miller 13-1/2"" Diameter Rosebrook Wall Clock""";"Furniture";"Furnishings";317
"FUR-CH-10003817";"Global Value Steno Chair, Gray";"Furniture";"Chairs";318
"OFF-LA-10004689";"Avery 512";"Office Supplies";"Labels";319
"OFF-BI-10004632";"Ibico Hi-Tech Manual Binding System";"Office Supplies";"Binders";320
"OFF-AP-10000891";"Kensington 7 Outlet MasterPiece HOMEOFFICE Power Control Center";"Office Supplies";"Appliances";321
"OFF-BI-10003305";"Avery Hanging File Binders";"Office Supplies";"Binders";322
"OFF-LA-10003148";"Avery 51";"Office Supplies";"Labels";323
"OFF-AP-10002684";"Acco 7-Outlet Masterpiece Power Center, Wihtout Fax/Phone Line Protection";"Office Supplies";"Appliances";324
"TEC-AC-10002001";"Logitech Wireless Gaming Headset G930";"Technology";"Accessories";325
"OFF-ST-10002583";"Fellowes Neat Ideas Storage Cubes";"Office Supplies";"Storage";326
"TEC-MA-10004125";"Cubify CubeX 3D Printer Triple Head Print";"Technology";"Machines";327
"FUR-BO-10004709";"Bush Westfield Collection Bookcases, Medium Cherry Finish";"Furniture";"Bookcases";328
"FUR-CH-10004698";"Padded Folding Chairs, Black, 4/Carton";"Furniture";"Chairs";329
"OFF-LA-10001934";"Avery 516";"Office Supplies";"Labels";330
"OFF-SU-10002189";"Acme Rosewood Handle Letter Opener";"Office Supplies";"Supplies";331
"FUR-BO-10004015";"Bush Andora Bookcase, Maple/Graphite Gray Finish";"Furniture";"Bookcases";332
"OFF-ST-10004507";"Advantus Rolling Storage Box";"Office Supplies";"Storage";333
"OFF-AR-10001940";"Sanford Colorific Eraseable Coloring Pencils, 12 Count";"Office Supplies";"Art";334
"FUR-FU-10004071";"Luxo Professional Magnifying Clamp-On Fluorescent Lamps";"Furniture";"Furnishings";335
"OFF-ST-10003455";"Tenex File Box, Personal Filing Tote with Lid, Black";"Office Supplies";"Storage";336
"OFF-PA-10001667";"Great White Multi-Use Recycled Paper (20Lb. and 84 Bright)";"Office Supplies";"Paper";337
"OFF-ST-10004459";"Tennsco Single-Tier Lockers";"Office Supplies";"Storage";338
"OFF-ST-10002444";"Recycled Eldon Regeneration Jumbo File";"Office Supplies";"Storage";339
"OFF-ST-10000736";"Carina Double Wide Media Storage Towers in Natural & Black";"Office Supplies";"Storage";340
"TEC-AC-10004659";"Imation Secure+ Hardware Encrypted USB 2.0 Flash Drive; 16GB";"Technology";"Accessories";341
"TEC-AC-10002253";"Imation Bio 8GB USB Flash Drive Imation Corp";"Technology";"Accessories";342
"OFF-BI-10000285";"XtraLife ClearVue Slant-D Ring Binders by Cardinal";"Office Supplies";"Binders";343
"OFF-PA-10000743";"Xerox 1977";"Office Supplies";"Paper";344
"OFF-LA-10002312";"Avery 490";"Office Supplies";"Labels";345
"OFF-LA-10003510";"Avery 4027 File Folder Labels for Dot Matrix Printers, 5000 Labels per Box, White";"Office Supplies";"Labels";346
"TEC-PH-10003555";"Motorola HK250 Universal Bluetooth Headset";"Technology";"Phones";347
"OFF-AR-10001118";"Binney & Smith Crayola Metallic Crayons, 16-Color Pack";"Office Supplies";"Art";348
"OFF-BI-10001575";"GBC Linen Binding Covers";"Office Supplies";"Binders";349
"TEC-AC-10003832";"Imation 16GB Mini TravelDrive USB 2.0 Flash Drive";"Technology";"Accessories";350
"FUR-FU-10003394";"Tenex ""The Solids"""" Textured Chair Mats""";"Furniture";"Furnishings";351
"FUR-TA-10002774";"Laminate Occasional Tables";"Furniture";"Tables";352
"OFF-PA-10001800";"Xerox 220";"Office Supplies";"Paper";353
"OFF-AP-10001469";"Fellowes 8 Outlet Superior Workstation Surge Protector";"Office Supplies";"Appliances";354
"OFF-FA-10002815";"Staples";"Office Supplies";"Fasteners";355
"FUR-BO-10003272";"O'Sullivan Living Dimensions 5-Shelf Bookcases";"Furniture";"Bookcases";356
"FUR-CH-10003379";"Global Commerce Series High-Back Swivel/Tilt Chairs";"Furniture";"Chairs";357
"FUR-FU-10004091";"Howard Miller 13"" Diameter Goldtone Round Wall Clock""";"Furniture";"Furnishings";358
"OFF-ST-10004963";"Eldon Gobal File Keepers";"Office Supplies";"Storage";359
"OFF-EN-10001219";"#10- 4 1/8"" x 9 1/2"""" Security-Tint Envelopes""";"Office Supplies";"Envelopes";360
"FUR-CH-10001891";"Global Deluxe Office Fabric Chairs";"Furniture";"Chairs";361
"OFF-SU-10002881";"Martin Yale Chadless Opener Electric Letter Opener";"Office Supplies";"Supplies";362
"OFF-AP-10001154";"Bionaire Personal Warm Mist Humidifier/Vaporizer";"Office Supplies";"Appliances";363
"TEC-PH-10003273";"AT&T TR1909W";"Technology";"Phones";364
"FUR-FU-10002918";"Eldon ClusterMat Chair Mat with Cordless Antistatic Protection";"Furniture";"Furnishings";365
"TEC-AC-10001606";"Logitech Wireless Performance Mouse MX for PC and Mac";"Technology";"Accessories";366
"TEC-PH-10004896";"Nokia Lumia 521 (T-Mobile)";"Technology";"Phones";367
"OFF-EN-10001335";"White Business Envelopes with Contemporary Seam, Recycled White Business Envelopes";"Office Supplies";"Envelopes";368
"OFF-BI-10004593";"Ibico Laser Imprintable Binding System Covers";"Office Supplies";"Binders";369
"TEC-AC-10002345";"HP Standard 104 key PS/2 Keyboard";"Technology";"Accessories";370
"OFF-BI-10001890";"Avery Poly Binder Pockets";"Office Supplies";"Binders";371
"FUR-CH-10000595";"Safco Contoured Stacking Chairs";"Furniture";"Chairs";372
"TEC-AC-10002323";"SanDisk Ultra 32 GB MicroSDHC Class 10 Memory Card";"Technology";"Accessories";373
"OFF-BI-10003355";"Cardinal Holdit Business Card Pockets";"Office Supplies";"Binders";374
"FUR-FU-10002253";"Howard Miller 13"" Diameter Pewter Finish Round Wall Clock""";"Furniture";"Furnishings";375
"OFF-FA-10004854";"Vinyl Coated Wire Paper Clips in Organizer Box, 800/Box";"Office Supplies";"Fasteners";376
"OFF-PA-10004092";"Tops Green Bar Computer Printout Paper";"Office Supplies";"Paper";377
"FUR-TA-10000198";"Chromcraft Bull-Nose Wood Oval Conference Tables & Bases";"Furniture";"Tables";378
"OFF-ST-10001328";"Personal Filing Tote with Lid, Black/Gray";"Office Supplies";"Storage";379
"FUR-FU-10000448";"Tenex Chairmats For Use With Carpeted Floors";"Furniture";"Furnishings";380
"OFF-ST-10000036";"Recycled Data-Pak for Archival Bound Computer Printouts, 12-1/2 x 12-1/2 x 16";"Office Supplies";"Storage";381
"FUR-BO-10002613";"Atlantic Metals Mobile 4-Shelf Bookcases, Custom Colors";"Furniture";"Bookcases";382
"FUR-FU-10000222";"Seth Thomas 16"" Steel Case Clock""";"Furniture";"Furnishings";383
"TEC-PH-10001552";"I Need's 3d Hello Kitty Hybrid Silicone Case Cover for HTC One X 4g with 3d Hello Kitty Stylus Pen Green/pink";"Technology";"Phones";384
"OFF-PA-10002105";"Xerox 223";"Office Supplies";"Paper";385
"OFF-SU-10004664";"Acme Softgrip Scissors";"Office Supplies";"Supplies";386
"OFF-PA-10000061";"Xerox 205";"Office Supplies";"Paper";387
"OFF-EN-10001141";"Manila Recycled Extra-Heavyweight Clasp Envelopes, 6"" x 9""""""";"Office Supplies";"Envelopes";388
"OFF-AR-10003514";"4009 Highlighters by Sanford";"Office Supplies";"Art";389
"OFF-PA-10004243";"Xerox 1939";"Office Supplies";"Paper";390
"TEC-PH-10002170";"ClearSounds CSC500 Amplified Spirit Phone Corded phone";"Technology";"Phones";391
"FUR-FU-10001861";"Floodlight Indoor Halogen Bulbs, 1 Bulb per Pack, 60 Watts";"Furniture";"Furnishings";392
"OFF-AR-10004685";"Binney & Smith Crayola Metallic Colored Pencils, 8-Color Set";"Office Supplies";"Art";393
"OFF-PA-10001954";"Xerox 1964";"Office Supplies";"Paper";394
"OFF-AR-10004027";"Binney & Smith inkTank Erasable Desk Highlighter, Chisel Tip, Yellow, 12/Box";"Office Supplies";"Art";395
"OFF-ST-10001414";"Decoflex Hanging Personal Folder File";"Office Supplies";"Storage";396
"OFF-PA-10002749";"Wirebound Message Books, 5-1/2 x 4 Forms, 2 or 4 Forms per Page";"Office Supplies";"Paper";397
"OFF-PA-10002666";"Southworth 25% Cotton Linen-Finish Paper & Envelopes";"Office Supplies";"Paper";398
"OFF-BI-10002706";"Avery Premier Heavy-Duty Binder with Round Locking Rings";"Office Supplies";"Binders";399
"FUR-TA-10002228";"Bevis Traditional Conference Table Top, Plinth Base";"Furniture";"Tables";400
"FUR-TA-10004289";"BoxOffice By Design Rectangular and Half-Moon Meeting Room Tables";"Furniture";"Tables";401
"OFF-ST-10004634";"Personal Folder Holder, Ebony";"Office Supplies";"Storage";402
"OFF-AP-10003622";"Bravo II Megaboss 12-Amp Hard Body Upright, Replacement Belts, 2 Belts per Pack";"Office Supplies";"Appliances";403
"TEC-AC-10003610";"Logitech Illuminated - Keyboard";"Technology";"Accessories";404
"OFF-AP-10003217";"Eureka Sanitaire  Commercial Upright";"Office Supplies";"Appliances";405
"FUR-BO-10001619";"O'Sullivan Cherrywood Estates Traditional Bookcase";"Furniture";"Bookcases";406
"FUR-FU-10002960";"Eldon 200 Class Desk Accessories, Burgundy";"Furniture";"Furnishings";407
"TEC-PH-10000984";"Panasonic KX-TG9471B";"Technology";"Phones";408
"TEC-PH-10001918";"Nortel Business Series Terminal T7208 Digital phone";"Technology";"Phones";409
"OFF-ST-10000642";"Tennsco Lockers, Gray";"Office Supplies";"Storage";410
"TEC-PH-10001700";"Panasonic KX-TG6844B Expandable Digital Cordless Telephone";"Technology";"Phones";411
"OFF-BI-10000138";"Acco Translucent Poly Ring Binders";"Office Supplies";"Binders";412
"OFF-ST-10001325";"Sterilite Officeware Hinged File Box";"Office Supplies";"Storage";413
"TEC-AC-10001383";"Logitech Wireless Touch Keyboard K400";"Technology";"Accessories";414
"OFF-BI-10002429";"Premier Elliptical Ring Binder, Black";"Office Supplies";"Binders";415
"OFF-LA-10003223";"Avery 508";"Office Supplies";"Labels";416
"OFF-BI-10004528";"Cardinal Poly Pocket Divider Pockets for Ring Binders";"Office Supplies";"Binders";417
"OFF-BI-10004094";"GBC Standard Plastic Binding Systems Combs";"Office Supplies";"Binders";418
"OFF-AP-10001271";"Eureka The Boss Cordless Rechargeable Stick Vac";"Office Supplies";"Appliances";419
"OFF-PA-10004971";"Xerox 196";"Office Supplies";"Paper";420
"TEC-PH-10000004";"Belkin iPhone and iPad Lightning Cable";"Technology";"Phones";421
"OFF-BI-10003638";"GBC Durable Plastic Covers";"Office Supplies";"Binders";422
"FUR-CH-10002647";"Situations Contoured Folding Chairs, 4/Set";"Furniture";"Chairs";423
"TEC-AC-10001432";"Enermax Aurora Lite Keyboard";"Technology";"Accessories";424
"FUR-TA-10002533";"BPI Conference Tables";"Furniture";"Tables";425
"TEC-PH-10002262";"LG Electronics Tone+ HBS-730 Bluetooth Headset";"Technology";"Phones";426
"FUR-FU-10002671";"Electrix 20W Halogen Replacement Bulb for Zoom-In Desk Lamp";"Furniture";"Furnishings";427
"TEC-AC-10001465";"SanDisk Cruzer 64 GB USB Flash Drive";"Technology";"Accessories";428
"OFF-AR-10003651";"Newell 350";"Office Supplies";"Art";429
"TEC-PH-10002597";"Xblue XB-1670-86 X16 Small Office Telephone - Titanium";"Technology";"Phones";430
"OFF-BI-10001072";"GBC Clear Cover, 8-1/2 x 11, unpunched, 25 covers per pack";"Office Supplies";"Binders";431
"FUR-FU-10000723";"Deflect-o EconoMat Studded, No Bevel Mat for Low Pile Carpeting";"Furniture";"Furnishings";432
"OFF-AR-10002135";"Boston Heavy-Duty Trimline Electric Pencil Sharpeners";"Office Supplies";"Art";433
"OFF-AR-10002804";"Faber Castell Col-Erase Pencils";"Office Supplies";"Art";434
"FUR-FU-10001918";"C-Line Cubicle Keepers Polyproplyene Holder With Velcro Backings";"Furniture";"Furnishings";435
"OFF-BI-10000404";"Avery Printable Repositionable Plastic Tabs";"Office Supplies";"Binders";436
"OFF-PA-10002986";"Xerox 1898";"Office Supplies";"Paper";437
"OFF-SU-10001935";"Staple remover";"Office Supplies";"Supplies";438
"FUR-CH-10004086";"Hon 4070 Series Pagoda Armless Upholstered Stacking Chairs";"Furniture";"Chairs";439
"FUR-CH-10002024";"HON 5400 Series Task Chairs for Big and Tall";"Furniture";"Chairs";440
"FUR-FU-10001756";"Eldon Expressions Desk Accessory, Wood Photo Frame, Mahogany";"Furniture";"Furnishings";441
"FUR-FU-10003039";"Howard Miller 11-1/2"" Diameter Grantwood Wall Clock""";"Furniture";"Furnishings";442
"OFF-FA-10004248";"Advantus T-Pin Paper Clips";"Office Supplies";"Fasteners";443
"OFF-FA-10000134";"Advantus Push Pins, Aluminum Head";"Office Supplies";"Fasteners";444
"OFF-LA-10000634";"Avery 509";"Office Supplies";"Labels";445
"OFF-ST-10001522";"Gould Plastics 18-Pocket Panel Bin, 34w x 5-1/4d x 20-1/2h";"Office Supplies";"Storage";446
"TEC-AC-10001266";"Memorex Micro Travel Drive 8 GB";"Technology";"Accessories";447
"OFF-ST-10001780";"Tennsco 16-Compartment Lockers with Coat Rack";"Office Supplies";"Storage";448
"OFF-LA-10004544";"Avery 505";"Office Supplies";"Labels";449
"OFF-AR-10003560";"Zebra Zazzle Fluorescent Highlighters";"Office Supplies";"Art";450
"OFF-LA-10001297";"Avery 473";"Office Supplies";"Labels";451
"FUR-FU-10001588";"Deflect-o SuperTray Unbreakable Stackable Tray, Letter, Black";"Furniture";"Furnishings";452
"FUR-TA-10004256";"Bretford “Just In Time” Height-Adjustable Multi-Task Work Tables";"Furniture";"Tables";453
"FUR-BO-10004695";"O'Sullivan 2-Door Barrister Bookcase in Odessa Pine";"Furniture";"Bookcases";454
"TEC-PH-10002398";"AT&T 1070 Corded Phone";"Technology";"Phones";455
"TEC-MA-10000864";"Cisco 9971 IP Video Phone Charcoal";"Technology";"Machines";456
"OFF-PA-10001937";"Xerox 21";"Office Supplies";"Paper";457
"TEC-AC-10000109";"Sony Micro Vault Click 16 GB USB 2.0 Flash Drive";"Technology";"Accessories";458
"TEC-PH-10002563";"Adtran 1202752G1";"Technology";"Phones";459
"OFF-PA-10003441";"Xerox 226";"Office Supplies";"Paper";460
"OFF-AR-10003373";"Boston School Pro Electric Pencil Sharpener, 1670";"Office Supplies";"Art";461
"FUR-FU-10003577";"Nu-Dell Leatherette Frames";"Furniture";"Furnishings";462
"OFF-FA-10000585";"OIC Bulk Pack Metal Binder Clips";"Office Supplies";"Fasteners";463
"OFF-BI-10000069";"GBC Prepunched Paper, 19-Hole, for Binding Systems, 24-lb";"Office Supplies";"Binders";464
"OFF-BI-10000546";"Avery Durable Binders";"Office Supplies";"Binders";465
"OFF-PA-10004000";"While You Were Out Pads, 50 per Pad, 4 x 5 1/4, Green Cycle";"Office Supplies";"Paper";466
"OFF-AP-10003914";"Sanitaire Vibra Groomer IR Commercial Upright Vacuum, Replacement Belts";"Office Supplies";"Appliances";467
"TEC-CO-10002095";"Hewlett Packard 610 Color Digital Copier / Printer";"Technology";"Copiers";468
"FUR-FU-10000087";"Executive Impressions 14"" Two-Color Numerals Wall Clock""";"Furniture";"Furnishings";469
"FUR-TA-10001095";"Chromcraft Round Conference Tables";"Furniture";"Tables";470
"FUR-FU-10004020";"Advantus Panel Wall Acrylic Frame";"Furniture";"Furnishings";471
"OFF-LA-10004484";"Avery 476";"Office Supplies";"Labels";472
"TEC-MA-10001148";"Swingline SM12-08 MicroCut Jam Free Shredder";"Technology";"Machines";473
"OFF-FA-10003467";"Alliance Big Bands Rubber Bands, 12/Pack";"Office Supplies";"Fasteners";474
"OFF-EN-10001532";"Brown Kraft Recycled Envelopes";"Office Supplies";"Envelopes";475
"OFF-AR-10001958";"Stanley Bostitch Contemporary Electric Pencil Sharpeners";"Office Supplies";"Art";476
"TEC-AC-10003174";"Plantronics S12 Corded Telephone Headset System";"Technology";"Accessories";477
"TEC-PH-10002496";"Cisco SPA301";"Technology";"Phones";478
"OFF-AR-10001026";"Sanford Uni-Blazer View Highlighters, Chisel Tip, Yellow";"Office Supplies";"Art";479
"OFF-BI-10004187";"3-ring staple pack";"Office Supplies";"Binders";480
"OFF-PA-10004530";"Personal Creations Ink Jet Cards and Labels";"Office Supplies";"Paper";481
"OFF-ST-10000025";"Fellowes Stor/Drawer Steel Plus Storage Drawers";"Office Supplies";"Storage";482
"FUR-FU-10004306";"Electrix Halogen Magnifier Lamp";"Furniture";"Furnishings";483
"FUR-TA-10003748";"Bevis 36 x 72 Conference Tables";"Furniture";"Tables";484
"OFF-ST-10002485";"Rogers Deluxe File Chest";"Office Supplies";"Storage";485
"OFF-BI-10001107";"GBC White Gloss Covers, Plain Front";"Office Supplies";"Binders";486
"FUR-CH-10003746";"Hon 4070 Series Pagoda Round Back Stacking Chairs";"Furniture";"Chairs";487
"FUR-CH-10004860";"Global Low Back Tilter Chair";"Furniture";"Chairs";488
"OFF-BI-10001036";"Cardinal EasyOpen D-Ring Binders";"Office Supplies";"Binders";489
"FUR-CH-10004477";"Global Push Button Manager's Chair, Indigo";"Furniture";"Chairs";490
"OFF-BI-10001679";"GBC Instant Index System for Binding Systems";"Office Supplies";"Binders";491
"FUR-TA-10001705";"Bush Advantage Collection Round Conference Table";"Furniture";"Tables";492
"FUR-TA-10003473";"Bretford Rectangular Conference Table Tops";"Furniture";"Tables";493
"FUR-FU-10004017";"Tenex Contemporary Contur Chairmats for Low and Medium Pile Carpet, Computer, 39"" x 49""""""";"Furniture";"Furnishings";494
"TEC-AC-10003832";"Logitech P710e Mobile Speakerphone";"Technology";"Accessories";495
"OFF-BI-10000301";"GBC Instant Report Kit";"Office Supplies";"Binders";496
"OFF-PA-10002479";"Xerox 4200 Series MultiUse Premium Copy Paper (20Lb. and 84 Bright)";"Office Supplies";"Paper";497
"OFF-AR-10004648";"Boston 19500 Mighty Mite Electric Pencil Sharpener";"Office Supplies";"Art";498
"FUR-CH-10002602";"DMI Arturo Collection Mission-style Design Wood Chair";"Furniture";"Chairs";499
"FUR-FU-10002597";"C-Line Magnetic Cubicle Keepers, Clear Polypropylene";"Furniture";"Furnishings";500
"TEC-MA-10002927";"Canon imageCLASS MF7460 Monochrome Digital Laser Multifunction Copier";"Technology";"Machines";501
"OFF-AR-10003405";"Dixon My First Ticonderoga Pencil, #2";"Office Supplies";"Art";502
"OFF-PA-10003349";"Xerox 1957";"Office Supplies";"Paper";503
"FUR-CH-10002335";"Hon GuestStacker Chair";"Furniture";"Chairs";504
"TEC-AC-10000892";"NETGEAR N750 Dual Band Wi-Fi Gigabit Router";"Technology";"Accessories";505
"FUR-FU-10000576";"Luxo Professional Fluorescent Magnifier Lamp with Clamp-Mount Base";"Furniture";"Furnishings";506
"OFF-PA-10003657";"Xerox 1927";"Office Supplies";"Paper";507
"FUR-BO-10004409";"Safco Value Mate Series Steel Bookcases, Baked Enamel Finish on Steel, Gray";"Furniture";"Bookcases";508
"OFF-FA-10000624";"OIC Binder Clips";"Office Supplies";"Fasteners";509
"TEC-AC-10000057";"Microsoft Natural Ergonomic Keyboard 4000";"Technology";"Accessories";510
"TEC-AC-10001908";"Logitech Wireless Headset h800";"Technology";"Accessories";511
"OFF-EN-10000056";"Cameo Buff Policy Envelopes";"Office Supplies";"Envelopes";512
"OFF-BI-10000014";"Heavy-Duty E-Z-D Binders";"Office Supplies";"Binders";513
"FUR-CH-10004675";"Lifetime Advantage Folding Chairs, 4/Carton";"Furniture";"Chairs";514
"OFF-BI-10001132";"Acco PRESSTEX Data Binder with Storage Hooks, Dark Blue, 9 1/2"" X 11""""""";"Office Supplies";"Binders";515
"FUR-FU-10001967";"Telescoping Adjustable Floor Lamp";"Furniture";"Furnishings";516
"TEC-PH-10003645";"Aastra 57i VoIP phone";"Technology";"Phones";517
"OFF-PA-10004451";"Xerox 222";"Office Supplies";"Paper";518
"OFF-PA-10001019";"Xerox 1884";"Office Supplies";"Paper";519
"FUR-CH-10003199";"Office Star - Contemporary Task Swivel Chair";"Furniture";"Chairs";520
"OFF-ST-10000675";"File Shuttle II and Handi-File, Black";"Office Supplies";"Storage";521
"OFF-SU-10002537";"Acme Box Cutter Scissors";"Office Supplies";"Supplies";522
"FUR-CH-10004997";"Hon Every-Day Series Multi-Task Chairs";"Furniture";"Chairs";523
"FUR-CH-10003312";"Hon 2090 “Pillow Soft” Series Mid Back Swivel/Tilt Chairs";"Furniture";"Chairs";524
"OFF-ST-10003221";"Staple magnet";"Office Supplies";"Storage";525
"TEC-PH-10001530";"Cisco Unified IP Phone 7945G VoIP phone";"Technology";"Phones";526
"OFF-LA-10001074";"Round Specialty Laser Printer Labels";"Office Supplies";"Labels";527
"OFF-AR-10003752";"Deluxe Chalkboard Eraser Cleaner";"Office Supplies";"Art";528
"OFF-LA-10001569";"Avery 499";"Office Supplies";"Labels";529
"OFF-BI-10001524";"GBC Premium Transparent Covers with Diagonal Lined Pattern";"Office Supplies";"Binders";530
"TEC-AC-10001714";"Logitech MX Performance Wireless Mouse";"Technology";"Accessories";531
"OFF-PA-10000176";"Xerox 1887";"Office Supplies";"Paper";532
"OFF-AR-10003958";"Newell 337";"Office Supplies";"Art";533
"OFF-LA-10002271";"Smead Alpha-Z Color-Coded Second Alphabetical Labels and Starter Set";"Office Supplies";"Labels";534
"TEC-PH-10002923";"Logitech B530 USB Headset - headset - Full size, Binaural";"Technology";"Phones";535
"FUR-FU-10004090";"Executive Impressions 14"" Contract Wall Clock""";"Furniture";"Furnishings";536
"OFF-LA-10004272";"Avery 482";"Office Supplies";"Labels";537
"FUR-FU-10000965";"Howard Miller 11-1/2"" Diameter Ridgewood Wall Clock""";"Furniture";"Furnishings";538
"OFF-AP-10000576";"Belkin 7 Outlet SurgeMaster II";"Office Supplies";"Appliances";539
"OFF-PA-10003953";"Xerox 218";"Office Supplies";"Paper";540
"FUR-FU-10000794";"Eldon Stackable Tray, Side-Load, Legal, Smoke";"Furniture";"Furnishings";541
"OFF-LA-10004853";"Avery 483";"Office Supplies";"Labels";542
"TEC-PH-10004614";"AT&T 841000 Phone";"Technology";"Phones";543
"OFF-AR-10001897";"Model L Table or Wall-Mount Pencil Sharpener";"Office Supplies";"Art";544
"OFF-BI-10003719";"Large Capacity Hanging Post Binders";"Office Supplies";"Binders";545
"TEC-PH-10001795";"ClearOne CHATAttach 160 - speaker phone";"Technology";"Phones";546
"OFF-BI-10001153";"Ibico Recycled Grain-Textured Covers";"Office Supplies";"Binders";547
"OFF-BI-10000545";"GBC Ibimaster 500 Manual ProClick Binding System";"Office Supplies";"Binders";548
"TEC-AC-10004901";"Kensington SlimBlade Notebook Wireless Mouse with Nano Receiver ";"Technology";"Accessories";549
"OFF-PA-10003591";"Southworth 100% Cotton The Best Paper";"Office Supplies";"Paper";550
"OFF-BI-10001982";"Wilson Jones Custom Binder Spines & Labels";"Office Supplies";"Binders";551
"OFF-PA-10001790";"Xerox 1910";"Office Supplies";"Paper";552
"OFF-BI-10001922";"Storex Dura Pro Binders";"Office Supplies";"Binders";553
"TEC-AC-10002049";"Logitech G19 Programmable Gaming Keyboard";"Technology";"Accessories";554
"OFF-AR-10003190";"Newell 32";"Office Supplies";"Art";555
"OFF-BI-10003984";"Lock-Up Easel 'Spel-Binder'";"Office Supplies";"Binders";556
"TEC-CO-10001449";"Hewlett Packard LaserJet 3310 Copier";"Technology";"Copiers";557
"OFF-AP-10000240";"Belkin F9G930V10-GRY 9 Outlet Surge";"Office Supplies";"Appliances";558
"FUR-FU-10001424";"Dax Clear Box Frame";"Furniture";"Furnishings";559
"OFF-BI-10002071";"Fellowes Black Plastic Comb Bindings";"Office Supplies";"Binders";560
"OFF-ST-10002486";"Eldon Shelf Savers Cubes and Bins";"Office Supplies";"Storage";561
"TEC-PH-10000347";"Cush Cases Heavy Duty Rugged Cover Case for Samsung Galaxy S5 - Purple";"Technology";"Phones";562
"TEC-AC-10000927";"Anker Ultrathin Bluetooth Wireless Keyboard Aluminum Cover with Stand ";"Technology";"Accessories";563
"OFF-BI-10004140";"Avery Non-Stick Binders";"Office Supplies";"Binders";564
"OFF-AR-10003158";"Fluorescent Highlighters by Dixon";"Office Supplies";"Art";565
"TEC-PH-10002660";"Nortel Networks T7316 E Nt8 B27";"Technology";"Phones";566
"OFF-BI-10003314";"Tuff Stuff Recycled Round Ring Binders";"Office Supplies";"Binders";567
"OFF-BI-10003364";"Binding Machine Supplies";"Office Supplies";"Binders";568
"OFF-AR-10003394";"Newell 332";"Office Supplies";"Art";569
"OFF-EN-10001099";"Staple envelope";"Office Supplies";"Envelopes";570
"OFF-PA-10002250";"Things To Do Today Pad";"Office Supplies";"Paper";571
"OFF-PA-10001450";"Rediform S.O.S. Phone Message Books";"Office Supplies";"Paper";572
"FUR-TA-10004575";"Hon 5100 Series Wood Tables";"Furniture";"Tables";573
"OFF-BI-10004716";"Wilson Jones Hanging Recycled Pressboard Data Binders";"Office Supplies";"Binders";574
"OFF-LA-10001045";"Permanent Self-Adhesive File Folder Labels for Typewriters by Universal";"Office Supplies";"Labels";575
"OFF-SU-10001574";"Acme Value Line Scissors";"Office Supplies";"Supplies";576
"OFF-AR-10000122";"Newell 314";"Office Supplies";"Art";577
"OFF-BI-10001510";"Deluxe Heavy-Duty Vinyl Round Ring Binder";"Office Supplies";"Binders";578
"OFF-PA-10002947";"Xerox 1923";"Office Supplies";"Paper";579
"OFF-SU-10004498";"Martin-Yale Premier Letter Opener";"Office Supplies";"Supplies";580
"OFF-PA-10000019";"Xerox 1931";"Office Supplies";"Paper";581
"TEC-PH-10000586";"AT&T SB67148 SynJ";"Technology";"Phones";582
"FUR-BO-10003441";"Bush Westfield Collection Bookcases, Fully Assembled";"Furniture";"Bookcases";583
"TEC-AC-10001838";"Razer Tiamat Over Ear 7.1 Surround Sound PC Gaming Headset";"Technology";"Accessories";584
"TEC-PH-10004774";"Gear Head AU3700S Headset";"Technology";"Phones";585
"OFF-BI-10002764";"Recycled Pressboard Report Cover with Reinforced Top Hinge";"Office Supplies";"Binders";586
"OFF-PA-10003651";"Xerox 1968";"Office Supplies";"Paper";587
"OFF-BI-10003684";"Wilson Jones Legal Size Ring Binders";"Office Supplies";"Binders";588
"OFF-BI-10003094";"Self-Adhesive Ring Binder Labels";"Office Supplies";"Binders";589
"OFF-LA-10003930";"Dot Matrix Printer Tape Reel Labels, White, 5000/Box";"Office Supplies";"Labels";590
"TEC-PH-10001494";"Polycom CX600 IP Phone VoIP phone";"Technology";"Phones";591
"TEC-AC-10004666";"Maxell iVDR EX 500GB Cartridge";"Technology";"Accessories";592
"TEC-PH-10003800";"i.Sound Portable Power - 8000 mAh";"Technology";"Phones";593
"OFF-ST-10003816";"Fellowes High-Stak Drawer Files";"Office Supplies";"Storage";594
"FUR-CH-10001394";"Global Leather Executive Chair";"Furniture";"Chairs";595
"OFF-PA-10002005";"Xerox 225";"Office Supplies";"Paper";596
"FUR-TA-10001520";"Lesro Sheffield Collection Coffee Table, End Table, Center Table, Corner Table";"Furniture";"Tables";597
"OFF-BI-10004230";"GBC Recycled Grain Textured Covers";"Office Supplies";"Binders";598
"OFF-PA-10004101";"Xerox 1894";"Office Supplies";"Paper";599
"OFF-ST-10001558";"Acco Perma 4000 Stacking Storage Drawers";"Office Supplies";"Storage";600
"OFF-PA-10003395";"Xerox 1941";"Office Supplies";"Paper";601
"TEC-AC-10002473";"Maxell 4.7GB DVD-R";"Technology";"Accessories";602
"TEC-AC-10002402";"Razer Kraken PRO Over Ear PC and Music Headset";"Technology";"Accessories";603
"TEC-PH-10004531";"OtterBox Commuter Series Case - iPhone 5 & 5s";"Technology";"Phones";604
"TEC-AC-10003441";"Kingston Digital DataTraveler 32GB USB 2.0";"Technology";"Accessories";605
"OFF-AP-10004487";"Kensington 4 Outlet MasterPiece Compact Power Control Center";"Office Supplies";"Appliances";606
"OFF-AR-10001374";"BIC Brite Liner Highlighters, Chisel Tip";"Office Supplies";"Art";607
"OFF-FA-10002280";"Advantus Plastic Paper Clips";"Office Supplies";"Fasteners";608
"OFF-SU-10000381";"Acme Forged Steel Scissors with Black Enamel Handles";"Office Supplies";"Supplies";609
"OFF-PA-10001970";"Xerox 1881";"Office Supplies";"Paper";610
"OFF-AR-10004078";"Newell 312";"Office Supplies";"Art";611
"OFF-BI-10002160";"Acco Hanging Data Binders";"Office Supplies";"Binders";612
"OFF-AP-10004708";"Fellowes Superior 10 Outlet Split Surge Protector";"Office Supplies";"Appliances";613
"OFF-EN-10004459";"Security-Tint Envelopes";"Office Supplies";"Envelopes";614
"OFF-PA-10003543";"Xerox 1985";"Office Supplies";"Paper";615
"FUR-CH-10000665";"Global Airflow Leather Mesh Back Chair, Black";"Furniture";"Chairs";616
"TEC-AC-10004353";"Hypercom P1300 Pinpad";"Technology";"Accessories";617
"OFF-AP-10003884";"Fellowes Smart Surge Ten-Outlet Protector, Platinum";"Office Supplies";"Appliances";618
"FUR-FU-10001979";"Dana Halogen Swing-Arm Architect Lamp";"Furniture";"Furnishings";619
"OFF-SU-10004115";"Acme Stainless Steel Office Snips";"Office Supplies";"Supplies";620
"TEC-PH-10001557";"Pyle PMP37LED";"Technology";"Phones";621
"TEC-PH-10001425";"Mophie Juice Pack Helium for iPhone";"Technology";"Phones";622
"TEC-PH-10002085";"Clarity 53712";"Technology";"Phones";623
"TEC-PH-10003963";"GE 2-Jack Phone Line Splitter";"Technology";"Phones";624
"OFF-AR-10002956";"Boston 16801 Nautilus Battery Pencil Sharpener";"Office Supplies";"Art";625
"OFF-AP-10003266";"Holmes Replacement Filter for HEPA Air Cleaner, Large Room";"Office Supplies";"Appliances";626
"OFF-ST-10001490";"Hot File 7-Pocket, Floor Stand";"Office Supplies";"Storage";627
"TEC-MA-10004002";"Zebra GX420t Direct Thermal/Thermal Transfer Printer";"Technology";"Machines";628
"OFF-BI-10001071";"GBC ProClick Punch Binding System";"Office Supplies";"Binders";629
"OFF-PA-10002120";"Xerox 1889";"Office Supplies";"Paper";630
"OFF-PA-10001560";"Adams Telephone Message Books, 5 1/4” x 11”";"Office Supplies";"Paper";631
"OFF-BI-10000848";"Angle-D Ring Binders";"Office Supplies";"Binders";632
"OFF-AR-10002578";"Newell 335";"Office Supplies";"Art";633
"FUR-BO-10001519";"O'Sullivan 3-Shelf Heavy-Duty Bookcases";"Furniture";"Bookcases";634
"TEC-PH-10003092";"Motorola L804";"Technology";"Phones";635
"OFF-BI-10004995";"GBC DocuBind P400 Electric Binding System";"Office Supplies";"Binders";636
"OFF-LA-10004345";"Avery 493";"Office Supplies";"Labels";637
"OFF-PA-10001204";"Xerox 1972";"Office Supplies";"Paper";638
"FUR-BO-10002268";"Sauder Barrister Bookcases";"Furniture";"Bookcases";639
"OFF-AR-10001468";"Sanford Prismacolor Professional Thick Lead Art Pencils, 36-Color Set";"Office Supplies";"Art";640
"OFF-EN-10001137";"#10 Gummed Flap White Envelopes, 100/Box";"Office Supplies";"Envelopes";641
"OFF-BI-10004826";"JM Magazine Binder";"Office Supplies";"Binders";642
"TEC-PH-10004667";"Cisco 8x8 Inc. 6753i IP Business Phone System";"Technology";"Phones";643
"OFF-PA-10000289";"Xerox 213";"Office Supplies";"Paper";644
"OFF-BI-10002949";"Prestige Round Ring Binders";"Office Supplies";"Binders";645
"OFF-AP-10003040";"Fellowes 8 Outlet Superior Workstation Surge Protector w/o Phone/Fax/Modem Protection";"Office Supplies";"Appliances";646
"FUR-FU-10003849";"DAX Metal Frame, Desktop, Stepped-Edge";"Furniture";"Furnishings";647
"OFF-AR-10002399";"Dixon Prang Watercolor Pencils, 10-Color Set with Brush";"Office Supplies";"Art";648
"FUR-FU-10000010";"DAX Value U-Channel Document Frames, Easel Back";"Furniture";"Furnishings";649
"OFF-PA-10002713";"Adams Phone Message Book, 200 Message Capacity, 8 1/16” x 11”";"Office Supplies";"Paper";650
"OFF-BI-10002824";"Recycled Easel Ring Binders";"Office Supplies";"Binders";651
"OFF-AP-10001124";"Belkin 8 Outlet SurgeMaster II Gold Surge Protector with Phone Protection";"Office Supplies";"Appliances";652
"OFF-LA-10001158";"Avery Address/Shipping Labels for Typewriters, 4"" x 2""""""";"Office Supplies";"Labels";653
"OFF-ST-10001496";"Standard Rollaway File with Lock";"Office Supplies";"Storage";654
"OFF-BI-10002931";"Avery Trapezoid Extra Heavy Duty 4"" Binders""";"Office Supplies";"Binders";655
"FUR-TA-10002356";"Bevis Boat-Shaped Conference Table";"Furniture";"Tables";656
"FUR-CH-10000785";"Global Ergonomic Managers Chair";"Furniture";"Chairs";657
"FUR-FU-10003601";"Deflect-o RollaMat Studded, Beveled Mat for Medium Pile Carpeting";"Furniture";"Furnishings";658
"OFF-BI-10001294";"Fellowes Binding Cases";"Office Supplies";"Binders";659
"FUR-TA-10004154";"Riverside Furniture Oval Coffee Table, Oval End Table, End Table with Drawer";"Furniture";"Tables";660
"OFF-AR-10003732";"Newell 333";"Office Supplies";"Art";661
"OFF-PA-10000788";"Xerox 210";"Office Supplies";"Paper";662
"FUR-FU-10000023";"Eldon Wave Desk Accessories";"Furniture";"Furnishings";663
"FUR-FU-10001940";"Staple-based wall hangings";"Furniture";"Furnishings";664
"OFF-BI-10001636";"Ibico Plastic and Wire Spiral Binding Combs";"Office Supplies";"Binders";665
"OFF-BI-10002412";"Wilson Jones “Snap” Scratch Pad Binder Tool for Ring Binders";"Office Supplies";"Binders";666
"OFF-SU-10002503";"Acme Preferred Stainless Steel Scissors";"Office Supplies";"Supplies";667
"OFF-SU-10001225";"Staple remover";"Office Supplies";"Supplies";668
"OFF-LA-10004093";"Avery 486";"Office Supplies";"Labels";669
"TEC-AC-10000710";"Maxell DVD-RAM Discs";"Technology";"Accessories";670
"OFF-ST-10002406";"Pizazz Global Quick File";"Office Supplies";"Storage";671
"OFF-AR-10002335";"DIXON Oriole Pencils";"Office Supplies";"Art";672
"OFF-PA-10001870";"Xerox 202";"Office Supplies";"Paper";673
"OFF-PA-10002036";"Xerox 1930";"Office Supplies";"Paper";674
"TEC-MA-10004241";"Star Micronics TSP800 TSP847IIU Receipt Printer";"Technology";"Machines";675
"OFF-ST-10002205";"File Shuttle I and Handi-File";"Office Supplies";"Storage";676
"OFF-AP-10003849";"Hoover Shoulder Vac Commercial Portable Vacuum";"Office Supplies";"Appliances";677
"TEC-AC-10003911";"NETGEAR AC1750 Dual Band Gigabit Smart WiFi Router";"Technology";"Accessories";678
"OFF-FA-10000735";"Staples";"Office Supplies";"Fasteners";679
"OFF-BI-10004352";"Wilson Jones DublLock D-Ring Binders";"Office Supplies";"Binders";680
"OFF-AR-10000658";"Newell 324";"Office Supplies";"Art";681
"OFF-BI-10000666";"Surelock Post Binders";"Office Supplies";"Binders";682
"OFF-BI-10003350";"Acco Expandable Hanging Binders";"Office Supplies";"Binders";683
"TEC-AC-10002076";"Microsoft Natural Keyboard Elite";"Technology";"Accessories";684
"TEC-MA-10000010";"Hewlett-Packard Deskjet 3050a All-in-One Color Inkjet Printer";"Technology";"Machines";685
"OFF-PA-10003039";"Xerox 1960";"Office Supplies";"Paper";686
"TEC-PH-10000307";"Shocksock Galaxy S4 Armband";"Technology";"Phones";687
"OFF-BI-10000977";"Ibico Plastic Spiral Binding Combs";"Office Supplies";"Binders";688
"TEC-CO-10004202";"Brother DCP1000 Digital 3 in 1 Multifunction Machine";"Technology";"Copiers";689
"OFF-BI-10004465";"Avery Durable Slant Ring Binders";"Office Supplies";"Binders";690
"FUR-TA-10002530";"Iceberg OfficeWorks 42"" Round Tables""";"Furniture";"Tables";691
"FUR-FU-10001852";"Eldon Regeneration Recycled Desk Accessories, Smoke";"Furniture";"Furnishings";692
"FUR-FU-10004188";"Luxo Professional Combination Clamp-On Lamps";"Furniture";"Furnishings";693
"OFF-BI-10000145";"Zipper Ring Binder Pockets";"Office Supplies";"Binders";694
"OFF-LA-10001613";"Avery File Folder Labels";"Office Supplies";"Labels";695
"FUR-FU-10001473";"DAX Wood Document Frame";"Furniture";"Furnishings";696
"OFF-LA-10004055";"Color-Coded Legal Exhibit Labels";"Office Supplies";"Labels";697
"FUR-TA-10004915";"Office Impressions End Table, 20-1/2""H x 24""""W x 20""""D""";"Furniture";"Tables";698
"OFF-BI-10001765";"Wilson Jones Heavy-Duty Casebound Ring Binders with Metal Hinges";"Office Supplies";"Binders";699
"OFF-AR-10003759";"Crayola Anti Dust Chalk, 12/Pack";"Office Supplies";"Art";700
"FUR-CH-10000847";"Global Executive Mid-Back Manager's Chair";"Furniture";"Chairs";701
"OFF-AP-10000696";"Holmes Odor Grabber";"Office Supplies";"Appliances";702
"OFF-ST-10004337";"SAFCO Commercial Wire Shelving, 72h";"Office Supplies";"Storage";703
"OFF-PA-10001293";"Xerox 1946";"Office Supplies";"Paper";704
"OFF-ST-10003327";"Akro-Mils 12-Gallon Tote";"Office Supplies";"Storage";705
"OFF-AR-10000634";"Newell 320";"Office Supplies";"Art";706
"FUR-TA-10001932";"Chromcraft 48"" x 96"""" Racetrack Double Pedestal Table""";"Furniture";"Tables";707
"OFF-PA-10004734";"Southworth Structures Collection";"Office Supplies";"Paper";708
"FUR-FU-10004270";"Eldon Image Series Desk Accessories, Burgundy";"Furniture";"Furnishings";709
"OFF-AR-10003770";"Newell 340";"Office Supplies";"Art";710
"FUR-CH-10002126";"Hon Deluxe Fabric Upholstered Stacking Chairs";"Furniture";"Chairs";711
"OFF-LA-10003121";"Avery 506";"Office Supplies";"Labels";712
"OFF-BI-10002225";"Square Ring Data Binders, Rigid 75 Pt. Covers, 11"" x 14-7/8""""""";"Office Supplies";"Binders";713
"OFF-PA-10002262";"Xerox 192";"Office Supplies";"Paper";714
"OFF-AP-10000576";"Belkin 325VA UPS Surge Protector, 6'";"Office Supplies";"Appliances";715
"OFF-PA-10002464";"HP Office Recycled Paper (20Lb. and 87 Bright)";"Office Supplies";"Paper";716
"TEC-AC-10004708";"Sony 32GB Class 10 Micro SDHC R40 Memory Card";"Technology";"Accessories";717
"TEC-PH-10004700";"PowerGen Dual USB Car Charger";"Technology";"Phones";718
"OFF-ST-10002214";"X-Rack File for Hanging Folders";"Office Supplies";"Storage";719
"OFF-PA-10000130";"Xerox 199";"Office Supplies";"Paper";720
"FUR-TA-10000617";"Hon Practical Foundations 30 x 60 Training Table, Light Gray/Charcoal";"Furniture";"Tables";721
"OFF-BI-10003429";"Cardinal HOLDit! Binder Insert Strips,Extra Strips";"Office Supplies";"Binders";722
"TEC-AC-10000865";"WD My Passport Ultra 500GB Portable External Hard Drive";"Technology";"Accessories";723
"OFF-PA-10004621";"Xerox 212";"Office Supplies";"Paper";724
"TEC-AC-10002335";"Logitech Media Keyboard K200";"Technology";"Accessories";725
"OFF-FA-10003021";"Staples";"Office Supplies";"Fasteners";726
"OFF-PA-10001281";"Computer Printout Paper with Letter-Trim Fine Perforations";"Office Supplies";"Paper";727
"TEC-PH-10003580";"Cisco IP Phone 7961G-GE VoIP phone";"Technology";"Phones";728
"TEC-MA-10001681";"Lexmark MarkNet N8150 Wireless Print Server";"Technology";"Machines";729
"OFF-ST-10001097";"Office Impressions Heavy Duty Welded Shelving & Multimedia Storage Drawers";"Office Supplies";"Storage";730
"TEC-AC-10001109";"Logitech Trackman Marble Mouse";"Technology";"Accessories";731
"FUR-FU-10001095";"DAX Black Cherry Wood-Tone Poster Frame";"Furniture";"Furnishings";732
"FUR-FU-10001935";"3M Hangers With Command Adhesive";"Furniture";"Furnishings";733
"OFF-ST-10004950";"Acco Perma 3000 Stacking Storage Drawers";"Office Supplies";"Storage";734
"OFF-BI-10002012";"Wilson Jones Easy Flow II Sheet Lifters";"Office Supplies";"Binders";735
"OFF-AR-10004757";"Crayola Colored Pencils";"Office Supplies";"Art";736
"OFF-PA-10003823";"Xerox 197";"Office Supplies";"Paper";737
"OFF-BI-10000050";"Angle-D Binders with Locking Rings, Label Holders";"Office Supplies";"Binders";738
"TEC-PH-10001300";"iKross Bluetooth Portable Keyboard + Cell Phone Stand Holder + Brush for Apple iPhone 5S 5C 5, 4S 4";"Technology";"Phones";739
"FUR-TA-10003715";"Hon 2111 Invitation Series Corner Table";"Furniture";"Tables";740
"TEC-MA-10004458";"Lexmark X 9575 Professional All-in-One Color Printer";"Technology";"Machines";741
"OFF-BI-10004965";"Ibico Covers for Plastic or Wire Binding Elements";"Office Supplies";"Binders";742
"OFF-AR-10001419";"Newell 325";"Office Supplies";"Art";743
"FUR-FU-10004952";"C-Line Cubicle Keepers Polyproplyene Holder w/Velcro Back, 8-1/2x11, 25/Bx";"Furniture";"Furnishings";744
"OFF-PA-10002586";"Xerox 1970";"Office Supplies";"Paper";745
"OFF-AR-10002221";"12 Colored Short Pencils";"Office Supplies";"Art";746
"OFF-PA-10003172";"Xerox 1996";"Office Supplies";"Paper";747
"FUR-FU-10002456";"Master Caster Door Stop, Large Neon Orange";"Furniture";"Furnishings";748
"OFF-FA-10004968";"Rubber Band Ball";"Office Supplies";"Fasteners";749
"OFF-ST-10002352";"Iris Project Case";"Office Supplies";"Storage";750
"OFF-PA-10001274";"Loose Memo Sheets";"Office Supplies";"Paper";751
"OFF-PA-10001125";"Xerox 1988";"Office Supplies";"Paper";752
"OFF-PA-10002259";"Geographics Note Cards, Blank, White, 8 1/2"" x 11""""""";"Office Supplies";"Paper";753
"OFF-ST-10000344";"Neat Ideas Personal Hanging Folder Files, Black";"Office Supplies";"Storage";754
"OFF-ST-10003324";"Belkin OmniView SE Rackmount Kit";"Office Supplies";"Storage";755
"OFF-BI-10002976";"ACCOHIDE Binder by Acco";"Office Supplies";"Binders";756
"OFF-ST-10000419";"Rogers Jumbo File, Granite";"Office Supplies";"Storage";757
"OFF-AP-10001626";"Commercial WindTunnel Clean Air Upright Vacuum, Replacement Belts, Filtration Bags";"Office Supplies";"Appliances";758
"OFF-LA-10004425";"Staple-on labels";"Office Supplies";"Labels";759
"FUR-FU-10003981";"Eldon Wave Desk Accessories";"Furniture";"Furnishings";760
"OFF-ST-10001291";"Tenex Personal Self-Stacking Standard File Box, Black/Gray";"Office Supplies";"Storage";761
"FUR-CH-10001270";"Harbour Creations Steel Folding Chair";"Furniture";"Chairs";762
"TEC-PH-10004539";"Wireless Extenders zBoost YX545 SOHO Signal Booster";"Technology";"Phones";763
"OFF-AR-10001919";"OIC #2 Pencils, Medium Soft";"Office Supplies";"Art";764
"TEC-PH-10003655";"Sannysis Cute Owl Design Soft Skin Case Cover for Samsung Galaxy S4";"Technology";"Phones";765
"OFF-BI-10004656";"Peel & Stick Add-On Corner Pockets";"Office Supplies";"Binders";766
"OFF-ST-10002344";"Carina 42""Hx23 3/4""""W Media Storage Unit""";"Office Supplies";"Storage";767
"TEC-PH-10004447";"Toshiba IPT2010-SD IP Telephone";"Technology";"Phones";768
"FUR-CH-10003973";"GuestStacker Chair with Chrome Finish Legs";"Furniture";"Chairs";769
"OFF-PA-10000682";"Xerox 1924";"Office Supplies";"Paper";770
"OFF-AP-10004868";"Hoover Commercial Soft Guard Upright Vacuum And Disposable Filtration Bags";"Office Supplies";"Appliances";771
"FUR-FU-10002268";"Ultra Door Push Plate";"Furniture";"Furnishings";772
"TEC-PH-10003012";"Nortel Meridian M3904 Professional Digital phone";"Technology";"Phones";773
"OFF-LA-10002195";"Avery 481";"Office Supplies";"Labels";774
"TEC-AC-10001990";"Kensington Orbit Wireless Mobile Trackball for PC and Mac";"Technology";"Accessories";775
"TEC-CO-10002313";"Canon PC1080F Personal Copier";"Technology";"Copiers";776
"OFF-AR-10001315";"Newell 310";"Office Supplies";"Art";777
"OFF-BI-10003982";"Wilson Jones Century Plastic Molded Ring Binders";"Office Supplies";"Binders";778
"FUR-CH-10004540";"Global Chrome Stack Chair";"Furniture";"Chairs";779
"OFF-EN-10003134";"Staple envelope";"Office Supplies";"Envelopes";780
"OFF-AR-10001955";"Newell 319";"Office Supplies";"Art";781
"OFF-ST-10002292";"Sauder Facets Collection Locker/File Cabinet, Sky Alder Finish";"Office Supplies";"Storage";782
"OFF-LA-10001641";"Avery 518";"Office Supplies";"Labels";783
"OFF-PA-10004156";"Xerox 188";"Office Supplies";"Paper";784
"OFF-BI-10004492";"Tuf-Vin Binders";"Office Supplies";"Binders";785
"OFF-AR-10000034";"BIC Brite Liner Grip Highlighters, Assorted, 5/Pack";"Office Supplies";"Art";786
"OFF-ST-10000798";"2300 Heavy-Duty Transfer File Systems by Perma";"Office Supplies";"Storage";787
"TEC-PH-10000560";"Samsung Galaxy S III - 16GB - pebble blue (T-Mobile)";"Technology";"Phones";788
"OFF-PA-10002552";"Xerox 1958";"Office Supplies";"Paper";789
"OFF-SU-10002573";"Acme 10"" Easy Grip Assistive Scissors""";"Office Supplies";"Supplies";790
"OFF-ST-10001580";"Super Decoflex Portable Personal File";"Office Supplies";"Storage";791
"OFF-ST-10001370";"Sensible Storage WireTech Storage Systems";"Office Supplies";"Storage";792
"OFF-ST-10000934";"Contico 72""H Heavy-Duty Storage System""";"Office Supplies";"Storage";793
"TEC-AC-10003038";"Kingston Digital DataTraveler 16GB USB 2.0";"Technology";"Accessories";794
"TEC-AC-10000158";"Sony 64GB Class 10 Micro SDHC R40 Memory Card";"Technology";"Accessories";795
"OFF-BI-10000088";"GBC Imprintable Covers";"Office Supplies";"Binders";796
"OFF-PA-10001947";"Xerox 1974";"Office Supplies";"Paper";797
"OFF-AR-10004999";"Newell 315";"Office Supplies";"Art";798
"OFF-AR-10003478";"Avery Hi-Liter EverBold Pen Style Fluorescent Highlighters, 4/Pack";"Office Supplies";"Art";799
"OFF-BI-10001031";"Pressboard Data Binders by Wilson Jones";"Office Supplies";"Binders";800
"OFF-BI-10002432";"Wilson Jones Standard D-Ring Binders";"Office Supplies";"Binders";801
"OFF-EN-10000461";"#10- 4 1/8"" x 9 1/2"""" Recycled Envelopes""";"Office Supplies";"Envelopes";802
"FUR-FU-10001867";"Eldon Expressions Punched Metal & Wood Desk Accessories, Pewter & Cherry";"Furniture";"Furnishings";803
"OFF-AP-10004249";"Staple holder";"Office Supplies";"Appliances";804
"TEC-PH-10002200";"Samsung Galaxy Note 2";"Technology";"Phones";805
"TEC-PH-10000439";"GE DSL Phone Line Filter";"Technology";"Phones";806
"TEC-MA-10003066";"Wasp CCD Handheld Bar Code Reader";"Technology";"Machines";807
"OFF-PA-10001685";"Easy-staple paper";"Office Supplies";"Paper";808
"OFF-BI-10004022";"Acco Suede Grain Vinyl Round Ring Binder";"Office Supplies";"Binders";809
"OFF-AR-10001988";"Bulldog Table or Wall-Mount Pencil Sharpener";"Office Supplies";"Art";810
"OFF-PA-10003625";"Xerox 1979";"Office Supplies";"Paper";811
"OFF-ST-10001418";"Carina Media Storage Towers in Natural & Black";"Office Supplies";"Storage";812
"OFF-BI-10003925";"Fellowes PB300 Plastic Comb Binding Machine";"Office Supplies";"Binders";813
"TEC-PH-10001530";"Plantronics Voyager Pro Legend";"Technology";"Phones";814
"OFF-ST-10000676";"Fellowes Econo/Stor Drawers";"Office Supplies";"Storage";815
"OFF-EN-10003862";"Laser & Ink Jet Business Envelopes";"Office Supplies";"Envelopes";816
"OFF-ST-10004258";"Portable Personal File Box";"Office Supplies";"Storage";817
"FUR-FU-10002885";"Magna Visual Magnetic Picture Hangers";"Furniture";"Furnishings";818
"TEC-AC-10003033";"Plantronics CS510 - Over-the-Head monaural Wireless Headset System";"Technology";"Accessories";819
"OFF-ST-10000046";"Fellowes Super Stor/Drawer Files";"Office Supplies";"Storage";820
"OFF-BI-10002049";"UniKeep View Case Binders";"Office Supplies";"Binders";821
"OFF-ST-10003722";"Project Tote Personal File";"Office Supplies";"Storage";822
"OFF-AR-10003504";"Newell 347";"Office Supplies";"Art";823
"TEC-AC-10003198";"Enermax Acrylux Wireless Keyboard";"Technology";"Accessories";824
"OFF-EN-10003160";"Pastel Pink Envelopes";"Office Supplies";"Envelopes";825
"TEC-AC-10003280";"Belkin F8E887 USB Wired Ergonomic Keyboard";"Technology";"Accessories";826
"TEC-CO-10004115";"Sharp AL-1530CS Digital Copier";"Technology";"Copiers";827
"TEC-PH-10000169";"ARKON Windshield Dashboard Air Vent Car Mount Holder";"Technology";"Phones";828
"OFF-PA-10001526";"Xerox 1949";"Office Supplies";"Paper";829
"OFF-PA-10003724";"Wirebound Message Book, 4 per Page";"Office Supplies";"Paper";830
"OFF-AP-10004336";"Conquest 14 Commercial Heavy-Duty Upright Vacuum, Collection System, Accessory Kit";"Office Supplies";"Appliances";831
"OFF-AR-10001022";"SANFORD Liquid Accent Tank-Style Highlighters";"Office Supplies";"Art";832
"OFF-PA-10001357";"Xerox 1886";"Office Supplies";"Paper";833
"OFF-FA-10000992";"Acco Clips to Go Binder Clips, 24 Clips in Two Sizes";"Office Supplies";"Fasteners";834
"OFF-EN-10003055";"Blue String-Tie & Button Interoffice Envelopes, 10 x 13";"Office Supplies";"Envelopes";835
"OFF-AR-10001221";"Dixon Ticonderoga Erasable Colored Pencil Set, 12-Color";"Office Supplies";"Art";836
"TEC-PH-10004830";"Pyle PRT45 Retro Home Telephone";"Technology";"Phones";837
"TEC-CO-10001046";"Canon Imageclass D680 Copier / Fax";"Technology";"Copiers";838
"OFF-PA-10004519";"Spiral Phone Message Books with Labels by Adams";"Office Supplies";"Paper";839
"FUR-FU-10000076";"24-Hour Round Wall Clock";"Furniture";"Furnishings";840
"FUR-BO-10000362";"Sauder Inglewood Library Bookcases";"Furniture";"Bookcases";841
"FUR-FU-10003268";"Eldon Radial Chair Mat for Low to Medium Pile Carpets";"Furniture";"Furnishings";842
"OFF-PA-10000308";"Xerox 1901";"Office Supplies";"Paper";843
"FUR-FU-10003691";"Eldon Image Series Desk Accessories, Ebony";"Furniture";"Furnishings";844
"OFF-SU-10001165";"Acme Elite Stainless Steel Scissors";"Office Supplies";"Supplies";845
"OFF-AR-10003251";"Prang Drawing Pencil Set";"Office Supplies";"Art";846
"OFF-AR-10003903";"Sanford 52201 APSCO Electric Pencil Sharpener";"Office Supplies";"Art";847
"OFF-AR-10001044";"BOSTON Ranger #55 Pencil Sharpener, Black";"Office Supplies";"Art";848
"OFF-AR-10000823";"Newell 307";"Office Supplies";"Art";849
"TEC-PH-10003442";"Samsung Replacement EH64AVFWE Premium Headset";"Technology";"Phones";850
"OFF-AR-10004456";"Panasonic KP-4ABK Battery-Operated Pencil Sharpener";"Office Supplies";"Art";851
"FUR-FU-10002191";"G.E. Halogen Desk Lamp Bulbs";"Furniture";"Furnishings";852
"OFF-BI-10004519";"GBC DocuBind P100 Manual Binding Machine";"Office Supplies";"Binders";853
"OFF-BI-10000591";"Avery Binder Labels";"Office Supplies";"Binders";854
"TEC-PH-10004188";"OtterBox Commuter Series Case - Samsung Galaxy S4";"Technology";"Phones";855
"OFF-EN-10004955";"Fashion Color Clasp Envelopes";"Office Supplies";"Envelopes";856
"TEC-PH-10000441";"VTech DS6151";"Technology";"Phones";857
"OFF-ST-10001526";"Iceberg Mobile Mega Data/Printer Cart ";"Office Supplies";"Storage";858
"TEC-AC-10004855";"V7 USB Numeric Keypad";"Technology";"Accessories";859
"FUR-TA-10004619";"Hon Non-Folding Utility Tables";"Furniture";"Tables";860
"OFF-AR-10001915";"Peel-Off China Markers";"Office Supplies";"Art";861
"FUR-BO-10004467";"Bestar Classic Bookcase";"Furniture";"Bookcases";862
"FUR-TA-10002041";"Bevis Round Conference Table Top, X-Base";"Furniture";"Tables";863
"OFF-ST-10000352";"Acco Perma 2700 Stacking Storage Drawers";"Office Supplies";"Storage";864
"OFF-PA-10000575";"Wirebound Message Books, Four 2 3/4 x 5 White Forms per Page";"Office Supplies";"Paper";865
"OFF-PA-10002893";"Wirebound Service Call Books, 5 1/2"" x 4""""""";"Office Supplies";"Paper";866
"OFF-AR-10002280";"Staples in misc. colors";"Office Supplies";"Art";867
"TEC-AC-10003063";"Micro Innovations USB RF Wireless Keyboard with Mouse";"Technology";"Accessories";868
"TEC-AC-10002049";"Plantronics Savi W720 Multi-Device Wireless Headset System";"Technology";"Accessories";869
"FUR-CH-10001708";"Office Star - Contemporary Swivel Chair with Padded Adjustable Arms and Flex Back";"Furniture";"Chairs";870
"OFF-AR-10001166";"Staples in misc. colors";"Office Supplies";"Art";871
"FUR-FU-10004415";"Stacking Tray, Side-Loading, Legal, Smoke";"Furniture";"Furnishings";872
"OFF-AR-10000462";"Sanford Pocket Accent Highlighters";"Office Supplies";"Art";873
"FUR-CH-10000309";"Global Comet Stacking Arm Chair";"Furniture";"Chairs";874
"OFF-ST-10002011";"Smead Adjustable Mobile File Trolley with Lockable Top";"Office Supplies";"Storage";875
"TEC-MA-10004212";"Cisco SPA525G2 5-Line IP Phone";"Technology";"Machines";876
"TEC-PH-10004165";"Mitel MiVoice 5330e IP Phone";"Technology";"Phones";877
"OFF-EN-10003072";"Peel & Seel Envelopes";"Office Supplies";"Envelopes";878
"FUR-FU-10003724";"Westinghouse Clip-On Gooseneck Lamps";"Furniture";"Furnishings";879
"TEC-PH-10000038";"Jawbone MINI JAMBOX Wireless Bluetooth Speaker";"Technology";"Phones";880
"OFF-BI-10000320";"GBC Plastic Binding Combs";"Office Supplies";"Binders";881
"OFF-PA-10002689";"Weyerhaeuser First Choice Laser/Copy Paper (20Lb. and 88 Bright)";"Office Supplies";"Paper";882
"FUR-FU-10003535";"Howard Miller Distant Time Traveler Alarm Clock";"Furniture";"Furnishings";883
"OFF-PA-10001166";"Xerox 2";"Office Supplies";"Paper";884
"TEC-CO-10001766";"Canon PC940 Copier";"Technology";"Copiers";885
"OFF-PA-10003656";"Xerox 1935";"Office Supplies";"Paper";886
"OFF-ST-10003716";"Tennsco Double-Tier Lockers";"Office Supplies";"Storage";887
"OFF-PA-10004359";"Multicolor Computer Printout Paper";"Office Supplies";"Paper";888
"OFF-LA-10003766";"Self-Adhesive Removable Labels";"Office Supplies";"Labels";889
"OFF-FA-10001135";"Brites Rubber Bands, 1 1/2 oz. Box";"Office Supplies";"Fasteners";890
"TEC-PH-10004586";"Wilson SignalBoost 841262 DB PRO Amplifier Kit";"Technology";"Phones";891
"TEC-PH-10000148";"Cyber Acoustics AC-202b Speech Recognition Stereo Headset";"Technology";"Phones";892
"OFF-PA-10001970";"Xerox 1908";"Office Supplies";"Paper";893
"TEC-PH-10003885";"Cisco SPA508G";"Technology";"Phones";894
"OFF-BI-10004236";"XtraLife ClearVue Slant-D Ring Binder, White, 3""""";"Office Supplies";"Binders";895
"FUR-BO-10001972";"O'Sullivan 4-Shelf Bookcase in Odessa Pine";"Furniture";"Bookcases";896
"OFF-BI-10004224";"Catalog Binders with Expanding Posts";"Office Supplies";"Binders";897
"OFF-AR-10000422";"Pencil and Crayon Sharpener";"Office Supplies";"Art";898
"FUR-CH-10003956";"Novimex High-Tech Fabric Mesh Task Chair";"Furniture";"Chairs";899
"TEC-PH-10003357";"Grandstream GXP2100 Mainstream Business Phone";"Technology";"Phones";900
"OFF-LA-10001175";"Avery 514";"Office Supplies";"Labels";901
"OFF-PA-10000157";"Xerox 191";"Office Supplies";"Paper";902
"OFF-PA-10004475";"Xerox 1940";"Office Supplies";"Paper";903
"OFF-PA-10000955";"Southworth 25% Cotton Granite Paper & Envelopes";"Office Supplies";"Paper";904
"OFF-PA-10003001";"Xerox 1986";"Office Supplies";"Paper";905
"FUR-FU-10003975";"Eldon Advantage Chair Mats for Low to Medium Pile Carpets";"Furniture";"Furnishings";906
"OFF-FA-10000611";"Binder Clips by OIC";"Office Supplies";"Fasteners";907
"OFF-BI-10003707";"Aluminum Screw Posts";"Office Supplies";"Binders";908
"OFF-BI-10001116";"Wilson Jones 1"" Hanging DublLock Ring Binders""";"Office Supplies";"Binders";909
"OFF-AR-10000203";"Newell 336";"Office Supplies";"Art";910
"TEC-PH-10004922";"RCA Visys Integrated PBX 8-Line Router";"Technology";"Phones";911
"OFF-AR-10004790";"Staples in misc. colors";"Office Supplies";"Art";912
"OFF-BI-10002353";"GBC VeloBind Cover Sets";"Office Supplies";"Binders";913
"TEC-AC-10004761";"Maxell 4.7GB DVD+RW 3/Pack";"Technology";"Accessories";914
"FUR-BO-10001811";"Atlantic Metals Mobile 5-Shelf Bookcases, Custom Colors";"Furniture";"Bookcases";915
"OFF-FA-10002676";"Colored Push Pins";"Office Supplies";"Fasteners";916
"OFF-AR-10001130";"Quartet Alpha White Chalk, 12/Pack";"Office Supplies";"Art";917
"TEC-AC-10003023";"Logitech G105 Gaming Keyboard";"Technology";"Accessories";918
"OFF-AP-10000055";"Belkin F9S820V06 8 Outlet Surge";"Office Supplies";"Appliances";919
"OFF-AR-10004344";"Bulldog Vacuum Base Pencil Sharpener";"Office Supplies";"Art";920
"FUR-CH-10002304";"Global Stack Chair without Arms, Black";"Furniture";"Chairs";921
"OFF-PA-10002870";"Ampad Phone Message Book, Recycled, 400 Message Capacity, 5 ¾” x 11”";"Office Supplies";"Paper";922
"FUR-FU-10000293";"Eldon Antistatic Chair Mats for Low to Medium Pile Carpets";"Furniture";"Furnishings";923
"OFF-PA-10000167";"Xerox 1925";"Office Supplies";"Paper";924
"TEC-PH-10002185";"QVS USB Car Charger 2-Port 2.1Amp for iPod/iPhone/iPad/iPad 2/iPad 3";"Technology";"Phones";925
"OFF-ST-10000563";"Fellowes Bankers Box Stor/Drawer Steel Plus";"Office Supplies";"Storage";926
"FUR-FU-10000758";"DAX Natural Wood-Tone Poster Frame";"Furniture";"Furnishings";927
"OFF-BI-10002854";"Performers Binder/Pad Holder, Black";"Office Supplies";"Binders";928
"TEC-MA-10004679";"StarTech.com 10/100 VDSL2 Ethernet Extender Kit";"Technology";"Machines";929
"OFF-PA-10001307";"Important Message Pads, 50 4-1/4 x 5-1/2 Forms per Pad";"Office Supplies";"Paper";930
"OFF-AP-10002495";"Acco Smartsocket Table Surge Protector, 6 Color-Coded Adapter Outlets";"Office Supplies";"Appliances";931
"FUR-FU-10004460";"Howard Miller 12"" Round Wall Clock""";"Furniture";"Furnishings";932
"FUR-CH-10001973";"Office Star Flex Back Scooter Chair with White Frame";"Furniture";"Chairs";933
"OFF-BI-10002414";"GBC ProClick Spines for 32-Hole Punch";"Office Supplies";"Binders";934
"OFF-AR-10000716";"DIXON Ticonderoga Erasable Checking Pencils";"Office Supplies";"Art";935
"TEC-AC-10000580";"Logitech G13 Programmable Gameboard with LCD Display";"Technology";"Accessories";936
"TEC-AC-10003133";"Memorex Mini Travel Drive 4 GB USB 2.0 Flash Drive";"Technology";"Accessories";937
"FUR-FU-10004622";"Eldon Advantage Foldable Chair Mats for Low Pile Carpets";"Furniture";"Furnishings";938
"OFF-BI-10003529";"Avery Round Ring Poly Binders";"Office Supplies";"Binders";939
"OFF-AR-10004022";"Panasonic KP-380BK Classic Electric Pencil Sharpener";"Office Supplies";"Art";940
"OFF-BI-10001097";"Avery Hole Reinforcements";"Office Supplies";"Binders";941
"TEC-AC-10004209";"Memorex Froggy Flash Drive 4 GB";"Technology";"Accessories";942
"TEC-AC-10000023";"Maxell 74 Minute CD-R Spindle, 50/Pack";"Technology";"Accessories";943
"OFF-FA-10001754";"Stockwell Gold Paper Clips";"Office Supplies";"Fasteners";944
"TEC-PH-10003505";"Geemarc AmpliPOWER60";"Technology";"Phones";945
"FUR-CH-10004886";"Bevis Steel Folding Chairs";"Furniture";"Chairs";946
"OFF-FA-10004838";"Super Bands, 12/Pack";"Office Supplies";"Fasteners";947
"OFF-LA-10000121";"Avery 48";"Office Supplies";"Labels";948
"TEC-PH-10002115";"Plantronics 81402";"Technology";"Phones";949
"OFF-FA-10003059";"Assorted Color Push Pins";"Office Supplies";"Fasteners";950
"OFF-BI-10002026";"Avery Arch Ring Binders";"Office Supplies";"Binders";951
"OFF-BI-10004330";"GBC Velobind Prepunched Cover Sets, Regency Series";"Office Supplies";"Binders";952
"OFF-BI-10003669";"3M Organizer Strips";"Office Supplies";"Binders";953
"OFF-PA-10003845";"Xerox 1987";"Office Supplies";"Paper";954
"OFF-AR-10001573";"American Pencil";"Office Supplies";"Art";955
"OFF-EN-10000483";"White Envelopes, White Envelopes with Clear Poly Window";"Office Supplies";"Envelopes";956
"OFF-BI-10003727";"Avery Durable Slant Ring Binders With Label Holder";"Office Supplies";"Binders";957
"TEC-AC-10004114";"KeyTronic 6101 Series - Keyboard - Black";"Technology";"Accessories";958
"TEC-AC-10003447";"Micropad Numeric Keypads";"Technology";"Accessories";959
"FUR-FU-10004712";"Westinghouse Mesh Shade Clip-On Gooseneck Lamp, Black";"Furniture";"Furnishings";960
"OFF-AR-10000255";"Newell 328";"Office Supplies";"Art";961
"OFF-AP-10002191";"Belkin 8 Outlet SurgeMaster II Gold Surge Protector";"Office Supplies";"Appliances";962
"OFF-ST-10000918";"Crate-A-Files";"Office Supplies";"Storage";963
"OFF-PA-10000349";"Easy-staple paper";"Office Supplies";"Paper";964
"FUR-CH-10000015";"Hon Multipurpose Stacking Arm Chairs";"Furniture";"Chairs";965
"TEC-AC-10002006";"Memorex Micro Travel Drive 16 GB";"Technology";"Accessories";966
"FUR-CH-10002880";"Global High-Back Leather Tilter, Burgundy";"Furniture";"Chairs";967
"OFF-LA-10002381";"Avery 497";"Office Supplies";"Labels";968
"OFF-PA-10003127";"Easy-staple paper";"Office Supplies";"Paper";969
"TEC-MA-10003979";"Ativa V4110MDD Micro-Cut Shredder";"Technology";"Machines";970
"OFF-FA-10001843";"Staples";"Office Supplies";"Fasteners";971
"OFF-PA-10000029";"Xerox 224";"Office Supplies";"Paper";972
"OFF-LA-10000452";"Avery 488";"Office Supplies";"Labels";973
"TEC-PH-10001819";"Innergie mMini Combo Duo USB Travel Charging Kit";"Technology";"Phones";974
"OFF-AR-10002952";"Stanley Contemporary Battery Pencil Sharpeners";"Office Supplies";"Art";975
"FUR-FU-10001986";"Dana Fluorescent Magnifying Lamp, White, 36""""";"Furniture";"Furnishings";976
"FUR-FU-10004973";"Flat Face Poster Frame";"Furniture";"Furnishings";977
"OFF-PA-10000994";"Xerox 1915";"Office Supplies";"Paper";978
"TEC-PH-10000576";"AT&T 1080 Corded phone";"Technology";"Phones";979
"OFF-ST-10000464";"Multi-Use Personal File Cart and Caster Set, Three Stacking Bins";"Office Supplies";"Storage";980
"OFF-PA-10000605";"Xerox 1950";"Office Supplies";"Paper";981
"OFF-BI-10002813";"Avery Reinforcements for Hole-Punch Pages";"Office Supplies";"Binders";982
"OFF-PA-10000528";"Xerox 1981";"Office Supplies";"Paper";983
"OFF-ST-10004340";"Fellowes Mobile File Cart, Black";"Office Supplies";"Storage";984
"OFF-AR-10004817";"Colorific Watercolor Pencils";"Office Supplies";"Art";985
"OFF-PA-10003129";"Tops White Computer Printout Paper";"Office Supplies";"Paper";986
"OFF-AR-10001860";"BIC Liqua Brite Liner";"Office Supplies";"Art";987
"OFF-BI-10004001";"GBC Recycled VeloBinder Covers";"Office Supplies";"Binders";988
"OFF-BI-10004970";"ACCOHIDE 3-Ring Binder, Blue, 1""""";"Office Supplies";"Binders";989
"FUR-TA-10004147";"Hon 4060 Series Tables";"Furniture";"Tables";990
"OFF-AR-10001545";"Newell 326";"Office Supplies";"Art";991
"OFF-AR-10003631";"Staples in misc. colors";"Office Supplies";"Art";992
"TEC-AC-10001013";"Logitech ClearChat Comfort/USB Headset H390";"Technology";"Accessories";993
"OFF-AR-10002255";"Newell 346";"Office Supplies";"Art";994
"TEC-PH-10004959";"Classic Ivory Antique Telephone ZL1810";"Technology";"Phones";995
"OFF-PA-10002968";"Xerox 1973";"Office Supplies";"Paper";996
"OFF-BI-10003676";"GBC Standard Recycled Report Covers, Clear Plastic Sheets";"Office Supplies";"Binders";997
"FUR-BO-10001918";"Sauder Forest Hills Library with Doors, Woodland Oak Finish";"Furniture";"Bookcases";998
"OFF-FA-10003495";"Staples";"Office Supplies";"Fasteners";999
"OFF-BI-10004632";"GBC Binding covers";"Office Supplies";"Binders";1000
"OFF-EN-10003798";"Recycled Interoffice Envelopes with Re-Use-A-Seal Closure, 10 x 13";"Office Supplies";"Envelopes";1001
"FUR-FU-10001617";"Executive Impressions 8-1/2"" Career Panel/Partition Cubicle Clock""";"Furniture";"Furnishings";1002
"OFF-LA-10003077";"Avery 500";"Office Supplies";"Labels";1003
"TEC-PH-10003589";"invisibleSHIELD by ZAGG Smudge-Free Screen Protector";"Technology";"Phones";1004
"TEC-PH-10002824";"Jabra SPEAK 410 Multidevice Speakerphone";"Technology";"Phones";1005
"OFF-PA-10004405";"Rediform Voice Mail Log Books";"Office Supplies";"Paper";1006
"FUR-BO-10003965";"O'Sullivan Manor Hill 2-Door Library in Brianna Oak";"Furniture";"Bookcases";1007
"OFF-PA-10003309";"Xerox 211";"Office Supplies";"Paper";1008
"FUR-FU-10002088";"Nu-Dell Float Frame 11 x 14 1/2";"Furniture";"Furnishings";1009
"FUR-BO-10003433";"Sauder Cornerstone Collection Library";"Furniture";"Bookcases";1010
"TEC-AC-10000736";"Logitech G600 MMO Gaming Mouse";"Technology";"Accessories";1011
"OFF-ST-10002554";"Tennsco Industrial Shelving";"Office Supplies";"Storage";1012
"FUR-FU-10002554";"Westinghouse Floor Lamp with Metal Mesh Shade, Black";"Furniture";"Furnishings";1013
"FUR-BO-10003966";"Sauder Facets Collection Library, Sky Alder Finish";"Furniture";"Bookcases";1014
"OFF-AR-10002067";"Newell 334";"Office Supplies";"Art";1015
"OFF-AP-10000828";"Avanti 4.4 Cu. Ft. Refrigerator";"Office Supplies";"Appliances";1016
"TEC-PH-10003437";"Blue Parrot B250XT Professional Grade Wireless Bluetooth Headset with";"Technology";"Phones";1017
"OFF-AP-10002906";"Hoover Replacement Belt for Commercial Guardsman Heavy-Duty Upright Vacuum";"Office Supplies";"Appliances";1018
"OFF-AP-10003971";"Belkin 6 Outlet Metallic Surge Strip";"Office Supplies";"Appliances";1019
"OFF-AP-10003860";"Fellowes Advanced 8 Outlet Surge Suppressor with Phone/Fax Protection";"Office Supplies";"Appliances";1020
"FUR-CH-10003846";"Hon Valutask Swivel Chairs";"Furniture";"Chairs";1021
"OFF-LA-10001404";"Avery 517";"Office Supplies";"Labels";1022
"OFF-LA-10001474";"Avery 477";"Office Supplies";"Labels";1023
"FUR-FU-10004960";"Seth Thomas 12"" Clock w/ Goldtone Case""";"Furniture";"Furnishings";1024
"TEC-AC-10003116";"Memorex Froggy Flash Drive 8 GB";"Technology";"Accessories";1025
"OFF-AP-10004859";"Acco 6 Outlet Guardian Premium Surge Suppressor";"Office Supplies";"Appliances";1026
"OFF-PA-10002659";"Avoid Verbal Orders Carbonless Minifold Book";"Office Supplies";"Paper";1027
"OFF-BI-10004139";"Fellowes Presentation Covers for Comb Binding Machines";"Office Supplies";"Binders";1028
"FUR-TA-10001307";"SAFCO PlanMaster Heigh-Adjustable Drafting Table Base, 43w x 30d x 30-37h, Black";"Furniture";"Tables";1029
"FUR-TA-10004175";"Hon 30"" x 60"""" Table with Locking Drawer""";"Furniture";"Tables";1030
"FUR-TA-10004767";"Safco Drafting Table";"Furniture";"Tables";1031
"OFF-PA-10001457";"White GlueTop Scratch Pads";"Office Supplies";"Paper";1032
"OFF-EN-10002621";"Staple envelope";"Office Supplies";"Envelopes";1033
"OFF-LA-10003714";"Avery 510";"Office Supplies";"Labels";1034
"OFF-AP-10002082";"Holmes HEPA Air Purifier";"Office Supplies";"Appliances";1035
"OFF-AR-10002818";"Panasonic KP-310 Heavy-Duty Electric Pencil Sharpener";"Office Supplies";"Art";1036
"FUR-FU-10001889";"Ultra Door Pull Handle";"Furniture";"Furnishings";1037
"TEC-AC-10003590";"TRENDnet 56K USB 2.0 Phone, Internet and Fax Modem";"Technology";"Accessories";1038
"OFF-PA-10004355";"Xerox 231";"Office Supplies";"Paper";1039
"OFF-AR-10003723";"Avery Hi-Liter Fluorescent Desk Style Markers";"Office Supplies";"Art";1040
"OFF-PA-10004947";"Easy-staple paper";"Office Supplies";"Paper";1041
"OFF-AR-10001446";"Newell 309";"Office Supplies";"Art";1042
"FUR-TA-10004607";"Hon 2111 Invitation Series Straight Table";"Furniture";"Tables";1043
"OFF-PA-10003893";"Xerox 1962";"Office Supplies";"Paper";1044
"OFF-BI-10001359";"GBC DocuBind TL300 Electric Binding System";"Office Supplies";"Binders";1045
"TEC-PH-10001817";"Wilson Electronics DB Pro Signal Booster";"Technology";"Phones";1046
"OFF-EN-10001749";"Jiffy Padded Mailers with Self-Seal Closure";"Office Supplies";"Envelopes";1047
"FUR-BO-10000330";"Sauder Camden County Barrister Bookcase, Planked Cherry Finish";"Furniture";"Bookcases";1048
"OFF-BI-10001900";"DXL Angle-View Binders with Locking Rings, Black";"Office Supplies";"Binders";1049
"OFF-BI-10004390";"GBC DocuBind 200 Manual Binding Machine";"Office Supplies";"Binders";1050
"FUR-BO-10003159";"Sauder Camden County Collection Libraries, Planked Cherry Finish";"Furniture";"Bookcases";1051
"FUR-CH-10000155";"Global Comet Stacking Armless Chair";"Furniture";"Chairs";1052
"OFF-PA-10004735";"Xerox 1905";"Office Supplies";"Paper";1053
"OFF-BI-10001757";"Pressboard Hanging Data Binders for Unburst Sheets";"Office Supplies";"Binders";1054
"FUR-FU-10001591";"Advantus Panel Wall Certificate Holder - 8.5x11";"Furniture";"Furnishings";1055
"FUR-FU-10004093";"Hand-Finished Solid Wood Document Frame";"Furniture";"Furnishings";1056
"FUR-FU-10001037";"DAX Charcoal/Nickel-Tone Document Frame, 5 x 7";"Furniture";"Furnishings";1057
"OFF-LA-10002034";"Avery 478";"Office Supplies";"Labels";1058
"FUR-BO-10002206";"Bush Saratoga Collection 5-Shelf Bookcase, Hanover Cherry, *Special Order";"Furniture";"Bookcases";1059
"OFF-PA-10001878";"Xerox 1891";"Office Supplies";"Paper";1060
"OFF-PA-10000141";"Ampad Evidence Wirebond Steno Books, 6"" x 9""""""";"Office Supplies";"Paper";1061
"TEC-MA-10003674";"Hewlett-Packard Deskjet 5550 Printer";"Technology";"Machines";1062
"TEC-PH-10001061";"Apple iPhone 5C";"Technology";"Phones";1063
"OFF-AR-10002375";"Newell 351";"Office Supplies";"Art";1064
"OFF-LA-10003190";"Avery 474";"Office Supplies";"Labels";1065
"OFF-EN-10001539";"Staple envelope";"Office Supplies";"Envelopes";1066
"TEC-PH-10001809";"Panasonic KX T7736-B Digital phone";"Technology";"Phones";1067
"FUR-TA-10004086";"KI Adjustable-Height Table";"Furniture";"Tables";1068
"OFF-PA-10000100";"Xerox 1945";"Office Supplies";"Paper";1069
"OFF-BI-10003091";"GBC DocuBind TL200 Manual Binding Machine";"Office Supplies";"Binders";1070
"OFF-AP-10001303";"Holmes Cool Mist Humidifier for the Whole House with 8-Gallon Output per Day, Extended Life Filter";"Office Supplies";"Appliances";1071
"OFF-LA-10000973";"Avery 502";"Office Supplies";"Labels";1072
"OFF-ST-10001476";"Steel Personal Filing/Posting Tote";"Office Supplies";"Storage";1073
"OFF-ST-10002574";"SAFCO Commercial Wire Shelving, Black";"Office Supplies";"Storage";1074
"OFF-EN-10002831";"Tyvek  Top-Opening Peel & Seel  Envelopes, Gray";"Office Supplies";"Envelopes";1075
"FUR-FU-10004018";"Tensor Computer Mounted Lamp";"Furniture";"Furnishings";1076
"TEC-PH-10002549";"Polycom SoundPoint IP 450 VoIP phone";"Technology";"Phones";1077
"OFF-BI-10001628";"Acco Data Flex Cable Posts For Top & Bottom Load Binders, 6"" Capacity""";"Office Supplies";"Binders";1078
"OFF-PA-10004911";"Rediform S.O.S. 1-Up Phone Message Bk, 4-1/4x3-1/16 Bk, 1 Form/Pg, 40 Messages/Bk, 3/Pk";"Office Supplies";"Paper";1079
"OFF-ST-10000877";"Recycled Steel Personal File for Standard File Folders";"Office Supplies";"Storage";1080
"OFF-AR-10004752";"Blackstonian Pencils";"Office Supplies";"Art";1081
"OFF-PA-10000675";"Xerox 1919";"Office Supplies";"Paper";1082
"OFF-PA-10001609";"Tops Wirebound Message Log Books";"Office Supplies";"Paper";1083
"TEC-PH-10001615";"AT&T CL82213";"Technology";"Phones";1084
"TEC-AC-10004568";"Maxell LTO Ultrium - 800 GB";"Technology";"Accessories";1085
"TEC-MA-10002178";"Cisco CP-7937G Unified IP Conference Station Phone";"Technology";"Machines";1086
"FUR-CH-10001854";"Office Star - Professional Matrix Back Chair with 2-to-1 Synchro Tilt and Mesh Fabric Seat";"Furniture";"Chairs";1087
"OFF-AR-10000411";"Boston 16701 Slimline Battery Pencil Sharpener";"Office Supplies";"Art";1088
"OFF-AR-10000475";"Hunt BOSTON Vista Battery-Operated Pencil Sharpener, Black";"Office Supplies";"Art";1089
"TEC-PH-10000455";"GE 30522EE2";"Technology";"Phones";1090
"OFF-PA-10001994";"Ink Jet Note and Greeting Cards, 8-1/2"" x 5-1/2"""" Card Size""";"Office Supplies";"Paper";1091
"OFF-LA-10000262";"Avery 494";"Office Supplies";"Labels";1092
"TEC-AC-10002926";"Logitech Wireless Marathon Mouse M705";"Technology";"Accessories";1093
"OFF-PA-10001763";"Xerox 1896";"Office Supplies";"Paper";1094
"TEC-PH-10004897";"Mediabridge Sport Armband iPhone 5s";"Technology";"Phones";1095
"OFF-BI-10002072";"Cardinal Slant-D Ring Binders";"Office Supplies";"Binders";1096
"OFF-PA-10000466";"Memo Book, 100 Message Capacity, 5 3/8” x 11”";"Office Supplies";"Paper";1097
"OFF-AR-10003829";"Newell 35";"Office Supplies";"Art";1098
"FUR-CH-10003981";"Global Commerce Series Low-Back Swivel/Tilt Chairs";"Furniture";"Chairs";1099
"FUR-FU-10001196";"DAX Cubicle Frames - 8x10";"Furniture";"Furnishings";1100
"OFF-PA-10000595";"Xerox 1929";"Office Supplies";"Paper";1101
"OFF-FA-10001561";"Stockwell Push Pins";"Office Supplies";"Fasteners";1102
"OFF-ST-10002562";"Staple magnet";"Office Supplies";"Storage";1103
"OFF-BI-10001758";"Wilson Jones 14 Line Acrylic Coated Pressboard Data Binders";"Office Supplies";"Binders";1104
"TEC-PH-10004345";"Cisco SPA 502G IP Phone";"Technology";"Phones";1105
"OFF-BI-10000136";"Avery Non-Stick Heavy Duty View Round Locking Ring Binders";"Office Supplies";"Binders";1106
"OFF-LA-10000443";"Avery 501";"Office Supplies";"Labels";1107
"TEC-PH-10001198";"Avaya 4621SW VoIP phone";"Technology";"Phones";1108
"OFF-ST-10000649";"Hanging Personal Folder File";"Office Supplies";"Storage";1109
"OFF-LA-10001771";"Avery 513";"Office Supplies";"Labels";1110
"OFF-PA-10001972";"Xerox 214";"Office Supplies";"Paper";1111
"OFF-AP-10001394";"Harmony Air Purifier";"Office Supplies";"Appliances";1112
"TEC-PH-10002483";"Motorola Moto X";"Technology";"Phones";1113
"FUR-BO-10000468";"O'Sullivan 2-Shelf Heavy-Duty Bookcases";"Furniture";"Bookcases";1114
"OFF-AP-10001205";"Belkin 5 Outlet SurgeMaster Power Centers";"Office Supplies";"Appliances";1115
"FUR-FU-10002553";"Electrix Incandescent Magnifying Lamp, Black";"Furniture";"Furnishings";1116
"OFF-PA-10000659";"TOPS Carbonless Receipt Book, Four 2-3/4 x 7-1/4 Money Receipts per Page";"Office Supplies";"Paper";1117
"OFF-AP-10004233";"Honeywell Enviracaire Portable Air Cleaner for up to 8 x 10 Room";"Office Supplies";"Appliances";1118
"FUR-CH-10004754";"Global Stack Chair with Arms, Black";"Furniture";"Chairs";1119
"OFF-BI-10004141";"Insertable Tab Indexes For Data Binders";"Office Supplies";"Binders";1120
"OFF-PA-10000809";"Xerox 206";"Office Supplies";"Paper";1121
"FUR-FU-10002878";"Seth Thomas 14"" Day/Date Wall Clock""";"Furniture";"Furnishings";1122
"OFF-BI-10000632";"Satellite Sectional Post Binders";"Office Supplies";"Binders";1123
"TEC-PH-10002624";"Samsung Galaxy S4 Mini";"Technology";"Phones";1124
"TEC-AC-10004864";"Memorex Micro Travel Drive 32 GB";"Technology";"Accessories";1125
"TEC-PH-10002885";"Apple iPhone 5";"Technology";"Phones";1126
"TEC-AC-10001284";"Enermax Briskie RF Wireless Keyboard and Mouse Combo";"Technology";"Accessories";1127
"TEC-MA-10000597";"Lexmark S315 Color Inkjet Printer";"Technology";"Machines";1128
"OFF-BI-10002082";"GBC Twin Loop Wire Binding Elements";"Office Supplies";"Binders";1129
"TEC-PH-10000895";"Polycom VVX 310 VoIP phone";"Technology";"Phones";1130
"OFF-PA-10002960";"Xerox 1926";"Office Supplies";"Paper";1131
"TEC-MA-10000488";"Bady BDG101FRU Card Printer";"Technology";"Machines";1132
"OFF-ST-10001505";"Perma STOR-ALL Hanging File Box, 13 1/8""W x 12 1/4""""D x 10 1/2""""H""";"Office Supplies";"Storage";1133
"OFF-PA-10000919";"Xerox 1918";"Office Supplies";"Paper";1134
"OFF-PA-10003729";"Xerox 1998";"Office Supplies";"Paper";1135
"OFF-BI-10001553";"SpineVue Locking Slant-D Ring Binders by Cardinal";"Office Supplies";"Binders";1136
"OFF-AR-10004582";"BIC Brite Liner Grip Highlighters";"Office Supplies";"Art";1137
"OFF-AP-10001005";"Honeywell Quietcare HEPA Air Cleaner";"Office Supplies";"Appliances";1138
"OFF-AP-10004540";"Eureka The Boss Lite 10-Amp Upright Vacuum, Blue";"Office Supplies";"Appliances";1139
"TEC-AC-10002842";"WD My Passport Ultra 2TB Portable External Hard Drive";"Technology";"Accessories";1140
"FUR-CH-10000988";"Hon Olson Stacker Stools";"Furniture";"Chairs";1141
"OFF-PA-10003641";"Xerox 1909";"Office Supplies";"Paper";1142
"FUR-CH-10001714";"Global Leather & Oak Executive Chair, Burgundy";"Furniture";"Chairs";1143
"OFF-AP-10004785";"Holmes Replacement Filter for HEPA Air Cleaner, Medium Room";"Office Supplies";"Appliances";1144
"FUR-CH-10002961";"Leather Task Chair, Black";"Furniture";"Chairs";1145
"TEC-AC-10002217";"Imation Clip USB flash drive - 8 GB";"Technology";"Accessories";1146
"OFF-AR-10000315";"Dixon Ticonderoga Maple Cedar Pencil, #2";"Office Supplies";"Art";1147
"OFF-PA-10004041";"It's Hot Message Books with Stickers, 2 3/4"" x 5""""""";"Office Supplies";"Paper";1148
"OFF-BI-10002954";"Newell 3-Hole Punched Plastic Slotted Magazine Holders for Binders";"Office Supplies";"Binders";1149
"OFF-FA-10000936";"Acco Hot Clips Clips to Go";"Office Supplies";"Fasteners";1150
"OFF-SU-10004768";"Acme Kleencut Forged Steel Scissors";"Office Supplies";"Supplies";1151
"TEC-PH-10001336";"Digium D40 VoIP phone";"Technology";"Phones";1152
"FUR-CH-10000422";"Global Highback Leather Tilter in Burgundy";"Furniture";"Chairs";1153
"OFF-PA-10002581";"Xerox 1951";"Office Supplies";"Paper";1154
"FUR-FU-10002685";"Executive Impressions 13-1/2"" Indoor/Outdoor Wall Clock""";"Furniture";"Furnishings";1155
"FUR-FU-10004963";"Eldon 400 Class Desk Accessories, Black Carbon";"Furniture";"Furnishings";1156
"OFF-BI-10000174";"Wilson Jones Clip & Carry Folder Binder Tool for Ring Binders, Clear";"Office Supplies";"Binders";1157
"TEC-MA-10003183";"DYMO CardScan Personal V9 Business Card Scanner";"Technology";"Machines";1158
"FUR-CH-10004875";"Harbour Creations 67200 Series Stacking Chairs";"Furniture";"Chairs";1159
"TEC-PH-10001459";"Samsung Galaxy Mega 6.3";"Technology";"Phones";1160
"TEC-AC-10001314";"Case Logic 2.4GHz Wireless Keyboard";"Technology";"Accessories";1161
"FUR-FU-10004848";"DAX Solid Wood Frames";"Furniture";"Furnishings";1162
"FUR-FU-10002445";"DAX Two-Tone Rosewood/Black Document Frame, Desktop, 5 x 7";"Furniture";"Furnishings";1163
"OFF-AP-10002403";"Acco Smartsocket Color-Coded Six-Outlet AC Adapter Model Surge Protectors";"Office Supplies";"Appliances";1164
"OFF-PA-10000213";"Xerox 198";"Office Supplies";"Paper";1165
"OFF-AR-10003087";"Staples in misc. colors";"Office Supplies";"Art";1166
"FUR-CH-10001797";"Safco Chair Connectors, 6/Carton";"Furniture";"Chairs";1167
"OFF-PA-10003848";"Xerox 1997";"Office Supplies";"Paper";1168
"TEC-PH-10000141";"Clearsounds A400";"Technology";"Phones";1169
"FUR-FU-10000755";"Eldon Expressions Mahogany Wood Desk Collection";"Furniture";"Furnishings";1170
"TEC-CO-10000971";"Hewlett Packard 310 Color Digital Copier";"Technology";"Copiers";1171
"OFF-BI-10004654";"VariCap6 Expandable Binder";"Office Supplies";"Binders";1172
"FUR-FU-10000550";"Stacking Trays by OIC";"Furniture";"Furnishings";1173
"TEC-MA-10004521";"Epson Perfection V600 Photo Scanner";"Technology";"Machines";1174
"OFF-BI-10003655";"Durable Pressboard Binders";"Office Supplies";"Binders";1175
"OFF-AP-10003779";"Kensington 7 Outlet MasterPiece Power Center with Fax/Phone Line Protection";"Office Supplies";"Appliances";1176
"TEC-AC-10004510";"Logitech Desktop MK120 Mouse and keyboard Combo";"Technology";"Accessories";1177
"OFF-FA-10002701";"Alliance Rubber Bands";"Office Supplies";"Fasteners";1178
"OFF-BI-10002799";"SlimView Poly Binder, 3/8""""";"Office Supplies";"Binders";1179
"OFF-AR-10003582";"Boston Electric Pencil Sharpener, Model 1818, Charcoal Black";"Office Supplies";"Art";1180
"FUR-FU-10004666";"DAX Clear Channel Poster Frame";"Furniture";"Furnishings";1181
"OFF-AP-10003281";"Acco 6 Outlet Guardian Standard Surge Suppressor";"Office Supplies";"Appliances";1182
"OFF-EN-10002312";"#10 Self-Seal White Envelopes";"Office Supplies";"Envelopes";1183
"FUR-CH-10002320";"Hon Pagoda Stacking Chairs";"Furniture";"Chairs";1184
"OFF-BI-10001249";"Avery Heavy-Duty EZD View Binder with Locking Rings";"Office Supplies";"Binders";1185
"OFF-BI-10000042";"Pressboard Data Binder, Crimson, 12"" X 8 1/2""""""";"Office Supplies";"Binders";1186
"OFF-AR-10001216";"Newell 339";"Office Supplies";"Art";1187
"TEC-AC-10002718";"Belkin Standard 104 key USB Keyboard";"Technology";"Accessories";1188
"FUR-FU-10003247";"36X48 HARDFLOOR CHAIRMAT";"Furniture";"Furnishings";1189
"TEC-PH-10002352";"Avaya IP Phone 1140E VoIP phone";"Technology";"Phones";1190
"FUR-TA-10003837";"Anderson Hickey Conga Table Tops & Accessories";"Furniture";"Tables";1191
"TEC-PH-10002350";"Apple EarPods with Remote and Mic";"Technology";"Phones";1192
"FUR-CH-10003774";"Global Wood Trimmed Manager's Task Chair, Khaki";"Furniture";"Chairs";1193
"TEC-AC-10000397";"Perixx PERIBOARD-512B, Ergonomic Split Keyboard";"Technology";"Accessories";1194
"OFF-AR-10000127";"Newell 321";"Office Supplies";"Art";1195
"TEC-AC-10004001";"Logitech Wireless Headset H600 Over-The-Head Design";"Technology";"Accessories";1196
"TEC-PH-10003811";"Jabra Supreme Plus Driver Edition Headset";"Technology";"Phones";1197
"OFF-BI-10002393";"Binder Posts";"Office Supplies";"Binders";1198
"OFF-FA-10001229";"Staples";"Office Supplies";"Fasteners";1199
"FUR-TA-10002855";"Bevis Round Conference Table Top & Single Column Base";"Furniture";"Tables";1200
"OFF-EN-10000781";"#10- 4 1/8"" x 9 1/2"""" Recycled Envelopes""";"Office Supplies";"Envelopes";1201
"OFF-BI-10002437";"Recycled Premium Regency Composition Covers";"Office Supplies";"Binders";1202
"OFF-PA-10002160";"Xerox 1978";"Office Supplies";"Paper";1203
"OFF-PA-10004255";"Xerox 219";"Office Supplies";"Paper";1204
"OFF-AR-10002257";"Eldon Spacemaker Box, Quick-Snap Lid, Clear";"Office Supplies";"Art";1205
"OFF-PA-10001184";"Xerox 1903";"Office Supplies";"Paper";1206
"OFF-FA-10004395";"Plymouth Boxed Rubber Bands by Plymouth";"Office Supplies";"Fasteners";1207
"TEC-AC-10002637";"Logitech VX Revolution Cordless Laser Mouse for Notebooks (Black)";"Technology";"Accessories";1208
"OFF-AP-10002534";"3.6 Cubic Foot Counter Height Office Refrigerator";"Office Supplies";"Appliances";1209
"FUR-BO-10000780";"O'Sullivan Plantations 2-Door Library in Landvery Oak";"Furniture";"Bookcases";1210
"FUR-TA-10003008";"Lesro Round Back Collection Coffee Table, End Table";"Furniture";"Tables";1211
"FUR-BO-10003034";"O'Sullivan Elevations Bookcase, Cherry Finish";"Furniture";"Bookcases";1212
"TEC-PH-10003072";"Panasonic KX-TG9541B DECT 6.0 Digital 2-Line Expandable Cordless Phone With Digital Answering System";"Technology";"Phones";1213
"OFF-PA-10001534";"Xerox 230";"Office Supplies";"Paper";1214
"OFF-ST-10000943";"Eldon ProFile File 'N Store Portable File Tub Letter/Legal Size Black";"Office Supplies";"Storage";1215
"FUR-FU-10002379";"Eldon Econocleat Chair Mats for Low Pile Carpets";"Furniture";"Furnishings";1216
"TEC-MA-10000112";"Panasonic KX MB2061 Multifunction Printer";"Technology";"Machines";1217
"OFF-PA-10000533";"Southworth Parchment Paper & Envelopes";"Office Supplies";"Paper";1218
"TEC-AC-10004171";"Razer Kraken 7.1 Surround Sound Over Ear USB Gaming Headset";"Technology";"Accessories";1219
"OFF-ST-10001172";"Tennsco Lockers, Sand";"Office Supplies";"Storage";1220
"TEC-PH-10000526";"Vtech CS6719";"Technology";"Phones";1221
"FUR-TA-10002645";"Hon Rectangular Conference Tables";"Furniture";"Tables";1222
"OFF-PA-10001661";"Xerox 1922";"Office Supplies";"Paper";1223
"OFF-PA-10001977";"Xerox 194";"Office Supplies";"Paper";1224
"OFF-BI-10003784";"Computer Printout Index Tabs";"Office Supplies";"Binders";1225
"OFF-BI-10004817";"GBC Personal VeloBind Strips";"Office Supplies";"Binders";1226
"FUR-BO-10003660";"Bush Cubix Collection Bookcases, Fully Assembled";"Furniture";"Bookcases";1227
"OFF-BI-10001617";"GBC Wire Binding Combs";"Office Supplies";"Binders";1228
"OFF-BI-10001267";"Universal Recycled Hanging Pressboard Report Binders, Letter Size";"Office Supplies";"Binders";1229
"OFF-PA-10002741";"Xerox 1980";"Office Supplies";"Paper";1230
"FUR-CH-10002439";"Iceberg Nesting Folding Chair, 19w x 6d x 43h";"Furniture";"Chairs";1231
"OFF-PA-10001471";"Strathmore Photo Frame Cards";"Office Supplies";"Paper";1232
"OFF-AP-10003057";"Honeywell Enviracaire Portable HEPA Air Cleaner for 16' x 20' Room";"Office Supplies";"Appliances";1233
"TEC-MA-10001972";"Okidata C331dn Printer";"Technology";"Machines";1234
"FUR-CH-10003833";"Novimex Fabric Task Chair";"Furniture";"Chairs";1235
"FUR-FU-10003464";"Seth Thomas 8 1/2"" Cubicle Clock""";"Furniture";"Furnishings";1236
"FUR-TA-10000849";"Bevis Rectangular Conference Tables";"Furniture";"Tables";1237
"FUR-FU-10003142";"Master Big Foot Doorstop, Beige";"Furniture";"Furnishings";1238
"TEC-PH-10002200";"Aastra 6757i CT Wireless VoIP phone";"Technology";"Phones";1239
"TEC-AC-10001114";"Microsoft Wireless Mobile Mouse 4000";"Technology";"Accessories";1240
"OFF-PA-10004438";"Xerox 1907";"Office Supplies";"Paper";1241
"OFF-EN-10002973";"Ampad #10 Peel & Seel Holiday Envelopes";"Office Supplies";"Envelopes";1242
"FUR-FU-10004586";"G.E. Longer-Life Indoor Recessed Floodlight Bulbs";"Furniture";"Furnishings";1243
"OFF-FA-10002975";"Staples";"Office Supplies";"Fasteners";1244
"OFF-BI-10003963";"Cardinal Holdit Data Disk Pockets";"Office Supplies";"Binders";1245
"OFF-ST-10003996";"Letter/Legal File Tote with Clear Snap-On Lid, Black Granite";"Office Supplies";"Storage";1246
"TEC-PH-10004908";"Panasonic KX TS3282W Corded phone";"Technology";"Phones";1247
"OFF-LA-10000081";"Avery 496";"Office Supplies";"Labels";1248
"FUR-CH-10004495";"Global Leather and Oak Executive Chair, Black";"Furniture";"Chairs";1249
"OFF-BI-10002571";"Avery Framed View Binder, EZD Ring (Locking), Navy, 1 1/2""""";"Office Supplies";"Binders";1250
"OFF-PA-10000726";"Black Print Carbonless Snap-Off Rapid Letter, 8 1/2"" x 7""""""";"Office Supplies";"Paper";1251
"TEC-MA-10000418";"Cubify CubeX 3D Printer Double Head Print";"Technology";"Machines";1252
"OFF-PA-10000477";"Xerox 1952";"Office Supplies";"Paper";1253
"OFF-BI-10004600";"Ibico Ibimaster 300 Manual Binding System";"Office Supplies";"Binders";1254
"OFF-BI-10004209";"Fellowes Twister Kit, Gray/Clear, 3/pkg";"Office Supplies";"Binders";1255
"OFF-PA-10004983";"Xerox 23";"Office Supplies";"Paper";1256
"OFF-BI-10004040";"Wilson Jones Impact Binders";"Office Supplies";"Binders";1257
"OFF-AP-10003590";"Hoover WindTunnel Plus Canister Vacuum";"Office Supplies";"Appliances";1258
"TEC-AC-10002800";"Plantronics Audio 478 Stereo USB Headset";"Technology";"Accessories";1259
"OFF-AR-10001615";"Newell 34";"Office Supplies";"Art";1260
"FUR-FU-10002107";"Eldon Pizzaz Desk Accessories";"Furniture";"Furnishings";1261
"OFF-PA-10000806";"Xerox 1934";"Office Supplies";"Paper";1262
"TEC-PH-10001299";"Polycom CX300 Desktop Phone USB VoIP phone";"Technology";"Phones";1263
"OFF-AR-10004260";"Boston 1799 Powerhouse Electric Pencil Sharpener";"Office Supplies";"Art";1264
"OFF-AR-10000896";"Newell 329";"Office Supplies";"Art";1265
"FUR-BO-10002213";"Sauder Forest Hills Library, Woodland Oak Finish";"Furniture";"Bookcases";1266
"OFF-EN-10004773";"Staple envelope";"Office Supplies";"Envelopes";1267
"FUR-TA-10003954";"Hon 94000 Series Round Tables";"Furniture";"Tables";1268
"TEC-PH-10002310";"Panasonic KX T7731-B Digital phone";"Technology";"Phones";1269
"OFF-BI-10001787";"Wilson Jones Four-Pocket Poly Binders";"Office Supplies";"Binders";1270
"FUR-CH-10001190";"Global Deluxe High-Back Office Chair in Storm";"Furniture";"Chairs";1271
"TEC-AC-10003289";"Anker Ultra-Slim Mini Bluetooth 3.0 Wireless Keyboard";"Technology";"Accessories";1272
"OFF-ST-10002957";"Sterilite Show Offs Storage Containers";"Office Supplies";"Storage";1273
"TEC-AC-10000682";"Kensington K72356US Mouse-in-a-Box USB Desktop Mouse";"Technology";"Accessories";1274
"OFF-FA-10001883";"Alliance Super-Size Bands, Assorted Sizes";"Office Supplies";"Fasteners";1275
"TEC-PH-10002468";"Plantronics CS 50-USB - headset - Convertible, Monaural";"Technology";"Phones";1276
"OFF-LA-10004545";"Avery 50";"Office Supplies";"Labels";1277
"TEC-PH-10001644";"BlueLounge Milo Smartphone Stand, White/Metallic";"Technology";"Phones";1278
"OFF-PA-10001295";"Computer Printout Paper with Letter-Trim Perforations";"Office Supplies";"Paper";1279
"OFF-SU-10002557";"Fiskars Spring-Action Scissors";"Office Supplies";"Supplies";1280
"OFF-LA-10000407";"Avery White Multi-Purpose Labels";"Office Supplies";"Labels";1281
"TEC-PH-10000912";"Anker 24W Portable Micro USB Car Charger";"Technology";"Phones";1282
"TEC-AC-10000420";"Logitech G500s Laser Gaming Mouse with Adjustable Weight Tuning";"Technology";"Accessories";1283
"OFF-ST-10001837";"SAFCO Mobile Desk Side File, Wire Frame";"Office Supplies";"Storage";1284
"OFF-EN-10004846";"Letter or Legal Size Expandable Poly String Tie Envelopes";"Office Supplies";"Envelopes";1285
"OFF-AR-10001473";"Newell 313";"Office Supplies";"Art";1286
"OFF-SU-10003567";"Stiletto Hand Letter Openers";"Office Supplies";"Supplies";1287
"TEC-PH-10001835";"Jawbone JAMBOX Wireless Bluetooth Speaker";"Technology";"Phones";1288
"OFF-ST-10002301";"Tennsco Commercial Shelving";"Office Supplies";"Storage";1289
"OFF-PA-10002245";"Xerox 1895";"Office Supplies";"Paper";1290
"TEC-PH-10003095";"Samsung HM1900 Bluetooth Headset";"Technology";"Phones";1291
"OFF-EN-10004483";"#10 White Business Envelopes,4 1/8 x 9 1/2";"Office Supplies";"Envelopes";1292
"TEC-PH-10004912";"Cisco SPA112 2 Port Phone Adapter";"Technology";"Phones";1293
"OFF-SU-10000151";"High Speed Automatic Electric Letter Opener";"Office Supplies";"Supplies";1294
"OFF-AR-10000799";"Col-Erase Pencils with Erasers";"Office Supplies";"Art";1295
"OFF-AP-10001293";"Belkin 8 Outlet Surge Protector";"Office Supplies";"Appliances";1296
"OFF-PA-10004609";"Xerox 221";"Office Supplies";"Paper";1297
"TEC-PH-10000675";"Panasonic KX TS3282B Corded phone";"Technology";"Phones";1298
"TEC-PH-10003171";"Plantronics Encore H101 Dual Earpieces Headset";"Technology";"Phones";1299
"OFF-ST-10003470";"Tennsco Snap-Together Open Shelving Units, Starter Sets and Add-On Units";"Office Supplies";"Storage";1300
"OFF-AP-10000595";"Disposable Triple-Filter Dust Bags";"Office Supplies";"Appliances";1301
"OFF-LA-10004559";"Avery 49";"Office Supplies";"Labels";1302
"TEC-AC-10003399";"Memorex Mini Travel Drive 64 GB USB 2.0 Flash Drive";"Technology";"Accessories";1303
"OFF-AP-10002651";"Hoover Upright Vacuum With Dirt Cup";"Office Supplies";"Appliances";1304
"TEC-MA-10002428";"Fellowes Powershred HS-440 4-Sheet High Security Shredder";"Technology";"Machines";1305
"OFF-LA-10000248";"Avery 52";"Office Supplies";"Labels";1306
"TEC-AC-10002550";"Maxell 4.7GB DVD-RW 3/Pack";"Technology";"Accessories";1307
"TEC-PH-10001128";"Motorola Droid Maxx";"Technology";"Phones";1308
"OFF-FA-10004076";"Translucent Push Pins by OIC";"Office Supplies";"Fasteners";1309
"OFF-PA-10001033";"Xerox 1893";"Office Supplies";"Paper";1310
"OFF-BI-10000829";"Avery Non-Stick Binders";"Office Supplies";"Binders";1311
"TEC-AC-10000474";"Kensington Expert Mouse Optical USB Trackball for PC or Mac";"Technology";"Accessories";1312
"TEC-PH-10002555";"Nortel Meridian M5316 Digital phone";"Technology";"Phones";1313
"FUR-FU-10002963";"Master Caster Door Stop, Gray";"Furniture";"Furnishings";1314
"FUR-BO-10003450";"Bush Westfield Collection Bookcases, Dark Cherry Finish";"Furniture";"Bookcases";1315
"FUR-FU-10000193";"Tenex Chairmats For Use with Hard Floors";"Furniture";"Furnishings";1316
"OFF-PA-10001289";"White Computer Printout Paper by Universal";"Office Supplies";"Paper";1317
"OFF-LA-10004008";"Avery 507";"Office Supplies";"Labels";1318
"OFF-BI-10000962";"Acco Flexible ACCOHIDE Square Ring Data Binder, Dark Blue, 11 1/2"" X 14"""" 7/8""""""";"Office Supplies";"Binders";1319
"OFF-AP-10002867";"Fellowes Command Center 5-outlet power strip";"Office Supplies";"Appliances";1320
"OFF-AR-10001177";"Newell 349";"Office Supplies";"Art";1321
"FUR-BO-10002916";"Rush Hierlooms Collection 1"" Thick Stackable Bookcases""";"Furniture";"Bookcases";1322
"FUR-FU-10004665";"3M Polarizing Task Lamp with Clamp Arm, Light Gray";"Furniture";"Furnishings";1323
"FUR-TA-10004152";"Barricks 18"" x 48"""" Non-Folding Utility Table with Bottom Storage Shelf""";"Furniture";"Tables";1324
"TEC-PH-10000369";"HTC One Mini";"Technology";"Phones";1325
"FUR-FU-10000672";"Executive Impressions 10"" Spectator Wall Clock""";"Furniture";"Furnishings";1326
"TEC-AC-10001590";"Dell Slim USB Multimedia Keyboard";"Technology";"Accessories";1327
"FUR-BO-10002598";"Hon Metal Bookcases, Putty";"Furniture";"Bookcases";1328
"FUR-FU-10004909";"Contemporary Wood/Metal Frame";"Furniture";"Furnishings";1329
"FUR-BO-10004357";"O'Sullivan Living Dimensions 3-Shelf Bookcases";"Furniture";"Bookcases";1330
"TEC-AC-10000387";"KeyTronic KT800P2 - Keyboard - Black";"Technology";"Accessories";1331
"OFF-ST-10004950";"Tenex Personal Filing Tote With Secure Closure Lid, Black/Frost";"Office Supplies";"Storage";1332
"OFF-BI-10001308";"GBC Standard Plastic Binding Systems' Combs";"Office Supplies";"Binders";1333
"OFF-BI-10001718";"GBC DocuBind P50 Personal Binding Machine";"Office Supplies";"Binders";1334
"OFF-PA-10004610";"Xerox 1900";"Office Supplies";"Paper";1335
"OFF-AP-10002734";"Holmes Harmony HEPA Air Purifier for 17 x 20 Room";"Office Supplies";"Appliances";1336
"FUR-FU-10000320";"OIC Stacking Trays";"Furniture";"Furnishings";1337
"FUR-FU-10004587";"GE General Use Halogen Bulbs, 100 Watts, 1 Bulb per Pack";"Furniture";"Furnishings";1338
"TEC-PH-10004833";"Macally Suction Cup Mount";"Technology";"Phones";1339
"FUR-CH-10003535";"Global Armless Task Chair, Royal Blue";"Furniture";"Chairs";1340
"FUR-FU-10001847";"Eldon Image Series Black Desk Accessories";"Furniture";"Furnishings";1341
"FUR-FU-10002045";"Executive Impressions 14""""";"Furniture";"Furnishings";1342
"FUR-FU-10004671";"Executive Impressions 12"" Wall Clock""";"Furniture";"Furnishings";1343
"FUR-TA-10003569";"Bretford CR8500 Series Meeting Room Furniture";"Furniture";"Tables";1344
"FUR-FU-10003919";"Eldon Executive Woodline II Cherry Finish Desk Accessories";"Furniture";"Furnishings";1345
"TEC-PH-10002310";"Plantronics Calisto P620-M USB Wireless Speakerphone System";"Technology";"Phones";1346
"FUR-FU-10002703";"Tenex Traditional Chairmats for Hard Floors, Average Lip, 36"" x 48""""""";"Furniture";"Furnishings";1347
"OFF-PA-10001752";"Hammermill CopyPlus Copy Paper (20Lb. and 84 Bright)";"Office Supplies";"Paper";1348
"OFF-FA-10000053";"Revere Boxed Rubber Bands by Revere";"Office Supplies";"Fasteners";1349
"TEC-PH-10002415";"Polycom VoiceStation 500 Conference phone";"Technology";"Phones";1350
"TEC-MA-10003356";"Panasonic KX MC6040 Color Laser Multifunction Printer";"Technology";"Machines";1351
"OFF-AR-10000657";"Binney & Smith inkTank Desk Highlighter, Chisel Tip, Yellow, 12/Box";"Office Supplies";"Art";1352
"OFF-AR-10003727";"Berol Giant Pencil Sharpener";"Office Supplies";"Art";1353
"OFF-PA-10004996";"Speediset Carbonless Redi-Letter 7"" x 8 1/2""""""";"Office Supplies";"Paper";1354
"OFF-AR-10004602";"Boston KS Multi-Size Manual Pencil Sharpener";"Office Supplies";"Art";1355
"TEC-AC-10001635";"KeyTronic KT400U2 - Keyboard - Black";"Technology";"Accessories";1356
"OFF-PA-10003363";"Xerox 204";"Office Supplies";"Paper";1357
"FUR-FU-10004091";"Eldon 200 Class Desk Accessories, Black";"Furniture";"Furnishings";1358
"OFF-LA-10003663";"Avery 498";"Office Supplies";"Labels";1359
"OFF-ST-10000078";"Tennsco 6- and 18-Compartment Lockers";"Office Supplies";"Storage";1360
"OFF-EN-10003001";"Ames Color-File Green Diamond Border X-ray Mailers";"Office Supplies";"Envelopes";1361
"OFF-PA-10000357";"Xerox 1888";"Office Supplies";"Paper";1362
"FUR-TA-10002958";"Bevis Oval Conference Table, Walnut";"Furniture";"Tables";1363
"OFF-AR-10004272";"Newell 308";"Office Supplies";"Art";1364
"FUR-TA-10001676";"Hon 61000 Series Interactive Training Tables";"Furniture";"Tables";1365
"TEC-PH-10001578";"Polycom SoundStation2 EX Conference phone";"Technology";"Phones";1366
"TEC-CO-10004722";"Canon imageCLASS 2200 Advanced Copier";"Technology";"Copiers";1367
"OFF-BI-10000822";"Acco PRESSTEX Data Binder with Storage Hooks, Light Blue, 9 1/2"" X 11""""""";"Office Supplies";"Binders";1368
"OFF-ST-10003638";"Mobile Personal File Cube";"Office Supplies";"Storage";1369
"TEC-MA-10002210";"Epson TM-T88V Direct Thermal Printer - Monochrome - Desktop";"Technology";"Machines";1370
"OFF-PA-10004888";"Xerox 217";"Office Supplies";"Paper";1371
"FUR-BO-10002213";"DMI Eclipse Executive Suite Bookcases";"Furniture";"Bookcases";1372
"OFF-BI-10003196";"Accohide Poly Flexible Ring Binders";"Office Supplies";"Binders";1373
"FUR-TA-10002622";"Bush Andora Conference Table, Maple/Graphite Gray Finish";"Furniture";"Tables";1374
"FUR-CH-10002017";"SAFCO Optional Arm Kit for Workspace Cribbage Stacking Chair";"Furniture";"Chairs";1375
"OFF-PA-10000418";"Xerox 189";"Office Supplies";"Paper";1376
"OFF-EN-10003040";"Quality Park Security Envelopes";"Office Supplies";"Envelopes";1377
"FUR-FU-10003829";"Stackable Trays";"Furniture";"Furnishings";1378
"FUR-TA-10001039";"KI Adjustable-Height Table";"Furniture";"Tables";1379
"OFF-PA-10000697";"TOPS Voice Message Log Book, Flash Format";"Office Supplies";"Paper";1380
"OFF-AR-10002240";"Panasonic KP-150 Electric Pencil Sharpener";"Office Supplies";"Art";1381
"OFF-AR-10004691";"Boston 1730 StandUp Electric Pencil Sharpener";"Office Supplies";"Art";1382
"FUR-FU-10004270";"Executive Impressions 13"" Clairmont Wall Clock""";"Furniture";"Furnishings";1383
"OFF-BI-10002867";"GBC Recycled Regency Composition Covers";"Office Supplies";"Binders";1384
"OFF-BI-10000948";"GBC Laser Imprintable Binding System Covers, Desert Sand";"Office Supplies";"Binders";1385
"FUR-FU-10003976";"DAX Executive Solid Wood Document Frame, Desktop or Hang, Mahogany, 5 x 7";"Furniture";"Furnishings";1386
"OFF-PA-10000223";"Xerox 2000";"Office Supplies";"Paper";1387
"TEC-PH-10000923";"Belkin SportFit Armband For iPhone 5s/5c, Fuchsia";"Technology";"Phones";1388
"TEC-AC-10002305";"KeyTronic E03601U1 - Keyboard - Beige";"Technology";"Accessories";1389
"TEC-PH-10002922";"ShoreTel ShorePhone IP 230 VoIP phone";"Technology";"Phones";1390
"FUR-FU-10003623";"DataProducts Ampli Magnifier Task Lamp, Black,";"Furniture";"Furnishings";1391
"TEC-AC-10000990";"Imation Bio 2GB USB Flash Drive Imation Corp";"Technology";"Accessories";1392
"OFF-PA-10000501";"Petty Cash Envelope";"Office Supplies";"Paper";1393
"OFF-AP-10000124";"Acco 6 Outlet Guardian Basic Surge Suppressor";"Office Supplies";"Appliances";1394
"OFF-PA-10000062";"Green Bar Computer Printout Paper";"Office Supplies";"Paper";1395
"OFF-AP-10004980";"3M Replacement Filter for Office Air Cleaner for 20' x 33' Room";"Office Supplies";"Appliances";1396
"OFF-AR-10004511";"Sanford Colorific Scented Colored Pencils, 12/Pack";"Office Supplies";"Art";1397
"FUR-BO-10003404";"Global Adaptabilites Bookcase, Cherry/Storm Gray Finish";"Furniture";"Bookcases";1398
"TEC-PH-10001750";"Samsung Rugby III";"Technology";"Phones";1399
"FUR-BO-10001608";"Hon Metal Bookcases, Black";"Furniture";"Bookcases";1400
"FUR-BO-10000112";"Bush Birmingham Collection Bookcase, Dark Cherry";"Furniture";"Bookcases";1401
"OFF-BI-10004233";"GBC Pre-Punched Binding Paper, Plastic, White, 8-1/2"" x 11""""""";"Office Supplies";"Binders";1402
"OFF-PA-10003883";"Message Book, Phone, Wirebound Standard Line Memo, 2 3/4"" X 5""""""";"Office Supplies";"Paper";1403
"TEC-PH-10002834";"Google Nexus 5";"Technology";"Phones";1404
"TEC-PH-10002807";"Motorla HX550 Universal Bluetooth Headset";"Technology";"Phones";1405
"FUR-CH-10003761";"Global Italian Leather Office Chair";"Furniture";"Chairs";1406
"TEC-PH-10004120";"AT&T 1080 Phone";"Technology";"Phones";1407
"FUR-FU-10002364";"Eldon Expressions Wood Desk Accessories, Oak";"Furniture";"Furnishings";1408
"OFF-PA-10004665";"Advantus Motivational Note Cards";"Office Supplies";"Paper";1409
"OFF-BI-10003476";"Avery Metallic Poly Binders";"Office Supplies";"Binders";1410
"OFF-BI-10001196";"Avery Flip-Chart Easel Binder, Black";"Office Supplies";"Binders";1411
"TEC-MA-10002859";"Ativa MDM8000 8-Sheet Micro-Cut Shredder";"Technology";"Machines";1412
"OFF-SU-10001664";"Acme Office Executive Series Stainless Steel Trimmers";"Office Supplies";"Supplies";1413
"TEC-MA-10002981";"I.R.I.S IRISCard Anywhere 5 Card Scanner";"Technology";"Machines";1414
"OFF-AP-10001947";"Acco 6 Outlet Guardian Premium Plus Surge Suppressor";"Office Supplies";"Appliances";1415
"FUR-TA-10003238";"Chromcraft Bull-Nose Wood 48"" x 96"""" Rectangular Conference Tables""";"Furniture";"Tables";1416
"OFF-LA-10001982";"Smead Alpha-Z Color-Coded Name Labels First Letter Starter Set";"Office Supplies";"Labels";1417
"TEC-PH-10003484";"Ooma Telo VoIP Home Phone System";"Technology";"Phones";1418
"OFF-PA-10000007";"Telephone Message Books with Fax/Mobile Section, 4 1/4"" x 6""""""";"Office Supplies";"Paper";1419
"OFF-PA-10000552";"Xerox 200";"Office Supplies";"Paper";1420
"TEC-PH-10001536";"Spigen Samsung Galaxy S5 Case Wallet";"Technology";"Phones";1421
"TEC-MA-10001148";"Okidata MB491 Multifunction Printer";"Technology";"Machines";1422
"OFF-AR-10004956";"Newell 33";"Office Supplies";"Art";1423
"OFF-AR-10004062";"Staples in misc. colors";"Office Supplies";"Art";1424
"OFF-AR-10003696";"Panasonic KP-350BK Electric Pencil Sharpener with Auto Stop";"Office Supplies";"Art";1425
"OFF-PA-10000551";"Array Memo Cubes";"Office Supplies";"Paper";1426
"OFF-BI-10004506";"Wilson Jones data.warehouse D-Ring Binders with DublLock";"Office Supplies";"Binders";1427
"OFF-PA-10000740";"Xerox 1982";"Office Supplies";"Paper";1428
"FUR-CH-10002084";"Hon Mobius Operator's Chair";"Furniture";"Chairs";1429
"OFF-AP-10000692";"Fellowes Mighty 8 Compact Surge Protector";"Office Supplies";"Appliances";1430
"OFF-ST-10000321";"Akro Stacking Bins";"Office Supplies";"Storage";1431
"OFF-AP-10000252";"Harmony HEPA Quiet Air Purifiers";"Office Supplies";"Appliances";1432
"OFF-AR-10001149";"Avery Hi-Liter Comfort Grip Fluorescent Highlighter, Yellow Ink";"Office Supplies";"Art";1433
"FUR-FU-10004748";"Howard Miller 16"" Diameter Gallery Wall Clock""";"Furniture";"Furnishings";1434
"TEC-PH-10003601";"Ativa D5772 2-Line 5.8GHz Digital Expandable Corded/Cordless Phone System with Answering & Caller ID/Call Waiting, Black/Silver";"Technology";"Phones";1435
"TEC-AC-10002134";"Rosewill 107 Normal Keys USB Wired Standard Keyboard";"Technology";"Accessories";1436
"TEC-PH-10004071";"PayAnywhere Card Reader";"Technology";"Phones";1437
"OFF-BI-10002003";"Ibico Presentation Index for Binding Systems";"Office Supplies";"Binders";1438
"OFF-PA-10004039";"Xerox 1882";"Office Supplies";"Paper";1439
"TEC-AC-10002550";"Memorex 25GB 6X Branded Blu-Ray Recordable Disc, 30/Pack";"Technology";"Accessories";1440
"FUR-FU-10001473";"Eldon Executive Woodline II Desk Accessories, Mahogany";"Furniture";"Furnishings";1441
"OFF-AR-10000538";"Boston Model 1800 Electric Pencil Sharpener, Gray";"Office Supplies";"Art";1442
"OFF-PA-10003016";"Adams ""While You Were Out"""" Message Pads""";"Office Supplies";"Paper";1443
"TEC-PH-10001079";"Polycom SoundPoint Pro SE-225 Corded phone";"Technology";"Phones";1444
"OFF-PA-10002246";"Wirebound Four 2-3/4 x 5 Forms per Page, 400 Sets per Book";"Office Supplies";"Paper";1445
"OFF-AP-10003842";"Euro-Pro Shark Turbo Vacuum";"Office Supplies";"Appliances";1446
"TEC-PH-10002890";"AT&T 17929 Lendline Telephone";"Technology";"Phones";1447
"FUR-CH-10000553";"Metal Folding Chairs, Beige, 4/Carton";"Furniture";"Chairs";1448
"TEC-MA-10003626";"Hewlett-Packard Deskjet 6540 Color Inkjet Printer";"Technology";"Machines";1449
"OFF-AR-10003469";"Nontoxic Chalk";"Office Supplies";"Art";1450
"OFF-PA-10003790";"Xerox 1991";"Office Supplies";"Paper";1451
"FUR-BO-10002202";"Atlantic Metals Mobile 2-Shelf Bookcases, Custom Colors";"Furniture";"Bookcases";1452
"TEC-MA-10002412";"Cisco TelePresence System EX90 Videoconferencing Unit";"Technology";"Machines";1453
"OFF-AR-10003183";"Avery Fluorescent Highlighter Four-Color Set";"Office Supplies";"Art";1454
"OFF-AR-10001725";"Boston Home & Office Model 2000 Electric Pencil Sharpeners";"Office Supplies";"Art";1455
"OFF-PA-10002319";"Xerox 1944";"Office Supplies";"Paper";1456
"OFF-AP-10002765";"Fellowes Advanced Computer Series Surge Protectors";"Office Supplies";"Appliances";1457
"OFF-AR-10004269";"Newell 31";"Office Supplies";"Art";1458
"OFF-PA-10001246";"Xerox 215";"Office Supplies";"Paper";1459
"OFF-BI-10003007";"Premium Transparent Presentation Covers, No Pattern/Clear, 8 1/2"" x 11""""""";"Office Supplies";"Binders";1460
"OFF-PA-10001815";"Xerox 1885";"Office Supplies";"Paper";1461
"OFF-PA-10002195";"Xerox 1966";"Office Supplies";"Paper";1462
"FUR-FU-10001876";"Computer Room Manger, 14""""";"Furniture";"Furnishings";1463
"OFF-ST-10003692";"Recycled Steel Personal File for Hanging File Folders";"Office Supplies";"Storage";1464
"TEC-PH-10001051";"HTC One";"Technology";"Phones";1465
"OFF-SU-10002522";"Acme Kleen Earth Office Shears";"Office Supplies";"Supplies";1466
"TEC-PH-10004531";"AT&T CL2909";"Technology";"Phones";1467
"TEC-AC-10004859";"Maxell Pro 80 Minute CD-R, 10/Pack";"Technology";"Accessories";1468
"TEC-PH-10000673";"Plantronics Voyager Pro HD - Bluetooth Headset";"Technology";"Phones";1469
"TEC-PH-10002075";"AT&T EL51110 DECT";"Technology";"Phones";1470
"TEC-PH-10003691";"BlackBerry Q10";"Technology";"Phones";1471
"OFF-AR-10000817";"Manco Dry-Lighter Erasable Highlighter";"Office Supplies";"Art";1472
"TEC-AC-10002558";"Imation Swivel Flash Drive USB flash drive - 8 GB";"Technology";"Accessories";1473
"OFF-SU-10000157";"Compact Automatic Electric Letter Opener";"Office Supplies";"Supplies";1474
"FUR-FU-10001731";"Acrylic Self-Standing Desk Frames";"Furniture";"Furnishings";1475
"TEC-AC-10004227";"SanDisk Ultra 16 GB MicroSDHC Class 10 Memory Card";"Technology";"Accessories";1476
"OFF-SU-10000952";"Fiskars Home & Office Scissors";"Office Supplies";"Supplies";1477
"TEC-AC-10004127";"SanDisk Cruzer 8 GB USB Flash Drive";"Technology";"Accessories";1478
"FUR-FU-10004597";"Eldon Cleatmat Chair Mats for Medium Pile Carpets";"Furniture";"Furnishings";1479
"OFF-BI-10002982";"Avery Self-Adhesive Photo Pockets for Polaroid Photos";"Office Supplies";"Binders";1480
"FUR-CH-10002758";"Hon Deluxe Fabric Upholstered Stacking Chairs, Squared Back";"Furniture";"Chairs";1481
"OFF-PA-10004285";"Xerox 1959";"Office Supplies";"Paper";1482
"OFF-ST-10000532";"Advantus Rolling Drawer Organizers";"Office Supplies";"Storage";1483
"OFF-AP-10001391";"Kensington 6 Outlet MasterPiece HOMEOFFICE Power Control Center";"Office Supplies";"Appliances";1484
"OFF-SU-10004782";"Elite 5"" Scissors""";"Office Supplies";"Supplies";1485
"OFF-PA-10000477";"Xerox 22";"Office Supplies";"Paper";1486
"TEC-AC-10003709";"Maxell 4.7GB DVD-R 5/Pack";"Technology";"Accessories";1487
"TEC-PH-10001944";"Wi-Ex zBoost YX540 Cellular Phone Signal Booster";"Technology";"Phones";1488
"OFF-BI-10003166";"GBC Plasticlear Binding Covers";"Office Supplies";"Binders";1489
"TEC-AC-10004145";"Logitech diNovo Edge Keyboard";"Technology";"Accessories";1490
"OFF-PA-10003919";"Xerox 1989";"Office Supplies";"Paper";1491
"OFF-ST-10004835";"Plastic Stacking Crates & Casters";"Office Supplies";"Storage";1492
"OFF-PA-10002001";"Xerox 1984";"Office Supplies";"Paper";1493
"OFF-AP-10000159";"Belkin F9M820V08 8 Outlet Surge";"Office Supplies";"Appliances";1494
"OFF-PA-10002787";"Xerox 227";"Office Supplies";"Paper";1495
"OFF-SU-10000432";"Acco Side-Punched Conventional Columnar Pads";"Office Supplies";"Supplies";1496
"OFF-AP-10001242";"APC 7 Outlet Network SurgeArrest Surge Protector";"Office Supplies";"Appliances";1497
"OFF-ST-10003123";"Fellowes Bases and Tops For Staxonsteel/High-Stak Systems";"Office Supplies";"Storage";1498
"OFF-LA-10004409";"Avery 492";"Office Supplies";"Labels";1499
"TEC-AC-10003433";"Maxell 4.7GB DVD+R 5/Pack";"Technology";"Accessories";1500
"OFF-ST-10001031";"Adjustable Personal File Tote";"Office Supplies";"Storage";1501
"TEC-PH-10003187";"Anker Astro Mini 3000mAh Ultra-Compact Portable Charger";"Technology";"Phones";1502
"OFF-FA-10002763";"Advantus Map Pennant Flags and Round Head Tacks";"Office Supplies";"Fasteners";1503
"OFF-LA-10000476";"Avery 05222 Permanent Self-Adhesive File Folder Labels for Typewriters, on Rolls, White, 250/Roll";"Office Supplies";"Labels";1504
"OFF-PA-10004239";"Xerox 1953";"Office Supplies";"Paper";1505
"OFF-AR-10002987";"Prismacolor Color Pencil Set";"Office Supplies";"Art";1506
"OFF-PA-10004782";"Xerox 228";"Office Supplies";"Paper";1507
"TEC-CO-10001571";"Sharp 1540cs Digital Laser Copier";"Technology";"Copiers";1508
"OFF-BI-10003708";"Acco Four Pocket Poly Ring Binder with Label Holder, Smoke, 1""""";"Office Supplies";"Binders";1509
"FUR-FU-10001185";"Advantus Employee of the Month Certificate Frame, 11 x 13-1/2";"Furniture";"Furnishings";1510
"OFF-BI-10001191";"Canvas Sectional Post Binders";"Office Supplies";"Binders";1511
"OFF-PA-10003270";"Xerox 1954";"Office Supplies";"Paper";1512
"OFF-PA-10003673";"Strathmore Photo Mount Cards";"Office Supplies";"Paper";1513
"OFF-PA-10001639";"Xerox 203";"Office Supplies";"Paper";1514
"FUR-FU-10000308";"Deflect-o Glass Clear Studded Chair Mats";"Furniture";"Furnishings";1515
"OFF-PA-10002421";"Embossed Ink Jet Note Cards";"Office Supplies";"Paper";1516
"OFF-PA-10002923";"Xerox 1942";"Office Supplies";"Paper";1517
"TEC-AC-10004975";"Plantronics Audio 995 Wireless Stereo Headset";"Technology";"Accessories";1518
"OFF-ST-10001128";"Carina Mini System Audio Rack, Model AR050B";"Office Supplies";"Storage";1519
"OFF-BI-10004364";"Storex Dura Pro Binders";"Office Supplies";"Binders";1520
"OFF-PA-10001712";"Xerox 1948";"Office Supplies";"Paper";1521
"FUR-CH-10004289";"Global Super Steno Chair";"Furniture";"Chairs";1522
"TEC-PH-10002564";"OtterBox Defender Series Case - Samsung Galaxy S4";"Technology";"Phones";1523
"OFF-BI-10004876";"Wilson Jones Suede Grain Vinyl Binders";"Office Supplies";"Binders";1524
"TEC-PH-10004348";"OtterBox Defender Series Case - iPhone 5c";"Technology";"Phones";1525
"OFF-PA-10000520";"Xerox 201";"Office Supplies";"Paper";1526
"FUR-FU-10003832";"Eldon Expressions Punched Metal & Wood Desk Accessories, Black & Cherry";"Furniture";"Furnishings";1527
"FUR-FU-10000409";"GE 4 Foot Flourescent Tube, 40 Watt";"Furniture";"Furnishings";1528
"TEC-PH-10004389";"Nokia Lumia 925";"Technology";"Phones";1529
"OFF-SU-10000946";"Staple remover";"Office Supplies";"Supplies";1530
"FUR-FU-10001546";"Dana Swing-Arm Lamps";"Furniture";"Furnishings";1531
"OFF-PA-10000791";"Wirebound Message Books, Four 2 3/4 x 5 Forms per Page, 200 Sets per Book";"Office Supplies";"Paper";1532
"FUR-FU-10002396";"DAX Copper Panel Document Frame, 5 x 7 Size";"Furniture";"Furnishings";1533
"TEC-AC-10002331";"Maxell 74 Minute CDR, 10/Pack";"Technology";"Accessories";1534
"OFF-PA-10003739";"Xerox 1969";"Office Supplies";"Paper";1535
"FUR-FU-10000771";"Eldon 200 Class Desk Accessories, Smoke";"Furniture";"Furnishings";1536
"OFF-ST-10002615";"Dual Level, Single-Width Filing Carts";"Office Supplies";"Storage";1537
"OFF-PA-10000327";"Xerox 1971";"Office Supplies";"Paper";1538
"TEC-AC-10001090";"Micro Innovations Wireless Classic Keyboard with Mouse";"Technology";"Accessories";1539
"OFF-EN-10003286";"Staple envelope";"Office Supplies";"Envelopes";1540
"OFF-AR-10003772";"Boston 16750 Black Compact Battery Pencil Sharpener";"Office Supplies";"Art";1541
"FUR-BO-10004218";"Bush Heritage Pine Collection 5-Shelf Bookcase, Albany Pine Finish, *Special Order";"Furniture";"Bookcases";1542
"OFF-AR-10003338";"Eberhard Faber 3 1/2"" Golf Pencils""";"Office Supplies";"Art";1543
"TEC-PH-10001619";"LG G3";"Technology";"Phones";1544
"OFF-PA-10000246";"Riverleaf Stik-Withit Designer Note Cubes";"Office Supplies";"Paper";1545
"OFF-PA-10001461";"HP Office Paper (20Lb. and 87 Bright)";"Office Supplies";"Paper";1546
"OFF-AR-10004165";"Binney & Smith inkTank Erasable Pocket Highlighter, Chisel Tip, Yellow";"Office Supplies";"Art";1547
"OFF-EN-10001028";"Staple envelope";"Office Supplies";"Envelopes";1548
"TEC-PH-10003535";"RCA ViSYS 25423RE1 Corded phone";"Technology";"Phones";1549
"FUR-FU-10001085";"3M Polarizing Light Filter Sleeves";"Furniture";"Furnishings";1550
"FUR-FU-10002116";"Tenex Carpeted, Granite-Look or Clear Contemporary Contour Shape Chair Mats";"Furniture";"Furnishings";1551
"FUR-FU-10003026";"Eldon Regeneration Recycled Desk Accessories, Black";"Furniture";"Furnishings";1552
"OFF-AR-10003481";"Newell 348";"Office Supplies";"Art";1553
"OFF-ST-10001034";"Eldon File Chest Portable File";"Office Supplies";"Storage";1554
"OFF-PA-10002606";"Xerox 1928";"Office Supplies";"Paper";1555
"TEC-AC-10000521";"Verbatim Slim CD and DVD Storage Cases, 50/Pack";"Technology";"Accessories";1556
"FUR-FU-10003731";"Eldon Expressions Wood and Plastic Desk Accessories, Oak";"Furniture";"Furnishings";1557
"OFF-AP-10001962";"Black & Decker Filter for Double Action Dustbuster Cordless Vac BLDV7210";"Office Supplies";"Appliances";1558
"OFF-SU-10003002";"Letter Slitter";"Office Supplies";"Supplies";1559
"TEC-PH-10000730";"Samsung Galaxy S4 Active";"Technology";"Phones";1560
"FUR-FU-10003798";"Ultra Door Kickplate, 8""H x 34""""W""";"Furniture";"Furnishings";1561
"FUR-CH-10004983";"Office Star - Mid Back Dual function Ergonomic High Back Chair with 2-Way Adjustable Arms";"Furniture";"Chairs";1562
"OFF-FA-10001332";"Acco Banker's Clasps, 5 3/4""-Long""";"Office Supplies";"Fasteners";1563
"TEC-AC-10001874";"Logitech Wireless Anywhere Mouse MX for PC and Mac";"Technology";"Accessories";1564
"OFF-BI-10000494";"Acco Economy Flexible Poly Round Ring Binder";"Office Supplies";"Binders";1565
"TEC-CO-10003763";"Canon PC1060 Personal Laser Copier";"Technology";"Copiers";1566
"OFF-AR-10002704";"Boston 1900 Electric Pencil Sharpener";"Office Supplies";"Art";1567
"FUR-TA-10003469";"Balt Split Level Computer Training Table";"Furniture";"Tables";1568
"FUR-TA-10001866";"Bevis Round Conference Room Tables and Bases";"Furniture";"Tables";1569
"OFF-AP-10002222";"Staple holder";"Office Supplies";"Appliances";1570
"OFF-AR-10003179";"Dixon Ticonderoga Core-Lock Colored Pencils";"Office Supplies";"Art";1571
"OFF-PA-10003971";"Xerox 1965";"Office Supplies";"Paper";1572
"TEC-AC-10002942";"WD My Passport Ultra 1TB Portable External Hard Drive";"Technology";"Accessories";1573
"FUR-CH-10003606";"SAFCO Folding Chair Trolley";"Furniture";"Chairs";1574
"OFF-AP-10004036";"Bionaire 99.97% HEPA Air Cleaner";"Office Supplies";"Appliances";1575
"FUR-CH-10003298";"Office Star - Contemporary Task Swivel chair with Loop Arms, Charcoal";"Furniture";"Chairs";1576
"TEC-MA-10001016";"Canon PC170 Desktop Personal Copier";"Technology";"Machines";1577
"OFF-AP-10002287";"Eureka Sanitaire  Multi-Pro Heavy-Duty Upright, Disposable Bags";"Office Supplies";"Appliances";1578
"OFF-LA-10003537";"Avery 515";"Office Supplies";"Labels";1579
"OFF-PA-10000069";"TOPS 4 x 6 Fluorescent Color Memo Sheets, 500 Sheets per Pack";"Office Supplies";"Paper";1580
"TEC-AC-10001553";"Memorex 25GB 6X Branded Blu-Ray Recordable Disc, 15/Pack";"Technology";"Accessories";1581
"FUR-FU-10001215";"Howard Miller 11-1/2"" Diameter Brentwood Wall Clock""";"Furniture";"Furnishings";1582
"FUR-FU-10004017";"Executive Impressions 13"" Chairman Wall Clock""";"Furniture";"Furnishings";1583
"FUR-TA-10001950";"Balt Solid Wood Round Tables";"Furniture";"Tables";1584
"OFF-PA-10004733";"Things To Do Today Spiral Book";"Office Supplies";"Paper";1585
"TEC-PH-10001527";"Plantronics MX500i Earset";"Technology";"Phones";1586
"TEC-AC-10004814";"Logitech Illuminated Ultrathin Keyboard with Backlighting";"Technology";"Accessories";1587
"TEC-AC-10003095";"Logitech G35 7.1-Channel Surround Sound Headset";"Technology";"Accessories";1588
"OFF-SU-10002301";"Serrated Blade or Curved Handle Hand Letter Openers";"Office Supplies";"Supplies";1589
"TEC-AC-10000358";"Imation Secure Drive + Hardware Encrypted USB flash drive - 16 GB";"Technology";"Accessories";1590
"OFF-EN-10004147";"Wausau Papers Astrobrights Colored Envelopes";"Office Supplies";"Envelopes";1591
"OFF-BI-10004318";"Ibico EB-19 Dual Function Manual Binding System";"Office Supplies";"Binders";1592
"OFF-PA-10002499";"Xerox 1890";"Office Supplies";"Paper";1593
"TEC-PH-10003215";"Jackery Bar Premium Fast-charging Portable Charger";"Technology";"Phones";1594
"FUR-FU-10001468";"Tenex Antistatic Computer Chair Mats";"Furniture";"Furnishings";1595
"OFF-LA-10002945";"Permanent Self-Adhesive File Folder Labels for Typewriters, 1 1/8 x 3 1/2, White";"Office Supplies";"Labels";1596
"FUR-FU-10004164";"Eldon 300 Class Desk Accessories, Black";"Furniture";"Furnishings";1597
"OFF-AP-10000026";"Tripp Lite Isotel 6 Outlet Surge Protector with Fax/Modem Protection";"Office Supplies";"Appliances";1598
"OFF-AR-10002766";"Prang Drawing Pencil Set";"Office Supplies";"Art";1599
"TEC-AC-10001539";"Logitech G430 Surround Sound Gaming Headset with Dolby 7.1 Technology";"Technology";"Accessories";1600
"OFF-PA-10003936";"Xerox 1994";"Office Supplies";"Paper";1601
"TEC-PH-10004434";"Cisco IP Phone 7961G VoIP phone - Dark gray";"Technology";"Phones";1602
"TEC-PH-10002789";"LG Exalt";"Technology";"Phones";1603
"FUR-FU-10002501";"Nu-Dell Executive Frame";"Furniture";"Furnishings";1604
"FUR-BO-10000711";"Hon Metal Bookcases, Gray";"Furniture";"Bookcases";1605
"OFF-BI-10004828";"GBC Poly Designer Binding Covers";"Office Supplies";"Binders";1606
"OFF-BI-10001120";"Ibico EPK-21 Electric Binding System";"Office Supplies";"Binders";1607
"OFF-AR-10001770";"Economy #2 Pencils";"Office Supplies";"Art";1608
"OFF-AP-10004655";"Holmes Visible Mist Ultrasonic Humidifier with 2.3-Gallon Output per Day, Replacement Filter";"Office Supplies";"Appliances";1609
"FUR-FU-10004904";"Eldon ""L"""" Workstation Diamond Chairmat""";"Furniture";"Furnishings";1610
"FUR-BO-10004360";"Rush Hierlooms Collection Rich Wood Bookcases";"Furniture";"Bookcases";1611
"TEC-AC-10000199";"Kingston Digital DataTraveler 8GB USB 2.0";"Technology";"Accessories";1612
"TEC-MA-10001127";"HP Designjet T520 Inkjet Large Format Printer - 24"" Color""";"Technology";"Machines";1613
"OFF-AR-10001227";"Newell 338";"Office Supplies";"Art";1614
"FUR-CH-10000229";"Global Enterprise Series Seating High-Back Swivel/Tilt Chairs";"Furniture";"Chairs";1615
"FUR-BO-10002853";"O'Sullivan 5-Shelf Heavy-Duty Bookcases";"Furniture";"Bookcases";1616
"OFF-PA-10004022";"Hammermill Color Copier Paper (28Lb. and 96 Bright)";"Office Supplies";"Paper";1617
"OFF-PA-10004248";"Xerox 1990";"Office Supplies";"Paper";1618
"OFF-PA-10001363";"Xerox 1933";"Office Supplies";"Paper";1619
"OFF-BI-10003876";"Green Canvas Binder for 8-1/2"" x 14"""" Sheets""";"Office Supplies";"Binders";1620
"OFF-EN-10004007";"Park Ridge Embossed Executive Business Envelopes";"Office Supplies";"Envelopes";1621
"FUR-BO-10003894";"Safco Value Mate Steel Bookcase, Baked Enamel Finish on Steel, Black";"Furniture";"Bookcases";1622
"TEC-MA-10001570";"Cisco Desktop Collaboration Experience DX650 IP Video Phone";"Technology";"Machines";1623
"FUR-FU-10003930";"Howard Miller 12-3/4 Diameter Accuwave DS  Wall Clock";"Furniture";"Furnishings";1624
"OFF-PA-10000232";"Xerox 1975";"Office Supplies";"Paper";1625
"OFF-AR-10001972";"Newell 323";"Office Supplies";"Art";1626
"OFF-AR-10004587";"Boston 1827 Commercial Additional Cutter, Drive Gear & Gear Rack for 1606";"Office Supplies";"Art";1627
"OFF-AP-10001366";"Staple holder";"Office Supplies";"Appliances";1628
"TEC-MA-10001047";"3D Systems Cube Printer, 2nd Generation, Magenta";"Technology";"Machines";1629
"OFF-LA-10003720";"Avery 487";"Office Supplies";"Labels";1630
"TEC-MA-10003246";"Hewlett-Packard Deskjet D4360 Printer";"Technology";"Machines";1631
"FUR-FU-10000175";"DAX Wood Document Frame.";"Furniture";"Furnishings";1632
"OFF-PA-10000556";"Xerox 208";"Office Supplies";"Paper";1633
"TEC-AC-10003237";"Memorex Micro Travel Drive 4 GB";"Technology";"Accessories";1634
"OFF-EN-10003068";"#6 3/4 Gummed Flap White Envelopes";"Office Supplies";"Envelopes";1635
"FUR-FU-10004053";"DAX Two-Tone Silver Metal Document Frame";"Furniture";"Furnishings";1636
"OFF-PA-10000565";"Easy-staple paper";"Office Supplies";"Paper";1637
"OFF-LA-10000414";"Avery 503";"Office Supplies";"Labels";1638
"OFF-AP-10002998";"Holmes 99% HEPA Air Purifier";"Office Supplies";"Appliances";1639
"FUR-BO-10004690";"O'Sullivan Cherrywood Estates Traditional Barrister Bookcase";"Furniture";"Bookcases";1640
"OFF-AR-10002445";"SANFORD Major Accent Highlighters";"Office Supplies";"Art";1641
"FUR-BO-10003546";"Hon 4-Shelf Metal Bookcases";"Furniture";"Bookcases";1642
"FUR-TA-10003392";"Global Adaptabilities Conference Tables";"Furniture";"Tables";1643
"OFF-AR-10003217";"Newell 316";"Office Supplies";"Art";1644
"OFF-ST-10001932";"Fellowes Staxonsteel Drawer Files";"Office Supplies";"Storage";1645
"OFF-AR-10001761";"Avery Hi-Liter Smear-Safe Highlighters";"Office Supplies";"Art";1646
"OFF-PA-10003022";"Xerox 1992";"Office Supplies";"Paper";1647
"FUR-TA-10004442";"Riverside Furniture Stanwyck Manor Table Series";"Furniture";"Tables";1648
"OFF-ST-10000129";"Fellowes Recycled Storage Drawers";"Office Supplies";"Storage";1649
"OFF-PA-10004948";"Xerox 190";"Office Supplies";"Paper";1650
"OFF-PA-10001725";"Xerox 1892";"Office Supplies";"Paper";1651
"TEC-PH-10000213";"Seidio BD2-HK3IPH5-BK DILEX Case and Holster Combo for Apple iPhone 5/5s - Black";"Technology";"Phones";1652
"OFF-ST-10003805";"24 Capacity Maxi Data Binder Racks, Pearl";"Office Supplies";"Storage";1653
"OFF-PA-10004353";"Southworth 25% Cotton Premium Laser Paper and Envelopes";"Office Supplies";"Paper";1654
"OFF-EN-10004206";"Multimedia Mailers";"Office Supplies";"Envelopes";1655
"OFF-LA-10003388";"Avery 5";"Office Supplies";"Labels";1656
"TEC-PH-10000193";"Jensen SMPS-640 - speaker phone";"Technology";"Phones";1657
"FUR-FU-10002111";"Master Caster Door Stop, Large Brown";"Furniture";"Furnishings";1658
"OFF-ST-10000885";"Fellowes Desktop Hanging File Manager";"Office Supplies";"Storage";1659
"OFF-PA-10002709";"Xerox 1956";"Office Supplies";"Paper";1660
"FUR-FU-10003424";"Nu-Dell Oak Frame";"Furniture";"Furnishings";1661
"OFF-BI-10003718";"GBC Therma-A-Bind 250T Electric Binding System";"Office Supplies";"Binders";1662
"FUR-FU-10002508";"Document Clip Frames";"Furniture";"Furnishings";1663
"OFF-AP-10004052";"Hoover Replacement Belts For Soft Guard & Commercial Ltweight Upright Vacs, 2/Pk";"Office Supplies";"Appliances";1664
"OFF-PA-10003134";"Xerox 1937";"Office Supplies";"Paper";1665
"FUR-FU-10000719";"DAX Cubicle Frames, 8-1/2 x 11";"Furniture";"Furnishings";1666
"FUR-BO-10003893";"Sauder Camden County Collection Library";"Furniture";"Bookcases";1667
"TEC-CO-10001943";"Canon PC-428 Personal Copier";"Technology";"Copiers";1668
"FUR-CH-10000749";"Office Star - Ergonomic Mid Back Chair with 2-Way Adjustable Arms";"Furniture";"Chairs";1669
"OFF-PA-10003228";"Xerox 1917";"Office Supplies";"Paper";1670
"TEC-AC-10001542";"SanDisk Cruzer 16 GB USB Flash Drive";"Technology";"Accessories";1671
"TEC-AC-10004877";"Imation 30456 USB Flash Drive 8GB";"Technology";"Accessories";1672
"TEC-PH-10001305";"Panasonic KX TS208W Corded phone";"Technology";"Phones";1673
"OFF-PA-10000483";"Xerox 19";"Office Supplies";"Paper";1674
"TEC-AC-10000487";"SanDisk Cruzer 4 GB USB Flash Drive";"Technology";"Accessories";1675
"TEC-AC-10002018";"AmazonBasics 3-Button USB Wired Mouse";"Technology";"Accessories";1676
"OFF-PA-10004381";"14-7/8 x 11 Blue Bar Computer Printout Paper";"Office Supplies";"Paper";1677
"OFF-SU-10001212";"Kleencut Forged Office Shears by Acme United Corporation";"Office Supplies";"Supplies";1678
"OFF-BI-10000201";"Avery Triangle Shaped Sheet Lifters, Black, 2/Pack";"Office Supplies";"Binders";1679
"TEC-AC-10004396";"Logitech Keyboard K120";"Technology";"Accessories";1680
"OFF-PA-10001166";"Xerox 1932";"Office Supplies";"Paper";1681
"OFF-AR-10002467";"Dixon Ticonderoga Pencils";"Office Supplies";"Art";1682
"FUR-FU-10002813";"DAX Contemporary Wood Frame with Silver Metal Mat, Desktop, 11 x 14 Size";"Furniture";"Furnishings";1683
"TEC-MA-10000752";"Texas Instrument TI-15 Fraction Calculator";"Technology";"Machines";1684
"FUR-FU-10004845";"Deflect-o EconoMat Nonstudded, No Bevel Mat";"Furniture";"Furnishings";1685
"OFF-FA-10000840";"OIC Thumb-Tacks";"Office Supplies";"Fasteners";1686
"OFF-AR-10001231";"Sanford EarthWrite Recycled Pencils, Medium Soft, #2";"Office Supplies";"Art";1687
"TEC-PH-10004875";"PNY Rapid USB Car Charger - Black";"Technology";"Phones";1688
"FUR-CH-10001802";"Hon Every-Day Chair Series Swivel Task Chairs";"Furniture";"Chairs";1689
"TEC-PH-10003356";"SmartStand Mobile Device Holder, Assorted Colors";"Technology";"Phones";1690
"OFF-AP-10002670";"Belkin 8-Outlet Premiere SurgeMaster II Surge Protectors";"Office Supplies";"Appliances";1691
"OFF-FA-10003485";"Staples";"Office Supplies";"Fasteners";1692
"OFF-PA-10003036";"Black Print Carbonless 8 1/2"" x 8 1/4"""" Rapid Memo Book""";"Office Supplies";"Paper";1693
"OFF-AP-10000390";"Euro Pro Shark Stick Mini Vacuum";"Office Supplies";"Appliances";1694
"TEC-PH-10001870";"Lunatik TT5L-002 Taktik Strike Impact Protection System for iPhone 5";"Technology";"Phones";1695
"OFF-PA-10002764";"Easy-staple paper";"Office Supplies";"Paper";1696
"OFF-PA-10000143";"Astroparche Fine Business Paper";"Office Supplies";"Paper";1697
"OFF-ST-10002182";"Iris 3-Drawer Stacking Bin, Black";"Office Supplies";"Storage";1698
"TEC-MA-10000045";"Zebra ZM400 Thermal Label Printer";"Technology";"Machines";1699
"TEC-PH-10001468";"Panasonic Business Telephones KX-T7736";"Technology";"Phones";1700
"OFF-ST-10000136";"Letter Size File";"Office Supplies";"Storage";1701
"TEC-PH-10004522";"Dexim XPower Skin Super-Thin Power Case for iPhone 5 - Black";"Technology";"Phones";1702
"OFF-AR-10004010";"Hunt Boston Vacuum Mount KS Pencil Sharpener";"Office Supplies";"Art";1703
"TEC-PH-10002584";"Samsung Galaxy S4";"Technology";"Phones";1704
"FUR-CH-10004626";"Office Star Flex Back Scooter Chair with Aluminum Finish Frame";"Furniture";"Chairs";1705
"OFF-ST-10003572";"Portfile Personal File Boxes";"Office Supplies";"Storage";1706
"TEC-PH-10000562";"Samsung Convoy 3";"Technology";"Phones";1707
"FUR-CH-10001545";"Hon Comfortask Task/Swivel Chairs";"Furniture";"Chairs";1708
"FUR-FU-10001025";"Eldon Imàge Series Desk Accessories, Clear";"Furniture";"Furnishings";1709
"OFF-EN-10002592";"Peel & Seel Recycled Catalog Envelopes, Brown";"Office Supplies";"Envelopes";1710
"OFF-LA-10004178";"Avery 491";"Office Supplies";"Labels";1711
"OFF-AR-10000914";"Boston 16765 Mini Stand Up Battery Pencil Sharpener";"Office Supplies";"Art";1712
"OFF-PA-10003797";"Xerox 209";"Office Supplies";"Paper";1713
"OFF-LA-10003498";"Avery 475";"Office Supplies";"Labels";1714
"TEC-MA-10003329";"Vtech AT&T CL2940 Corded Speakerphone, Black";"Technology";"Machines";1715
"OFF-EN-10003448";"Peel & Seel Recycled Catalog Envelopes, Brown";"Office Supplies";"Envelopes";1716
"FUR-FU-10000747";"Tenex B1-RE Series Chair Mats for Low Pile Carpets";"Furniture";"Furnishings";1717
"OFF-AP-10000938";"Avanti 1.7 Cu. Ft. Refrigerator";"Office Supplies";"Appliances";1718
"TEC-PH-10004100";"Griffin GC17055 Auxiliary Audio Cable";"Technology";"Phones";1719
"OFF-SU-10004737";"Acme Design Stainless Steel Bent Scissors";"Office Supplies";"Supplies";1720
"OFF-ST-10000636";"Rogers Profile Extra Capacity Storage Tub";"Office Supplies";"Storage";1721
"FUR-TA-10001691";"Barricks Non-Folding Utility Table with Steel Legs, Laminate Tops";"Furniture";"Tables";1722
"TEC-PH-10003174";"RCA ViSYS 25825 Wireless digital phone";"Technology";"Phones";1723
"TEC-MA-10003173";"Hewlett-Packard 300S Scientific Calculator";"Technology";"Machines";1724
"OFF-PA-10001497";"Xerox 1914";"Office Supplies";"Paper";1725
"OFF-LA-10000305";"Avery 495";"Office Supplies";"Labels";1726
"OFF-PA-10001952";"Xerox 1902";"Office Supplies";"Paper";1727
"TEC-PH-10002583";"iOttie HLCRIO102 Car Mount";"Technology";"Phones";1728
"OFF-SU-10004661";"Acme Titanium Bonded Scissors";"Office Supplies";"Supplies";1729
"OFF-AR-10003876";"Avery Hi-Liter GlideStik Fluorescent Highlighter, Yellow Ink";"Office Supplies";"Art";1730
"OFF-BI-10002026";"Ibico Recycled Linen-Style Covers";"Office Supplies";"Binders";1731
"FUR-FU-10004864";"Eldon 500 Class Desk Accessories";"Furniture";"Furnishings";1732
"OFF-PA-10001826";"Xerox 207";"Office Supplies";"Paper";1733
"OFF-PA-10003063";"EcoTones Memo Sheets";"Office Supplies";"Paper";1734
"TEC-MA-10001031";"Socket Bluetooth Cordless Hand Scanner (CHS)";"Technology";"Machines";1735
"TEC-MA-10003176";"Okidata B400 Printer";"Technology";"Machines";1736
"TEC-AC-10002647";"Logitech Wireless Boombox Speaker - portable - wireless, wired";"Technology";"Accessories";1737
"TEC-PH-10002114";"Xiaomi Mi3";"Technology";"Phones";1738
"OFF-PA-10001593";"Xerox 1947";"Office Supplies";"Paper";1739
"OFF-PA-10003302";"Xerox 1906";"Office Supplies";"Paper";1740
"TEC-AC-10004803";"Sony Micro Vault Click 4 GB USB 2.0 Flash Drive";"Technology";"Accessories";1741
"TEC-MA-10000423";"Texas Instruments TI-34 Scientific Calculator";"Technology";"Machines";1742
"OFF-PA-10001801";"Xerox 193";"Office Supplies";"Paper";1743
"OFF-PA-10003022";"Standard Line “While You Were Out” Hardbound Telephone Message Book";"Office Supplies";"Paper";1744
"TEC-PH-10000127";"iOttie XL Car Mount";"Technology";"Phones";1745
"TEC-AC-10004992";"Kingston Digital DataTraveler 64GB USB 2.0";"Technology";"Accessories";1746
"OFF-AP-10001564";"Hoover Commercial Lightweight Upright Vacuum with E-Z Empty Dirt Cup";"Office Supplies";"Appliances";1747
"OFF-BI-10004099";"GBC VeloBinder Strips";"Office Supplies";"Binders";1748
"TEC-AC-10004595";"First Data TMFD35 PIN Pad";"Technology";"Accessories";1749
"OFF-PA-10001215";"Xerox 1963";"Office Supplies";"Paper";1750
"FUR-FU-10002874";"Ultra Commercial Grade Dual Valve Door Closer";"Furniture";"Furnishings";1751
"TEC-AC-10003870";"Logitech Z-906 Speaker sys - home theater - 5.1-CH";"Technology";"Accessories";1752
"FUR-FU-10003489";"Contemporary Borderless Frame";"Furniture";"Furnishings";1753
"OFF-AP-10000275";"Sanyo Counter Height Refrigerator with Crisper, 3.6 Cubic Foot, Stainless Steel/Black";"Office Supplies";"Appliances";1754
"TEC-MA-10002073";"3D Systems Cube Printer, 2nd Generation, White";"Technology";"Machines";1755
"FUR-FU-10003192";"Luxo Adjustable Task Clamp Lamp";"Furniture";"Furnishings";1756
"TEC-PH-10004006";"Panasonic KX - TS880B Telephone";"Technology";"Phones";1757
"OFF-PA-10000859";"Unpadded Memo Slips";"Office Supplies";"Paper";1758
"OFF-BI-10000279";"Acco Recycled 2"" Capacity Laser Printer Hanging Data Binders""";"Office Supplies";"Binders";1759
"OFF-PA-10000300";"Xerox 1936";"Office Supplies";"Paper";1760
"OFF-BI-10004308";"Avery Legal 4-Ring Binder";"Office Supplies";"Binders";1761
"TEC-PH-10004080";"Avaya 5410 Digital phone";"Technology";"Phones";1762
"OFF-AR-10000614";"Barrel Sharpener";"Office Supplies";"Art";1763
"OFF-PA-10001260";"TOPS Money Receipt Book, Consecutively Numbered in Red,";"Office Supplies";"Paper";1764
"OFF-ST-10004946";"Desktop 3-Pocket Hot File";"Office Supplies";"Storage";1765
"OFF-FA-10000089";"Acco Glide Clips";"Office Supplies";"Fasteners";1766
"OFF-PA-10002109";"Wirebound Voice Message Log Book";"Office Supplies";"Paper";1767
"TEC-MA-10004255";"Konica Minolta magicolor 1690MF Multifunction Printer";"Technology";"Machines";1768
"FUR-TA-10001771";"Bush Cubix Conference Tables, Fully Assembled";"Furniture";"Tables";1769
"FUR-FU-10003095";"Linden 12"" Wall Clock With Oak Frame""";"Furniture";"Furnishings";1770
"FUR-CH-10002044";"Office Star - Contemporary Task Swivel chair with 2-way adjustable arms, Plum";"Furniture";"Chairs";1771
"FUR-FU-10000820";"Tensor Brushed Steel Torchiere Floor Lamp";"Furniture";"Furnishings";1772
"TEC-MA-10002930";"Ricoh - Ink Collector Unit for GX3000 Series Printers";"Technology";"Machines";1773
"TEC-PH-10001795";"RCA H5401RE1 DECT 6.0 4-Line Cordless Handset With Caller ID/Call Waiting";"Technology";"Phones";1774
"OFF-PA-10003205";"Wirebound Message Forms, Four 2 3/4 x 5 Forms per Page, Pink Paper";"Office Supplies";"Paper";1775
"FUR-TA-10001086";"SAFCO PlanMaster Boards, 60w x 37-1/2d, White Melamine";"Furniture";"Tables";1776
"OFF-PA-10000048";"Xerox 20";"Office Supplies";"Paper";1777
"TEC-MA-10002109";"HP Officejet Pro 8600 e-All-In-One Printer, Copier, Scanner, Fax";"Technology";"Machines";1778
"OFF-LA-10002368";"Avery 479";"Office Supplies";"Labels";1779
"TEC-MA-10003230";"Okidata C610n Printer";"Technology";"Machines";1780
"OFF-PA-10000295";"Xerox 229";"Office Supplies";"Paper";1781
"OFF-SU-10004884";"Acme Galleria Hot Forged Steel Scissors with Colored Handles";"Office Supplies";"Supplies";1782
"FUR-FU-10002240";"Nu-Dell EZ-Mount Plastic Wall Frames";"Furniture";"Furnishings";1783
"FUR-FU-10001057";"Tensor Track Tree Floor Lamp";"Furniture";"Furnishings";1784
"FUR-CH-10002073";"Hon Olson Stacker Chairs";"Furniture";"Chairs";1785
"OFF-AP-10003278";"Belkin 7-Outlet SurgeMaster Home Series";"Office Supplies";"Appliances";1786
"TEC-PH-10002070";"Griffin GC36547 PowerJolt SE Lightning Charger";"Technology";"Phones";1787
"FUR-FU-10000277";"Deflect-o DuraMat Antistatic Studded Beveled Mat for Medium Pile Carpeting";"Furniture";"Furnishings";1788
"TEC-AC-10004420";"Cherry 142-key Programmable Keyboard";"Technology";"Accessories";1789
"TEC-PH-10004094";"Motorola L703CM";"Technology";"Phones";1790
"TEC-MA-10002790";"NeatDesk Desktop Scanner & Digital Filing System";"Technology";"Machines";1791
"OFF-AP-10001634";"Hoover Commercial Lightweight Upright Vacuum";"Office Supplies";"Appliances";1792
"OFF-PA-10001837";"Xerox 1976";"Office Supplies";"Paper";1793
"OFF-AR-10003896";"Stride Job 150 Highlighters, Chisel Tip, Assorted Colors";"Office Supplies";"Art";1794
"OFF-BI-10002897";"Black Avery Memo-Size 3-Ring Binder, 5 1/2"" x 8 1/2""""""";"Office Supplies";"Binders";1795
"OFF-PA-10001243";"Xerox 1983";"Office Supplies";"Paper";1796
"FUR-FU-10003806";"Tenex Chairmat w/ Average Lip, 45"" x 53""""""";"Furniture";"Furnishings";1797
"TEC-MA-10000904";"Brother MFC-9340CDW LED All-In-One Printer, Copier Scanner";"Technology";"Machines";1798
"OFF-LA-10002473";"Avery 484";"Office Supplies";"Labels";1799
"FUR-FU-10003374";"Electrix Fluorescent Magnifier Lamps & Weighted Base";"Furniture";"Furnishings";1800
"TEC-MA-10001856";"Okidata C610n Printer";"Technology";"Machines";1801
"OFF-ST-10003641";"Space Solutions Industrial Galvanized Steel Shelving.";"Office Supplies";"Storage";1802
"OFF-AR-10004707";"Staples in misc. colors";"Office Supplies";"Art";1803
"TEC-MA-10004086";"Plantronics Single Ear Headset";"Technology";"Machines";1804
"TEC-MA-10001695";"Zebra GK420t Direct Thermal/Thermal Transfer Printer";"Technology";"Machines";1805
"FUR-FU-10002506";"Tensor ""Hersey Kiss"""" Styled Floor Lamp""";"Furniture";"Furnishings";1806
"TEC-AC-10004518";"Memorex Mini Travel Drive 32 GB USB 2.0 Flash Drive";"Technology";"Accessories";1807
"OFF-AP-10000027";"Hoover Commercial SteamVac";"Office Supplies";"Appliances";1808
"OFF-PA-10002558";"Xerox 1938";"Office Supplies";"Paper";1809
"TEC-AC-10000926";"NETGEAR RangeMax WNR1000 Wireless Router";"Technology";"Accessories";1810
"OFF-PA-10001846";"Xerox 1899";"Office Supplies";"Paper";1811
"TEC-MA-10003673";"Hewlett-Packard Desktjet 6988DT Refurbished Printer";"Technology";"Machines";1812
"FUR-BO-10001567";"Bush Westfield Collection Bookcases, Dark Cherry Finish, Fully Assembled";"Furniture";"Bookcases";1813
"FUR-FU-10001379";"Executive Impressions 16-1/2"" Circular Wall Clock""";"Furniture";"Furnishings";1814
"TEC-MA-10000984";"Okidata MB760 Printer";"Technology";"Machines";1815
"OFF-AR-10000937";"Dixon Ticonderoga Core-Lock Colored Pencils, 48-Color Set";"Office Supplies";"Art";1816
"FUR-FU-10002030";"Executive Impressions 14"" Contract Wall Clock with Quartz Movement""";"Furniture";"Furnishings";1817
"OFF-FA-10000254";"Sterling Rubber Bands by Alliance";"Office Supplies";"Fasteners";1818
"OFF-AP-10004136";"Kensington 6 Outlet SmartSocket Surge Protector";"Office Supplies";"Appliances";1819
"TEC-AC-10002370";"Maxell CD-R Discs";"Technology";"Accessories";1820
"OFF-AR-10003986";"Avery Hi-Liter Pen Style Six-Color Fluorescent Set";"Office Supplies";"Art";1821
"TEC-MA-10004552";"Star Micronics TSP100 TSP143LAN Receipt Printer";"Technology";"Machines";1822
"OFF-PA-10000312";"Xerox 1955";"Office Supplies";"Paper";1823
"OFF-PA-10001001";"Snap-A-Way Black Print Carbonless Speed Message, No Reply Area, Duplicate";"Office Supplies";"Paper";1824
"TEC-MA-10002694";"Hewlett-Packard Deskjet F4180 All-in-One Color Ink-jet - Printer / copier / scanner";"Technology";"Machines";1825
"TEC-MA-10004626";"Lexmark 20R1285 X6650 Wireless All-in-One Printer";"Technology";"Machines";1826
"TEC-PH-10004241";"Nokia Lumia 1020";"Technology";"Phones";1827
"OFF-SU-10003936";"Acme Serrated Blade Letter Opener";"Office Supplies";"Supplies";1828
"TEC-MA-10003337";"Okidata B401 Printer";"Technology";"Machines";1829
"OFF-PA-10000210";"Xerox Blank Computer Paper";"Office Supplies";"Paper";1830
"OFF-AR-10003477";"4009 Highlighters";"Office Supplies";"Art";1831
"FUR-CH-10002317";"Global Enterprise Series Seating Low-Back Swivel/Tilt Chairs";"Furniture";"Chairs";1832
"OFF-LA-10004677";"Self-Adhesive Address Labels for Typewriters with Dispenser Box";"Office Supplies";"Labels";1833
"FUR-CH-10002780";"Office Star - Task Chair with Contemporary Loop Arms";"Furniture";"Chairs";1834
"OFF-EN-10001535";"Grip Seal Envelopes";"Office Supplies";"Envelopes";1835
"TEC-MA-10003493";"Penpower WorldCard Pro Card Scanner";"Technology";"Machines";1836
"TEC-AC-10002380";"Sony 8GB Class 10 Micro SDHC R40 Memory Card";"Technology";"Accessories";1837
"TEC-PH-10002817";"RCA ViSYS 25425RE1 Corded phone";"Technology";"Phones";1838
"TEC-MA-10003589";"Cisco 8961 IP Phone Charcoal";"Technology";"Machines";1839
"OFF-AP-10003099";"Eureka Hand Vacuum, Bagless";"Office Supplies";"Appliances";1840
"TEC-PH-10002645";"LG G2";"Technology";"Phones";1841
"OFF-ST-10001627";"Eldon Jumbo ProFile Portable File Boxes Graphite/Black";"Office Supplies";"Storage";1842
