"Sales_ID";"Order_ID";"Order_Date";"Ship_Date";"customer_key";"product_key";"Ship_Mode_ID";"Quantity";"Sales";"Profit"
1;"CA-2015-140921";"2015-02-03";"2015-02-05";8;549;3;3;149.97;50.99
2;"CA-2015-140921";"2015-02-03";"2015-02-05";8;6;3;2;28.4;11.08
3;"CA-2016-126613";"2016-07-10";"2016-07-16";11;413;2;2;16.77;1.47
4;"CA-2017-114412";"2017-04-15";"2017-04-20";18;28;2;3;15.55;5.44
5;"CA-2016-129714";"2016-09-01";"2016-09-03";30;636;3;4;4355.17;1415.43
6;"CA-2016-129714";"2016-09-01";"2016-09-03";30;610;3;4;49.12;23.09
7;"CA-2016-129714";"2016-09-01";"2016-09-03";30;612;3;1;3.05;1.07
8;"CA-2016-129714";"2016-09-01";"2016-09-03";30;610;3;2;24.56;11.54
9;"CA-2016-129714";"2016-09-01";"2016-09-03";30;69;3;1;6.79;2.31
10;"CA-2015-131534";"2015-03-28";"2015-04-02";50;344;2;5;33.4;16.03
11;"CA-2015-131534";"2015-03-28";"2015-04-02";50;342;2;1;166.24;24.94
12;"CA-2017-144932";"2017-04-14";"2017-04-17";54;420;3;3;13.87;5.03
13;"CA-2017-144932";"2017-04-14";"2017-04-17";54;640;3;3;89.86;21.34
14;"CA-2017-144932";"2017-04-14";"2017-04-17";54;450;3;3;14.59;2.55
15;"CA-2014-129924";"2014-07-12";"2014-07-17";70;573;2;3;698.35;-17.46
16;"CA-2014-129924";"2014-07-12";"2014-07-17";70;567;2;2;7.71;2.8
17;"US-2014-152030";"2014-12-26";"2014-12-28";89;160;1;3;600.56;-8.58
18;"CA-2017-127432";"2017-01-22";"2017-01-27";92;338;2;3;1126.02;56.3
19;"CA-2017-127432";"2017-01-22";"2017-01-27";92;337;2;2;11.96;5.38
20;"CA-2017-127432";"2017-01-22";"2017-01-27";92;333;2;3;51.45;13.89
21;"CA-2017-127432";"2017-01-22";"2017-01-27";92;285;2;5;2999.95;1379.98
22;"CA-2015-114300";"2015-10-13";"2015-10-17";105;361;2;3;287.94;77.74
23;"CA-2015-114300";"2015-10-13";"2015-10-17";105;384;2;7;83.72;23.44
24;"CA-2014-167164";"2014-05-13";"2014-05-15";107;42;1;2;55.5;9.99
25;"CA-2016-109820";"2016-11-20";"2016-11-22";123;104;3;3;14.43;-10.58
26;"CA-2016-109820";"2016-11-20";"2016-11-22";123;72;3;2;2.63;-1.93
27;"CA-2016-109820";"2016-11-20";"2016-11-22";123;904;3;3;15.7;5.1
28;"CA-2017-132976";"2017-10-13";"2017-10-17";133;228;2;3;24.84;8.69
29;"CA-2017-132976";"2017-10-13";"2017-10-17";133;223;2;6;59.71;5.97
30;"CA-2017-132976";"2017-10-13";"2017-10-17";133;222;2;2;11.65;4.08
31;"CA-2014-167850";"2014-08-09";"2014-08-16";134;457;2;3;15.55;5.44
32;"CA-2014-167850";"2014-08-09";"2014-08-16";134;455;2;2;178.38;22.3
33;"CA-2016-108987";"2016-09-08";"2016-09-10";140;795;1;2;57.58;0.72
34;"CA-2016-108987";"2016-09-08";"2016-09-10";140;793;1;4;131.14;-32.78
35;"CA-2016-108987";"2016-09-08";"2016-09-10";140;103;1;4;2396.27;-317.15
36;"CA-2016-108987";"2016-09-08";"2016-09-10";140;791;1;3;35.95;3.6
37;"US-2014-119137";"2014-07-23";"2014-07-27";148;684;2;10;479.04;-29.94
38;"US-2014-119137";"2014-07-23";"2014-07-27";148;681;2;1;9.24;0.92
39;"US-2014-119137";"2014-07-23";"2014-07-27";148;678;2;8;1023.94;179.19
40;"US-2014-119137";"2014-07-23";"2014-07-27";148;551;2;5;8.16;-5.71
41;"CA-2016-149797";"2016-09-15";"2016-09-20";168;149;2;2;841.57;294.55
42;"CA-2016-112697";"2016-12-18";"2016-12-20";183;292;1;5;961.48;-204.31
43;"CA-2016-112697";"2016-12-18";"2016-12-20";183;324;1;2;194.53;24.32
44;"CA-2016-112697";"2016-12-18";"2016-12-20";183;288;1;7;254.06;-169.37
45;"CA-2015-155040";"2015-11-10";"2015-11-15";187;79;2;2;79.9;35.16
46;"CA-2014-149020";"2014-01-10";"2014-01-15";225;538;2;1;51.94;21.3
47;"CA-2014-149020";"2014-01-10";"2014-01-15";225;537;2;1;2.89;1.36
48;"CA-2014-106810";"2014-05-14";"2014-05-20";232;483;2;2;310.88;23.32
49;"CA-2016-134474";"2016-01-05";"2016-01-07";234;535;1;2;59.18;5.18
50;"CA-2016-134474";"2016-01-05";"2016-01-07";234;533;1;2;5.25;0.59
51;"CA-2016-134474";"2016-01-05";"2016-01-07";234;531;1;6;191.47;40.69
52;"CA-2014-155852";"2014-03-03";"2014-03-07";238;450;1;4;19.46;3.4
53;"CA-2014-113362";"2014-09-14";"2014-09-19";245;213;2;3;11.07;5.09
54;"CA-2014-113362";"2014-09-14";"2014-09-19";245;211;2;5;449.15;8.98
55;"CA-2016-157000";"2016-07-16";"2016-07-22";250;240;2;3;20.02;6.26
56;"CA-2016-157000";"2016-07-16";"2016-07-22";250;379;2;3;37.22;3.72
57;"CA-2017-146136";"2017-09-03";"2017-09-07";278;360;2;4;24.45;8.86
58;"CA-2017-140844";"2017-06-19";"2017-06-23";287;294;2;8;103.12;10.31
59;"CA-2017-140844";"2017-06-19";"2017-06-23";287;189;2;2;97.82;45.98
60;"US-2017-134481";"2017-08-27";"2017-09-01";288;698;2;7;1488.42;-297.68
61;"US-2014-105767";"2014-05-23";"2014-05-27";290;635;2;2;55.19;-10.12
62;"US-2014-105767";"2014-05-23";"2014-05-27";290;280;2;9;21.17;2.38
63;"US-2014-105767";"2014-05-23";"2014-05-27";290;632;2;2;3.28;-2.63
64;"CA-2015-112319";"2015-08-31";"2015-09-05";291;460;2;9;58.32;27.99
65;"CA-2016-160745";"2016-12-11";"2016-12-16";305;291;1;4;316.0;31.6
66;"CA-2016-160745";"2016-12-11";"2016-12-16";305;364;1;3;302.38;22.68
67;"CA-2016-160745";"2016-12-11";"2016-12-16";305;733;1;4;14.8;6.07
68;"CA-2017-162929";"2017-11-19";"2017-11-22";326;437;3;2;13.36;6.41
69;"CA-2017-162929";"2017-11-19";"2017-11-22";326;436;3;6;41.28;13.93
70;"CA-2015-144253";"2015-05-04";"2015-05-09";328;427;1;2;26.8;12.86
71;"CA-2014-149958";"2014-03-15";"2014-03-19";332;630;2;3;131.9;47.82
72;"CA-2014-149958";"2014-03-15";"2014-03-19";332;10;2;4;43.19;-31.67
73;"CA-2014-149958";"2014-03-15";"2014-03-19";332;32;2;3;7.22;-5.53
74;"CA-2014-149958";"2014-03-15";"2014-03-19";332;441;2;3;45.7;5.14
75;"CA-2014-149958";"2014-03-15";"2014-03-19";332;627;2;1;142.78;17.85
76;"CA-2016-134775";"2016-10-28";"2016-10-29";339;713;3;3;49.54;17.34
77;"CA-2016-134775";"2016-10-28";"2016-10-29";339;708;3;7;50.96;25.48
78;"CA-2016-163755";"2016-11-04";"2016-11-08";340;351;1;3;209.88;35.68
79;"CA-2017-100314";"2017-09-29";"2017-10-05";350;807;2;3;336.51;44.87
80;"CA-2017-100314";"2017-09-29";"2017-10-05";350;802;2;4;27.97;9.44
81;"CA-2017-100314";"2017-09-29";"2017-10-05";350;529;2;2;7.97;2.59
82;"CA-2017-153787";"2017-05-19";"2017-05-23";363;258;2;2;97.16;28.18
83;"CA-2017-135034";"2017-08-01";"2017-08-03";365;312;3;2;95.98;6.0
84;"CA-2016-103947";"2016-04-01";"2016-04-08";390;290;2;2;30.14;3.01
85;"CA-2016-103947";"2016-04-01";"2016-04-08";390;286;2;5;31.56;9.86
86;"CA-2017-118136";"2017-09-16";"2017-09-17";392;220;3;1;5.98;1.55
87;"CA-2017-130043";"2017-09-15";"2017-09-19";399;54;2;8;31.87;11.55
88;"CA-2016-136406";"2016-04-15";"2016-04-17";413;440;1;2;1121.57;0.0
89;"CA-2014-140795";"2014-02-01";"2014-02-03";422;424;3;6;468.9;206.32
90;"CA-2015-158792";"2015-12-26";"2016-01-02";433;355;2;5;22.2;10.43
91;"CA-2017-144694";"2017-09-24";"2017-09-26";436;590;1;3;235.94;85.53
92;"CA-2017-144694";"2017-09-24";"2017-09-26";436;264;1;3;17.88;2.46
93;"CA-2016-157686";"2016-10-01";"2016-10-02";439;194;3;4;194.85;12.18
94;"CA-2015-128139";"2015-07-03";"2015-07-09";446;590;2;3;294.93;144.52
95;"CA-2015-128139";"2015-07-03";"2015-07-09";446;899;2;1;70.98;4.97
96;"CA-2017-137596";"2017-09-02";"2017-09-07";462;594;2;2;352.38;81.05
97;"CA-2017-137596";"2017-09-02";"2017-09-07";462;592;2;7;1928.78;829.38
98;"CA-2017-137596";"2017-09-02";"2017-09-07";462;591;2;4;1199.8;323.95
99;"CA-2014-115812";"2014-06-09";"2014-06-14";533;23;2;4;911.42;68.36
100;"CA-2014-115812";"2014-06-09";"2014-06-14";533;20;2;9;1706.18;85.31
101;"CA-2014-115812";"2014-06-09";"2014-06-14";533;16;2;5;114.9;34.47
102;"CA-2014-115812";"2014-06-09";"2014-06-14";533;15;2;3;18.5;5.78
103;"CA-2014-115812";"2014-06-09";"2014-06-14";533;9;2;6;907.15;90.72
104;"CA-2014-115812";"2014-06-09";"2014-06-14";533;8;2;4;7.28;1.97
105;"CA-2014-115812";"2014-06-09";"2014-06-14";533;7;2;7;48.86;14.17
106;"CA-2014-125612";"2014-08-03";"2014-08-08";541;525;2;2;21.36;5.77
107;"CA-2014-125612";"2014-08-03";"2014-08-08";541;522;2;10;102.3;26.6
108;"CA-2014-125612";"2014-08-03";"2014-08-08";541;519;2;2;39.96;18.78
109;"CA-2014-139892";"2014-09-08";"2014-09-12";547;312;2;3;143.98;9.0
110;"CA-2014-139892";"2014-09-08";"2014-09-12";547;310;2;5;177.98;-453.85
111;"CA-2014-139892";"2014-09-08";"2014-09-12";547;306;2;6;32.06;6.81
112;"CA-2014-139892";"2014-09-08";"2014-09-12";547;304;2;9;1740.06;-24.86
113;"CA-2014-139892";"2014-09-08";"2014-09-12";547;296;2;3;275.93;-58.63
114;"CA-2014-139892";"2014-09-08";"2014-09-12";547;293;2;8;8159.95;-1359.99
115;"CA-2014-139892";"2014-09-08";"2014-09-12";547;289;2;3;9.94;2.73
116;"CA-2015-100454";"2015-11-20";"2015-11-25";561;634;2;4;186.05;9.3
117;"CA-2015-100454";"2015-11-20";"2015-11-25";561;633;2;4;11.52;3.34
118;"CA-2015-100454";"2015-11-20";"2015-11-25";561;498;2;3;60.45;16.32
119;"CA-2017-102519";"2017-11-27";"2017-11-29";567;86;3;9;143.73;56.05
120;"CA-2017-102519";"2017-11-27";"2017-11-29";567;358;3;1;46.94;19.25
121;"US-2015-157014";"2015-10-03";"2015-10-06";572;510;1;2;47.98;0.6
122;"US-2015-157014";"2015-10-03";"2015-10-06";572;508;1;1;35.49;-15.62
123;"US-2015-157014";"2015-10-03";"2015-10-06";572;146;1;2;24.0;-2.7
124;"US-2015-157014";"2015-10-03";"2015-10-06";572;97;1;5;32.07;-22.45
125;"CA-2014-138527";"2014-09-12";"2014-09-17";577;272;2;1;15.22;2.28
126;"CA-2014-138527";"2014-09-12";"2014-09-17";577;354;2;5;166.84;18.77
127;"CA-2014-138527";"2014-09-12";"2014-09-17";577;353;2;2;10.37;3.63
128;"CA-2017-163405";"2017-12-21";"2017-12-25";585;280;2;2;5.88;1.71
129;"CA-2017-163405";"2017-12-21";"2017-12-25";585;276;2;3;6.63;1.79
130;"US-2014-134971";"2014-06-07";"2014-06-10";597;778;1;3;12.46;-20.56
131;"CA-2016-142902";"2016-09-12";"2016-09-14";616;445;1;3;6.26;2.04
132;"CA-2016-142902";"2016-09-12";"2016-09-14";616;441;1;1;15.23;1.71
133;"CA-2016-142902";"2016-09-12";"2016-09-14";616;439;1;2;466.77;52.51
134;"CA-2016-142902";"2016-09-12";"2016-09-14";616;435;1;4;15.14;3.59
135;"CA-2017-167150";"2017-12-10";"2017-12-17";620;941;2;4;19.94;7.23
136;"CA-2014-106376";"2014-12-05";"2014-12-10";646;200;2;4;167.97;62.99
137;"CA-2014-106376";"2014-12-05";"2014-12-10";646;198;2;8;1113.02;111.3
138;"CA-2014-133690";"2014-08-03";"2014-08-05";654;403;3;1;2.6;0.29
139;"CA-2014-133690";"2014-08-03";"2014-08-05";654;401;3;2;218.75;-161.88
140;"CA-2017-135279";"2017-04-09";"2017-04-11";661;730;3;3;501.81;0.0
141;"CA-2017-135279";"2017-04-09";"2017-04-11";661;695;3;3;8.64;4.23
142;"CA-2017-135279";"2017-04-09";"2017-04-11";661;727;3;4;191.6;91.97
143;"CA-2017-135279";"2017-04-09";"2017-04-11";661;724;3;2;12.96;6.22
144;"CA-2017-135279";"2017-04-09";"2017-04-11";661;920;3;3;35.97;9.71
145;"CA-2017-135279";"2017-04-09";"2017-04-11";661;697;3;2;9.82;4.81
146;"CA-2015-110016";"2015-11-29";"2015-12-04";670;967;2;9;1106.91;121.76
147;"CA-2015-110016";"2015-11-29";"2015-12-04";670;964;2;4;19.92;9.36
148;"CA-2015-165085";"2015-12-27";"2015-12-31";677;310;2;2;355.96;103.23
149;"CA-2015-165085";"2015-12-27";"2015-12-31";677;981;2;5;28.9;14.16
150;"CA-2017-104220";"2017-01-30";"2017-02-05";695;500;2;7;34.58;14.52
151;"CA-2017-104220";"2017-01-30";"2017-02-05";695;498;2;2;40.3;10.88
152;"CA-2017-104220";"2017-01-30";"2017-02-05";695;15;2;1;7.71;3.47
153;"CA-2017-104220";"2017-01-30";"2017-02-05";695;496;2;5;32.35;16.18
154;"CA-2017-104220";"2017-01-30";"2017-02-05";695;543;2;3;207.0;51.75
155;"CA-2017-104220";"2017-01-30";"2017-02-05";695;489;2;2;18.28;9.14
156;"CA-2015-106565";"2015-03-20";"2015-03-23";698;387;3;8;51.84;24.88
157;"CA-2017-159366";"2017-01-07";"2017-01-10";703;293;3;2;3059.98;680.0
158;"US-2014-111171";"2014-12-26";"2014-12-31";723;249;2;5;8.69;-14.77
159;"US-2017-145366";"2017-12-09";"2017-12-13";733;191;2;3;57.58;21.59
160;"US-2017-145366";"2017-12-09";"2017-12-13";733;186;2;1;37.21;-7.44
161;"CA-2014-140858";"2014-06-28";"2014-07-02";735;601;2;4;335.52;117.43
162;"CA-2014-140858";"2014-06-28";"2014-07-02";735;598;2;3;31.09;-22.8
163;"CA-2014-140858";"2014-06-28";"2014-07-02";735;595;2;5;1228.47;0.0
164;"CA-2014-140858";"2014-06-28";"2014-07-02";735;589;2;3;3.17;-2.43
165;"CA-2014-140858";"2014-06-28";"2014-07-02";735;52;2;8;41.47;14.52
166;"CA-2014-145576";"2014-09-14";"2014-09-18";736;471;1;3;13.13;3.77
167;"CA-2014-145576";"2014-09-14";"2014-09-18";736;467;1;5;13.0;1.3
168;"US-2015-140200";"2015-07-26";"2015-07-28";737;656;3;3;393.17;-204.45
169;"CA-2014-140004";"2014-03-21";"2014-03-25";742;395;2;3;6.05;1.59
170;"CA-2014-140004";"2014-03-21";"2014-03-25";742;393;2;2;7.41;1.2
171;"CA-2015-146563";"2015-08-24";"2015-08-28";744;137;2;3;2.72;-4.22
172;"CA-2015-146563";"2015-08-24";"2015-08-28";744;148;2;5;918.79;-118.13
173;"CA-2015-146563";"2015-08-24";"2015-08-28";744;300;2;14;724.08;-135.77
174;"CA-2015-146563";"2015-08-24";"2015-08-28";744;627;2;7;999.43;124.93
175;"CA-2017-136826";"2017-06-16";"2017-06-20";767;80;2;3;14.02;4.73
176;"CA-2016-161781";"2016-09-29";"2016-09-30";773;961;3;7;40.88;10.63
177;"CA-2015-132906";"2015-09-10";"2015-09-14";777;580;2;4;51.52;1.55
178;"CA-2016-116736";"2016-01-17";"2016-01-21";798;554;2;3;371.97;66.95
179;"CA-2016-116736";"2016-01-17";"2016-01-21";798;212;2;1;29.99;13.2
180;"CA-2016-116736";"2016-01-17";"2016-01-21";798;494;2;3;322.59;64.52
181;"CA-2017-126221";"2017-12-30";"2018-01-05";806;282;2;2;209.3;56.51
182;"CA-2017-169901";"2017-06-15";"2017-06-19";816;178;2;3;47.98;4.8
183;"US-2016-100419";"2016-12-16";"2016-12-20";830;114;1;3;4.79;-7.9
184;"CA-2017-163139";"2017-12-01";"2017-12-03";832;72;1;5;17.52;6.13
185;"CA-2017-163139";"2017-12-01";"2017-12-03";832;70;1;3;221.55;6.65
186;"CA-2017-163139";"2017-12-01";"2017-12-03";832;69;1;3;20.37;6.93
187;"CA-2015-101910";"2015-11-27";"2015-12-03";838;423;2;5;283.92;17.75
188;"US-2017-119438";"2017-03-18";"2017-03-23";842;320;2;3;182.99;-320.24
189;"US-2017-119438";"2017-03-18";"2017-03-23";842;317;2;3;82.52;-41.26
190;"US-2017-119438";"2017-03-18";"2017-03-23";842;315;2;3;27.82;4.52
191;"US-2017-119438";"2017-03-18";"2017-03-23";842;313;2;3;2.69;-7.39
192;"CA-2016-140081";"2016-06-20";"2016-06-24";851;227;2;2;447.7;33.58
193;"CA-2016-140081";"2016-06-20";"2016-06-24";851;673;2;3;15.55;5.44
194;"CA-2016-140081";"2016-06-20";"2016-06-24";851;642;2;6;29.72;-21.79
195;"CA-2016-152156";"2016-11-08";"2016-11-11";857;2;1;3;731.94;219.58
196;"CA-2016-152156";"2016-11-08";"2016-11-11";857;1;1;2;261.96;41.91
197;"CA-2017-122105";"2017-06-24";"2017-06-28";870;920;2;8;95.92;25.9
198;"US-2016-100720";"2016-07-16";"2016-07-21";877;576;2;2;5.84;0.73
199;"US-2016-100720";"2016-07-16";"2016-07-21";877;624;2;4;494.38;-115.35
200;"US-2016-100720";"2016-07-16";"2016-07-21";877;622;2;3;143.98;-28.8
201;"CA-2014-104472";"2014-06-02";"2014-06-07";885;57;2;6;73.32;22.0
202;"CA-2014-104472";"2014-06-02";"2014-06-07";885;244;2;3;59.81;19.44
203;"CA-2017-138611";"2017-11-14";"2017-11-17";898;645;1;2;3.65;-2.8
204;"CA-2017-138611";"2017-11-14";"2017-11-17";898;12;1;10;119.94;15.99
205;"CA-2014-107755";"2014-02-07";"2014-02-12";900;670;2;7;115.36;49.6
206;"CA-2014-104976";"2014-12-09";"2014-12-16";901;954;2;6;34.68;16.99
207;"CA-2016-128867";"2016-11-03";"2016-11-10";919;137;2;6;27.24;13.35
208;"CA-2016-128867";"2016-11-03";"2016-11-10";919;136;2;2;75.96;22.79
209;"CA-2017-129567";"2017-03-17";"2017-03-21";921;513;1;2;17.46;5.89
210;"US-2017-139955";"2017-09-28";"2017-09-30";942;438;1;1;1.74;-0.35
211;"CA-2015-145352";"2015-03-16";"2015-03-22";956;261;2;5;6354.95;3177.48
212;"CA-2015-145352";"2015-03-16";"2015-03-22";956;256;2;3;46.74;11.69
213;"CA-2015-145352";"2015-03-16";"2015-03-22";956;254;2;3;8.34;2.17
214;"CA-2015-145352";"2015-03-16";"2015-03-22";956;251;2;1;2.74;0.74
215;"CA-2014-133851";"2014-06-09";"2014-06-16";960;528;2;2;23.1;10.63
216;"CA-2014-133851";"2014-06-09";"2014-06-16";960;668;2;2;7.36;0.15
217;"CA-2017-117240";"2017-07-23";"2017-07-28";992;632;2;3;13.13;4.27
218;"CA-2014-111003";"2014-06-01";"2014-06-06";997;433;2;6;289.2;83.87
219;"CA-2014-111003";"2014-06-01";"2014-06-06";997;431;2;3;45.48;20.92
220;"CA-2016-137239";"2016-08-22";"2016-08-28";1002;299;2;2;134.29;45.32
221;"CA-2016-137239";"2016-08-22";"2016-08-28";1002;298;2;2;3.32;-2.65
222;"CA-2016-137239";"2016-08-22";"2016-08-28";1002;297;2;2;113.55;8.52
223;"CA-2017-118640";"2017-07-20";"2017-07-26";1026;171;2;2;69.71;8.71
224;"CA-2014-118962";"2014-08-05";"2014-08-09";1029;318;2;7;340.14;21.26
225;"CA-2014-118962";"2014-08-05";"2014-08-09";1029;316;2;2;110.96;53.26
226;"CA-2014-118962";"2014-08-05";"2014-08-09";1029;314;2;3;20.94;9.84
227;"US-2015-120712";"2015-12-20";"2015-12-24";1031;42;2;4;88.8;-2.22
228;"CA-2014-162775";"2014-01-13";"2014-01-15";1038;482;1;6;572.58;34.35
229;"CA-2014-162775";"2014-01-13";"2014-01-15";1038;480;1;3;5.64;2.71
230;"CA-2014-162775";"2014-01-13";"2014-01-15";1038;477;1;6;646.74;258.7
231;"CA-2014-162775";"2014-01-13";"2014-01-15";1038;475;1;3;50.94;25.47
232;"CA-2014-162775";"2014-01-13";"2014-01-15";1038;284;1;2;11.36;5.34
233;"US-2017-100930";"2017-04-07";"2017-04-12";1064;495;2;3;617.98;-7.72
234;"US-2017-100930";"2017-04-07";"2017-04-12";1064;494;2;3;258.07;0.0
235;"US-2017-100930";"2017-04-07";"2017-04-12";1064;491;2;2;5.33;-3.55
236;"US-2017-100930";"2017-04-07";"2017-04-12";1064;493;2;3;620.61;-248.25
237;"US-2017-100930";"2017-04-07";"2017-04-12";1064;492;2;2;233.86;-102.05
238;"US-2017-119662";"2017-11-13";"2017-11-16";1067;33;3;3;230.38;-48.95
239;"CA-2016-120859";"2016-09-01";"2016-09-04";1095;368;3;2;21.88;10.94
240;"CA-2017-157252";"2017-01-20";"2017-01-23";1096;56;1;3;207.85;2.31
241;"CA-2017-146780";"2017-12-25";"2017-12-30";1102;135;2;2;41.96;10.91
242;"CA-2014-133753";"2014-06-09";"2014-06-13";1103;81;1;2;70.37;6.16
243;"CA-2014-133753";"2014-06-09";"2014-06-13";1103;208;1;2;63.98;10.4
244;"CA-2014-133753";"2014-06-09";"2014-06-13";1103;204;1;1;7.99;0.6
245;"CA-2016-166163";"2016-08-15";"2016-08-20";1112;973;1;1;3.15;1.51
246;"CA-2016-166163";"2016-08-15";"2016-08-20";1112;367;1;3;71.98;7.2
247;"CA-2014-104269";"2014-03-01";"2014-03-06";1134;160;1;2;457.57;51.48
248;"CA-2016-127369";"2016-06-06";"2016-06-07";1137;30;3;5;714.3;207.15
249;"CA-2017-132353";"2017-09-15";"2017-09-17";1139;275;3;3;323.98;20.25
250;"CA-2015-124653";"2015-12-24";"2015-12-26";1144;534;3;7;21.56;10.35
251;"CA-2015-124653";"2015-12-24";"2015-12-26";1144;28;3;2;12.96;6.22
252;"CA-2015-124653";"2015-12-24";"2015-12-26";1144;532;3;7;132.79;63.74
253;"CA-2017-160514";"2017-11-12";"2017-11-16";1147;497;2;2;10.56;4.75
254;"CA-2015-157812";"2015-03-22";"2015-03-26";1148;343;2;9;14.11;-21.17
255;"CA-2015-157812";"2015-03-22";"2015-03-26";1148;340;2;2;129.57;-25.91
256;"CA-2015-157812";"2015-03-22";"2015-03-26";1148;140;2;1;18.39;5.29
257;"CA-2016-149370";"2016-09-15";"2016-09-19";1153;587;2;1;5.34;1.87
258;"CA-2015-137946";"2015-09-01";"2015-09-04";1183;564;1;4;14.37;4.49
259;"CA-2015-137946";"2015-09-01";"2015-09-04";1183;557;1;2;959.98;335.99
260;"CA-2015-137946";"2015-09-01";"2015-09-04";1183;553;1;1;4.75;1.6
261;"CA-2014-106803";"2014-12-29";"2015-01-02";1205;262;2;4;119.8;47.92
262;"CA-2014-106803";"2014-12-29";"2015-01-02";1205;339;2;2;24.56;6.88
263;"CA-2016-126529";"2016-01-11";"2016-01-13";1220;892;1;2;15.59;-9.87
264;"CA-2016-126529";"2016-01-11";"2016-01-13";1220;886;1;3;63.31;20.58
265;"CA-2016-126529";"2016-01-11";"2016-01-13";1220;884;1;3;15.55;5.44
266;"US-2015-153500";"2015-07-03";"2015-07-05";1225;932;3;9;282.89;56.58
267;"US-2015-153500";"2015-07-03";"2015-07-05";1225;930;3;2;6.72;2.44
268;"US-2015-153500";"2015-07-03";"2015-07-05";1225;923;3;2;168.46;-29.48
269;"CA-2015-168004";"2015-10-04";"2015-10-09";1240;265;1;3;392.94;43.22
270;"CA-2017-153339";"2017-11-03";"2017-11-05";1249;516;1;1;15.99;1.0
271;"CA-2016-164511";"2016-11-19";"2016-11-24";1252;333;2;4;68.6;18.52
272;"CA-2016-164511";"2016-11-19";"2016-11-24";1252;326;2;2;64.96;2.6
273;"CA-2016-164511";"2016-11-19";"2016-11-24";1252;322;2;3;14.35;4.66
274;"CA-2015-134894";"2015-12-07";"2015-12-11";1273;423;2;4;283.92;70.98
275;"CA-2015-134894";"2015-12-07";"2015-12-11";1273;419;2;3;152.94;41.29
276;"CA-2015-110457";"2015-03-02";"2015-03-06";1276;148;2;3;787.53;165.38
277;"CA-2015-129098";"2015-10-09";"2015-10-13";1277;152;2;2;30.84;8.33
278;"CA-2014-166191";"2014-12-05";"2014-12-09";1283;341;1;7;408.74;76.64
279;"CA-2014-166191";"2014-12-05";"2014-12-09";1283;336;1;2;24.82;1.86
280;"CA-2015-113173";"2015-11-15";"2015-11-17";1286;438;1;5;8.72;-1.74
281;"CA-2015-113173";"2015-11-15";"2015-11-17";1286;60;1;3;11.36;-17.05
282;"CA-2015-113173";"2015-11-15";"2015-11-17";1286;168;1;9;250.27;15.64
283;"CA-2015-122756";"2015-12-03";"2015-12-07";1287;733;2;1;2.96;0.78
284;"CA-2015-122756";"2015-12-03";"2015-12-07";1287;729;2;4;482.34;-337.64
285;"CA-2017-100650";"2017-06-29";"2017-07-03";1292;448;1;2;1295.78;310.99
286;"CA-2014-165974";"2014-06-29";"2014-07-06";1302;502;2;7;32.76;3.69
287;"CA-2015-112571";"2015-09-22";"2015-09-22";1312;693;4;2;204.6;53.2
288;"CA-2014-115791";"2014-01-16";"2014-01-18";1315;527;1;3;30.07;10.15
289;"CA-2014-115791";"2014-01-16";"2014-01-18";1315;349;1;2;18.59;-13.63
290;"CA-2014-115791";"2014-01-16";"2014-01-18";1315;543;1;3;124.2;-31.05
291;"CA-2014-115791";"2014-01-16";"2014-01-18";1315;732;1;6;127.1;28.6
292;"CA-2016-146941";"2016-12-10";"2016-12-13";1319;67;3;4;361.92;162.86
293;"CA-2016-146941";"2016-12-10";"2016-12-13";1319;63;3;6;80.58;22.56
294;"CA-2014-153150";"2014-07-01";"2014-07-06";1336;374;1;5;19.92;6.97
295;"US-2017-155299";"2017-06-08";"2017-06-12";1338;76;2;2;1.62;-4.47
296;"CA-2017-114552";"2017-09-02";"2017-09-08";1339;407;2;3;15.07;4.14
297;"CA-2014-139451";"2014-10-12";"2014-10-16";1366;27;2;1;21.39;6.2
298;"CA-2014-139451";"2014-10-12";"2014-10-16";1366;24;2;5;14.9;4.17
299;"US-2015-168935";"2015-11-27";"2015-12-02";1374;725;2;3;83.98;-1.05
300;"US-2015-168935";"2015-11-27";"2015-12-02";1374;721;2;3;375.46;-157.01
301;"CA-2015-115742";"2015-04-18";"2015-04-22";1386;161;2;1;89.99;17.1
302;"CA-2015-115742";"2015-04-18";"2015-04-22";1386;159;2;2;6.16;2.96
303;"CA-2015-115742";"2015-04-18";"2015-04-22";1386;157;2;6;75.18;35.33
304;"CA-2015-115742";"2015-04-18";"2015-04-22";1386;151;2;6;38.22;17.96
305;"CA-2016-152534";"2016-06-20";"2016-06-25";1393;673;1;6;38.88;18.66
306;"CA-2016-152534";"2016-06-20";"2016-06-25";1393;672;1;2;5.16;1.34
307;"CA-2014-112158";"2014-12-02";"2014-12-04";1400;738;3;8;46.72;15.77
308;"CA-2014-112158";"2014-12-02";"2014-12-04";1400;356;3;5;883.92;-110.49
309;"CA-2014-112158";"2014-12-02";"2014-12-04";1400;212;3;4;119.96;52.78
310;"US-2015-159982";"2015-11-28";"2015-12-04";1423;68;2;6;647.9;56.69
311;"US-2015-159982";"2015-11-28";"2015-12-04";1423;250;2;5;53.92;4.04
312;"US-2015-159982";"2015-11-28";"2015-12-04";1423;36;2;9;12.13;-8.49
313;"CA-2017-131954";"2017-01-21";"2017-01-25";1440;412;2;5;18.72;6.55
314;"CA-2017-131954";"2017-01-21";"2017-01-25";1440;406;2;1;84.98;18.7
315;"CA-2017-131954";"2017-01-21";"2017-01-25";1440;142;2;4;27.94;9.43
316;"CA-2017-131954";"2017-01-21";"2017-01-25";1440;778;2;6;99.7;33.65
317;"CA-2017-131954";"2017-01-21";"2017-01-25";1440;404;2;3;179.97;86.39
318;"CA-2017-131954";"2017-01-21";"2017-01-25";1440;340;2;3;242.94;9.72
319;"CA-2015-163055";"2015-08-09";"2015-08-16";1444;485;2;1;21.98;0.22
320;"CA-2015-163055";"2015-08-09";"2015-08-16";1444;484;2;5;622.45;136.94
321;"CA-2015-163055";"2015-08-09";"2015-08-16";1444;479;2;1;2.2;0.97
322;"CA-2017-154907";"2017-03-31";"2017-04-04";1450;111;2;2;205.33;-36.24
323;"CA-2016-138688";"2016-06-12";"2016-06-16";1452;3;1;2;14.62;6.87
324;"CA-2017-145233";"2017-12-01";"2017-12-05";1462;239;2;4;406.37;30.48
325;"CA-2017-145233";"2017-12-01";"2017-12-05";1462;586;2;7;6.78;-4.75
326;"CA-2017-145233";"2017-12-01";"2017-12-05";1462;101;2;3;31.15;3.5
327;"CA-2017-145233";"2017-12-01";"2017-12-05";1462;582;2;2;105.58;9.24
328;"CA-2017-145233";"2017-12-01";"2017-12-05";1462;116;2;3;470.38;52.92
329;"CA-2014-131926";"2014-06-01";"2014-06-06";1469;387;1;4;25.92;12.44
330;"CA-2014-131926";"2014-06-01";"2014-06-06";1469;47;1;5;1503.25;496.07
331;"CA-2014-131926";"2014-06-01";"2014-06-06";1469;43;1;6;47.88;23.94
332;"CA-2014-131926";"2014-06-01";"2014-06-06";1469;40;1;2;166.72;41.68
333;"CA-2014-131926";"2014-06-01";"2014-06-06";1469;160;1;7;2001.86;580.54
334;"CA-2017-132521";"2017-09-23";"2017-09-25";1477;436;1;1;6.88;2.32
335;"CA-2017-132521";"2017-09-23";"2017-09-25";1477;413;1;3;31.44;8.49
336;"CA-2017-132521";"2017-09-23";"2017-09-25";1477;962;1;2;119.96;33.59
337;"US-2017-164147";"2017-02-02";"2017-02-05";1482;185;3;9;21.46;6.97
338;"US-2017-164147";"2017-02-02";"2017-02-05";1482;183;3;2;78.3;29.36
339;"US-2017-164147";"2017-02-02";"2017-02-05";1482;178;3;5;59.97;-11.99
340;"US-2014-156216";"2014-09-13";"2014-09-17";1485;491;2;7;18.65;-12.43
341;"CA-2015-154921";"2015-05-23";"2015-05-28";1488;512;2;3;186.69;87.74
342;"US-2016-137547";"2016-03-07";"2016-03-12";1502;84;2;3;21.07;1.58
343;"CA-2017-147277";"2017-10-20";"2017-10-24";1505;85;2;2;665.41;66.54
344;"CA-2017-147277";"2017-10-20";"2017-10-24";1505;20;2;2;284.36;-75.83
345;"CA-2017-134978";"2017-11-12";"2017-11-15";1506;163;1;5;15.92;5.37
346;"CA-2017-156951";"2017-10-01";"2017-10-08";1519;523;2;3;451.15;0.0
347;"CA-2017-156951";"2017-10-01";"2017-10-08";1519;518;2;3;19.44;9.33
348;"CA-2017-156951";"2017-10-01";"2017-10-08";1519;486;2;7;81.09;27.37
349;"CA-2017-156951";"2017-10-01";"2017-10-08";1519;481;2;8;91.84;45.0
350;"CA-2015-106320";"2015-09-25";"2015-09-30";1524;4;2;3;1044.63;240.26
351;"CA-2016-144939";"2016-10-03";"2016-10-08";1525;520;2;6;599.29;93.22
352;"US-2016-150861";"2016-12-03";"2016-12-06";1565;71;3;2;6.3;3.02
353;"US-2016-150861";"2016-12-03";"2016-12-06";1565;50;3;3;542.65;102.5
354;"US-2016-150861";"2016-12-03";"2016-12-06";1565;402;3;3;33.63;10.09
355;"US-2016-150861";"2016-12-03";"2016-12-06";1565;400;3;2;400.03;-153.35
356;"US-2016-150861";"2016-12-03";"2016-12-06";1565;394;3;8;182.72;84.05
357;"CA-2016-121755";"2016-01-16";"2016-01-20";1584;102;1;3;90.57;11.77
358;"CA-2016-121755";"2016-01-16";"2016-01-20";1584;95;1;2;11.65;4.22
359;"CA-2016-152814";"2016-04-28";"2016-05-02";1597;610;2;3;29.47;9.95
360;"US-2016-156097";"2016-09-19";"2016-09-19";1608;203;4;2;2.31;-3.46
361;"US-2016-156097";"2016-09-19";"2016-09-19";1608;245;4;2;701.37;-50.1
362;"CA-2016-113061";"2016-04-22";"2016-04-26";1631;906;2;2;86.62;8.66
363;"CA-2017-150707";"2017-10-14";"2017-10-19";1632;182;2;7;37.66;18.45
364;"CA-2015-119697";"2015-12-28";"2015-12-31";1649;281;1;2;54.38;1.36
365;"CA-2014-127691";"2014-07-22";"2014-07-27";1651;181;2;2;159.98;57.59
366;"CA-2014-127691";"2014-07-22";"2014-07-27";1651;24;2;2;5.96;1.67
367;"CA-2016-161669";"2016-11-07";"2016-11-09";1657;669;3;2;14.62;6.87
368;"CA-2016-161669";"2016-11-07";"2016-11-09";1657;667;3;2;11.36;3.29
369;"CA-2016-161669";"2016-11-07";"2016-11-09";1657;665;3;4;26.98;8.77
370;"CA-2016-161669";"2016-11-07";"2016-11-09";1657;659;3;4;37.44;11.7
371;"US-2017-122637";"2017-09-03";"2017-09-08";1681;415;1;7;42.62;-68.19
372;"CA-2016-149223";"2016-09-06";"2016-09-11";1689;101;2;6;77.88;22.59
373;"CA-2014-156433";"2014-09-20";"2014-09-26";1691;830;2;4;21.72;10.64
374;"CA-2014-156433";"2014-09-20";"2014-09-26";1691;529;2;2;9.96;4.58
375;"CA-2016-136924";"2016-07-14";"2016-07-17";1699;426;3;8;380.86;38.09
376;"CA-2017-139619";"2017-09-19";"2017-09-23";1703;139;2;2;95.62;9.56
377;"CA-2014-156601";"2014-09-19";"2014-09-24";1705;509;2;2;7.16;3.58
378;"US-2017-124303";"2017-07-06";"2017-07-13";1751;397;2;3;16.06;5.82
379;"CA-2014-123260";"2014-08-26";"2014-08-30";1763;373;2;8;176.8;22.98
380;"CA-2016-155488";"2016-11-13";"2016-11-17";1766;625;2;2;44.02;11.45
381;"US-2016-135720";"2016-12-11";"2016-12-13";1778;263;1;4;300.77;30.08
382;"US-2016-135720";"2016-12-11";"2016-12-13";1778;262;1;5;119.8;29.95
383;"US-2016-135720";"2016-12-11";"2016-12-13";1778;259;1;3;243.38;-51.72
384;"CA-2017-106943";"2017-11-14";"2017-11-19";1789;953;2;2;8.64;3.02
385;"CA-2017-137099";"2017-12-07";"2017-12-10";1798;478;3;3;374.38;46.8
386;"CA-2017-114636";"2017-08-25";"2017-08-29";1817;552;2;5;192.16;67.26
387;"CA-2017-160983";"2017-10-29";"2017-10-31";1829;571;1;8;46.96;22.54
388;"CA-2016-121223";"2016-09-11";"2016-09-13";1836;643;1;9;728.95;-157.94
389;"CA-2016-121223";"2016-09-11";"2016-09-13";1836;638;1;2;8.45;2.64
390;"US-2015-136476";"2015-04-05";"2015-04-10";1840;149;2;1;157.79;-115.72
391;"CA-2016-117590";"2016-12-08";"2016-12-10";1862;119;3;5;190.92;-147.96
392;"CA-2016-117590";"2016-12-08";"2016-12-10";1862;116;3;7;1097.54;123.47
393;"CA-2017-136539";"2017-12-28";"2018-01-01";1864;328;2;2;78.85;-11.6
394;"CA-2017-136539";"2017-12-28";"2018-01-01";1864;476;2;2;27.17;2.72
395;"CA-2016-162138";"2016-04-23";"2016-04-27";1870;511;2;1;99.99;35.0
396;"CA-2016-162138";"2016-04-23";"2016-04-27";1870;369;2;6;251.52;81.74
397;"CA-2017-135783";"2017-04-22";"2017-04-24";1878;541;3;2;18.28;6.22
398;"CA-2016-159695";"2016-04-05";"2016-04-10";1883;46;1;7;158.37;13.86
399;"CA-2014-136742";"2014-04-06";"2014-04-10";1906;545;2;6;44.91;-35.93
400;"US-2017-168116";"2017-11-04";"2017-11-04";1912;282;4;2;167.44;14.65
401;"US-2017-168116";"2017-11-04";"2017-11-04";1912;327;4;4;7999.98;-3839.99
402;"CA-2015-124450";"2015-04-27";"2015-05-03";1915;876;2;8;1379.92;648.56
403;"CA-2015-124450";"2015-04-27";"2015-05-03";1915;874;2;3;1267.53;316.88
404;"CA-2015-124450";"2015-04-27";"2015-05-03";1915;871;2;3;22.74;8.87
405;"CA-2016-123274";"2016-02-19";"2016-02-24";1917;340;2;3;242.94;9.72
406;"CA-2016-123274";"2016-02-19";"2016-02-24";1917;536;2;2;44.46;14.67
407;"CA-2017-126956";"2017-08-21";"2017-08-28";1922;614;2;2;15.28;7.49
408;"CA-2017-126956";"2017-08-21";"2017-08-28";1922;609;2;4;37.24;10.8
409;"CA-2017-126956";"2017-08-21";"2017-08-28";1922;608;2;7;35.0;16.8
410;"CA-2017-101945";"2017-11-24";"2017-11-28";1923;443;2;3;10.82;2.57
411;"CA-2017-104745";"2017-05-29";"2017-06-04";1926;676;2;3;53.42;4.67
412;"CA-2017-104745";"2017-05-29";"2017-06-04";1926;674;2;5;25.92;9.4
413;"CA-2014-132500";"2014-09-08";"2014-09-12";1936;414;2;2;49.98;8.5
414;"CA-2016-129903";"2016-12-01";"2016-12-04";1940;118;1;4;23.92;11.72
415;"US-2017-123463";"2017-12-23";"2017-12-23";1943;348;4;4;13.48;5.93
416;"CA-2015-155334";"2015-07-30";"2015-07-31";1957;217;3;3;10.92;4.1
417;"CA-2015-155334";"2015-07-30";"2015-07-31";1957;215;3;3;5.28;2.32
418;"CA-2015-155334";"2015-07-30";"2015-07-31";1957;212;3;7;209.93;92.37
419;"CA-2015-110744";"2015-09-07";"2015-09-12";1958;33;2;7;671.93;20.16
420;"CA-2016-130001";"2016-04-23";"2016-04-28";2010;398;2;5;36.24;11.33
421;"CA-2017-126382";"2017-06-03";"2017-06-07";2013;407;2;7;35.17;9.67
422;"CA-2016-140634";"2016-10-03";"2016-10-06";2018;570;1;2;15.65;5.09
423;"CA-2016-106075";"2016-09-18";"2016-09-23";2032;203;2;1;4.62;1.73
424;"CA-2015-122259";"2015-10-31";"2015-11-04";2037;790;2;4;70.12;21.04
425;"US-2015-118983";"2015-11-22";"2015-11-26";2038;35;2;3;2.54;-3.82
426;"US-2015-118983";"2015-11-22";"2015-11-26";2038;34;2;5;68.81;-123.86
427;"CA-2017-111689";"2017-11-30";"2017-12-02";2041;304;1;5;1242.9;262.39
428;"CA-2017-111689";"2017-11-30";"2017-12-02";2041;556;1;3;68.47;23.11
429;"CA-2017-106964";"2017-12-17";"2017-12-20";2046;881;3;2;11.81;4.28
430;"CA-2016-136133";"2016-08-18";"2016-08-23";2055;539;1;9;355.32;99.49
431;"CA-2017-105809";"2017-02-20";"2017-02-23";2057;68;3;2;215.97;18.9
432;"CA-2017-105809";"2017-02-20";"2017-02-23";2057;536;3;1;22.23;7.34
433;"CA-2016-161389";"2016-12-05";"2016-12-10";2087;31;2;3;407.98;132.59
434;"CA-2017-102414";"2017-05-15";"2017-05-18";2092;690;1;2;4.75;-3.17
435;"CA-2017-102414";"2017-05-15";"2017-05-18";2092;535;1;1;29.59;2.59
436;"US-2014-100853";"2014-09-14";"2014-09-19";2096;323;2;4;20.16;6.55
437;"US-2014-100853";"2014-09-14";"2014-09-19";2096;321;2;2;52.45;-131.12
438;"CA-2016-165316";"2016-07-23";"2016-07-27";2101;628;2;1;265.48;-111.5
439;"CA-2016-165316";"2016-07-23";"2016-07-27";2101;626;2;2;23.7;6.52
440;"CA-2016-165316";"2016-07-23";"2016-07-27";2101;625;2;2;35.22;2.64
441;"CA-2015-169397";"2015-12-24";"2015-12-27";2108;476;3;2;27.17;2.72
442;"CA-2015-169397";"2015-12-24";"2015-12-27";2108;473;3;4;479.99;-383.99
443;"CA-2015-169397";"2015-12-24";"2015-12-27";2108;469;3;4;72.7;19.08
444;"CA-2015-169397";"2015-12-24";"2015-12-27";2108;58;3;4;19.78;-13.84
445;"CA-2015-169397";"2015-12-24";"2015-12-27";2108;466;3;6;22.7;8.23
446;"CA-2015-169397";"2015-12-24";"2015-12-27";2108;463;3;2;5.58;1.81
447;"US-2017-129441";"2017-09-07";"2017-09-11";2121;380;2;3;47.94;2.4
448;"CA-2015-149734";"2015-09-03";"2015-09-08";2134;29;2;7;200.98;62.81
449;"CA-2017-126046";"2017-11-03";"2017-11-07";2136;472;2;3;12.39;5.7
450;"CA-2014-122336";"2014-04-13";"2014-04-17";2143;185;1;13;30.99;10.07
451;"CA-2014-122336";"2014-04-13";"2014-04-17";2143;31;1;10;509.97;-407.98
452;"CA-2014-122336";"2014-04-13";"2014-04-17";2143;577;1;4;17.86;1.12
453;"CA-2016-110366";"2016-09-05";"2016-09-07";2149;106;1;2;82.8;10.35
454;"CA-2016-142545";"2016-10-28";"2016-11-03";2150;399;2;1;14.28;6.57
455;"CA-2016-142545";"2016-10-28";"2016-11-03";2150;392;2;4;77.6;38.02
456;"CA-2016-142545";"2016-10-28";"2016-11-03";2150;390;2;3;56.91;27.32
457;"CA-2016-142545";"2016-10-28";"2016-11-03";2150;385;2;5;32.4;15.55
458;"CA-2014-123344";"2014-09-24";"2014-09-29";2159;144;2;4;211.96;8.48
459;"US-2015-125374";"2015-03-23";"2015-03-29";2160;56;2;2;107.77;-29.25
460;"CA-2016-147067";"2016-12-18";"2016-12-22";2167;271;2;3;18.84;6.03
461;"CA-2016-152632";"2016-10-27";"2016-11-02";2172;427;2;3;40.2;19.3
462;"CA-2017-132934";"2017-06-20";"2017-06-26";2175;97;2;3;51.31;18.6
463;"CA-2017-132934";"2017-06-20";"2017-06-26";2175;563;2;5;149.95;15.0
464;"CA-2014-142048";"2014-06-22";"2014-06-25";2193;958;3;6;196.75;56.57
465;"US-2014-147606";"2014-11-26";"2014-12-01";2194;14;1;5;19.3;-14.48
466;"US-2015-134026";"2015-04-26";"2015-05-02";2195;219;2;1;72.78;-18.2
467;"US-2015-134026";"2015-04-26";"2015-05-02";2195;210;2;2;97.04;1.21
468;"US-2015-134026";"2015-04-26";"2015-05-02";2195;207;2;8;831.94;-114.39
469;"US-2015-101511";"2015-11-21";"2015-11-23";2198;331;1;5;15.88;-3.77
470;"US-2015-101511";"2015-11-21";"2015-11-23";2198;329;1;7;396.8;-11.34
471;"CA-2017-129462";"2017-06-16";"2017-06-21";2202;623;1;1;65.99;17.16
472;"CA-2017-129462";"2017-06-16";"2017-06-21";2202;621;1;2;191.98;51.83
473;"CA-2017-129462";"2017-06-16";"2017-06-21";2202;618;1;3;180.66;50.58
474;"CA-2017-129462";"2017-06-16";"2017-06-21";2202;616;1;2;301.96;90.59
475;"CA-2016-114489";"2016-12-05";"2016-12-09";2205;235;2;5;171.55;80.63
476;"CA-2016-114489";"2016-12-05";"2016-12-09";2205;2;2;8;1951.84;585.55
477;"CA-2016-114489";"2016-12-05";"2016-12-09";2205;232;2;3;149.97;6.0
478;"CA-2016-114489";"2016-12-05";"2016-12-09";2205;231;2;11;384.45;103.8
479;"CA-2017-144113";"2017-09-16";"2017-09-20";2225;391;2;1;55.99;5.6
480;"CA-2017-144113";"2017-09-16";"2017-09-20";2225;388;2;2;17.57;6.37
481;"CA-2017-164826";"2017-12-28";"2018-01-04";2231;562;2;3;14.85;4.01
482;"CA-2017-164826";"2017-12-28";"2018-01-04";2231;553;2;7;33.26;11.23
483;"CA-2017-164826";"2017-12-28";"2018-01-04";2231;463;2;4;13.96;6.42
484;"CA-2017-164826";"2017-12-28";"2018-01-04";2231;451;2;7;72.45;34.78
485;"CA-2015-130736";"2015-12-07";"2015-12-09";2236;445;3;1;2.61;1.2
486;"CA-2015-130736";"2015-12-07";"2015-12-09";2236;474;3;2;3.96;0.0
487;"US-2014-135972";"2014-09-21";"2014-09-23";2251;776;1;3;1799.97;701.99
488;"US-2014-135972";"2014-09-21";"2014-09-23";2251;773;1;2;246.38;27.72
489;"CA-2016-100790";"2016-06-26";"2016-07-02";2275;166;2;5;704.25;84.51
490;"CA-2016-100790";"2016-06-26";"2016-07-02";2275;164;2;5;14.7;6.62
491;"CA-2017-167899";"2017-05-21";"2017-05-26";2276;810;2;3;17.97;5.21
492;"CA-2017-167899";"2017-05-21";"2017-05-26";2276;335;2;5;520.05;72.81
493;"CA-2017-121818";"2017-11-20";"2017-11-21";2279;912;3;3;28.73;1.8
494;"CA-2017-121818";"2017-11-20";"2017-11-21";2279;910;3;7;23.97;2.7
495;"CA-2016-130162";"2016-10-28";"2016-11-01";2290;459;2;3;302.38;22.68
496;"CA-2016-130162";"2016-10-28";"2016-11-01";2290;379;2;6;93.06;26.06
497;"US-2017-152380";"2017-11-19";"2017-11-23";2293;425;2;3;219.08;-131.45
498;"CA-2015-109638";"2015-12-15";"2015-12-22";2296;97;2;3;51.31;18.6
499;"CA-2015-109638";"2015-12-15";"2015-12-22";2296;96;2;9;899.91;377.96
500;"CA-2015-109638";"2015-12-15";"2015-12-22";2296;91;2;4;103.92;36.37
501;"CA-2017-135860";"2017-12-01";"2017-12-07";2299;446;2;1;91.99;3.68
502;"CA-2017-135860";"2017-12-01";"2017-12-07";2299;444;2;9;52.29;16.21
503;"CA-2017-135860";"2017-12-01";"2017-12-07";2299;163;2;4;15.92;7.48
504;"CA-2017-135860";"2017-12-01";"2017-12-07";2299;411;2;2;131.98;35.63
505;"CA-2017-135860";"2017-12-01";"2017-12-07";2299;410;2;4;83.92;5.87
506;"CA-2015-127418";"2015-06-13";"2015-06-14";2305;908;3;3;36.62;13.73
507;"CA-2015-115091";"2015-10-05";"2015-10-09";2309;702;2;2;28.84;9.52
508;"CA-2015-115091";"2015-10-05";"2015-10-09";2309;681;2;4;46.2;12.94
509;"CA-2015-142027";"2015-04-09";"2015-04-14";2320;352;2;3;369.91;-13.87
510;"CA-2015-137225";"2015-12-15";"2015-12-19";2339;334;2;1;3.28;1.41
511;"CA-2015-111199";"2015-11-13";"2015-11-17";2346;552;2;3;115.3;40.35
512;"CA-2016-105256";"2016-05-20";"2016-05-20";2347;526;4;5;1363.96;85.25
513;"US-2017-156083";"2017-11-04";"2017-11-11";2374;631;2;2;9.66;3.26
514;"CA-2016-138520";"2016-04-08";"2016-04-13";2383;650;2;5;34.4;15.82
515;"CA-2016-138520";"2016-04-08";"2016-04-13";2383;648;2;4;17.04;6.99
516;"CA-2016-138520";"2016-04-08";"2016-04-13";2383;641;2;2;8.26;3.8
517;"CA-2016-138520";"2016-04-08";"2016-04-13";2383;639;2;6;388.7;-4.86
518;"CA-2017-167913";"2017-07-30";"2017-08-03";2395;277;1;7;26.25;12.6
519;"CA-2017-167913";"2017-07-30";"2017-08-03";2395;274;1;2;330.4;85.9
520;"CA-2015-120880";"2015-05-29";"2015-06-03";2402;655;2;5;167.76;62.91
521;"CA-2015-120880";"2015-05-29";"2015-06-03";2402;654;2;3;540.57;140.55
522;"CA-2015-120880";"2015-05-29";"2015-06-03";2402;599;2;5;32.4;15.55
523;"US-2016-150147";"2016-04-25";"2016-04-29";2403;551;1;3;4.9;-3.43
524;"US-2016-150147";"2016-04-25";"2016-04-29";2403;547;1;2;20.72;-13.82
525;"US-2016-150147";"2016-04-25";"2016-04-29";2403;543;1;2;82.8;-20.7
526;"CA-2017-119004";"2017-11-23";"2017-11-28";2409;128;2;1;3.3;1.07
527;"CA-2017-119004";"2017-11-23";"2017-11-28";2409;126;2;1;27.99;2.1
528;"CA-2017-119004";"2017-11-23";"2017-11-28";2409;124;2;8;74.11;17.6
529;"CA-2016-105816";"2016-12-11";"2016-12-17";2413;167;2;5;1029.95;298.69
530;"CA-2016-105816";"2016-12-11";"2016-12-17";2413;165;2;7;15.26;6.26
531;"CA-2017-149160";"2017-11-23";"2017-11-26";2414;10;1;8;287.92;138.2
532;"CA-2017-149160";"2017-11-23";"2017-11-26";2414;6;1;2;28.4;11.08
533;"CA-2014-132962";"2014-09-13";"2014-09-16";2415;617;3;5;252.0;53.55
534;"CA-2014-132962";"2014-09-13";"2014-09-16";2415;615;3;3;15.55;5.44
535;"CA-2015-130890";"2015-11-02";"2015-11-06";2460;238;2;5;1038.84;51.94
536;"CA-2015-119291";"2015-05-14";"2015-05-17";2465;551;3;3;4.9;-3.43
537;"CA-2015-119291";"2015-05-14";"2015-05-17";2465;349;3;2;18.59;-13.63
538;"CA-2015-119291";"2015-05-14";"2015-05-17";2465;348;3;1;2.7;0.81
539;"CA-2015-119291";"2015-05-14";"2015-05-17";2465;346;3;4;97.7;31.75
540;"CA-2015-119291";"2015-05-14";"2015-05-17";2465;29;3;7;200.98;62.81
541;"CA-2015-119291";"2015-05-14";"2015-05-17";2465;345;3;4;47.36;17.76
542;"CA-2015-119291";"2015-05-14";"2015-05-17";2465;461;3;8;198.27;17.35
543;"CA-2014-144666";"2014-11-09";"2014-11-11";2475;153;1;5;94.85;45.53
544;"CA-2014-144666";"2014-11-09";"2014-11-11";2475;152;1;6;92.52;24.98
545;"CA-2014-144666";"2014-11-09";"2014-11-11";2475;133;1;4;703.97;88.0
546;"CA-2014-144666";"2014-11-09";"2014-11-11";2475;125;1;2;222.67;10.48
547;"CA-2014-144666";"2014-11-09";"2014-11-11";2475;123;1;3;340.92;3.41
548;"US-2016-114622";"2016-04-10";"2016-04-12";2495;574;3;2;8.9;-6.53
549;"CA-2015-143602";"2015-04-25";"2015-04-28";2499;560;1;3;13.94;4.53
550;"CA-2016-109806";"2016-09-17";"2016-09-22";2503;52;2;1;6.48;3.11
551;"CA-2016-109806";"2016-09-17";"2016-09-22";2503;131;2;2;73.58;8.28
552;"CA-2016-109806";"2016-09-17";"2016-09-22";2503;49;2;3;20.1;6.63
553;"US-2015-126214";"2015-12-21";"2015-12-24";2507;824;1;1;99.6;36.85
554;"US-2015-126214";"2015-12-21";"2015-12-24";2507;484;1;13;1618.37;356.04
555;"US-2015-101399";"2015-01-17";"2015-01-24";2513;365;2;7;254.74;-312.06
556;"CA-2015-102848";"2015-11-07";"2015-11-09";2548;372;1;1;190.72;11.92
557;"CA-2015-149587";"2015-01-31";"2015-02-05";2555;58;1;2;32.96;16.15
558;"CA-2015-149587";"2015-01-31";"2015-02-05";2555;55;1;3;53.34;16.54
559;"CA-2015-149587";"2015-01-31";"2015-02-05";2555;53;1;2;12.96;6.22
560;"CA-2016-137330";"2016-12-09";"2016-12-13";2574;93;2;7;60.34;15.69
561;"CA-2016-137330";"2016-12-09";"2016-12-13";2574;92;2;7;19.46;5.06
562;"CA-2014-130960";"2014-12-30";"2015-01-04";2577;429;2;3;9.84;2.85
563;"CA-2015-157035";"2015-12-09";"2015-12-12";2578;784;3;3;34.02;16.67
564;"US-2017-118038";"2017-12-09";"2017-12-11";2582;13;3;3;27.24;2.72
565;"US-2017-118038";"2017-12-09";"2017-12-11";2582;224;3;3;1.25;-1.93
566;"CA-2016-145625";"2016-09-11";"2016-09-17";2590;495;2;13;3347.37;636.0
567;"CA-2016-145625";"2016-09-11";"2016-09-17";2590;59;2;1;7.61;3.58
568;"CA-2017-108910";"2017-09-24";"2017-09-29";2592;375;2;3;103.06;24.48
569;"CA-2017-142636";"2017-11-03";"2017-11-07";2596;361;2;4;307.14;26.87
570;"CA-2017-142636";"2017-11-03";"2017-11-07";2596;902;2;7;139.86;65.73
571;"US-2016-143819";"2016-03-01";"2016-03-05";2599;970;2;7;4899.93;2400.97
572;"US-2016-143819";"2016-03-01";"2016-03-05";2599;195;2;2;362.92;105.25
573;"US-2016-143819";"2016-03-01";"2016-03-05";2599;969;2;1;26.38;12.13
574;"US-2016-143819";"2016-03-01";"2016-03-05";2599;470;2;8;836.59;-264.92
575;"CA-2016-119823";"2016-06-04";"2016-06-06";2600;202;3;2;75.88;35.66
576;"CA-2017-157833";"2017-06-17";"2017-06-20";2606;64;3;3;51.31;17.96
577;"CA-2017-131156";"2017-04-03";"2017-04-07";2652;664;2;4;25.47;7.64
578;"CA-2017-117457";"2017-12-08";"2017-12-12";2660;899;2;2;113.57;-18.45
579;"CA-2017-117457";"2017-12-08";"2017-12-12";2660;896;2;13;1336.83;31.45
580;"CA-2017-117457";"2017-12-08";"2017-12-12";2660;893;2;1;55.98;27.43
581;"CA-2017-117457";"2017-12-08";"2017-12-12";2660;889;2;9;28.35;13.61
582;"CA-2017-117457";"2017-12-08";"2017-12-12";2660;866;2;1;9.68;4.65
583;"CA-2017-117457";"2017-12-08";"2017-12-12";2660;863;2;7;1004.02;-112.95
584;"CA-2017-117457";"2017-12-08";"2017-12-12";2660;830;2;5;27.15;13.3
585;"CA-2017-117457";"2017-12-08";"2017-12-12";2660;827;2;3;1199.98;434.99
586;"CA-2017-117457";"2017-12-08";"2017-12-12";2660;795;2;5;179.95;37.79
587;"CA-2016-100153";"2016-12-13";"2016-12-17";2665;86;2;4;63.88;24.91
588;"CA-2017-152275";"2017-10-01";"2017-10-08";2668;18;2;6;6.67;0.5
589;"CA-2016-103891";"2016-07-12";"2016-07-19";2674;155;2;6;95.76;7.18
590;"CA-2017-163979";"2017-12-28";"2018-01-02";2676;195;1;4;725.84;210.49
591;"US-2014-141215";"2014-06-15";"2014-06-21";2677;399;2;3;8.57;-14.57
592;"US-2014-141215";"2014-06-15";"2014-06-21";2677;357;2;4;797.94;-57.0
593;"US-2014-141215";"2014-06-15";"2014-06-21";2677;597;2;2;99.92;-18.56
594;"CA-2014-111451";"2014-12-26";"2014-12-28";2678;376;3;3;27.55;9.3
595;"CA-2014-111451";"2014-12-26";"2014-12-28";2678;369;3;5;78.6;-62.88
596;"CA-2014-111451";"2014-12-26";"2014-12-28";2678;365;3;3;218.35;-24.56
597;"CA-2014-111451";"2014-12-26";"2014-12-28";2678;361;3;3;230.35;20.16
598;"CA-2014-111451";"2014-12-26";"2014-12-28";2678;358;3;8;300.42;78.86
599;"CA-2016-157749";"2016-06-04";"2016-06-09";2689;393;1;2;7.41;1.2
600;"CA-2016-157749";"2016-06-04";"2016-06-09";2689;36;1;3;4.04;-2.83
601;"CA-2016-157749";"2016-06-04";"2016-06-09";2689;26;1;5;177.23;-120.51
602;"CA-2016-157749";"2016-06-04";"2016-06-09";2689;12;1;2;31.98;11.19
603;"CA-2016-157749";"2016-06-04";"2016-06-09";2689;11;1;3;11.69;-4.68
604;"CA-2016-157749";"2016-06-04";"2016-06-09";2689;506;1;5;419.68;-356.73
605;"CA-2016-157749";"2016-06-04";"2016-06-09";2689;503;1;5;25.92;9.4
606;"CA-2015-108665";"2015-07-06";"2015-07-10";2695;858;2;5;601.65;156.43
607;"CA-2015-108665";"2015-07-06";"2015-07-10";2695;855;2;5;124.95;2.5
608;"CA-2015-108665";"2015-07-06";"2015-07-10";2695;538;2;3;155.82;63.89
609;"CA-2015-108665";"2015-07-06";"2015-07-10";2695;852;2;2;13.96;6.7
610;"CA-2015-135545";"2015-11-24";"2015-11-30";2718;192;2;4;79.76;22.33
611;"CA-2015-135545";"2015-11-24";"2015-11-30";2718;189;2;3;146.73;68.96
612;"CA-2015-135545";"2015-11-24";"2015-11-30";2718;182;2;6;25.82;9.36
613;"CA-2015-135545";"2015-11-24";"2015-11-30";2718;179;2;2;13.98;6.15
614;"CA-2017-144904";"2017-09-25";"2017-10-01";2766;663;2;8;47.12;20.73
615;"CA-2017-144904";"2017-09-25";"2017-10-01";2766;661;2;2;5.56;1.45
616;"CA-2017-144904";"2017-09-25";"2017-10-01";2766;657;2;3;488.65;86.87
617;"CA-2017-144904";"2017-09-25";"2017-10-01";2766;653;2;2;20.7;9.94
618;"CA-2014-163552";"2014-07-11";"2014-07-15";2772;901;2;5;14.4;7.06
619;"CA-2014-163552";"2014-07-11";"2014-07-15";2772;62;2;9;124.11;52.13
620;"CA-2014-163552";"2014-07-11";"2014-07-15";2772;357;2;3;854.94;213.74
621;"CA-2014-163552";"2014-07-11";"2014-07-15";2772;894;2;3;197.97;57.41
622;"CA-2014-163552";"2014-07-11";"2014-07-15";2772;241;2;5;177.2;83.28
623;"CA-2015-125395";"2015-06-26";"2015-06-29";2774;717;1;2;41.9;8.8
624;"US-2015-156867";"2015-11-13";"2015-11-17";2794;122;2;3;102.36;-3.84
625;"US-2015-156867";"2015-11-13";"2015-11-17";2794;120;2;6;238.9;-26.88
626;"CA-2016-167584";"2016-08-12";"2016-08-12";2797;972;4;1;6.48;3.11
627;"CA-2014-139192";"2014-05-27";"2014-06-01";2802;366;1;1;99.99;38.0
628;"CA-2014-139192";"2014-05-27";"2014-06-01";2802;130;1;12;1113.5;125.27
629;"CA-2016-145583";"2016-10-13";"2016-10-19";2808;159;2;14;43.12;20.7
630;"CA-2016-145583";"2016-10-13";"2016-10-19";2808;206;2;6;65.88;18.45
631;"CA-2016-145583";"2016-10-13";"2016-10-19";2808;199;2;3;76.18;26.66
632;"CA-2016-145583";"2016-10-13";"2016-10-19";2808;196;2;2;4.02;1.97
633;"CA-2016-145583";"2016-10-13";"2016-10-19";2808;193;2;4;11.52;3.46
634;"CA-2016-145583";"2016-10-13";"2016-10-19";2808;190;2;1;35.44;16.66
635;"CA-2016-145583";"2016-10-13";"2016-10-19";2808;187;2;3;20.04;9.62
636;"CA-2017-120999";"2017-09-10";"2017-09-15";2819;131;2;4;147.17;16.56
637;"CA-2016-130477";"2016-04-08";"2016-04-12";2831;581;2;2;12.96;6.22
638;"CA-2016-130477";"2016-04-08";"2016-04-12";2831;326;2;2;64.96;2.6
639;"CA-2016-130477";"2016-04-08";"2016-04-12";2831;579;2;3;20.04;9.62
640;"US-2017-116701";"2017-12-17";"2017-12-21";2836;405;1;2;66.28;-178.97
641;"CA-2016-157245";"2016-05-19";"2016-05-24";2845;487;2;2;641.96;179.75
642;"CA-2017-108329";"2017-12-09";"2017-12-14";2847;409;2;4;444.77;44.48
643;"CA-2014-113166";"2014-12-24";"2014-12-26";2850;797;3;2;9.57;3.47
644;"CA-2016-106341";"2016-10-20";"2016-10-23";2852;24;3;3;7.15;0.72
645;"CA-2016-169194";"2016-06-20";"2016-06-25";2863;147;2;2;21.8;6.1
646;"CA-2016-169194";"2016-06-20";"2016-06-25";2863;146;2;3;45.0;4.95
647;"US-2014-115987";"2014-09-08";"2014-09-13";2867;629;1;4;51.18;-79.34
648;"CA-2015-114923";"2015-02-08";"2015-02-13";2868;312;2;3;107.98;-27.0
649;"US-2016-139486";"2016-05-21";"2016-05-23";2873;350;3;2;66.26;27.17
650;"US-2016-139486";"2016-05-21";"2016-05-23";2873;347;3;3;55.18;-12.41
651;"CA-2016-154739";"2016-12-10";"2016-12-15";2878;50;1;2;321.57;28.14
652;"CA-2014-134061";"2014-04-29";"2014-05-04";2879;559;2;2;17.46;5.94
653;"US-2015-120161";"2015-12-18";"2015-12-23";2887;211;2;9;646.78;-145.52
654;"CA-2017-118731";"2017-11-20";"2017-11-22";2898;464;1;7;84.06;27.32
655;"CA-2017-118731";"2017-11-20";"2017-11-22";2898;6;1;3;42.6;16.61
656;"CA-2014-131450";"2014-08-08";"2014-08-15";2906;619;2;8;327.76;91.77
657;"CA-2014-131450";"2014-08-08";"2014-08-15";2906;455;2;5;445.96;55.75
658;"CA-2014-131450";"2014-08-08";"2014-08-15";2906;827;2;3;1199.98;434.99
659;"CA-2014-131450";"2014-08-08";"2014-08-15";2906;613;2;2;76.12;22.07
660;"CA-2016-134362";"2016-09-29";"2016-10-02";2919;542;3;4;15.94;5.18
661;"US-2016-125969";"2016-11-06";"2016-11-10";2928;176;1;3;238.56;26.24
662;"US-2016-125969";"2016-11-06";"2016-11-10";2928;173;1;2;81.42;-9.16
663;"CA-2017-135307";"2017-11-26";"2017-11-27";2946;272;3;2;38.04;12.17
664;"CA-2017-135307";"2017-11-26";"2017-11-27";2946;269;3;3;126.3;40.42
665;"CA-2015-154620";"2015-12-12";"2015-12-16";2952;514;2;2;348.93;34.89
666;"CA-2017-158407";"2017-06-04";"2017-06-10";2965;974;2;2;71.98;25.19
667;"CA-2017-158407";"2017-06-04";"2017-06-10";2965;516;2;2;31.98;2.0
668;"CA-2017-152142";"2017-11-14";"2017-11-19";2966;50;2;2;321.57;28.14
669;"CA-2017-107727";"2017-10-19";"2017-10-23";2986;115;1;3;29.47;9.95
670;"CA-2017-105074";"2017-06-24";"2017-06-29";3001;398;2;3;21.74;6.8
671;"CA-2017-145142";"2017-01-23";"2017-01-25";3042;218;3;2;210.98;21.1
672;"CA-2014-157784";"2014-07-05";"2014-07-08";3050;52;3;3;19.44;9.33
673;"CA-2014-157784";"2014-07-05";"2014-07-08";3050;330;3;2;14.62;6.87
674;"CA-2014-157784";"2014-07-05";"2014-07-08";3050;678;3;3;479.97;163.19
675;"CA-2016-115504";"2016-03-12";"2016-03-17";3070;540;2;2;12.96;6.22
676;"CA-2015-134782";"2015-12-27";"2015-12-31";3074;221;2;2;105.42;51.66
677;"US-2016-123470";"2016-08-15";"2016-08-21";3097;267;2;3;122.33;12.23
678;"US-2016-123470";"2016-08-15";"2016-08-21";3097;266;2;3;18.88;-13.85
679;"CA-2016-105284";"2016-11-24";"2016-12-01";3117;944;2;3;4.42;1.6
680;"CA-2014-110072";"2014-10-22";"2014-10-28";3123;229;2;4;93.89;12.91
681;"US-2015-138303";"2015-09-03";"2015-09-07";3145;368;2;6;52.51;19.69
682;"US-2015-138303";"2015-09-03";"2015-09-07";3145;362;2;1;666.25;-149.91
683;"US-2015-138303";"2015-09-03";"2015-09-07";3145;359;2;3;36.34;-7.27
684;"CA-2014-124429";"2014-05-27";"2014-05-27";3170;211;4;4;359.32;7.19
685;"CA-2014-124429";"2014-05-27";"2014-05-27";3170;26;4;10;567.12;-28.36
686;"CA-2015-154144";"2015-12-20";"2015-12-24";3174;117;2;1;55.48;26.63
687;"CA-2016-113817";"2016-11-07";"2016-11-11";3195;287;2;2;27.68;9.69
688;"CA-2016-155516";"2016-10-21";"2016-10-21";3202;127;4;4;1043.92;271.42
689;"CA-2016-155516";"2016-10-21";"2016-10-21";3202;671;4;7;104.79;29.34
690;"CA-2016-155516";"2016-10-21";"2016-10-21";3202;668;4;2;7.36;0.15
691;"CA-2016-155516";"2016-10-21";"2016-10-21";3202;666;4;4;23.2;10.44
692;"US-2014-150574";"2014-12-19";"2014-12-25";3206;41;2;5;247.8;-18.59
693;"US-2014-150574";"2014-12-19";"2014-12-25";3206;32;2;2;4.81;-3.69
694;"US-2016-134656";"2016-09-28";"2016-10-01";3264;686;3;4;99.14;30.98
695;"CA-2016-102981";"2016-09-06";"2016-09-09";3275;915;1;3;722.35;90.29
696;"CA-2016-102981";"2016-09-06";"2016-09-09";3275;914;1;2;31.86;11.15
697;"CA-2015-133025";"2015-09-17";"2015-09-19";3278;283;1;5;32.4;15.55
698;"US-2017-106663";"2017-06-09";"2017-06-13";3282;307;2;1;108.93;-71.89
699;"US-2017-106663";"2017-06-09";"2017-06-13";3282;305;2;3;23.98;-14.39
700;"CA-2017-163020";"2017-09-15";"2017-09-19";3283;257;2;7;35.56;12.09
701;"CA-2015-102281";"2015-10-12";"2015-10-14";3291;389;3;5;19.9;6.57
702;"CA-2015-102281";"2015-10-12";"2015-10-14";3291;127;3;3;626.35;46.98
703;"CA-2015-102281";"2015-10-12";"2015-10-14";3291;387;3;8;51.84;24.88
704;"CA-2015-102281";"2015-10-12";"2015-10-14";3291;384;3;6;71.76;20.09
705;"CA-2015-102281";"2015-10-12";"2015-10-14";3291;382;3;4;899.14;112.39
706;"CA-2015-147851";"2015-12-03";"2015-12-08";3292;417;2;4;10.75;3.36
707;"CA-2016-142335";"2016-12-15";"2016-12-19";3299;381;2;3;296.37;80.02
708;"CA-2016-142335";"2016-12-15";"2016-12-19";3299;378;2;3;1652.94;231.41
709;"CA-2017-125388";"2017-10-19";"2017-10-23";3302;963;2;3;32.7;8.5
710;"CA-2017-125388";"2017-10-19";"2017-10-23";3302;960;2;4;56.56;14.71
711;"CA-2014-117429";"2014-10-07";"2014-10-13";3313;383;2;5;129.92;21.11
712;"CA-2014-144407";"2014-09-09";"2014-09-15";3316;184;2;7;103.6;51.8
713;"CA-2014-127488";"2014-09-22";"2014-09-24";3317;695;1;2;4.61;1.67
714;"CA-2016-134348";"2016-11-12";"2016-11-19";3335;959;2;2;31.98;2.0
715;"CA-2016-134348";"2016-11-12";"2016-11-19";3335;230;2;7;4.37;-3.35
716;"CA-2016-134348";"2016-11-12";"2016-11-19";3335;957;2;5;6.27;-4.6
717;"CA-2014-135405";"2014-01-09";"2014-01-13";3345;447;2;3;31.2;9.75
718;"CA-2014-135405";"2014-01-09";"2014-01-13";3345;611;2;2;9.34;1.17
719;"CA-2015-135272";"2015-12-07";"2015-12-12";3347;305;2;4;79.92;28.77
720;"CA-2015-101007";"2015-02-09";"2015-02-13";3350;447;1;2;20.8;6.5
721;"CA-2015-105312";"2015-11-06";"2015-11-09";3355;821;3;3;4.4;-3.52
722;"CA-2015-105312";"2015-11-06";"2015-11-09";3355;141;3;3;7.08;2.48
723;"CA-2017-140963";"2017-06-10";"2017-06-13";3364;197;3;5;279.96;17.5
724;"CA-2017-140963";"2017-06-10";"2017-06-13";3364;188;3;5;514.17;-30.25
725;"CA-2017-140963";"2017-06-10";"2017-06-13";3364;184;3;2;29.6;14.8
726;"CA-2017-101798";"2017-12-11";"2017-12-15";3380;38;2;2;39.98;13.59
727;"CA-2017-101798";"2017-12-11";"2017-12-15";3380;738;2;4;23.36;7.88
728;"CA-2014-117639";"2014-05-21";"2014-05-25";3388;814;2;3;617.97;173.03
729;"CA-2014-117639";"2014-05-21";"2014-05-25";3388;813;2;7;2715.93;1276.49
730;"US-2016-105578";"2016-05-30";"2016-06-04";3391;248;2;1;32.79;11.89
731;"US-2016-105578";"2016-05-30";"2016-06-04";3391;246;2;3;2.38;-1.9
732;"US-2016-105578";"2016-05-30";"2016-06-04";3391;245;2;2;801.57;50.1
733;"US-2016-105578";"2016-05-30";"2016-06-04";3391;244;2;2;14.95;-11.96
734;"US-2016-105578";"2016-05-30";"2016-06-04";3391;242;2;2;22.62;-15.08
735;"CA-2015-131457";"2015-10-31";"2015-11-06";3415;107;2;7;14.28;6.71
736;"CA-2016-161816";"2016-04-28";"2016-05-01";3423;637;3;4;15.71;5.7
737;"CA-2016-161816";"2016-04-28";"2016-05-01";3423;773;3;3;369.58;41.58
738;"CA-2016-140928";"2016-09-18";"2016-09-22";3424;470;2;4;383.44;-167.32
739;"US-2016-157945";"2016-09-26";"2016-10-01";3470;90;2;2;8.93;3.35
740;"US-2016-157945";"2016-09-26";"2016-10-01";3470;89;2;3;747.56;-96.11
741;"CA-2017-155705";"2017-08-21";"2017-08-23";3472;965;1;4;866.4;225.26
742;"CA-2015-110667";"2015-04-04";"2015-04-08";3481;939;2;4;9.09;3.29
743;"CA-2015-110667";"2015-04-04";"2015-04-08";3481;235;2;3;82.34;27.79
744;"CA-2015-110667";"2015-04-04";"2015-04-08";3481;938;2;2;108.4;22.76
745;"CA-2015-110667";"2015-04-04";"2015-04-08";3481;935;2;2;11.16;4.35
746;"CA-2017-117947";"2017-08-18";"2017-08-23";3488;229;1;3;88.02;27.29
747;"CA-2017-117947";"2017-08-18";"2017-08-23";3488;247;1;1;37.91;10.99
748;"CA-2017-117947";"2017-08-18";"2017-08-23";3488;651;1;9;107.42;33.57
749;"CA-2017-117947";"2017-08-18";"2017-08-23";3488;649;1;2;9.94;3.08
750;"CA-2017-117947";"2017-08-18";"2017-08-23";3488;647;1;2;40.48;15.79
751;"CA-2014-115973";"2014-11-24";"2014-11-26";3490;736;3;1;2.62;0.43
752;"CA-2015-118948";"2015-05-28";"2015-06-03";3502;260;2;3;6.63;1.79
753;"CA-2014-164973";"2014-11-04";"2014-11-09";3516;171;2;1;43.57;13.07
754;"CA-2014-164973";"2014-11-04";"2014-11-09";3516;505;2;4;360.0;129.6
755;"CA-2014-164973";"2014-11-04";"2014-11-09";3516;131;2;6;275.94;80.02
756;"CA-2014-164973";"2014-11-04";"2014-11-09";3516;501;2;2;3991.98;1995.99
757;"CA-2014-164973";"2014-11-04";"2014-11-09";3516;499;2;1;135.88;24.16
758;"US-2014-117135";"2014-06-21";"2014-06-23";3529;339;1;3;36.84;10.32
759;"US-2014-117135";"2014-06-21";"2014-06-23";3529;23;1;1;284.82;74.05
760;"US-2014-117135";"2014-06-21";"2014-06-23";3529;335;1;1;104.01;14.56
761;"CA-2015-143490";"2015-12-06";"2015-12-13";3532;979;2;2;219.18;19.18
762;"CA-2015-143490";"2015-12-06";"2015-12-13";3532;975;2;9;120.15;33.64
763;"CA-2016-114104";"2016-11-20";"2016-11-24";3536;275;2;7;944.93;236.23
764;"CA-2016-114104";"2016-11-20";"2016-11-24";3536;273;2;2;14.62;6.87
765;"CA-2014-159338";"2014-06-25";"2014-06-28";3560;990;3;5;447.84;11.2
766;"CA-2017-115651";"2017-07-09";"2017-07-12";3572;919;3;9;58.46;-146.16
767;"CA-2017-115651";"2017-07-09";"2017-07-12";3572;917;3;5;8.84;2.98
768;"CA-2015-144267";"2015-08-21";"2015-08-23";3581;507;3;1;4.28;1.93
769;"CA-2015-144267";"2015-08-21";"2015-08-23";3581;797;3;4;23.92;11.72
770;"CA-2015-144267";"2015-08-21";"2015-08-23";3581;902;3;3;59.94;28.17
771;"CA-2015-144267";"2015-08-21";"2015-08-23";3581;504;3;3;544.01;40.8
772;"CA-2016-110772";"2016-11-20";"2016-11-24";3585;328;1;3;86.97;-48.7
773;"CA-2016-110772";"2016-11-20";"2016-11-24";3585;325;1;2;255.98;54.4
774;"CA-2016-110772";"2016-11-20";"2016-11-24";3585;319;1;8;18.5;6.24
775;"CA-2016-110772";"2016-11-20";"2016-11-24";3585;295;1;7;19.1;6.68
776;"CA-2016-118255";"2016-03-11";"2016-03-13";3596;142;3;2;17.46;8.21
777;"CA-2016-118255";"2016-03-11";"2016-03-13";3596;140;3;2;45.98;19.77
778;"CA-2016-113243";"2016-06-10";"2016-06-15";3599;460;2;5;32.4;15.55
779;"CA-2016-113243";"2016-06-10";"2016-06-15";3599;453;2;4;1335.68;-217.05
780;"CA-2016-113243";"2016-06-10";"2016-06-15";3599;451;2;2;20.7;9.94
781;"CA-2017-115364";"2017-06-26";"2017-07-02";3601;561;2;12;83.76;1.68
782;"CA-2015-129476";"2015-10-15";"2015-10-20";3605;134;2;5;339.96;67.99
783;"CA-2016-150889";"2016-03-20";"2016-03-22";3613;421;1;1;11.99;0.9
784;"CA-2015-167269";"2015-06-16";"2015-06-20";3621;878;2;2;6.21;2.17
785;"CA-2016-148796";"2016-04-14";"2016-04-18";3622;946;2;5;383.8;38.38
786;"CA-2016-105494";"2016-11-10";"2016-11-12";3627;568;3;3;70.01;24.5
787;"CA-2016-105494";"2016-11-10";"2016-11-12";3627;676;3;7;155.82;42.07
788;"US-2014-134614";"2014-09-20";"2014-09-25";3636;162;2;6;617.7;-407.68
789;"CA-2017-118437";"2017-06-17";"2017-06-21";3641;822;1;1;14.03;4.07
790;"CA-2017-118437";"2017-06-17";"2017-06-21";3641;106;1;3;155.25;46.58
791;"US-2014-102071";"2014-05-09";"2014-05-15";3647;458;2;3;167.97;40.31
792;"US-2014-102071";"2014-05-09";"2014-05-15";3647;605;2;4;67.8;4.07
793;"CA-2014-103849";"2014-05-11";"2014-05-16";3660;432;2;4;66.11;-84.29
794;"CA-2014-103849";"2014-05-11";"2014-05-16";3660;430;2;1;100.79;6.3
795;"CA-2014-103849";"2014-05-11";"2014-05-16";3660;428;2;2;58.11;7.26
796;"CA-2016-111010";"2016-01-22";"2016-01-28";3663;180;2;6;7.56;0.3
797;"CA-2017-155558";"2017-10-26";"2017-11-02";3667;44;2;2;6.16;2.96
798;"CA-2017-155558";"2017-10-26";"2017-11-02";3667;38;2;1;19.99;6.8
799;"CA-2017-113558";"2017-10-21";"2017-10-26";3669;441;2;3;45.7;5.14
800;"CA-2017-113558";"2017-10-21";"2017-10-26";3669;357;2;3;683.95;42.75
801;"CA-2017-143686";"2017-05-14";"2017-05-14";3682;584;4;7;1399.93;601.97
802;"CA-2017-143686";"2017-05-14";"2017-05-14";3682;541;4;2;18.28;6.22
803;"CA-2016-158099";"2016-09-03";"2016-09-05";3686;478;3;3;280.78;-46.8
804;"CA-2016-158099";"2016-09-03";"2016-09-05";3686;548;3;5;1141.47;-760.98
805;"CA-2014-105893";"2014-11-11";"2014-11-18";3687;39;2;6;665.88;13.32
806;"CA-2016-115756";"2016-09-05";"2016-09-07";3690;71;1;7;22.05;10.58
807;"CA-2016-115756";"2016-09-05";"2016-09-07";3690;66;1;3;242.94;29.15
808;"CA-2016-115756";"2016-09-05";"2016-09-07";3690;65;1;3;70.95;20.58
809;"CA-2016-115756";"2016-09-05";"2016-09-07";3690;61;1;3;194.94;23.39
810;"CA-2016-115756";"2016-09-05";"2016-09-07";3690;57;1;1;12.22;3.67
811;"CA-2016-165148";"2016-10-22";"2016-10-24";3709;271;3;5;31.4;10.05
812;"CA-2017-161018";"2017-11-09";"2017-11-11";3717;62;1;7;96.53;40.54
813;"US-2016-141544";"2016-08-30";"2016-09-01";3723;530;3;6;37.76;-27.69
814;"US-2016-141544";"2016-08-30";"2016-09-01";3723;527;3;10;100.24;33.83
815;"US-2016-141544";"2016-08-30";"2016-09-01";3723;524;3;4;786.74;-258.5
816;"US-2016-141544";"2016-08-30";"2016-09-01";3723;521;3;2;54.22;3.39
817;"US-2016-141544";"2016-08-30";"2016-09-01";3723;517;3;3;290.9;-67.88
818;"CA-2014-146703";"2014-10-20";"2014-10-25";3730;144;1;4;211.96;8.48
819;"CA-2017-140088";"2017-05-28";"2017-05-30";3732;37;1;2;301.96;33.22
820;"CA-2017-143259";"2017-12-30";"2018-01-03";3735;588;2;3;52.78;19.79
821;"CA-2017-143259";"2017-12-30";"2018-01-03";3735;585;2;7;90.93;2.73
822;"CA-2017-143259";"2017-12-30";"2018-01-03";3735;583;2;4;323.14;12.12
823;"CA-2016-147375";"2016-06-12";"2016-06-14";3739;893;1;7;313.49;113.64
824;"CA-2016-147375";"2016-06-12";"2016-06-14";3739;45;1;3;1007.98;43.2
825;"CA-2014-112326";"2014-01-04";"2014-01-08";3745;418;2;2;3.54;-5.49
826;"CA-2014-112326";"2014-01-04";"2014-01-08";3745;123;2;3;272.74;-64.77
827;"CA-2014-112326";"2014-01-04";"2014-01-08";3745;416;2;3;11.78;4.27
828;"US-2017-103247";"2017-10-05";"2017-10-08";3749;785;1;3;75.79;25.58
829;"US-2017-103247";"2017-10-05";"2017-10-08";3749;347;1;7;160.93;3.22
830;"US-2015-164175";"2015-04-30";"2015-05-05";3772;194;2;5;213.12;-15.22
831;"CA-2017-160423";"2017-01-21";"2017-01-26";3783;988;2;7;35.78;-28.63
832;"CA-2017-160423";"2017-01-21";"2017-01-26";3783;984;2;7;348.21;30.47
833;"CA-2016-107216";"2016-06-14";"2016-06-17";3792;73;3;3;8.73;4.1
834;"CA-2016-107216";"2016-06-14";"2016-06-17";3792;991;3;4;7.04;2.04
835;"CA-2017-161480";"2017-12-25";"2017-12-29";3829;332;2;2;191.98;4.8
836;"CA-2016-101343";"2016-07-17";"2016-07-22";3833;132;2;2;77.88;3.89
837;"US-2017-111745";"2017-11-05";"2017-11-06";3835;678;3;1;159.99;54.4
838;"CA-2014-134313";"2014-11-01";"2014-11-07";3839;546;2;4;1983.97;248.0
839;"CA-2014-134313";"2014-11-01";"2014-11-07";3839;544;2;3;43.18;4.32
840;"CA-2015-130792";"2015-04-28";"2015-05-05";3840;705;2;3;23.83;2.68
841;"CA-2015-130792";"2015-04-28";"2015-05-05";3840;702;2;3;8.65;-20.33
842;"CA-2015-126445";"2015-08-27";"2015-08-31";3847;820;2;3;484.65;92.08
843;"CA-2016-166674";"2016-04-01";"2016-04-03";3853;84;1;4;35.12;9.13
844;"CA-2016-166674";"2016-04-01";"2016-04-03";3853;83;1;3;9.84;2.85
845;"CA-2016-166674";"2016-04-01";"2016-04-03";3853;82;1;3;30.48;7.92
846;"CA-2016-166674";"2016-04-01";"2016-04-03";3853;81;1;6;263.88;71.25
847;"CA-2016-166674";"2016-04-01";"2016-04-03";3853;75;1;3;161.94;9.72
848;"CA-2016-166674";"2016-04-01";"2016-04-03";3853;74;1;3;59.52;15.48
849;"CA-2016-115917";"2016-05-20";"2016-05-25";3871;270;2;4;15.42;5.01
850;"CA-2016-115917";"2016-05-20";"2016-05-25";3871;506;2;5;1049.2;272.79
851;"CA-2016-158568";"2016-08-29";"2016-09-02";3874;110;2;3;1.79;-3.04
852;"CA-2016-158568";"2016-08-29";"2016-09-02";3874;109;2;3;95.98;-10.8
853;"CA-2016-158568";"2016-08-29";"2016-09-02";3874;108;2;7;64.62;22.62
854;"CA-2017-130351";"2017-12-05";"2017-12-08";3882;350;3;3;99.39;40.75
855;"CA-2017-130351";"2017-12-05";"2017-12-08";3882;311;3;5;38.9;17.51
856;"CA-2017-130351";"2017-12-05";"2017-12-08";3882;309;3;3;61.44;16.59
857;"US-2017-109484";"2017-11-06";"2017-11-12";3891;60;2;1;5.68;-3.79
858;"US-2015-150161";"2015-07-25";"2015-07-29";3893;530;2;4;25.18;-18.46
859;"US-2016-123750";"2016-04-15";"2016-04-21";3894;25;2;2;4.77;-0.77
860;"US-2016-123750";"2016-04-15";"2016-04-21";3894;341;2;5;291.96;54.74
861;"US-2016-123750";"2016-04-15";"2016-04-21";3894;341;2;7;408.74;76.64
862;"US-2016-123750";"2016-04-15";"2016-04-21";3894;21;2;2;189.59;-145.35
863;"US-2017-110576";"2017-11-28";"2017-12-02";3899;497;2;6;25.34;7.92
864;"US-2017-110576";"2017-11-28";"2017-12-02";3899;662;2;3;15.55;5.44
865;"US-2017-110576";"2017-11-28";"2017-12-02";3899;660;2;12;2065.32;-619.6
866;"US-2017-110576";"2017-11-28";"2017-12-02";3899;506;2;6;1007.23;75.54
867;"US-2017-110576";"2017-11-28";"2017-12-02";3899;658;2;7;516.49;-12.91
868;"CA-2014-138296";"2014-12-05";"2014-12-12";3900;339;2;2;24.56;6.88
869;"CA-2016-125318";"2016-06-06";"2016-06-13";3902;78;2;4;328.22;28.72
870;"CA-2016-143308";"2016-11-04";"2016-11-04";3904;138;4;3;10.74;5.26
871;"CA-2014-115259";"2014-08-25";"2014-08-27";3906;145;1;6;130.46;44.03
872;"CA-2014-115259";"2014-08-25";"2014-08-27";3906;143;1;3;23.98;7.49
873;"CA-2014-115259";"2014-08-25";"2014-08-27";3906;141;1;2;4.72;1.65
874;"CA-2014-115259";"2014-08-25";"2014-08-27";3906;138;1;14;40.1;14.53
875;"CA-2017-112774";"2017-09-11";"2017-09-12";3911;442;3;1;34.5;6.04
876;"CA-2015-162537";"2015-10-28";"2015-11-03";3923;435;2;7;33.11;12.91
877;"CA-2015-162537";"2015-10-28";"2015-11-03";3923;818;2;5;24.1;9.16
878;"CA-2015-162537";"2015-10-28";"2015-11-03";3923;817;2;3;36.63;9.89
879;"CA-2015-162537";"2015-10-28";"2015-11-03";3923;816;2;1;10.67;4.91
880;"CA-2016-127670";"2016-03-20";"2016-03-24";3932;470;2;4;697.16;146.4
881;"CA-2016-112942";"2016-02-13";"2016-02-18";3946;377;2;3;146.82;73.41
882;"CA-2016-154508";"2016-11-16";"2016-11-20";3960;284;2;5;28.4;13.35
883;"CA-2016-105585";"2016-08-26";"2016-08-27";3984;811;3;5;154.9;69.71
884;"CA-2016-105585";"2016-08-26";"2016-08-27";3984;295;3;3;10.23;4.91
885;"CA-2017-126074";"2017-10-02";"2017-10-06";3986;465;2;1;2.88;1.41
886;"CA-2017-126074";"2017-10-02";"2017-10-06";3986;799;2;7;56.98;22.79
887;"CA-2017-126074";"2017-10-02";"2017-10-06";3986;462;2;11;157.74;56.79
888;"CA-2017-126074";"2017-10-02";"2017-10-06";3986;422;2;3;58.05;26.7
889;"CA-2017-117933";"2017-12-24";"2017-12-29";3994;804;2;3;35.91;9.7
890;"CA-2015-124891";"2015-07-31";"2015-07-31";3996;724;4;3;19.44;9.33
891;"CA-2015-124891";"2015-07-31";"2015-07-31";3996;238;4;7;1090.78;-290.88
892;"CA-2015-124891";"2015-07-31";"2015-07-31";3996;819;4;7;2309.65;762.18
893;"CA-2017-151428";"2017-09-21";"2017-09-26";3998;465;2;7;20.16;9.88
894;"CA-2016-168753";"2016-05-29";"2016-06-01";4015;217;1;5;22.75;11.38
895;"CA-2016-168753";"2016-05-29";"2016-06-01";4015;408;1;5;979.95;274.39
896;"CA-2014-158274";"2014-11-19";"2014-11-24";4028;370;1;2;29.0;7.25
897;"CA-2014-158274";"2014-11-19";"2014-11-24";4028;367;1;5;149.95;41.99
898;"CA-2014-158274";"2014-11-19";"2014-11-24";4028;364;1;4;503.96;131.03
899;"US-2016-120929";"2016-03-18";"2016-03-21";4036;218;1;3;189.88;-94.94
900;"CA-2015-148250";"2015-12-13";"2015-12-17";4042;646;2;4;134.48;34.96
901;"CA-2015-148250";"2015-12-13";"2015-12-17";4042;644;2;2;12.96;6.22
902;"CA-2014-156314";"2014-12-24";"2014-12-26";4048;303;3;5;30.36;8.73
903;"US-2017-100048";"2017-05-19";"2017-05-24";4080;366;2;3;299.97;113.99
904;"US-2017-100048";"2017-05-19";"2017-05-24";4080;773;2;2;307.98;89.31
905;"US-2017-100048";"2017-05-19";"2017-05-24";4080;363;2;6;281.34;109.72
906;"CA-2016-165218";"2016-03-05";"2016-03-11";4095;600;2;1;12.99;-0.81
907;"CA-2016-165218";"2016-03-05";"2016-03-11";4095;512;2;3;149.35;50.41
908;"CA-2016-142958";"2016-12-13";"2016-12-20";4099;4;2;4;1114.27;41.79
909;"CA-2016-145499";"2016-05-30";"2016-05-31";4102;632;3;2;3.28;-2.63
910;"CA-2014-154627";"2014-10-29";"2014-10-31";4108;201;3;6;2735.95;341.99
911;"CA-2015-115938";"2015-06-26";"2015-06-30";4110;520;2;3;332.94;79.91
912;"CA-2015-115938";"2015-06-26";"2015-06-30";4110;515;2;8;43.04;21.09
913;"CA-2015-115938";"2015-06-26";"2015-06-30";4110;152;2;1;15.42;4.16
914;"CA-2015-115938";"2015-06-26";"2015-06-30";4110;10;2;4;143.96;69.1
915;"US-2014-106992";"2014-09-19";"2014-09-21";4128;77;1;7;2519.96;-252.0
916;"US-2014-106992";"2014-09-19";"2014-09-21";4128;293;1;3;3059.98;-510.0
917;"CA-2015-133627";"2015-05-31";"2015-06-07";4139;733;2;6;22.2;9.1
918;"US-2014-110674";"2014-02-12";"2014-02-18";4147;88;2;2;129.57;-24.29
919;"CA-2016-126158";"2016-07-25";"2016-07-31";4154;237;2;9;69.3;22.87
920;"CA-2016-126158";"2016-07-25";"2016-07-31";4154;499;2;2;241.57;18.12
921;"CA-2016-126158";"2016-07-25";"2016-07-31";4154;234;2;4;255.76;81.84
922;"CA-2016-126158";"2016-07-25";"2016-07-31";4154;226;2;8;119.62;40.37
923;"CA-2017-106103";"2017-06-10";"2017-06-15";4172;350;2;4;132.52;54.33
924;"CA-2016-114713";"2016-07-07";"2016-07-12";4205;386;2;7;45.58;5.13
925;"US-2015-161991";"2015-09-26";"2015-09-28";4217;233;1;7;1114.4;376.11
926;"US-2015-161991";"2015-09-26";"2015-09-28";4217;230;1;5;2.08;-3.43
927;"CA-2016-103730";"2016-06-12";"2016-06-15";4219;158;3;7;68.04;19.73
928;"CA-2016-103730";"2016-06-12";"2016-06-15";4219;156;3;9;115.02;51.76
929;"CA-2016-103730";"2016-06-12";"2016-06-15";4219;154;3;6;226.56;63.44
930;"CA-2016-103730";"2016-06-12";"2016-06-15";4219;15;3;4;30.84;13.88
931;"CA-2016-103730";"2016-06-12";"2016-06-15";4219;150;3;3;47.04;18.35
932;"CA-2016-127208";"2016-06-12";"2016-06-15";4225;22;3;3;16.74;8.04
933;"CA-2016-127208";"2016-06-12";"2016-06-15";4225;19;3;1;208.16;56.2
934;"CA-2014-101476";"2014-09-12";"2014-09-13";4238;17;3;1;69.99;30.1
935;"CA-2015-111164";"2015-04-11";"2015-04-15";4248;606;2;5;406.6;113.85
936;"CA-2015-111164";"2015-04-11";"2015-04-15";4248;604;2;1;21.99;10.56
937;"CA-2015-111164";"2015-04-11";"2015-04-15";4248;602;2;3;85.14;34.91
938;"US-2017-156909";"2017-07-16";"2017-07-18";4261;94;1;2;71.37;-1.02
939;"CA-2016-127250";"2016-11-03";"2016-11-07";4268;569;2;3;8.82;2.38
940;"CA-2015-138009";"2015-11-29";"2015-12-03";4276;112;2;9;161.82;46.93
941;"CA-2015-138009";"2015-11-29";"2015-12-03";4276;255;2;4;523.48;130.87
942;"CA-2015-138009";"2015-11-29";"2015-12-03";4276;253;2;5;555.21;178.9
943;"CA-2015-138009";"2015-11-29";"2015-12-03";4276;252;2;2;301.96;87.57
944;"CA-2017-155376";"2017-12-22";"2017-12-27";4283;227;2;3;839.43;218.25
945;"CA-2017-106180";"2017-09-18";"2017-09-23";4310;225;2;3;143.7;68.98
946;"CA-2017-106180";"2017-09-18";"2017-09-23";4310;214;2;3;10.86;5.1
947;"CA-2017-106180";"2017-09-18";"2017-09-23";4310;209;2;3;8.82;2.38
948;"CA-2017-126774";"2017-04-15";"2017-04-17";4319;434;3;1;4.89;2.0
949;"CA-2017-161984";"2017-04-10";"2017-04-15";4332;509;2;2;7.16;3.58
950;"CA-2017-161984";"2017-04-10";"2017-04-15";4332;59;2;1;7.61;3.58
951;"US-2017-152366";"2017-04-21";"2017-04-25";4346;324;1;4;97.26;-243.16
952;"CA-2016-105018";"2016-11-28";"2016-12-02";4347;371;2;2;7.16;3.44
953;"CA-2015-153549";"2015-03-29";"2015-03-31";4352;439;1;5;1166.92;131.28
954;"CA-2014-148488";"2014-12-10";"2014-12-15";4358;99;2;7;106.34;37.22
955;"CA-2015-144652";"2015-11-20";"2015-11-26";4381;661;2;7;19.46;5.06
956;"CA-2015-117415";"2015-12-27";"2015-12-31";4387;130;2;4;371.17;41.76
957;"CA-2015-117415";"2015-12-27";"2015-12-31";4387;129;2;3;212.06;-15.15
958;"CA-2015-117415";"2015-12-27";"2015-12-31";4387;127;2;3;532.4;-46.98
959;"CA-2015-117415";"2015-12-27";"2015-12-31";4387;121;2;9;113.33;35.42
960;"CA-2017-152702";"2017-10-12";"2017-10-16";4391;921;2;14;254.6;-18.19
961;"US-2015-108966";"2015-10-11";"2015-10-18";4392;5;2;2;22.37;2.52
962;"US-2015-108966";"2015-10-11";"2015-10-18";4392;4;2;5;957.58;-383.03
963;"CA-2016-123666";"2016-03-26";"2016-03-30";4400;446;2;5;459.95;18.4
964;"CA-2014-155208";"2014-04-16";"2014-04-20";4413;799;2;6;39.07;9.77
965;"CA-2015-124919";"2015-05-31";"2015-06-02";4416;250;3;6;80.88;21.03
966;"CA-2015-124919";"2015-05-31";"2015-06-02";4416;243;3;4;105.52;48.54
967;"CA-2015-124919";"2015-05-31";"2015-06-02";4416;240;3;7;58.38;26.27
968;"CA-2014-164259";"2014-12-28";"2014-12-30";4422;461;3;4;99.14;8.67
969;"CA-2017-110478";"2017-03-04";"2017-03-09";4428;956;2;1;15.25;7.02
970;"CA-2017-110478";"2017-03-04";"2017-03-09";4428;955;2;4;9.32;2.7
971;"CA-2016-132661";"2016-10-23";"2016-10-29";4448;202;2;10;379.4;178.32
972;"CA-2017-165603";"2017-10-17";"2017-10-19";4456;789;1;2;12.96;6.22
973;"CA-2017-165603";"2017-10-17";"2017-10-19";4456;787;1;2;49.96;9.49
974;"CA-2016-169166";"2016-05-09";"2016-05-14";4469;216;2;2;93.98;13.16
975;"US-2016-146710";"2016-08-27";"2016-09-01";4476;420;2;1;4.62;1.68
976;"US-2016-146710";"2016-08-27";"2016-09-01";4476;580;2;5;51.52;-10.95
977;"CA-2014-130092";"2014-01-11";"2014-01-14";4492;649;3;2;9.94;3.08
978;"CA-2017-119305";"2017-11-30";"2017-12-04";4534;168;2;5;173.8;43.45
979;"CA-2016-111682";"2016-06-17";"2016-06-18";4562;177;3;1;1.68;0.84
980;"CA-2016-111682";"2016-06-17";"2016-06-18";4562;175;3;4;48.48;16.36
981;"CA-2016-111682";"2016-06-17";"2016-06-18";4562;146;3;2;30.0;3.3
982;"CA-2016-111682";"2016-06-17";"2016-06-18";4562;172;3;2;14.56;6.99
983;"CA-2016-111682";"2016-06-17";"2016-06-18";4562;170;3;5;319.41;7.1
984;"CA-2016-111682";"2016-06-17";"2016-06-18";4562;169;3;5;32.4;15.55
985;"CA-2016-111682";"2016-06-17";"2016-06-18";4562;168;3;6;208.56;52.14
986;"CA-2015-160059";"2015-11-27";"2015-12-01";4572;694;2;2;6.24;3.06
987;"US-2015-150630";"2015-09-17";"2015-09-21";4603;113;2;2;15.76;3.55
988;"US-2015-150630";"2015-09-17";"2015-09-21";4603;112;2;6;86.3;9.71
989;"US-2015-150630";"2015-09-17";"2015-09-21";4603;107;2;2;3.26;1.1
990;"US-2015-150630";"2015-09-17";"2015-09-21";4603;106;2;3;124.2;15.53
991;"US-2015-150630";"2015-09-17";"2015-09-21";4603;104;2;2;9.62;-7.05
992;"US-2015-150630";"2015-09-17";"2015-09-21";4603;103;2;7;3083.43;-1665.05
993;"CA-2015-130883";"2015-09-26";"2015-10-02";4604;283;2;6;31.1;10.89
994;"CA-2015-130883";"2015-09-26";"2015-10-02";4604;268;2;5;239.8;47.96
995;"CA-2015-130883";"2015-09-26";"2015-10-02";4604;241;2;5;141.76;47.84
996;"CA-2015-131128";"2015-10-19";"2015-10-20";4605;550;3;3;34.44;17.22
997;"CA-2017-114440";"2017-09-14";"2017-09-17";4608;205;1;3;19.05;8.76
998;"CA-2017-154214";"2017-03-20";"2017-03-25";4613;73;1;1;2.91;1.37
999;"CA-2017-111178";"2017-06-15";"2017-06-22";4655;308;2;5;19.56;1.71
1000;"CA-2017-134306";"2017-07-08";"2017-07-12";4656;607;2;2;12.96;4.15
1001;"CA-2017-134306";"2017-07-08";"2017-07-12";4656;115;2;2;24.56;11.54
1002;"CA-2017-134306";"2017-07-08";"2017-07-12";4656;395;2;3;7.56;3.1
1003;"US-2017-100209";"2017-07-09";"2017-07-15";4657;735;2;2;1.08;-0.79
1004;"CA-2017-150959";"2017-11-11";"2017-11-13";4658;578;3;4;18.34;-32.09
1005;"CA-2017-150959";"2017-11-11";"2017-11-13";4658;575;3;5;10.44;3.39
1006;"CA-2015-149713";"2015-09-18";"2015-09-22";4667;576;1;2;7.3;2.19
1007;"CA-2015-149713";"2015-09-18";"2015-09-22";4667;572;1;4;19.92;9.76
1008;"CA-2015-149713";"2015-09-18";"2015-09-22";4667;481;1;14;160.72;78.75
1009;"CA-2017-132682";"2017-06-08";"2017-06-10";4684;302;1;3;381.58;28.62
1010;"CA-2017-132682";"2017-06-08";"2017-06-10";4684;241;1;3;85.06;28.71
1011;"CA-2017-132682";"2017-06-08";"2017-06-10";4684;301;1;3;23.76;2.08
1012;"CA-2014-113887";"2014-04-05";"2014-04-07";4686;117;3;1;55.48;26.63
1013;"CA-2017-133256";"2017-06-26";"2017-06-27";4690;566;3;8;543.92;135.98
1014;"CA-2017-133256";"2017-06-26";"2017-06-27";4690;565;3;4;15.92;5.41
1015;"CA-2016-109869";"2016-04-22";"2016-04-29";4706;105;2;2;78.27;5.87
1016;"CA-2016-109869";"2016-04-22";"2016-04-29";4706;100;2;2;185.38;-34.76
1017;"CA-2016-109869";"2016-04-22";"2016-04-29";4706;99;2;5;28.49;-20.89
1018;"CA-2016-109869";"2016-04-22";"2016-04-29";4706;98;2;6;1272.63;-814.48
1019;"CA-2016-109869";"2016-04-22";"2016-04-29";4706;663;2;5;23.56;7.07
1020;"CA-2016-120180";"2016-07-14";"2016-07-16";4713;620;3;2;11.63;1.02
1021;"CA-2017-101434";"2017-06-20";"2017-06-27";4733;416;2;2;9.82;4.81
1022;"CA-2017-101434";"2017-06-20";"2017-06-27";4733;603;2;3;239.97;71.99
1023;"CA-2015-161263";"2015-04-16";"2015-04-21";4737;952;2;5;55.47;-46.23
1024;"CA-2015-161263";"2015-04-16";"2015-04-21";4737;950;2;1;1.45;0.24
1025;"CA-2015-161263";"2015-04-16";"2015-04-21";4737;949;2;3;118.78;-27.72
1026;"CA-2015-161263";"2015-04-16";"2015-04-21";4737;736;2;3;7.87;1.28
1027;"CA-2015-161263";"2015-04-16";"2015-04-21";4737;947;2;7;10.42;-2.21
1028;"CA-2015-161263";"2015-04-16";"2015-04-21";4737;290;2;3;45.22;4.52
1029;"CA-2014-120887";"2014-09-27";"2014-10-03";4744;452;2;3;87.54;37.64
1030;"CA-2015-146829";"2015-03-10";"2015-03-10";4751;809;4;2;1.11;-1.89
1031;"CA-2016-110023";"2016-09-09";"2016-09-11";4772;489;3;2;14.62;5.48
1032;"US-2017-107272";"2017-11-05";"2017-11-12";4777;171;2;7;243.99;30.5
1033;"US-2017-107272";"2017-11-05";"2017-11-12";4777;163;2;2;2.39;-1.83
1034;"CA-2016-162733";"2016-05-11";"2016-05-12";4787;278;3;1;5.98;2.69
1035;"CA-2016-158834";"2016-03-13";"2016-03-16";4811;239;3;2;203.18;15.24
1036;"CA-2016-158834";"2016-03-13";"2016-03-16";4811;236;3;5;157.92;17.77
1037;"US-2017-127719";"2017-07-21";"2017-07-25";4813;279;2;1;6.48;3.18
1038;"CA-2014-163419";"2014-11-11";"2014-11-14";4815;616;1;5;603.92;75.49
1039;"CA-2014-163419";"2014-11-11";"2014-11-14";4815;788;1;2;559.98;56.0
1040;"CA-2014-163419";"2014-11-11";"2014-11-14";4815;786;1;1;3.39;0.81
1041;"CA-2017-155698";"2017-03-08";"2017-03-11";4823;653;3;2;20.7;9.94
1042;"CA-2017-155698";"2017-03-08";"2017-03-11";4823;652;3;8;647.84;168.44
1043;"CA-2017-154816";"2017-11-06";"2017-11-10";4824;954;2;1;5.78;2.83
1044;"US-2015-145436";"2015-02-28";"2015-03-04";4826;490;2;8;389.7;43.84
1045;"US-2015-145436";"2015-02-28";"2015-03-04";4826;488;2;2;161.57;-28.27
1046;"CA-2016-113747";"2016-05-28";"2016-06-04";4830;461;2;6;185.88;50.19
1047;"CA-2017-107720";"2017-11-06";"2017-11-13";4851;396;2;3;46.26;12.03
1048;"CA-2017-102946";"2017-06-30";"2017-07-05";4858;785;2;3;75.79;25.58
1049;"CA-2015-146262";"2015-01-02";"2015-01-09";4874;458;2;2;89.58;4.48
1050;"CA-2015-146262";"2015-01-02";"2015-01-09";4874;456;2;9;1188.0;-950.4
1051;"CA-2015-146262";"2015-01-02";"2015-01-09";4874;126;2;3;62.98;-14.7
1052;"CA-2015-146262";"2015-01-02";"2015-01-09";4874;454;2;5;452.45;-244.32
1053;"CA-2015-146262";"2015-01-02";"2015-01-09";4874;449;2;2;23.68;8.88
1054;"CA-2014-134677";"2014-10-06";"2014-10-10";4894;174;2;3;9.09;1.91
1055;"CA-2016-110499";"2016-04-07";"2016-04-09";4904;468;3;3;1199.98;374.99
1056;"CA-2014-151995";"2014-10-13";"2014-10-15";4915;294;3;2;25.78;2.58
1057;"CA-2014-151995";"2014-10-13";"2014-10-15";4915;558;3;4;213.92;62.04
1058;"CA-2014-151995";"2014-10-13";"2014-10-15";4915;238;3;5;1298.55;311.65
1059;"CA-2014-151995";"2014-10-13";"2014-10-15";4915;555;3;4;11.52;3.23
1060;"CA-2016-169103";"2016-03-08";"2016-03-13";4921;122;2;3;102.36;-3.84
1061;"CA-2016-169103";"2016-03-08";"2016-03-13";4921;526;2;5;1363.96;85.25
1062;"US-2016-156986";"2016-03-20";"2016-03-24";4922;599;2;2;10.37;3.63
1063;"US-2016-156986";"2016-03-20";"2016-03-24";4922;226;2;3;16.82;-12.9
1064;"US-2016-156986";"2016-03-20";"2016-03-24";4922;596;2;4;20.74;7.26
1065;"US-2016-156986";"2016-03-20";"2016-03-24";4922;593;2;2;84.78;-20.14
1066;"CA-2014-143336";"2014-08-27";"2014-09-01";4927;87;1;4;22.72;7.38
1067;"CA-2014-143336";"2014-08-27";"2014-09-01";4927;51;1;3;213.48;16.01
1068;"CA-2014-143336";"2014-08-27";"2014-09-01";4927;48;1;2;8.56;2.48
1069;"CA-2015-121391";"2015-10-04";"2015-10-07";3;250;3;2;26.96;7.01
1070;"CA-2017-147039";"2017-06-29";"2017-07-04";5;203;2;2;11.54;5.77
1071;"CA-2017-147039";"2017-06-29";"2017-07-04";5;715;2;3;362.94;90.74
1072;"CA-2014-158064";"2014-04-21";"2014-04-25";6;756;2;5;16.52;5.58
1073;"CA-2015-109939";"2015-05-08";"2015-05-12";9;1195;2;2;5.25;0.59
1074;"CA-2014-155271";"2014-05-04";"2014-05-04";15;696;4;2;27.46;9.89
1075;"CA-2016-161207";"2016-08-29";"2016-09-03";29;609;2;3;27.93;8.1
1076;"US-2016-122245";"2016-09-25";"2016-09-30";37;656;2;3;393.17;-204.45
1077;"CA-2017-120761";"2017-09-04";"2017-09-08";47;140;2;4;91.96;39.54
1078;"CA-2017-158876";"2017-11-19";"2017-11-21";48;516;1;2;15.99;-13.99
1079;"CA-2017-158876";"2017-11-19";"2017-11-21";48;461;1;4;99.14;8.67
1080;"CA-2017-158876";"2017-11-19";"2017-11-21";48;845;1;1;6.67;0.5
1081;"CA-2017-158876";"2017-11-19";"2017-11-21";48;843;1;4;16.9;5.28
1082;"US-2016-158708";"2016-06-26";"2016-06-29";60;937;1;2;13.62;3.57
1083;"CA-2017-127705";"2017-06-02";"2017-06-06";63;333;2;2;27.44;2.4
1084;"CA-2017-127705";"2017-06-02";"2017-06-06";63;562;2;1;2.97;-0.64
1085;"US-2017-155425";"2017-11-10";"2017-11-11";69;524;3;4;899.14;-146.11
1086;"US-2017-155425";"2017-11-10";"2017-11-11";69;459;3;2;201.58;15.12
1087;"US-2017-155425";"2017-11-10";"2017-11-11";69;1161;3;6;239.95;-35.99
1088;"US-2017-155425";"2017-11-10";"2017-11-11";69;1158;3;2;95.99;-64.0
1089;"US-2017-155425";"2017-11-10";"2017-11-11";69;489;3;14;38.39;-25.59
1090;"US-2017-158218";"2017-05-12";"2017-05-15";72;926;1;5;127.92;-15.99
1091;"CA-2017-141789";"2017-10-03";"2017-10-06";78;1045;3;2;1793.98;843.17
1092;"CA-2017-157987";"2017-09-02";"2017-09-06";83;1044;2;4;17.12;7.7
1093;"CA-2017-157987";"2017-09-02";"2017-09-06";83;458;2;3;167.97;40.31
1094;"CA-2017-157987";"2017-09-02";"2017-09-06";83;1140;2;2;238.0;38.08
1095;"CA-2017-157987";"2017-09-02";"2017-09-06";83;1137;2;3;4.92;2.21
1096;"CA-2017-157987";"2017-09-02";"2017-09-06";83;357;2;5;1282.41;213.74
1097;"CA-2017-157987";"2017-09-02";"2017-09-06";83;783;2;6;18.9;9.07
1098;"CA-2017-157987";"2017-09-02";"2017-09-06";83;894;2;3;197.97;57.41
1099;"CA-2017-157987";"2017-09-02";"2017-09-06";83;989;2;8;26.43;8.92
1100;"CA-2017-157987";"2017-09-02";"2017-09-06";83;101;2;1;12.98;3.76
1101;"CA-2017-157987";"2017-09-02";"2017-09-06";83;98;2;1;254.53;-93.33
1102;"CA-2017-157987";"2017-09-02";"2017-09-06";83;1100;2;2;11.54;3.46
1103;"CA-2017-157987";"2017-09-02";"2017-09-06";83;681;2;2;23.1;6.47
1104;"CA-2015-120439";"2015-06-14";"2015-06-18";90;803;2;6;51.07;5.11
1105;"CA-2015-124268";"2015-07-04";"2015-07-08";91;985;2;3;15.48;4.49
1106;"US-2017-139969";"2017-11-19";"2017-11-26";102;933;2;3;233.06;-53.27
1107;"CA-2016-136483";"2016-12-01";"2016-12-06";124;209;2;2;4.7;0.41
1108;"CA-2017-101483";"2017-07-29";"2017-08-01";142;8;1;3;4.37;0.38
1109;"CA-2017-101483";"2017-07-29";"2017-08-01";142;850;1;5;22.0;1.38
1110;"CA-2017-101483";"2017-07-29";"2017-08-01";142;1035;1;2;34.85;6.53
1111;"CA-2015-130785";"2015-09-05";"2015-09-09";149;1051;2;3;293.2;-20.7
1112;"CA-2015-130785";"2015-09-05";"2015-09-09";149;1049;2;6;28.75;9.7
1113;"CA-2015-130785";"2015-09-05";"2015-09-09";149;1048;2;4;411.33;-4.84
1114;"CA-2015-148376";"2015-12-27";"2015-12-31";152;968;2;7;21.56;10.35
1115;"CA-2015-148376";"2015-12-27";"2015-12-31";152;558;2;2;106.96;31.02
1116;"CA-2017-118857";"2017-04-15";"2017-04-18";170;932;3;5;196.45;70.72
1117;"CA-2017-165029";"2017-11-26";"2017-11-30";174;823;2;3;12.84;3.72
1118;"CA-2014-123295";"2014-07-18";"2014-07-18";175;66;4;4;259.14;-25.91
1119;"US-2017-160759";"2017-12-11";"2017-12-17";223;1145;2;1;63.69;-9.1
1120;"CA-2016-145905";"2016-09-18";"2016-09-23";257;887;2;4;900.08;117.01
1121;"CA-2016-145905";"2016-09-18";"2016-09-23";257;1218;2;2;13.08;6.02
1122;"CA-2016-145905";"2016-09-18";"2016-09-23";257;1087;2;1;350.98;84.24
1123;"CA-2014-127964";"2014-03-03";"2014-03-08";262;722;2;5;25.32;9.18
1124;"CA-2014-127964";"2014-03-03";"2014-03-08";262;369;2;3;125.76;40.87
1125;"CA-2014-127964";"2014-03-03";"2014-03-08";262;718;2;1;9.99;4.6
1126;"CA-2016-154403";"2016-05-23";"2016-05-27";264;829;2;1;4.98;2.44
1127;"CA-2014-146969";"2014-09-29";"2014-10-03";271;984;2;1;62.18;16.79
1128;"CA-2014-146969";"2014-09-29";"2014-10-03";271;675;2;2;686.32;223.05
1129;"CA-2014-146969";"2014-09-29";"2014-10-03";271;385;2;1;6.48;3.11
1130;"CA-2014-146969";"2014-09-29";"2014-10-03";271;1102;2;4;8.72;2.88
1131;"CA-2014-146969";"2014-09-29";"2014-10-03";271;693;2;2;204.6;53.2
1132;"CA-2016-128412";"2016-12-10";"2016-12-17";276;794;2;5;44.75;8.5
1133;"CA-2016-128412";"2016-12-10";"2016-12-17";276;1432;2;3;35.1;12.29
1134;"CA-2016-128412";"2016-12-10";"2016-12-17";276;752;2;4;123.92;55.76
1135;"CA-2016-128412";"2016-12-10";"2016-12-17";276;1035;2;3;65.34;22.87
1136;"CA-2016-128412";"2016-12-10";"2016-12-17";276;1334;2;3;153.55;51.82
1137;"CA-2015-123505";"2015-11-22";"2015-11-26";296;745;2;3;14.94;7.02
1138;"CA-2017-154935";"2017-12-24";"2017-12-29";299;1509;2;3;17.88;5.59
1139;"CA-2016-162901";"2016-03-28";"2016-03-31";310;1109;3;2;31.4;7.85
1140;"CA-2017-113481";"2017-01-02";"2017-01-04";312;104;3;6;28.85;-21.16
1141;"CA-2017-113481";"2017-01-02";"2017-01-04";312;1086;3;2;695.7;-27.83
1142;"CA-2017-162691";"2017-08-01";"2017-08-07";313;1135;2;7;36.29;12.7
1143;"CA-2017-162691";"2017-08-01";"2017-08-07";313;1132;2;3;1439.98;-264.0
1144;"CA-2015-127509";"2015-11-09";"2015-11-13";318;1203;2;3;17.34;8.5
1145;"CA-2015-127509";"2015-11-09";"2015-11-13";318;1201;2;3;26.22;12.32
1146;"CA-2015-127509";"2015-11-09";"2015-11-13";318;1200;2;7;1024.38;215.12
1147;"CA-2015-127509";"2015-11-09";"2015-11-13";318;1198;2;3;17.22;7.92
1148;"US-2017-108063";"2017-12-02";"2017-12-05";324;1042;3;3;34.65;10.4
1149;"CA-2016-149461";"2016-11-13";"2016-11-19";325;709;2;1;4.18;1.5
1150;"CA-2014-110408";"2014-10-18";"2014-10-20";327;1193;1;6;545.88;70.96
1151;"CA-2014-110408";"2014-10-18";"2014-10-20";327;1190;1;5;1394.95;362.69
1152;"CA-2014-110408";"2014-10-18";"2014-10-20";327;446;1;3;275.97;11.04
1153;"CA-2016-118913";"2016-06-25";"2016-06-29";336;1430;2;3;60.81;17.03
1154;"CA-2017-101049";"2017-06-21";"2017-06-25";337;578;1;6;41.26;-34.38
1155;"CA-2017-101049";"2017-06-21";"2017-06-25";337;872;1;5;17.92;2.46
1156;"CA-2017-124597";"2017-04-30";"2017-05-05";349;529;2;3;11.95;3.88
1157;"CA-2017-124597";"2017-04-30";"2017-05-05";349;867;2;3;15.53;4.85
1158;"CA-2017-124597";"2017-04-30";"2017-05-05";349;1065;2;2;4.61;1.67
1159;"CA-2014-120243";"2014-12-27";"2014-12-30";352;759;1;4;11.56;5.43
1160;"CA-2016-100468";"2016-11-24";"2016-12-01";354;649;2;2;9.94;3.08
1161;"CA-2016-100468";"2016-11-24";"2016-12-01";354;739;2;2;33.52;3.35
1162;"CA-2015-149678";"2015-04-13";"2015-04-15";367;580;1;1;12.88;0.39
1163;"CA-2015-129112";"2015-11-29";"2015-11-30";368;796;3;4;8.78;-13.62
1164;"CA-2015-129112";"2015-11-29";"2015-11-30";368;794;3;3;21.48;-0.27
1165;"CA-2017-143798";"2017-12-10";"2017-12-12";370;483;3;2;310.88;23.32
1166;"CA-2017-143798";"2017-12-10";"2017-12-12";370;662;3;2;10.37;3.63
1167;"US-2014-103905";"2014-07-14";"2014-07-20";371;384;2;4;38.27;3.83
1168;"US-2014-103905";"2014-07-14";"2014-07-20";371;97;2;7;29.93;-46.39
1169;"CA-2017-122735";"2017-04-12";"2017-04-15";418;1521;1;4;39.96;17.98
1170;"CA-2017-122735";"2017-04-12";"2017-04-15";418;1520;1;5;29.7;13.37
1171;"CA-2017-117485";"2017-09-23";"2017-09-29";420;341;2;4;291.96;102.19
1172;"CA-2016-112102";"2016-04-12";"2016-04-16";434;156;2;5;63.9;28.76
1173;"CA-2016-112102";"2016-04-12";"2016-04-16";434;1069;2;1;40.99;20.09
1174;"CA-2016-112102";"2016-04-12";"2016-04-16";434;1068;2;4;343.92;75.66
1175;"CA-2016-148698";"2016-05-02";"2016-05-07";453;940;2;3;86.35;5.4
1176;"CA-2016-124667";"2016-11-11";"2016-11-16";455;40;2;1;83.36;20.84
1177;"CA-2016-124667";"2016-11-11";"2016-11-16";455;959;2;3;59.97;14.99
1178;"CA-2016-140774";"2016-09-05";"2016-09-10";472;940;2;3;107.94;26.99
1179;"CA-2014-117345";"2014-08-01";"2014-08-05";475;183;2;2;78.3;29.36
1180;"CA-2014-117345";"2014-08-01";"2014-08-05";475;1138;2;1;62.92;10.22
1181;"CA-2014-117345";"2014-08-01";"2014-08-05";475;62;2;4;44.13;12.14
1182;"CA-2014-117345";"2014-08-01";"2014-08-05";475;3;2;3;17.54;5.92
1183;"CA-2014-163013";"2014-11-28";"2014-12-04";492;308;2;3;14.67;3.96
1184;"CA-2017-140676";"2017-09-12";"2017-09-15";493;390;3;5;94.85;45.53
1185;"CA-2017-140676";"2017-09-12";"2017-09-15";493;101;3;7;90.86;26.35
1186;"CA-2017-140676";"2017-09-12";"2017-09-15";493;43;3;5;39.9;19.95
1187;"CA-2014-110184";"2014-07-12";"2014-07-16";496;806;2;8;255.94;28.79
1188;"CA-2014-110184";"2014-07-12";"2014-07-16";496;42;2;9;249.75;44.96
1189;"US-2016-120460";"2016-04-30";"2016-05-05";502;977;2;3;22.61;-10.17
1190;"CA-2016-153682";"2016-05-30";"2016-06-01";523;838;3;2;839.99;70.0
1191;"CA-2017-121412";"2017-09-23";"2017-09-27";525;57;2;3;29.33;3.67
1192;"CA-2015-113110";"2015-03-19";"2015-03-23";543;397;2;6;40.14;19.67
1193;"CA-2015-113110";"2015-03-19";"2015-03-23";543;845;2;4;33.36;8.67
1194;"CA-2015-113110";"2015-03-19";"2015-03-23";543;3;2;2;14.62;6.87
1195;"CA-2015-113110";"2015-03-19";"2015-03-23";543;796;2;2;17.57;6.37
1196;"CA-2016-126004";"2016-12-04";"2016-12-05";549;815;3;2;193.86;11.63
1197;"CA-2016-126004";"2016-12-04";"2016-12-05";549;812;3;3;182.94;3.66
1198;"CA-2016-126004";"2016-12-04";"2016-12-05";549;808;3;4;40.56;19.87
1199;"CA-2016-126004";"2016-12-04";"2016-12-05";549;766;3;1;1.73;0.6
1200;"CA-2016-126004";"2016-12-04";"2016-12-05";549;424;3;1;78.15;34.39
1201;"CA-2017-167101";"2017-03-24";"2017-03-28";563;447;1;2;26.0;11.7
1202;"CA-2017-167101";"2017-03-24";"2017-03-28";563;1362;1;4;221.92;106.52
1203;"CA-2014-133270";"2014-06-06";"2014-06-09";568;306;3;2;13.36;4.94
1204;"CA-2016-101966";"2016-07-14";"2016-07-16";574;1017;1;7;419.94;52.49
1205;"CA-2014-118339";"2014-03-17";"2014-03-24";581;1106;2;6;35.88;17.22
1206;"CA-2014-118339";"2014-03-17";"2014-03-24";581;1104;2;10;53.4;25.1
1207;"CA-2014-118339";"2014-03-17";"2014-03-24";581;1098;2;6;19.68;5.71
1208;"CA-2014-118339";"2014-03-17";"2014-03-24";581;1097;2;7;47.18;23.59
1209;"CA-2014-118339";"2014-03-17";"2014-03-24";581;363;2;2;93.78;36.57
1210;"CA-2016-169943";"2016-05-19";"2016-05-24";583;651;2;4;47.74;14.92
1211;"CA-2016-169943";"2016-05-19";"2016-05-24";583;649;2;8;39.76;12.33
1212;"CA-2016-169943";"2016-05-19";"2016-05-24";583;1009;2;4;35.92;15.09
1213;"CA-2016-169943";"2016-05-19";"2016-05-24";583;219;2;5;454.9;0.0
1214;"CA-2016-169943";"2016-05-19";"2016-05-24";583;258;2;5;242.9;70.44
1215;"CA-2017-158386";"2017-10-16";"2017-10-21";592;545;2;5;124.75;57.39
1216;"CA-2017-142888";"2017-11-21";"2017-11-25";626;1031;2;1;70.98;20.58
1217;"CA-2014-153976";"2014-10-03";"2014-10-08";627;967;1;3;258.28;-70.1
1218;"US-2014-134712";"2014-11-29";"2014-12-04";639;286;2;2;12.62;3.95
1219;"CA-2014-126032";"2014-06-23";"2014-06-28";650;795;2;3;86.38;1.08
1220;"CA-2014-103373";"2014-05-18";"2014-05-24";653;1126;2;2;779.8;-168.96
1221;"CA-2015-138002";"2015-09-06";"2015-09-12";663;1434;2;3;191.82;74.81
1222;"CA-2015-138002";"2015-09-06";"2015-09-12";663;612;2;2;6.1;2.13
1223;"CA-2017-115994";"2017-01-28";"2017-01-31";666;1386;1;3;37.74;12.83
1224;"CA-2017-115994";"2017-01-28";"2017-01-31";666;936;1;3;239.97;26.4
1225;"CA-2017-117212";"2017-02-26";"2017-02-28";682;770;1;4;23.12;11.33
1226;"CA-2017-117212";"2017-02-26";"2017-02-28";682;893;1;4;223.92;109.72
1227;"CA-2017-117212";"2017-02-26";"2017-02-28";682;769;1;3;892.22;89.22
1228;"CA-2017-117212";"2017-02-26";"2017-02-28";682;768;1;8;889.54;66.72
1229;"CA-2017-117212";"2017-02-26";"2017-02-28";682;309;1;4;81.92;22.12
1230;"US-2017-161193";"2017-11-20";"2017-11-26";689;73;2;2;4.66;1.57
1231;"US-2017-161193";"2017-11-20";"2017-11-26";689;392;2;5;77.6;28.13
1232;"CA-2015-103793";"2015-03-26";"2015-03-31";691;752;2;3;74.35;23.24
1233;"US-2014-167633";"2014-09-30";"2014-10-05";707;1371;2;3;15.55;5.44
1234;"CA-2016-168081";"2016-04-24";"2016-04-27";718;477;1;3;258.7;64.67
1235;"CA-2015-120362";"2015-09-14";"2015-09-19";724;1211;2;5;912.75;118.66
1236;"CA-2016-106894";"2016-02-07";"2016-02-07";725;575;4;3;7.83;3.6
1237;"CA-2016-106894";"2016-02-07";"2016-02-07";725;868;4;4;100.0;21.0
1238;"US-2016-132857";"2016-12-11";"2016-12-17";739;846;2;3;6.67;1.67
1239;"CA-2016-147417";"2016-07-25";"2016-07-27";756;557;3;4;1439.98;192.0
1240;"CA-2017-111374";"2017-02-24";"2017-02-28";757;989;2;4;4.96;-3.8
1241;"US-2017-157896";"2017-11-16";"2017-11-16";758;377;4;3;146.82;73.41
1242;"CA-2015-113971";"2015-05-08";"2015-05-14";761;692;2;6;8.35;1.25
1243;"CA-2015-111094";"2015-07-09";"2015-07-13";763;1083;2;2;6.58;3.03
1244;"CA-2016-147585";"2016-11-07";"2016-11-12";765;500;2;3;14.82;6.22
1245;"CA-2016-148201";"2016-08-26";"2016-08-29";779;581;1;1;6.48;3.11
1246;"CA-2016-155992";"2016-10-01";"2016-10-02";787;879;3;5;41.85;10.88
1247;"CA-2016-155992";"2016-10-01";"2016-10-02";787;231;3;2;69.9;18.87
1248;"CA-2016-163384";"2016-11-10";"2016-11-12";801;747;3;5;32.4;15.55
1249;"CA-2016-163384";"2016-11-10";"2016-11-12";801;989;3;4;13.22;4.46
1250;"CA-2016-118570";"2016-11-13";"2016-11-17";802;1317;2;7;217.06;78.68
1251;"CA-2015-132507";"2015-07-30";"2015-08-03";820;1215;1;4;61.79;6.18
1252;"CA-2016-146521";"2016-07-21";"2016-07-23";823;496;1;1;1.94;-1.29
1253;"CA-2016-152121";"2016-11-27";"2016-11-29";829;1113;1;1;271.99;23.8
1254;"US-2014-158057";"2014-03-22";"2014-03-26";833;235;2;5;51.47;-39.46
1255;"US-2014-158057";"2014-03-22";"2014-03-26";833;151;2;4;7.64;-5.86
1256;"US-2017-132444";"2017-11-18";"2017-11-21";845;926;3;3;95.94;9.59
1257;"US-2017-132444";"2017-11-18";"2017-11-21";845;909;3;2;8.45;2.96
1258;"US-2017-132444";"2017-11-18";"2017-11-21";845;907;3;2;2.96;1.42
1259;"US-2017-132444";"2017-11-18";"2017-11-21";845;350;3;4;132.52;54.33
1260;"US-2017-132444";"2017-11-18";"2017-11-21";845;46;3;6;169.68;45.81
1261;"CA-2014-139857";"2014-02-02";"2014-02-06";846;971;2;5;12.35;5.8
1262;"CA-2016-164350";"2016-09-10";"2016-09-12";852;1442;1;3;67.56;8.45
1263;"US-2017-104955";"2017-03-19";"2017-03-24";854;712;2;7;28.91;13.3
1264;"CA-2015-127110";"2015-06-25";"2015-07-01";859;1012;2;2;78.26;-17.61
1265;"CA-2015-127110";"2015-06-25";"2015-07-01";859;1008;2;6;31.1;10.89
1266;"CA-2015-123673";"2015-10-30";"2015-11-01";860;1067;1;2;299.9;74.98
1267;"CA-2016-109344";"2016-02-08";"2016-02-11";861;1124;1;3;1127.98;126.9
1268;"US-2016-112977";"2016-03-10";"2016-03-16";863;356;2;1;176.78;-22.1
1269;"CA-2016-128818";"2016-05-07";"2016-05-11";864;664;2;8;63.68;28.02
1270;"CA-2016-128818";"2016-05-07";"2016-05-11";864;109;2;5;199.95;21.99
1271;"CA-2016-128818";"2016-05-07";"2016-05-11";864;1132;2;5;3999.95;1159.99
1272;"CA-2016-128818";"2016-05-07";"2016-05-11";864;1429;2;4;442.76;59.04
1273;"CA-2016-128818";"2016-05-07";"2016-05-11";864;184;2;3;44.4;22.2
1274;"CA-2016-122392";"2016-07-22";"2016-07-27";865;748;2;2;11.65;3.35
1275;"CA-2016-122392";"2016-07-22";"2016-07-27";865;746;2;2;4.16;0.36
1276;"CA-2014-166884";"2014-03-11";"2014-03-16";871;1102;1;6;10.46;1.7
1277;"CA-2014-166884";"2014-03-11";"2014-03-16";871;760;1;5;8.32;2.29
1278;"CA-2015-135363";"2015-03-28";"2015-04-02";874;1218;2;1;5.23;1.7
1279;"CA-2015-135363";"2015-03-28";"2015-04-02";874;53;2;3;15.55;5.44
1280;"CA-2015-142237";"2015-07-11";"2015-07-13";890;1238;3;6;25.34;3.48
1281;"CA-2015-142237";"2015-07-11";"2015-07-13";890;661;3;5;11.12;0.83
1282;"CA-2015-142237";"2015-07-11";"2015-07-13";890;1235;3;8;341.49;-73.18
1283;"CA-2015-142237";"2015-07-11";"2015-07-13";890;953;3;4;6.48;-4.75
1284;"CA-2015-142237";"2015-07-11";"2015-07-13";890;809;3;3;2.5;-2.0
1285;"CA-2015-142237";"2015-07-11";"2015-07-13";890;106;3;7;289.8;36.23
1286;"CA-2017-104647";"2017-02-23";"2017-03-01";897;922;2;6;37.44;16.85
1287;"US-2017-166611";"2017-03-28";"2017-04-02";907;1511;2;9;68.74;-48.12
1288;"US-2017-117247";"2017-10-09";"2017-10-14";908;1365;2;3;66.65;-42.65
1289;"US-2017-117247";"2017-10-09";"2017-10-14";908;1363;2;5;652.45;-430.62
1290;"CA-2017-121888";"2017-09-15";"2017-09-17";910;699;1;7;242.48;116.39
1291;"CA-2017-121888";"2017-09-15";"2017-09-17";910;127;1;3;782.94;203.56
1292;"CA-2017-121888";"2017-09-15";"2017-09-17";910;799;1;2;16.28;6.51
1293;"CA-2017-121888";"2017-09-15";"2017-09-17";910;806;1;1;39.99;11.6
1294;"CA-2014-116239";"2014-03-04";"2014-03-04";911;792;4;5;354.9;17.75
1295;"CA-2016-106530";"2016-05-08";"2016-05-08";916;428;4;2;58.11;7.26
1296;"CA-2016-106530";"2016-05-08";"2016-05-08";916;1109;4;2;25.12;1.57
1297;"CA-2016-106530";"2016-05-08";"2016-05-08";916;518;4;2;10.37;3.63
1298;"CA-2016-106530";"2016-05-08";"2016-05-08";916;437;4;2;10.69;3.74
1299;"CA-2016-106530";"2016-05-08";"2016-05-08";916;875;4;3;1006.06;88.03
1300;"CA-2017-100524";"2017-03-31";"2017-04-02";936;1079;1;8;75.04;36.02
1301;"CA-2017-100524";"2017-03-31";"2017-04-02";936;1077;1;3;677.58;176.17
1302;"CA-2017-100524";"2017-03-31";"2017-04-02";936;1076;1;2;29.78;8.04
1303;"CA-2015-158554";"2015-11-09";"2015-11-09";947;466;4;3;11.35;4.12
1304;"CA-2017-165386";"2017-08-03";"2017-08-04";948;1212;3;2;183.37;-36.67
1305;"CA-2015-140410";"2015-11-03";"2015-11-07";964;6;2;3;42.6;16.61
1306;"CA-2015-140410";"2015-11-03";"2015-11-07";964;731;2;3;89.97;37.79
1307;"CA-2015-140410";"2015-11-03";"2015-11-07";964;728;2;7;1212.85;106.12
1308;"CA-2014-136280";"2014-11-29";"2014-12-06";974;973;2;2;5.04;1.76
1309;"CA-2016-140543";"2016-06-29";"2016-07-03";977;926;1;6;191.88;19.19
1310;"CA-2016-128258";"2016-03-30";"2016-04-01";980;784;3;1;11.34;5.56
1311;"CA-2017-144064";"2017-08-29";"2017-09-01";983;735;3;9;3.24;-5.18
1312;"CA-2017-144064";"2017-08-29";"2017-09-01";983;333;3;2;27.44;2.4
1313;"CA-2017-144064";"2017-08-29";"2017-09-01";983;449;3;4;47.36;17.76
1314;"US-2016-108098";"2016-10-14";"2016-10-18";990;723;2;3;177.0;30.09
1315;"CA-2016-159737";"2016-09-03";"2016-09-09";1023;895;2;3;8.81;-14.97
1316;"CA-2015-142755";"2015-09-04";"2015-09-08";1052;614;2;2;15.28;7.49
1317;"CA-2015-142755";"2015-09-04";"2015-09-08";1052;1061;2;2;4.36;2.05
1318;"CA-2015-142755";"2015-09-04";"2015-09-08";1052;554;2;5;619.95;111.59
1319;"CA-2015-142755";"2015-09-04";"2015-09-08";1052;893;2;5;279.9;137.15
1320;"CA-2017-105053";"2017-07-07";"2017-07-09";1056;95;1;3;17.47;6.33
1321;"CA-2017-107293";"2017-09-05";"2017-09-06";1065;661;3;1;2.78;0.72
1322;"US-2017-126179";"2017-07-03";"2017-07-07";1069;621;2;3;287.97;77.75
1323;"US-2017-126179";"2017-07-03";"2017-07-07";1069;1013;2;1;23.99;5.52
1324;"CA-2016-134208";"2016-09-17";"2016-09-23";1077;741;2;4;396.0;190.08
1325;"CA-2016-121958";"2016-11-13";"2016-11-17";1078;609;2;7;52.14;5.87
1326;"CA-2017-162481";"2017-09-25";"2017-09-29";1088;161;2;3;269.97;51.29
1327;"CA-2017-162481";"2017-09-25";"2017-09-29";1088;756;2;2;8.26;3.88
1328;"CA-2015-119214";"2015-01-23";"2015-01-27";1104;1003;2;2;14.62;6.87
1329;"CA-2015-119214";"2015-01-23";"2015-01-27";1104;866;2;3;29.04;13.94
1330;"US-2014-157406";"2014-04-25";"2014-04-29";1117;746;2;3;6.24;0.55
1331;"US-2014-157406";"2014-04-25";"2014-04-29";1117;615;2;2;10.37;3.63
1332;"US-2017-158512";"2017-01-12";"2017-01-17";1120;977;1;2;37.68;15.83
1333;"US-2017-158512";"2017-01-12";"2017-01-17";1120;187;1;6;40.08;19.24
1334;"CA-2014-128146";"2014-06-21";"2014-06-25";1135;764;2;2;3.76;1.09
1335;"CA-2014-128146";"2014-06-21";"2014-06-25";1135;763;2;7;1322.93;357.19
1336;"CA-2015-130204";"2015-09-03";"2015-09-09";1142;1038;2;5;129.45;46.6
1337;"CA-2015-130204";"2015-09-03";"2015-09-09";1142;794;2;2;17.9;3.4
1338;"CA-2015-130204";"2015-09-03";"2015-09-09";1142;413;2;3;31.44;8.49
1339;"CA-2017-165841";"2017-12-21";"2017-12-28";1157;316;2;3;166.44;79.89
1340;"CA-2017-165841";"2017-12-21";"2017-12-28";1157;263;2;3;281.97;78.95
1341;"CA-2014-107181";"2014-02-04";"2014-02-08";1158;598;2;3;82.9;29.01
1342;"CA-2017-122504";"2017-11-07";"2017-11-12";1165;1276;1;7;761.54;66.64
1343;"CA-2017-122504";"2017-11-07";"2017-11-12";1165;1272;1;3;59.97;13.79
1344;"CA-2014-151953";"2014-09-20";"2014-09-25";1176;1450;2;2;2.82;0.99
1345;"CA-2017-105886";"2017-12-18";"2017-12-23";1195;1057;2;2;18.96;8.53
1346;"US-2014-160444";"2014-07-05";"2014-07-05";1196;926;4;11;281.42;-35.18
1347;"US-2014-160444";"2014-07-05";"2014-07-05";1196;446;4;3;220.78;-44.16
1348;"CA-2017-100426";"2017-06-04";"2017-06-08";1200;922;2;2;12.48;5.62
1349;"CA-2017-104003";"2017-10-07";"2017-10-13";1208;1007;2;2;307.67;-14.48
1350;"CA-2017-115602";"2017-12-18";"2017-12-24";1253;873;2;2;3.2;1.38
1351;"CA-2017-115602";"2017-12-18";"2017-12-24";1253;321;2;13;1704.56;511.37
1352;"CA-2017-115602";"2017-12-18";"2017-12-24";1253;870;2;9;1141.94;139.57
1353;"CA-2017-115602";"2017-12-18";"2017-12-24";1253;867;2;6;38.82;17.47
1354;"US-2015-164448";"2015-10-31";"2015-11-04";1257;346;1;14;427.42;196.61
1355;"US-2015-164448";"2015-10-31";"2015-11-04";1257;1509;1;5;29.8;9.31
1356;"US-2015-164448";"2015-10-31";"2015-11-04";1257;141;1;5;14.75;7.08
1357;"US-2015-164448";"2015-10-31";"2015-11-04";1257;645;1;2;9.73;3.28
1358;"CA-2017-149489";"2017-04-24";"2017-04-27";1261;934;3;2;7.52;-5.76
1359;"CA-2017-149489";"2017-04-24";"2017-04-27";1261;982;3;2;1.19;-0.99
1360;"CA-2017-149489";"2017-04-24";"2017-04-27";1261;931;3;2;99.28;12.41
1361;"CA-2017-167094";"2017-10-21";"2017-10-22";1264;1025;3;2;28.4;6.75
1362;"CA-2017-167094";"2017-10-21";"2017-10-22";1264;1052;3;2;478.48;47.85
1363;"CA-2017-167094";"2017-10-21";"2017-10-22";1264;540;3;1;5.18;1.81
1364;"CA-2017-139199";"2017-12-09";"2017-12-13";1265;704;2;2;12.96;6.22
1365;"CA-2017-139199";"2017-12-09";"2017-12-13";1265;778;2;2;41.54;19.52
1366;"CA-2017-139199";"2017-12-09";"2017-12-13";1265;701;2;3;872.94;226.96
1367;"CA-2014-157623";"2014-03-14";"2014-03-18";1285;1040;2;1;3.38;1.25
1368;"CA-2014-157623";"2014-03-14";"2014-03-18";1285;638;2;2;10.56;4.75
1369;"CA-2016-155481";"2016-09-01";"2016-09-05";1290;185;2;7;16.69;5.42
1370;"CA-2016-155481";"2016-09-01";"2016-09-05";1290;178;2;2;23.99;-4.8
1371;"CA-2016-155481";"2016-09-01";"2016-09-05";1290;205;2;6;30.48;9.91
1372;"CA-2015-156524";"2015-11-20";"2015-11-26";1304;1403;2;3;19.65;9.04
1373;"CA-2016-102456";"2016-02-27";"2016-03-01";1305;831;3;3;170.88;49.56
1374;"CA-2017-154718";"2017-01-19";"2017-01-23";1308;1034;1;2;6.0;2.1
1375;"CA-2017-145226";"2017-12-08";"2017-12-10";1322;750;1;4;31.92;8.3
1376;"CA-2017-145226";"2017-12-08";"2017-12-10";1322;747;1;3;19.44;9.33
1377;"CA-2017-145226";"2017-12-08";"2017-12-10";1322;219;1;3;272.94;0.0
1378;"CA-2017-145226";"2017-12-08";"2017-12-10";1322;744;1;2;109.48;33.94
1379;"CA-2016-144855";"2016-07-22";"2016-07-24";1329;889;1;2;6.3;3.02
1380;"CA-2017-151911";"2017-04-30";"2017-05-05";1331;121;1;4;62.96;28.33
1381;"CA-2017-102771";"2017-03-31";"2017-04-05";1376;1421;2;5;84.95;22.09
1382;"CA-2015-105347";"2015-11-24";"2015-11-28";1387;164;2;5;14.7;6.62
1383;"CA-2015-105347";"2015-11-24";"2015-11-28";1387;1082;2;9;368.91;180.77
1384;"CA-2015-118423";"2015-03-24";"2015-03-27";1416;841;3;3;359.06;-35.91
1385;"CA-2016-117282";"2016-07-14";"2016-07-18";1425;418;2;2;14.16;5.13
1386;"CA-2014-124646";"2014-06-22";"2014-06-24";1457;75;3;3;161.94;9.72
1387;"CA-2014-124646";"2014-06-22";"2014-06-24";1457;730;3;3;501.81;0.0
1388;"US-2017-152002";"2017-06-11";"2017-06-11";1461;248;4;3;122.97;60.26
1389;"CA-2016-101938";"2016-01-07";"2016-01-12";1470;1425;2;1;34.58;10.03
1390;"CA-2017-101210";"2017-08-25";"2017-08-28";1476;720;1;1;3.42;1.07
1391;"CA-2017-101210";"2017-08-25";"2017-08-28";1476;450;1;2;9.73;1.7
1392;"CA-2016-168956";"2016-02-16";"2016-02-20";1490;1121;2;1;5.18;1.81
1393;"CA-2016-168956";"2016-02-16";"2016-02-20";1490;1119;2;3;62.96;-2.7
1394;"CA-2016-168956";"2016-02-16";"2016-02-20";1490;165;2;4;6.98;1.83
1395;"CA-2016-168956";"2016-02-16";"2016-02-20";1490;1118;2;6;92.06;-225.56
1396;"CA-2016-108581";"2016-06-20";"2016-06-26";1493;1121;2;2;10.37;3.63
1397;"CA-2016-108581";"2016-06-20";"2016-06-26";1493;731;2;4;95.97;26.39
1398;"CA-2015-104493";"2015-10-02";"2015-10-08";1501;1226;2;6;57.5;20.13
1399;"CA-2016-139885";"2016-12-04";"2016-12-08";1518;755;2;6;212.88;0.0
1400;"CA-2016-122728";"2016-05-18";"2016-05-24";1532;118;2;3;17.94;8.79
1401;"CA-2016-122728";"2016-05-18";"2016-05-24";1532;168;2;3;104.28;26.07
1402;"CA-2017-115427";"2017-12-30";"2018-01-03";1538;1000;2;2;20.72;6.48
1403;"CA-2017-115427";"2017-12-30";"2018-01-03";1538;249;2;2;13.9;4.52
1404;"CA-2017-162635";"2017-10-09";"2017-10-10";1550;1027;3;4;10.82;3.52
1405;"CA-2014-110527";"2014-08-09";"2014-08-16";1556;1092;2;8;20.88;9.6
1406;"CA-2014-110352";"2014-11-23";"2014-11-29";1557;184;2;2;23.68;8.88
1407;"US-2017-111423";"2017-08-17";"2017-08-19";1580;1099;3;2;462.56;97.65
1408;"US-2017-111423";"2017-08-17";"2017-08-19";1580;1070;3;5;895.92;302.37
1409;"US-2016-110156";"2016-11-19";"2016-11-24";1585;110;2;2;1.19;-2.03
1410;"US-2016-110156";"2016-11-19";"2016-11-24";1585;1053;2;2;10.37;3.63
1411;"US-2016-110156";"2016-11-19";"2016-11-24";1585;1004;2;5;71.96;25.19
1412;"US-2016-110156";"2016-11-19";"2016-11-24";1585;1001;2;3;40.97;13.83
1413;"US-2016-110156";"2016-11-19";"2016-11-24";1585;999;2;12;58.37;21.89
1414;"US-2016-110156";"2016-11-19";"2016-11-24";1585;997;2;5;10.78;-17.25
1415;"US-2016-110156";"2016-11-19";"2016-11-24";1585;73;2;2;2.33;-0.76
1416;"US-2016-110156";"2016-11-19";"2016-11-24";1585;410;2;6;100.7;-16.36
1417;"CA-2014-103366";"2014-01-15";"2014-01-17";1589;212;3;5;149.95;65.98
1418;"CA-2014-140165";"2014-05-13";"2014-05-15";1595;853;3;8;398.35;-331.96
1419;"CA-2014-140165";"2014-05-13";"2014-05-15";1595;355;3;2;7.1;2.4
1420;"CA-2017-167381";"2017-09-22";"2017-09-24";1599;44;1;9;27.72;13.31
1421;"CA-2017-167381";"2017-09-22";"2017-09-24";1599;896;1;2;241.96;41.13
1422;"CA-2017-144862";"2017-12-01";"2017-12-05";1600;1388;2;7;62.96;9.44
1423;"CA-2017-144862";"2017-12-01";"2017-12-05";1600;1377;2;5;104.68;35.33
1424;"CA-2017-133641";"2017-05-14";"2017-05-21";1624;856;2;9;48.69;23.86
1425;"CA-2016-155670";"2016-08-13";"2016-08-17";1652;1041;1;3;10.27;3.21
1426;"CA-2016-155670";"2016-08-13";"2016-08-17";1652;412;1;8;11.23;-8.24
1427;"CA-2014-134278";"2014-07-06";"2014-07-08";1671;838;3;1;559.99;175.0
1428;"CA-2015-135391";"2015-02-09";"2015-02-11";1706;976;1;2;40.78;-30.59
1429;"CA-2015-135391";"2015-02-09";"2015-02-11";1706;527;1;4;40.1;13.53
1430;"CA-2017-106033";"2017-10-15";"2017-10-18";1731;1036;1;4;87.92;26.38
1431;"CA-2016-152170";"2016-11-12";"2016-11-15";1736;1096;1;2;17.38;8.69
1432;"CA-2016-152170";"2016-11-12";"2016-11-15";1736;569;1;7;20.58;5.56
1433;"CA-2016-152170";"2016-11-12";"2016-11-15";1736;1094;1;2;19.98;8.99
1434;"CA-2016-152170";"2016-11-12";"2016-11-15";1736;290;1;2;37.68;10.55
1435;"CA-2016-152170";"2016-11-12";"2016-11-15";1736;1075;1;8;287.52;129.38
1436;"CA-2017-121503";"2017-07-03";"2017-07-06";1739;1062;1;3;597.13;49.76
1437;"CA-2017-121503";"2017-07-03";"2017-07-06";1739;1060;1;7;273.9;92.44
1438;"CA-2017-128370";"2017-09-10";"2017-09-10";1740;564;4;2;7.18;2.25
1439;"CA-2017-128370";"2017-09-10";"2017-09-10";1740;499;4;3;362.35;27.18
1440;"CA-2015-111829";"2015-03-19";"2015-03-20";1748;888;3;2;209.7;100.66
1441;"CA-2015-111829";"2015-03-19";"2015-03-20";1748;885;3;7;3149.93;1480.47
1442;"CA-2015-111829";"2015-03-19";"2015-03-20";1748;85;3;3;1247.64;349.34
1443;"CA-2014-114643";"2014-06-13";"2014-06-17";1755;992;2;3;14.52;4.79
1444;"US-2017-164056";"2017-04-29";"2017-05-04";1761;1029;1;5;1048.35;-69.89
1445;"CA-2016-141082";"2016-12-09";"2016-12-13";1777;1023;2;4;122.12;56.18
1446;"CA-2016-141082";"2016-12-09";"2016-12-13";1777;1022;2;1;3.69;1.73
1447;"CA-2014-132612";"2014-06-09";"2014-06-11";1781;162;1;7;1441.3;245.02
1448;"US-2016-153129";"2016-12-26";"2016-12-30";1796;1513;2;5;33.9;15.59
1449;"CA-2015-131422";"2015-11-05";"2015-11-09";1823;762;2;3;207.0;25.88
1450;"CA-2016-149314";"2016-07-02";"2016-07-07";1825;711;1;1;195.18;19.52
1451;"CA-2016-128923";"2016-12-09";"2016-12-13";1827;1089;2;1;9.33;0.82
1452;"CA-2016-128923";"2016-12-09";"2016-12-13";1827;571;2;2;9.39;3.29
1453;"CA-2014-106439";"2014-10-31";"2014-11-04";1839;743;2;3;12.39;3.72
1454;"CA-2014-106439";"2014-10-31";"2014-11-04";1839;1085;2;9;251.91;47.86
1455;"CA-2014-106439";"2014-10-31";"2014-11-04";1839;1235;2;3;146.35;-9.15
1456;"CA-2014-106439";"2014-10-31";"2014-11-04";1839;259;2;4;405.64;12.17
1457;"CA-2014-106439";"2014-10-31";"2014-11-04";1839;1255;2;3;19.3;6.03
1458;"CA-2014-106439";"2014-10-31";"2014-11-04";1839;1253;2;13;64.74;30.43
1459;"CA-2014-106439";"2014-10-31";"2014-11-04";1839;1250;2;2;15.97;5.39
1460;"CA-2014-106439";"2014-10-31";"2014-11-04";1839;1246;2;5;80.3;20.88
1461;"CA-2014-106439";"2014-10-31";"2014-11-04";1839;1244;2;3;11.34;5.22
1462;"CA-2016-129686";"2016-11-27";"2016-11-29";1842;447;1;6;62.4;19.5
1463;"CA-2016-129686";"2016-11-27";"2016-11-29";1842;703;1;2;97.98;-24.5
1464;"US-2016-114776";"2016-12-06";"2016-12-07";1843;283;3;3;19.44;9.33
1465;"CA-2015-144806";"2015-12-06";"2015-12-11";1858;112;2;6;86.3;9.71
1466;"CA-2015-144806";"2015-12-06";"2015-12-11";1858;686;2;8;198.27;61.96
1467;"CA-2015-144806";"2015-12-06";"2015-12-11";1858;745;2;5;19.92;6.72
1468;"CA-2015-144806";"2015-12-06";"2015-12-11";1858;375;2;6;206.11;48.95
1469;"US-2016-116729";"2016-12-25";"2016-12-28";1872;428;3;7;254.24;76.27
1470;"US-2016-116729";"2016-12-25";"2016-12-28";1872;596;3;7;45.36;21.77
1471;"US-2016-116729";"2016-12-25";"2016-12-28";1872;805;3;7;2575.94;257.59
1472;"US-2017-121251";"2017-03-26";"2017-03-27";1877;367;3;4;119.96;33.59
1473;"US-2017-121251";"2017-03-26";"2017-03-27";1877;998;3;2;257.57;-28.98
1474;"US-2016-161396";"2016-04-19";"2016-04-25";1884;1376;2;5;419.4;146.79
1475;"US-2016-161396";"2016-04-19";"2016-04-25";1884;1374;2;2;205.18;-58.13
1476;"CA-2016-119445";"2016-06-26";"2016-07-03";1893;25;2;5;14.9;1.04
1477;"US-2017-111241";"2017-08-20";"2017-08-22";1895;1384;1;5;239.12;77.71
1478;"CA-2014-127012";"2014-08-11";"2014-08-15";1898;376;2;2;22.96;10.79
1479;"CA-2014-127012";"2014-08-11";"2014-08-15";1898;847;2;1;40.97;10.65
1480;"CA-2014-127012";"2014-08-11";"2014-08-15";1898;844;2;1;12.35;5.43
1481;"US-2016-139710";"2016-06-09";"2016-06-15";1899;1108;2;3;177.48;19.97
1482;"CA-2015-117961";"2015-11-26";"2015-11-30";1907;751;2;3;10.95;5.15
1483;"CA-2015-117961";"2015-11-26";"2015-11-30";1907;908;2;4;61.04;30.52
1484;"CA-2015-117961";"2015-11-26";"2015-11-30";1907;1220;2;5;104.9;25.18
1485;"CA-2014-159520";"2014-06-06";"2014-06-11";1910;1416;2;3;991.76;-347.12
1486;"CA-2014-159520";"2014-06-06";"2014-06-11";1910;1413;2;2;17.14;4.46
1487;"CA-2014-159520";"2014-06-06";"2014-06-11";1910;778;2;9;149.54;50.47
1488;"US-2017-113852";"2017-07-29";"2017-08-02";1933;102;2;3;90.57;11.77
1489;"CA-2014-107153";"2014-09-28";"2014-10-03";1944;152;2;3;46.26;12.49
1490;"CA-2014-146640";"2014-06-30";"2014-07-05";1948;1384;2;7;334.77;108.8
1491;"CA-2015-105634";"2015-11-08";"2015-11-14";1949;955;2;5;11.65;3.38
1492;"CA-2016-154018";"2016-10-13";"2016-10-19";1960;564;2;7;6.29;-11.0
1493;"CA-2016-154018";"2016-10-13";"2016-10-19";1960;1015;2;1;15.87;1.19
1494;"CA-2016-154018";"2016-10-13";"2016-10-19";1960;351;2;5;139.92;-150.41
1495;"CA-2016-154018";"2016-10-13";"2016-10-19";1960;1426;2;2;8.29;3.0
1496;"CA-2016-154018";"2016-10-13";"2016-10-19";1960;603;2;3;191.98;24.0
1497;"CA-2017-157651";"2017-12-10";"2017-12-14";1962;1025;2;1;14.2;3.37
1498;"CA-2017-129833";"2017-12-09";"2017-12-15";1976;224;2;5;10.4;5.1
1499;"CA-2017-129833";"2017-12-09";"2017-12-15";1976;865;2;5;33.45;15.39
1500;"US-2014-152723";"2014-09-26";"2014-09-26";1983;72;4;1;0.88;-1.4
1501;"CA-2016-145919";"2016-12-18";"2016-12-23";1989;100;2;5;579.3;28.97
1502;"CA-2016-145919";"2016-12-18";"2016-12-23";1989;1024;2;8;183.84;62.51
1503;"CA-2014-135699";"2014-08-29";"2014-08-29";2000;905;4;2;13.36;6.41
1504;"CA-2014-135699";"2014-08-29";"2014-08-29";2000;903;4;2;109.92;53.86
1505;"CA-2016-165484";"2016-10-23";"2016-10-29";2011;1101;2;3;54.82;17.82
1506;"CA-2016-165484";"2016-10-23";"2016-10-29";2011;1100;2;7;16.16;-12.12
1507;"CA-2017-124576";"2017-08-01";"2017-08-04";2014;235;1;2;54.9;18.53
1508;"US-2014-147627";"2014-01-20";"2014-01-26";2015;89;2;3;1067.94;224.27
1509;"US-2014-147627";"2014-01-20";"2014-01-26";2015;1066;2;3;23.34;10.97
1510;"US-2014-147627";"2014-01-20";"2014-01-26";2015;276;2;3;6.63;1.79
1511;"US-2014-147627";"2014-01-20";"2014-01-26";2015;14;2;4;38.6;11.58
1512;"US-2014-147627";"2014-01-20";"2014-01-26";2015;1064;2;7;22.96;6.66
1513;"US-2014-147627";"2014-01-20";"2014-01-26";2015;1063;2;7;699.93;181.98
1514;"CA-2014-127159";"2014-05-12";"2014-05-15";2016;649;3;7;34.79;10.78
1515;"CA-2017-125199";"2017-10-19";"2017-10-25";2029;1152;2;4;309.58;-56.76
1516;"CA-2017-125199";"2017-10-19";"2017-10-25";2029;1148;2;4;23.68;7.4
1517;"CA-2017-125199";"2017-10-19";"2017-10-25";2029;625;2;7;123.26;9.24
1518;"CA-2014-121664";"2014-05-06";"2014-05-10";2035;588;2;8;140.74;52.78
1519;"CA-2014-127131";"2014-11-24";"2014-11-30";2047;381;2;2;197.58;53.35
1520;"CA-2014-127131";"2014-11-24";"2014-11-30";2047;353;2;4;25.92;12.44
1521;"CA-2014-127131";"2014-11-24";"2014-11-30";2047;767;2;6;485.88;9.72
1522;"CA-2014-127131";"2014-11-24";"2014-11-30";2047;766;2;7;12.1;4.23
1523;"US-2016-154361";"2016-03-14";"2016-03-19";2062;471;2;5;21.88;6.29
1524;"CA-2016-159345";"2016-06-17";"2016-06-22";2069;1262;2;2;111.96;54.86
1525;"CA-2014-152296";"2014-08-01";"2014-08-03";2071;1427;3;3;19.75;6.91
1526;"CA-2017-143063";"2017-08-10";"2017-08-15";2077;517;2;9;1454.49;378.17
1527;"CA-2017-143063";"2017-08-10";"2017-08-15";2077;210;2;2;121.3;25.47
1528;"CA-2017-143063";"2017-08-10";"2017-08-15";2077;780;2;6;70.08;35.04
1529;"CA-2014-120768";"2014-12-19";"2014-12-21";2081;207;1;14;1819.86;163.79
1530;"CA-2014-120768";"2014-12-19";"2014-12-21";2081;620;1;1;7.27;1.96
1531;"CA-2014-120768";"2014-12-19";"2014-12-21";2081;1511;1;6;152.76;74.85
1532;"CA-2015-154956";"2015-07-04";"2015-07-09";2082;877;2;4;1099.96;285.99
1533;"CA-2015-100545";"2015-11-22";"2015-11-26";2083;422;2;2;11.61;-9.29
1534;"CA-2016-140501";"2016-06-23";"2016-06-28";2085;1309;2;2;3.96;1.47
1535;"CA-2016-140501";"2016-06-23";"2016-06-28";2085;986;2;3;146.73;68.96
1536;"CA-2016-140501";"2016-06-23";"2016-06-28";2085;61;2;5;324.9;38.99
1537;"CA-2016-140501";"2016-06-23";"2016-06-28";2085;1306;2;5;18.45;8.67
1538;"CA-2016-140501";"2016-06-23";"2016-06-28";2085;346;2;4;122.12;56.18
1539;"CA-2017-158379";"2017-09-22";"2017-09-26";2094;1093;1;2;79.98;23.0
1540;"CA-2017-158379";"2017-09-22";"2017-09-26";2094;362;1;7;4663.74;-1049.34
1541;"CA-2017-158379";"2017-09-22";"2017-09-26";2094;226;1;1;5.61;-4.3
1542;"CA-2015-145821";"2015-05-01";"2015-05-07";2097;1525;2;3;88.75;11.09
1543;"CA-2015-121608";"2015-09-03";"2015-09-05";2099;995;3;1;100.49;25.12
1544;"CA-2015-121608";"2015-09-03";"2015-09-05";2099;34;3;2;137.62;60.55
1545;"CA-2017-158246";"2017-11-09";"2017-11-11";2104;161;3;3;215.98;-2.7
1546;"CA-2017-108560";"2017-07-08";"2017-07-15";2122;868;2;2;50.0;10.5
1547;"CA-2017-108560";"2017-07-08";"2017-07-15";2122;486;2;2;23.17;7.82
1548;"CA-2017-108560";"2017-07-08";"2017-07-15";2122;590;2;8;786.48;385.38
1549;"CA-2017-112039";"2017-03-25";"2017-03-29";2127;408;2;3;470.38;47.04
1550;"US-2014-167738";"2014-12-24";"2014-12-29";2133;194;2;6;292.27;18.27
1551;"US-2014-167738";"2014-12-24";"2014-12-29";2133;30;2;1;142.86;41.43
1552;"CA-2017-152485";"2017-09-04";"2017-09-08";2141;334;2;5;13.12;3.77
1553;"CA-2017-152485";"2017-09-04";"2017-09-08";2141;734;2;1;16.78;-0.21
1554;"CA-2017-152485";"2017-09-04";"2017-09-08";2141;700;2;7;10.19;3.19
1555;"CA-2016-136329";"2016-07-09";"2016-07-13";2147;432;2;4;165.28;14.88
1556;"CA-2016-136329";"2016-07-09";"2016-07-13";2147;504;2;2;408.01;72.53
1557;"CA-2014-148950";"2014-12-14";"2014-12-19";2155;1188;2;3;35.02;-2.19
1558;"CA-2014-148950";"2014-12-14";"2014-12-19";2155;950;2;2;2.9;0.47
1559;"CA-2014-148950";"2014-12-14";"2014-12-19";2155;1185;2;4;5.1;-8.68
1560;"CA-2015-112116";"2015-03-16";"2015-03-18";2170;1379;1;2;171.96;44.71
1561;"CA-2017-166317";"2017-09-22";"2017-09-26";2180;1084;2;3;86.97;25.22
1562;"CA-2017-166317";"2017-09-22";"2017-09-26";2180;756;2;8;33.04;15.53
1563;"CA-2017-166317";"2017-09-22";"2017-09-26";2180;1177;2;6;98.16;9.82
1564;"CA-2017-166317";"2017-09-22";"2017-09-26";2180;903;2;4;219.84;107.72
1565;"CA-2016-112109";"2016-07-08";"2016-07-12";2186;304;2;3;662.88;74.57
1566;"CA-2016-112109";"2016-07-08";"2016-07-12";2186;95;2;4;8.74;-6.12
1567;"CA-2016-112109";"2016-07-08";"2016-07-12";2186;1133;2;7;33.49;-1.26
1568;"CA-2016-112109";"2016-07-08";"2016-07-12";2186;1129;2;2;19.97;-13.31
1569;"CA-2015-139731";"2015-10-15";"2015-10-15";2197;440;4;5;2453.43;-350.49
1570;"CA-2015-139731";"2015-10-15";"2015-10-15";2197;1518;4;3;263.88;42.88
1571;"CA-2016-113621";"2016-12-01";"2016-12-05";2200;312;2;3;179.97;44.99
1572;"CA-2016-113621";"2016-12-01";"2016-12-05";2200;762;2;2;172.5;51.75
1573;"CA-2014-116407";"2014-11-15";"2014-11-21";2208;311;2;4;24.9;7.78
1574;"CA-2014-116407";"2014-11-15";"2014-11-21";2208;19;2;2;333.06;29.14
1575;"CA-2014-116407";"2014-11-15";"2014-11-21";2208;777;2;3;4.22;0.48
1576;"US-2017-123281";"2017-04-02";"2017-04-07";2212;879;2;3;25.11;6.53
1577;"CA-2014-117317";"2014-10-19";"2014-10-19";2232;839;4;3;13.44;6.59
1578;"CA-2017-159884";"2017-08-31";"2017-09-05";2242;463;2;3;8.38;2.72
1579;"CA-2017-159884";"2017-08-31";"2017-09-05";2242;754;2;1;10.74;0.81
1580;"CA-2016-121034";"2016-08-08";"2016-08-10";2247;1091;1;3;53.95;17.53
1581;"CA-2016-121034";"2016-08-08";"2016-08-10";2247;463;1;4;11.17;3.63
1582;"CA-2015-157084";"2015-12-19";"2015-12-24";2257;869;2;3;1265.85;556.97
1583;"CA-2015-157084";"2015-12-19";"2015-12-24";2257;1390;2;5;675.96;84.5
1584;"CA-2017-118885";"2017-12-29";"2018-01-02";2264;459;2;3;302.38;22.68
1585;"CA-2017-118885";"2017-12-29";"2018-01-02";2264;967;2;4;393.57;-44.28
1586;"CA-2017-117870";"2017-01-27";"2017-01-30";2285;312;1;3;107.98;-27.0
1587;"CA-2017-117870";"2017-01-27";"2017-01-30";2285;563;1;3;71.98;-9.0
1588;"CA-2017-117870";"2017-01-27";"2017-01-30";2285;611;1;3;14.02;1.75
1589;"CA-2015-138898";"2015-05-25";"2015-05-29";2300;606;2;13;845.73;84.57
1590;"CA-2017-123491";"2017-10-30";"2017-11-05";2315;324;2;14;1702.12;510.64
1591;"CA-2017-123491";"2017-10-30";"2017-11-05";2315;389;2;5;19.9;6.57
1592;"CA-2017-123491";"2017-10-30";"2017-11-05";2315;161;2;1;71.99;-0.9
1593;"CA-2017-123491";"2017-10-30";"2017-11-05";2315;945;2;2;148.48;16.7
1594;"CA-2017-123491";"2017-10-30";"2017-11-05";2315;1003;2;6;43.86;20.61
1595;"CA-2015-127453";"2015-12-19";"2015-12-20";2321;1020;3;4;88.83;7.77
1596;"CA-2015-127453";"2015-12-19";"2015-12-20";2321;1018;3;2;3.55;0.44
1597;"CA-2015-127453";"2015-12-19";"2015-12-20";2321;1016;3;3;434.35;43.44
1598;"CA-2015-130022";"2015-08-10";"2015-08-16";2356;861;2;3;29.79;12.51
1599;"CA-2015-130022";"2015-08-10";"2015-08-16";2356;228;2;4;41.4;19.87
1600;"CA-2015-130022";"2015-08-10";"2015-08-16";2356;277;2;1;3.75;1.8
1601;"CA-2015-134859";"2015-10-04";"2015-10-09";2357;704;2;4;20.74;7.26
1602;"CA-2015-134859";"2015-10-04";"2015-10-09";2357;1391;2;3;64.94;6.49
1603;"US-2016-100566";"2016-09-03";"2016-09-09";2359;351;2;3;83.95;-90.25
1604;"US-2014-130379";"2014-05-25";"2014-05-29";2376;1116;2;2;29.32;-24.19
1605;"US-2014-130379";"2014-05-25";"2014-05-29";2376;1112;2;2;75.6;-166.32
1606;"CA-2016-154788";"2016-04-30";"2016-05-04";2391;567;2;2;7.71;2.8
1607;"CA-2017-103611";"2017-09-12";"2017-09-15";2420;709;3;2;8.36;3.01
1608;"CA-2016-112389";"2016-10-29";"2016-11-02";2428;758;2;3;11.67;3.03
1609;"CA-2016-112389";"2016-10-29";"2016-11-02";2428;757;2;3;40.74;0.41
1610;"CA-2015-109197";"2015-12-31";"2016-01-04";2461;320;2;2;487.98;152.5
1611;"US-2016-115819";"2016-04-19";"2016-04-24";2462;854;1;3;9.34;3.27
1612;"US-2016-115819";"2016-04-19";"2016-04-24";2462;738;1;1;5.84;1.97
1613;"US-2016-115819";"2016-04-19";"2016-04-24";2462;851;1;5;73.2;21.23
1614;"US-2016-115819";"2016-04-19";"2016-04-24";2462;849;1;3;5.46;1.53
1615;"US-2016-115819";"2016-04-19";"2016-04-24";2462;718;1;5;39.96;12.99
1616;"CA-2015-132101";"2015-03-19";"2015-03-25";2464;763;2;3;453.58;39.69
1617;"CA-2015-145401";"2015-01-30";"2015-02-04";2476;1006;2;6;14.3;5.01
1618;"CA-2017-145310";"2017-12-22";"2017-12-24";2480;1033;1;1;7.82;2.93
1619;"US-2015-103471";"2015-12-24";"2015-12-28";2490;502;2;3;14.04;1.58
1620;"US-2015-103471";"2015-12-24";"2015-12-28";2490;382;2;7;590.06;-786.74
1621;"CA-2016-122133";"2016-05-16";"2016-05-23";2491;1074;2;4;552.56;0.0
1622;"CA-2017-117079";"2017-10-23";"2017-10-27";2492;891;2;3;863.88;107.99
1623;"CA-2014-130274";"2014-05-03";"2014-05-05";2511;774;3;7;21.56;10.35
1624;"US-2016-134908";"2016-06-05";"2016-06-09";2514;1072;2;3;7.56;2.65
1625;"US-2016-134908";"2016-06-05";"2016-06-09";2514;132;2;4;124.61;-23.36
1626;"US-2017-147221";"2017-12-02";"2017-12-04";2521;471;1;4;8.75;-3.72
1627;"US-2017-147221";"2017-12-02";"2017-12-04";2521;1209;1;5;294.62;-766.01
1628;"CA-2017-139661";"2017-10-30";"2017-11-03";2526;818;2;2;9.64;3.66
1629;"US-2017-158946";"2017-11-18";"2017-11-23";2527;987;2;7;38.86;7.77
1630;"CA-2017-168837";"2017-10-14";"2017-10-17";2533;435;3;2;9.46;3.69
1631;"CA-2017-163510";"2017-12-25";"2017-12-28";2534;194;1;5;304.45;76.11
1632;"CA-2017-163510";"2017-12-25";"2017-12-28";2534;926;1;3;95.94;9.59
1633;"CA-2016-109176";"2016-05-09";"2016-05-15";2537;781;2;5;79.36;9.92
1634;"CA-2016-109176";"2016-05-09";"2016-05-15";2537;780;2;1;9.34;3.5
1635;"US-2017-110996";"2017-11-20";"2017-11-25";2544;899;2;5;283.92;-46.14
1636;"CA-2015-131758";"2015-05-28";"2015-06-01";2557;1092;2;5;13.05;6.0
1637;"CA-2015-131758";"2015-05-28";"2015-06-01";2557;1088;2;3;47.82;14.35
1638;"CA-2014-129168";"2014-08-17";"2014-08-23";2566;1514;2;3;15.55;5.44
1639;"CA-2014-163293";"2014-09-08";"2014-09-11";2584;943;3;4;83.88;30.2
1640;"CA-2014-163293";"2014-09-08";"2014-09-11";2584;942;3;3;32.97;12.86
1641;"CA-2015-125416";"2015-11-02";"2015-11-02";2589;120;4;9;447.93;49.27
1642;"CA-2016-130407";"2016-09-02";"2016-09-06";2601;516;2;2;39.98;10.0
1643;"CA-2016-130407";"2016-09-02";"2016-09-06";2601;1381;2;2;75.48;19.62
1644;"US-2015-123218";"2015-12-20";"2015-12-25";2605;1014;2;3;359.06;-71.81
1645;"US-2015-123218";"2015-12-20";"2015-12-25";2605;1011;2;4;255.97;51.19
1646;"US-2015-123218";"2015-12-20";"2015-12-25";2605;1063;2;2;159.98;12.0
1647;"CA-2017-121468";"2017-11-19";"2017-11-20";2607;204;3;4;31.97;2.4
1648;"CA-2014-125136";"2014-09-28";"2014-10-03";2608;187;2;2;10.69;3.74
1649;"CA-2014-125136";"2014-09-28";"2014-10-03";2608;1032;2;8;96.26;31.28
1650;"US-2016-104794";"2016-12-16";"2016-12-19";2615;944;3;2;3.68;1.8
1651;"CA-2017-166296";"2017-03-13";"2017-03-19";2635;888;2;3;314.55;150.98
1652;"CA-2016-157763";"2016-07-18";"2016-07-23";2644;1141;2;1;140.81;39.43
1653;"CA-2017-160395";"2016-12-31";"2017-01-06";2681;556;2;7;159.77;53.92
1654;"CA-2017-160395";"2016-12-31";"2017-01-06";2681;700;2;2;3.64;1.64
1655;"CA-2016-133725";"2016-05-23";"2016-05-28";2688;877;2;9;1979.93;148.49
1656;"CA-2016-159212";"2016-11-01";"2016-11-05";2705;299;2;3;251.79;118.34
1657;"CA-2016-159212";"2016-11-01";"2016-11-05";2705;147;2;2;21.8;6.1
1658;"US-2014-157021";"2014-04-01";"2014-04-06";2714;1186;1;4;17.09;5.55
1659;"US-2014-157021";"2014-04-01";"2014-04-06";2714;345;1;2;29.6;14.8
1660;"CA-2017-164959";"2017-07-11";"2017-07-15";2727;537;2;3;8.67;4.07
1661;"US-2014-151925";"2014-09-26";"2014-10-01";2747;1145;1;2;145.57;0.0
1662;"CA-2016-112669";"2016-04-14";"2016-04-14";2750;63;4;4;42.98;4.3
1663;"CA-2016-112669";"2016-04-14";"2016-04-14";2750;439;4;4;933.54;105.02
1664;"US-2014-140116";"2014-03-10";"2014-03-17";2752;848;2;4;83.17;9.36
1665;"US-2014-140116";"2014-03-10";"2014-03-17";2752;1360;2;3;636.41;-15.91
1666;"CA-2015-132570";"2015-10-31";"2015-11-02";2755;835;1;2;79.96;35.98
1667;"CA-2015-132570";"2015-10-31";"2015-11-02";2755;18;1;2;2.78;0.72
1668;"US-2015-149692";"2015-12-06";"2015-12-12";2763;982;2;7;2.77;-4.85
1669;"CA-2016-111115";"2016-07-25";"2016-07-27";2782;509;1;6;21.48;10.74
1670;"CA-2017-160045";"2017-04-26";"2017-04-27";2783;649;3;1;1.99;-1.44
1671;"CA-2016-152289";"2016-08-26";"2016-08-28";2816;711;3;6;1024.72;-29.28
1672;"CA-2016-152289";"2016-08-26";"2016-08-28";2816;96;3;2;159.98;44.0
1673;"US-2017-137491";"2017-11-19";"2017-11-25";2820;514;2;2;305.31;-8.72
1674;"CA-2015-119907";"2015-12-01";"2015-12-08";2830;699;2;2;55.42;19.4
1675;"CA-2016-137043";"2016-12-23";"2016-12-25";2833;119;1;3;286.38;83.05
1676;"CA-2016-137043";"2016-12-23";"2016-12-25";2833;119;1;6;572.76;166.1
1677;"CA-2016-142762";"2016-05-23";"2016-05-27";2839;844;2;3;37.05;16.3
1678;"US-2014-117058";"2014-05-27";"2014-05-30";2842;1028;3;6;17.46;-30.56
1679;"CA-2015-109512";"2015-03-05";"2015-03-05";2851;166;4;4;563.4;67.61
1680;"CA-2015-109512";"2015-03-05";"2015-03-05";2851;194;4;7;383.61;63.93
1681;"CA-2015-109512";"2015-03-05";"2015-03-05";2851;1033;4;3;29.34;14.67
1682;"CA-2017-133235";"2017-08-01";"2017-08-04";2857;566;3;5;271.96;17.0
1683;"US-2016-131149";"2016-07-10";"2016-07-14";2874;433;2;4;154.24;17.35
1684;"US-2016-131149";"2016-07-10";"2016-07-14";2874;166;2;3;338.04;-33.8
1685;"CA-2015-164833";"2015-06-04";"2015-06-04";2882;393;4;2;9.26;3.06
1686;"CA-2015-164833";"2015-06-04";"2015-06-04";2882;1107;4;2;7.38;3.47
1687;"CA-2017-121804";"2017-03-03";"2017-03-08";2903;1026;2;5;72.8;19.66
1688;"US-2016-148803";"2016-12-11";"2016-12-11";2910;1073;4;3;85.22;7.46
1689;"CA-2016-114727";"2016-07-18";"2016-07-24";2918;166;2;3;338.04;-33.8
1690;"CA-2016-114727";"2016-07-18";"2016-07-24";2918;782;2;2;593.57;0.0
1691;"CA-2016-114727";"2016-07-18";"2016-07-24";2918;89;2;3;854.35;10.68
1692;"CA-2016-114727";"2016-07-18";"2016-07-24";2918;230;2;3;1.87;-1.44
1693;"CA-2016-114727";"2016-07-18";"2016-07-24";2918;504;2;3;544.01;40.8
1694;"CA-2016-112025";"2016-07-30";"2016-08-04";2927;913;2;3;9.26;-13.9
1695;"CA-2017-108294";"2017-12-10";"2017-12-10";2931;742;4;3;34.5;15.53
1696;"CA-2014-126522";"2014-09-01";"2014-09-05";2947;112;1;3;53.94;15.64
1697;"US-2014-165659";"2014-06-01";"2014-06-06";2949;459;2;7;881.93;229.3
1698;"US-2014-165659";"2014-06-01";"2014-06-06";2949;733;2;6;22.2;9.1
1699;"US-2015-104430";"2015-10-22";"2015-10-26";2950;496;2;4;5.18;-7.76
1700;"CA-2017-122700";"2017-11-26";"2017-11-30";2956;635;2;8;220.75;-40.47
1701;"CA-2014-160773";"2014-07-01";"2014-07-05";2958;465;2;6;5.18;-3.63
1702;"CA-2014-160773";"2014-07-01";"2014-07-05";2958;891;2;2;575.92;71.99
1703;"CA-2014-164721";"2014-11-25";"2014-11-27";2959;865;1;4;26.76;12.31
1704;"CA-2014-164721";"2014-11-25";"2014-11-27";2959;664;1;3;23.88;10.51
1705;"CA-2014-164721";"2014-11-25";"2014-11-27";2959;558;1;6;320.88;93.06
1706;"CA-2017-102834";"2017-03-09";"2017-03-13";2963;511;2;2;199.98;69.99
1707;"CA-2017-162978";"2017-05-04";"2017-05-09";2964;493;2;1;300.9;11.28
1708;"CA-2017-162978";"2017-05-04";"2017-05-09";2964;571;2;3;17.61;8.45
1709;"CA-2017-162978";"2017-05-04";"2017-05-09";2964;635;2;5;183.96;20.7
1710;"CA-2017-101245";"2017-11-27";"2017-12-03";2967;1127;2;8;166.16;59.82
1711;"CA-2017-101245";"2017-11-27";"2017-12-03";2967;986;2;5;244.55;114.94
1712;"CA-2017-166128";"2017-04-11";"2017-04-18";2975;836;2;7;41.86;14.23
1713;"CA-2017-166128";"2017-04-11";"2017-04-18";2975;109;2;5;199.95;21.99
1714;"CA-2014-151708";"2014-08-08";"2014-08-14";2995;109;2;3;95.98;-10.8
1715;"CA-2014-141817";"2014-01-05";"2014-01-12";3005;799;2;3;19.54;4.88
1716;"US-2016-128902";"2016-03-11";"2016-03-15";3006;470;2;2;244.01;-31.37
1717;"CA-2015-114237";"2015-03-13";"2015-03-15";3013;508;3;2;141.96;39.75
1718;"CA-2015-143119";"2015-09-24";"2015-09-30";3015;762;2;6;517.5;155.25
1719;"CA-2016-133711";"2016-11-26";"2016-11-29";3024;685;3;8;3040.0;1459.2
1720;"CA-2016-133711";"2016-11-26";"2016-11-29";3024;680;3;5;33.75;16.88
1721;"CA-2016-133711";"2016-11-26";"2016-11-29";3024;682;3;3;91.68;45.84
1722;"CA-2016-133711";"2016-11-26";"2016-11-29";3024;808;3;7;70.98;34.78
1723;"CA-2015-125423";"2015-12-13";"2015-12-15";3027;1110;1;2;9.96;4.58
1724;"CA-2017-167703";"2017-02-03";"2017-02-08";3029;627;2;2;285.55;35.69
1725;"CA-2017-167703";"2017-02-03";"2017-02-08";3029;560;2;3;5.23;-4.18
1726;"CA-2016-131835";"2016-07-17";"2016-07-21";3034;117;2;1;55.48;26.63
1727;"CA-2016-131835";"2016-07-17";"2016-07-21";3034;233;2;3;597.0;280.59
1728;"CA-2016-131835";"2016-07-17";"2016-07-21";3034;606;2;2;162.64;45.54
1729;"CA-2017-148446";"2017-12-10";"2017-12-14";3055;453;1;4;1669.6;116.87
1730;"CA-2014-101602";"2014-12-15";"2014-12-18";3058;514;3;5;763.28;-21.81
1731;"CA-2014-101602";"2014-12-15";"2014-12-18";3058;828;3;3;40.68;-9.15
1732;"CA-2017-152807";"2017-10-30";"2017-11-03";3065;291;2;7;442.4;-55.3
1733;"CA-2017-152807";"2017-10-30";"2017-11-03";3065;561;2;2;11.17;-2.51
1734;"CA-2017-152807";"2017-10-30";"2017-11-03";3065;872;2;2;7.17;0.99
1735;"CA-2017-152807";"2017-10-30";"2017-11-03";3065;1039;2;4;20.74;7.26
1736;"CA-2015-148432";"2015-11-07";"2015-11-10";3069;751;1;2;7.3;3.43
1737;"CA-2015-148432";"2015-11-07";"2015-11-10";3069;749;1;7;26.18;0.52
1738;"CA-2017-149181";"2017-05-08";"2017-05-12";3077;779;2;2;47.99;-2.06
1739;"CA-2017-154410";"2017-10-21";"2017-10-24";3082;123;3;8;909.12;9.09
1740;"CA-2017-148474";"2017-06-12";"2017-06-19";3090;691;2;3;452.94;67.94
1741;"CA-2017-148474";"2017-06-12";"2017-06-19";3090;688;2;3;91.2;41.95
1742;"US-2017-124926";"2017-11-13";"2017-11-18";3092;771;1;6;9.32;-24.71
1743;"CA-2017-116645";"2017-11-30";"2017-12-04";3100;848;2;6;155.94;45.22
1744;"CA-2014-116932";"2014-07-21";"2014-07-25";3102;1030;2;1;272.85;27.28
1745;"CA-2014-116932";"2014-07-21";"2014-07-25";3102;245;2;2;801.57;50.1
1746;"CA-2014-116932";"2014-07-21";"2014-07-25";3102;1015;2;5;99.2;25.79
1747;"CA-2017-136672";"2017-03-07";"2017-03-12";3139;1177;2;3;49.08;4.91
1748;"CA-2017-144638";"2017-03-10";"2017-03-14";3184;883;2;2;43.87;11.52
1749;"CA-2017-144638";"2017-03-10";"2017-03-14";3184;879;2;1;6.7;0.5
1750;"CA-2017-144638";"2017-03-10";"2017-03-14";3184;155;2;3;35.91;-8.38
1751;"CA-2017-144638";"2017-03-10";"2017-03-14";3184;533;2;2;5.25;0.59
1752;"US-2016-108455";"2016-12-02";"2016-12-08";3207;719;2;3;33.87;8.81
1753;"US-2016-108455";"2016-12-02";"2016-12-08";3207;716;2;7;40.46;19.83
1754;"US-2016-108455";"2016-12-02";"2016-12-08";3207;714;2;4;25.92;12.44
1755;"CA-2014-156349";"2014-05-26";"2014-05-30";3211;200;2;2;83.98;31.49
1756;"CA-2014-156349";"2014-05-26";"2014-05-30";3211;857;2;2;201.58;20.16
1757;"CA-2014-156349";"2014-05-26";"2014-05-30";3211;841;2;2;290.67;27.36
1758;"CA-2014-125556";"2014-11-14";"2014-11-16";3219;72;1;10;43.8;21.02
1759;"CA-2014-125556";"2014-11-14";"2014-11-16";3219;1444;1;7;832.93;233.22
1760;"CA-2016-110254";"2016-08-04";"2016-08-08";3225;1058;2;2;9.82;4.81
1761;"CA-2016-110254";"2016-08-04";"2016-08-08";3225;1055;2;9;109.8;46.12
1762;"CA-2016-110254";"2016-08-04";"2016-08-08";3225;472;2;1;4.13;1.9
1763;"CA-2016-110254";"2016-08-04";"2016-08-08";3225;790;2;2;35.06;10.52
1764;"CA-2017-140242";"2017-05-06";"2017-05-11";3227;341;2;7;408.74;76.64
1765;"CA-2017-140242";"2017-05-06";"2017-05-11";3227;1081;2;3;6.41;0.64
1766;"CA-2017-133648";"2017-06-25";"2017-07-02";3228;1207;2;3;11.3;-2.12
1767;"CA-2017-133648";"2017-06-25";"2017-07-02";3228;1205;2;2;5.34;0.73
1768;"CA-2017-133648";"2017-06-25";"2017-07-02";3228;184;2;6;71.04;26.64
1769;"CA-2017-166142";"2017-07-15";"2017-07-19";3239;1043;2;3;310.44;-48.78
1770;"CA-2017-166142";"2017-07-15";"2017-07-19";3239;418;2;3;26.55;13.01
1771;"US-2015-157154";"2015-01-10";"2015-01-15";3243;98;2;4;1018.1;-373.3
1772;"CA-2017-128160";"2017-12-19";"2017-12-24";3249;578;1;2;36.67;11.46
1773;"US-2017-124968";"2017-09-08";"2017-09-13";3257;401;1;7;765.63;-566.56
1774;"CA-2017-127285";"2017-10-30";"2017-11-06";3258;1096;2;2;13.9;5.21
1775;"CA-2017-127285";"2017-10-30";"2017-11-06";3258;952;2;3;88.75;27.74
1776;"CA-2015-119592";"2015-12-14";"2015-12-16";3262;480;1;2;3.76;1.8
1777;"CA-2014-122567";"2014-02-16";"2014-02-21";3268;1071;2;2;7.96;-13.93
1778;"CA-2014-122567";"2014-02-16";"2014-02-21";3268;735;2;3;1.08;-1.73
1779;"CA-2015-139094";"2015-11-22";"2015-11-27";3279;1043;2;2;206.96;-32.52
1780;"CA-2016-128727";"2016-08-29";"2016-09-04";3280;850;2;4;22.0;5.5
1781;"CA-2014-147914";"2014-06-04";"2014-06-09";3288;808;2;2;16.22;5.88
1782;"CA-2014-145926";"2014-11-17";"2014-11-21";3289;1522;2;5;479.9;81.58
1783;"CA-2017-124086";"2017-02-10";"2017-02-14";3309;332;2;2;203.98;16.8
1784;"US-2017-139465";"2017-08-27";"2017-08-30";3315;15;3;6;37.01;11.57
1785;"US-2017-139465";"2017-08-27";"2017-08-30";3315;1090;3;3;347.97;100.91
1786;"US-2017-139465";"2017-08-27";"2017-08-30";3315;750;3;8;63.84;16.6
1787;"CA-2015-120103";"2015-12-24";"2015-12-29";3321;818;2;2;7.71;1.74
1788;"CA-2015-120103";"2015-12-24";"2015-12-29";3321;391;2;2;111.98;11.2
1789;"CA-2015-120103";"2015-12-24";"2015-12-29";3321;1279;2;7;106.23;37.18
1790;"CA-2016-119186";"2016-05-26";"2016-05-26";3334;936;4;1;63.99;-7.2
1791;"CA-2016-119186";"2016-05-26";"2016-05-26";3334;118;4;3;14.35;5.2
1792;"CA-2016-119186";"2016-05-26";"2016-05-26";3334;933;4;5;388.43;-88.78
1793;"CA-2016-119186";"2016-05-26";"2016-05-26";3334;724;4;2;10.37;3.63
1794;"CA-2014-119032";"2014-11-27";"2014-12-03";3339;726;2;2;3.76;1.32
1795;"CA-2015-139290";"2015-10-26";"2015-10-30";3390;1318;2;2;5.76;2.65
1796;"CA-2017-132234";"2017-10-16";"2017-10-18";3394;269;3;13;547.3;175.14
1797;"CA-2014-118976";"2014-04-28";"2014-05-03";3397;973;2;1;3.15;1.51
1798;"CA-2014-118976";"2014-04-28";"2014-05-03";3397;1081;2;2;5.34;1.5
1799;"CA-2014-118976";"2014-04-28";"2014-05-03";3397;1080;2;9;497.61;129.38
1800;"CA-2014-118976";"2014-04-28";"2014-05-03";3397;1078;2;2;20.86;9.39
1801;"US-2016-132423";"2016-04-15";"2016-04-19";3401;196;2;5;8.04;2.91
1802;"US-2016-132423";"2016-04-15";"2016-04-19";3401;836;2;7;33.49;5.86
1803;"CA-2015-125178";"2015-10-03";"2015-10-09";3414;1103;2;2;15.01;1.5
1804;"CA-2015-112452";"2015-04-04";"2015-04-04";3431;689;4;2;599.98;209.99
1805;"CA-2015-112452";"2015-04-04";"2015-04-04";3431;687;4;1;10.95;0.44
1806;"CA-2015-112452";"2015-04-04";"2015-04-04";3431;683;4;2;12.76;5.87
1807;"CA-2015-112452";"2015-04-04";"2015-04-04";3431;679;4;2;5.84;2.63
1808;"CA-2015-112452";"2015-04-04";"2015-04-04";3431;677;4;2;644.08;107.35
1809;"CA-2016-124485";"2016-11-24";"2016-11-26";3432;1371;3;1;6.48;3.11
1810;"CA-2016-124485";"2016-11-24";"2016-11-26";3432;373;3;4;88.4;11.49
1811;"CA-2016-124485";"2016-11-24";"2016-11-26";3432;420;3;2;11.56;5.66
1812;"CA-2016-124485";"2016-11-24";"2016-11-26";3432;1368;3;4;17.22;6.03
1813;"US-2016-100839";"2016-10-13";"2016-10-17";3449;1002;2;3;24.96;4.37
1814;"US-2016-100839";"2016-10-13";"2016-10-17";3449;573;2;5;727.45;-465.57
1815;"CA-2015-114069";"2015-07-13";"2015-07-15";3454;964;1;2;9.96;4.68
1816;"CA-2015-114069";"2015-07-13";"2015-07-15";3454;372;1;9;1931.04;321.84
1817;"CA-2015-114069";"2015-07-13";"2015-07-15";3454;881;1;2;11.81;4.28
1818;"CA-2016-145247";"2016-05-05";"2016-05-07";3455;1142;3;3;79.14;36.4
1819;"CA-2014-131905";"2014-02-06";"2014-02-09";3461;1084;3;5;144.95;42.04
1820;"CA-2014-131905";"2014-02-06";"2014-02-09";3461;517;3;1;161.61;42.02
1821;"CA-2014-131905";"2014-02-06";"2014-02-09";3461;277;3;4;15.0;7.2
1822;"US-2015-140851";"2015-07-13";"2015-07-15";3463;581;1;6;38.88;18.66
1823;"US-2015-130519";"2015-09-15";"2015-09-15";3486;351;4;1;55.97;-2.1
1824;"US-2015-130519";"2015-09-15";"2015-09-15";3486;152;4;2;24.67;2.16
1825;"US-2015-130519";"2015-09-15";"2015-09-15";3486;772;4;4;15.71;2.55
1826;"US-2015-130519";"2015-09-15";"2015-09-15";3486;457;4;3;15.55;5.44
1827;"US-2017-116659";"2017-11-12";"2017-11-12";3489;1005;4;3;370.78;-92.7
1828;"CA-2014-122749";"2014-12-03";"2014-12-09";3491;1197;2;4;479.96;134.39
1829;"CA-2017-130386";"2017-11-12";"2017-11-18";3494;887;2;3;540.05;-47.25
1830;"CA-2017-130386";"2017-11-12";"2017-11-18";3494;737;2;9;223.06;69.71
1831;"CA-2017-130386";"2017-11-12";"2017-11-18";3494;397;2;3;16.06;5.82
1832;"CA-2016-123722";"2016-09-25";"2016-10-01";3498;529;2;4;15.94;5.18
1833;"CA-2017-122693";"2017-02-19";"2017-02-21";3499;310;1;7;1245.86;361.3
1834;"CA-2017-100384";"2017-06-24";"2017-07-01";3501;389;2;9;35.82;11.82
1835;"CA-2017-100384";"2017-06-24";"2017-07-01";3501;433;2;8;385.6;111.82
1836;"CA-2016-141586";"2016-10-17";"2016-10-20";3504;137;3;5;18.16;6.58
1837;"CA-2017-148166";"2017-10-21";"2017-10-26";3508;1423;2;4;17.86;2.01
1838;"US-2015-105676";"2015-12-01";"2015-12-02";3522;709;4;4;6.69;-4.01
1839;"CA-2015-131338";"2015-08-09";"2015-08-12";3531;41;3;4;247.8;34.69
1840;"CA-2015-131338";"2015-08-09";"2015-08-12";3531;834;3;3;10.65;5.01
1841;"CA-2015-131338";"2015-08-09";"2015-08-12";3531;833;3;3;143.7;68.98
1842;"CA-2015-131338";"2015-08-09";"2015-08-12";3531;408;3;5;979.95;274.39
1843;"CA-2015-131338";"2015-08-09";"2015-08-12";3531;159;3;2;6.16;2.96
1844;"CA-2015-131338";"2015-08-09";"2015-08-12";3531;150;3;3;47.04;18.35
1845;"CA-2015-131338";"2015-08-09";"2015-08-12";3531;548;3;2;1217.57;456.59
1846;"CA-2015-131338";"2015-08-09";"2015-08-12";3531;410;3;2;41.96;2.94
1847;"CA-2015-131338";"2015-08-09";"2015-08-12";3531;26;3;9;382.81;-153.12
1848;"CA-2015-131338";"2015-08-09";"2015-08-12";3531;773;3;2;307.98;89.31
1849;"CA-2017-126865";"2017-12-05";"2017-12-07";3533;686;1;3;92.94;41.82
1850;"CA-2015-141768";"2015-05-25";"2015-05-27";3540;772;1;3;14.73;4.86
1851;"CA-2016-113138";"2016-11-19";"2016-11-25";3544;881;2;3;17.71;6.42
1852;"CA-2016-113138";"2016-11-19";"2016-11-25";3544;710;2;6;17.28;5.01
1853;"CA-2014-168494";"2014-12-12";"2014-12-14";3546;862;1;3;254.97;12.0
1854;"CA-2014-168494";"2014-12-12";"2014-12-14";3546;493;1;12;3610.85;135.41
1855;"CA-2014-168494";"2014-12-12";"2014-12-14";3546;860;1;6;764.69;95.59
1856;"CA-2016-128531";"2016-11-24";"2016-11-26";3556;502;1;3;14.04;1.58
1857;"CA-2016-128531";"2016-11-24";"2016-11-26";3556;924;1;3;74.35;23.24
1858;"CA-2016-128531";"2016-11-24";"2016-11-26";3556;918;1;2;94.99;-2.37
1859;"CA-2016-128531";"2016-11-24";"2016-11-26";3556;916;1;3;4.34;0.87
1860;"CA-2016-128531";"2016-11-24";"2016-11-26";3556;554;1;3;297.58;-7.44
1861;"CA-2016-128531";"2016-11-24";"2016-11-26";3556;413;1;5;41.92;3.67
1862;"CA-2017-129378";"2017-10-01";"2017-10-02";3558;1448;3;4;108.61;9.5
1863;"CA-2017-129378";"2017-10-01";"2017-10-02";3558;715;3;2;241.96;60.49
1864;"CA-2017-129378";"2017-10-01";"2017-10-02";3558;553;3;13;61.78;20.85
1865;"CA-2017-129378";"2017-10-01";"2017-10-02";3558;735;3;1;1.44;0.5
1866;"CA-2014-168984";"2014-11-26";"2014-12-02";3574;880;2;4;438.34;-87.67
1867;"CA-2014-168984";"2014-11-26";"2014-12-02";3574;730;2;5;669.08;-167.27
1868;"CA-2014-168984";"2014-11-26";"2014-12-02";3574;884;2;3;15.55;5.44
1869;"US-2015-161466";"2015-09-24";"2015-09-27";3594;706;1;2;6.85;0.6
1870;"CA-2015-105970";"2015-03-02";"2015-03-07";3604;475;2;6;101.88;50.94
1871;"CA-2015-105970";"2015-03-02";"2015-03-07";3604;82;2;1;10.16;2.64
1872;"CA-2016-125738";"2016-10-15";"2016-10-21";3610;1078;2;5;41.72;13.04
1873;"CA-2016-125738";"2016-10-15";"2016-10-21";3610;905;2;9;60.12;28.86
1874;"CA-2016-125738";"2016-10-15";"2016-10-21";3610;1428;2;2;45.68;21.01
1875;"CA-2016-164938";"2016-02-11";"2016-02-13";3625;1095;3;7;69.93;0.7
1876;"CA-2014-150245";"2014-12-31";"2015-01-04";3626;382;1;7;1573.49;196.69
1877;"CA-2015-153388";"2015-08-01";"2015-08-07";3631;740;2;6;1004.98;-175.87
1878;"CA-2015-153388";"2015-08-01";"2015-08-07";3631;177;2;4;6.72;3.36
1879;"CA-2015-101707";"2015-08-27";"2015-09-01";3637;44;2;1;3.08;1.48
1880;"CA-2015-101707";"2015-08-27";"2015-09-01";3637;996;2;5;114.2;52.53
1881;"CA-2015-101707";"2015-08-27";"2015-09-01";3637;206;2;3;32.94;9.22
1882;"CA-2017-110380";"2017-09-02";"2017-09-07";3645;898;2;3;6.57;1.77
1883;"US-2016-162859";"2016-02-15";"2016-02-22";3651;165;2;4;8.72;3.58
1884;"US-2016-162859";"2016-02-15";"2016-02-22";3651;853;2;3;398.35;124.49
1885;"CA-2016-106306";"2016-03-08";"2016-03-08";3652;997;4;3;9.7;-7.11
1886;"CA-2016-144344";"2016-10-28";"2016-10-28";3655;317;4;3;165.05;41.26
1887;"CA-2016-144344";"2016-10-28";"2016-10-28";3655;842;4;2;63.97;0.0
1888;"CA-2016-144344";"2016-10-28";"2016-10-28";3655;545;4;5;37.43;-29.94
1889;"CA-2016-144344";"2016-10-28";"2016-10-28";3655;840;4;3;47.95;13.79
1890;"CA-2016-147578";"2016-04-22";"2016-04-26";3664;1037;1;3;31.56;10.41
1891;"CA-2014-105172";"2014-04-04";"2014-04-09";3685;783;2;6;18.9;9.07
1892;"US-2016-134488";"2016-09-24";"2016-10-01";3691;520;2;2;155.37;-13.32
1893;"US-2016-113509";"2016-03-15";"2016-03-19";3700;859;2;3;83.98;-13.65
1894;"CA-2017-109946";"2017-04-16";"2017-04-21";3701;743;2;5;16.52;2.07
1895;"CA-2014-117709";"2014-05-04";"2014-05-08";3704;659;2;4;46.8;21.06
1896;"US-2016-118780";"2016-09-10";"2016-09-14";3712;865;1;1;6.69;3.08
1897;"US-2016-118780";"2016-09-10";"2016-09-14";3712;864;1;2;59.48;8.92
1898;"CA-2015-164539";"2015-11-16";"2015-11-22";3738;282;2;5;523.25;141.28
1899;"CA-2015-156335";"2015-09-25";"2015-09-28";3746;200;1;2;104.98;52.49
1900;"CA-2015-156335";"2015-09-25";"2015-09-28";3746;567;1;3;14.46;7.09
1901;"CA-2015-156335";"2015-09-25";"2015-09-28";3746;966;1;4;63.96;19.83
1902;"US-2016-108504";"2016-02-05";"2016-02-05";3756;189;4;7;342.37;160.91
1903;"US-2016-108504";"2016-02-05";"2016-02-05";3756;248;4;3;122.97;60.26
1904;"US-2016-108504";"2016-02-05";"2016-02-05";3756;517;4;3;484.83;126.06
1905;"US-2016-108504";"2016-02-05";"2016-02-05";3756;231;4;3;104.85;28.31
1906;"US-2016-108504";"2016-02-05";"2016-02-05";3756;1361;4;2;167.96;78.94
1907;"US-2016-108504";"2016-02-05";"2016-02-05";3756;332;4;2;239.98;52.8
1908;"US-2016-108504";"2016-02-05";"2016-02-05";3756;1358;4;3;18.84;7.16
1909;"US-2016-108504";"2016-02-05";"2016-02-05";3756;1349;4;5;9.45;0.19
1910;"US-2016-108504";"2016-02-05";"2016-02-05";3756;1317;4;9;348.84;170.93
1911;"US-2016-108504";"2016-02-05";"2016-02-05";3756;767;4;1;80.98;1.62
1912;"US-2016-101497";"2016-09-29";"2016-10-01";3768;532;1;1;18.97;9.11
1913;"CA-2014-136567";"2014-12-20";"2014-12-21";3779;721;3;2;455.1;100.12
1914;"CA-2014-136567";"2014-12-20";"2014-12-21";3779;778;3;3;62.31;29.29
1915;"CA-2014-136567";"2014-12-20";"2014-12-21";3779;707;3;7;2244.48;493.79
1916;"CA-2014-136567";"2014-12-20";"2014-12-21";3779;703;3;2;122.48;0.0
1917;"CA-2016-107216";"2016-06-14";"2016-06-17";3792;994;3;3;8.64;2.51
1918;"CA-2016-107216";"2016-06-14";"2016-06-17";3792;993;3;1;29.29;9.67
1919;"CA-2017-117695";"2017-08-05";"2017-08-08";3803;650;3;2;13.76;6.33
1920;"CA-2016-134425";"2016-12-08";"2016-12-12";3818;347;1;5;114.95;2.3
1921;"CA-2017-144526";"2017-04-30";"2017-05-06";3819;913;2;3;13.9;-9.26
1922;"CA-2017-144526";"2017-04-30";"2017-05-06";3819;1077;2;5;677.58;-158.1
1923;"CA-2014-102008";"2014-09-30";"2014-10-04";3838;377;2;1;48.94;24.47
1924;"CA-2017-112809";"2017-08-18";"2017-08-22";3844;665;2;4;6.74;-11.46
1925;"CA-2017-112809";"2017-08-18";"2017-08-22";3844;97;2;5;21.38;-33.14
1926;"CA-2017-112809";"2017-08-18";"2017-08-22";3844;40;2;3;200.06;12.5
1927;"CA-2017-140585";"2017-12-18";"2017-12-23";3845;404;1;2;119.98;57.59
1928;"CA-2017-140585";"2017-12-18";"2017-12-23";3845;1059;1;1;119.83;-12.69
1929;"CA-2017-140585";"2017-12-18";"2017-12-23";3845;568;1;2;46.67;16.34
1930;"CA-2014-169775";"2014-08-29";"2014-09-02";3846;218;1;3;174.06;-110.76
1931;"CA-2014-169775";"2014-08-29";"2014-09-02";3846;1050;1;4;505.18;-336.78
1932;"CA-2014-169775";"2014-08-29";"2014-09-02";3846;1047;1;2;29.81;10.81
1933;"CA-2014-167360";"2014-11-24";"2014-11-29";3861;86;1;7;111.79;43.6
1934;"CA-2017-138779";"2017-01-14";"2017-01-15";3881;765;3;5;7.92;0.69
1935;"CA-2017-138779";"2017-01-14";"2017-01-15";3881;145;3;1;21.74;7.34
1936;"CA-2016-107615";"2016-03-22";"2016-03-25";3887;993;3;2;58.58;19.33
1937;"CA-2015-129854";"2015-08-22";"2015-08-26";3888;128;2;4;16.52;7.6
1938;"US-2016-168620";"2016-12-24";"2016-12-28";3896;79;1;8;255.68;76.7
1939;"US-2016-168620";"2016-12-24";"2016-12-28";3896;887;1;3;540.05;-47.25
1940;"US-2016-168620";"2016-12-24";"2016-12-28";3896;349;1;3;27.88;-20.45
1941;"CA-2016-141397";"2016-06-20";"2016-06-21";3903;1021;3;2;161.57;-8.08
1942;"CA-2016-141397";"2016-06-20";"2016-06-21";3903;75;3;3;161.94;9.72
1943;"CA-2016-141397";"2016-06-20";"2016-06-21";3903;1019;3;2;21.78;5.66
1944;"CA-2016-141397";"2016-06-20";"2016-06-21";3903;881;3;3;17.71;6.42
1945;"CA-2016-141397";"2016-06-20";"2016-06-21";3903;437;3;7;46.76;22.44
1946;"CA-2015-122826";"2015-06-23";"2015-06-25";3913;837;1;4;201.57;22.68
1947;"CA-2016-136434";"2016-12-01";"2016-12-07";3916;1100;2;3;17.31;5.19
1948;"CA-2017-159457";"2017-10-19";"2017-10-26";3919;925;2;3;16.68;5.21
1949;"CA-2017-111647";"2017-07-03";"2017-07-07";3929;200;2;4;167.97;62.99
1950;"CA-2017-124401";"2017-09-07";"2017-09-12";3961;1093;2;7;279.94;80.48
1951;"CA-2017-124401";"2017-09-07";"2017-09-12";3961;1109;2;3;37.68;2.36
1952;"US-2014-114188";"2014-05-20";"2014-05-22";3972;840;1;7;139.86;60.14
1953;"US-2014-114188";"2014-05-20";"2014-05-22";3972;1397;1;9;38.52;11.94
1954;"US-2014-114188";"2014-05-20";"2014-05-22";3972;1394;1;4;33.28;9.32
1955;"CA-2014-151078";"2014-11-12";"2014-11-12";3987;379;4;4;49.63;4.96
1956;"CA-2014-123925";"2014-12-17";"2014-12-19";3988;975;1;3;40.05;11.21
1957;"CA-2017-121538";"2017-11-28";"2017-12-01";3999;117;3;2;88.77;31.07
1958;"CA-2016-168354";"2016-09-19";"2016-09-21";4005;514;3;4;872.32;244.25
1959;"CA-2016-168354";"2016-09-19";"2016-09-21";4005;642;3;3;49.53;23.77
1960;"CA-2016-168354";"2016-09-19";"2016-09-21";4005;627;3;9;1606.23;481.87
1961;"CA-2016-101378";"2016-07-14";"2016-07-14";4010;370;4;2;29.0;7.25
1962;"CA-2015-160472";"2015-07-20";"2015-07-25";4011;46;1;5;141.4;38.18
1963;"CA-2015-160472";"2015-07-20";"2015-07-25";4011;986;1;2;97.82;45.98
1964;"CA-2015-160472";"2015-07-20";"2015-07-25";4011;956;1;7;106.75;49.11
1965;"CA-2015-160472";"2015-07-20";"2015-07-25";4011;983;1;5;26.4;11.88
1966;"CA-2015-160472";"2015-07-20";"2015-07-25";4011;342;1;5;831.2;124.68
1967;"CA-2015-160472";"2015-07-20";"2015-07-25";4011;980;1;1;34.76;9.73
1968;"CA-2015-159786";"2015-10-12";"2015-10-17";4012;1029;1;1;209.67;-13.98
1969;"CA-2014-139017";"2014-05-11";"2014-05-17";4021;993;2;2;46.86;7.62
1970;"CA-2014-141278";"2014-06-21";"2014-06-24";4022;48;3;5;21.4;6.21
1971;"CA-2016-100965";"2016-07-07";"2016-07-11";4025;442;2;5;215.65;73.32
1972;"CA-2014-120474";"2014-12-01";"2014-12-03";4047;1089;3;4;46.64;12.59
1973;"CA-2014-120474";"2014-12-01";"2014-12-03";4047;1087;3;8;2807.84;673.88
1974;"US-2017-145863";"2017-04-21";"2017-04-27";4053;821;2;3;2.93;-4.99
1975;"US-2017-145863";"2017-04-21";"2017-04-27";4053;564;2;3;2.69;-4.71
1976;"CA-2015-154326";"2015-02-15";"2015-02-19";4056;1085;2;5;139.95;26.59
1977;"CA-2015-154326";"2015-02-15";"2015-02-19";4056;788;2;2;699.98;195.99
1978;"CA-2015-154326";"2015-02-15";"2015-02-19";4056;974;2;3;134.97;64.79
1979;"US-2016-150567";"2016-05-17";"2016-05-21";4058;464;2;6;27.02;-21.61
1980;"US-2016-150567";"2016-05-17";"2016-05-21";4058;1054;2;2;2.95;-2.16
1981;"CA-2015-157959";"2015-02-03";"2015-02-04";4086;1056;3;4;136.92;41.08
1982;"CA-2015-124800";"2015-09-26";"2015-09-30";4088;123;2;4;363.65;-86.37
1983;"CA-2015-124800";"2015-09-26";"2015-09-30";4088;1399;2;5;263.96;23.1
1984;"CA-2015-124800";"2015-09-26";"2015-09-30";4088;787;2;6;119.9;-1.5
1985;"CA-2015-124800";"2015-09-26";"2015-09-30";4088;556;2;9;77.03;-59.06
1986;"CA-2015-124800";"2015-09-26";"2015-09-30";4088;1396;2;2;60.67;14.41
1987;"CA-2015-124800";"2015-09-26";"2015-09-30";4088;288;2;2;72.59;-48.39
1988;"CA-2015-124800";"2015-09-26";"2015-09-30";4088;1393;2;4;86.27;31.27
1989;"CA-2014-111150";"2014-12-31";"2015-01-04";4094;69;2;7;47.53;16.16
1990;"CA-2014-111150";"2014-12-31";"2015-01-04";4094;786;2;7;29.68;11.58
1991;"CA-2017-155460";"2017-04-13";"2017-04-15";4100;1070;3;5;895.92;302.37
1992;"CA-2017-155460";"2017-04-13";"2017-04-15";4100;497;3;1;5.28;2.38
1993;"CA-2017-110905";"2017-09-10";"2017-09-15";4105;1182;1;2;24.18;7.25
1994;"CA-2017-110905";"2017-09-10";"2017-09-15";4105;482;1;3;286.29;17.18
1995;"CA-2017-110905";"2017-09-10";"2017-09-15";4105;745;1;5;24.9;11.7
1996;"CA-2017-110905";"2017-09-10";"2017-09-15";4105;1149;1;3;13.71;6.58
1997;"CA-2017-110905";"2017-09-10";"2017-09-15";4105;1146;1;6;112.8;6.77
1998;"CA-2017-110905";"2017-09-10";"2017-09-15";4105;918;1;5;296.85;53.43
1999;"CA-2017-110905";"2017-09-10";"2017-09-15";4105;1144;1;3;33.99;14.62
2000;"CA-2017-110905";"2017-09-10";"2017-09-15";4105;953;1;3;16.2;7.78
2001;"CA-2016-167507";"2016-12-22";"2016-12-28";4111;1122;2;1;22.78;4.84
2002;"CA-2016-167507";"2016-12-22";"2016-12-28";4111;733;2;4;11.84;3.11
2003;"CA-2017-122154";"2017-04-09";"2017-04-11";4114;978;3;3;251.64;88.07
2004;"CA-2017-122154";"2017-04-09";"2017-04-11";4114;951;3;1;17.43;-13.36
2005;"CA-2017-122154";"2017-04-09";"2017-04-11";4114;948;3;3;15.12;4.91
2006;"CA-2014-122882";"2014-09-07";"2014-09-13";4127;929;2;4;399.54;-559.36
2007;"CA-2014-122882";"2014-09-07";"2014-09-13";4127;927;2;2;42.37;8.47
2008;"CA-2014-122882";"2014-09-07";"2014-09-13";4127;1004;2;3;32.38;4.32
2009;"CA-2014-122882";"2014-09-07";"2014-09-13";4127;767;2;1;64.78;-14.58
2010;"US-2017-143028";"2017-04-11";"2017-04-18";4143;60;2;3;11.36;-17.05
2011;"US-2014-157385";"2014-11-23";"2014-11-25";4151;372;3;2;381.44;23.84
2012;"US-2014-157385";"2014-11-23";"2014-11-25";4151;826;3;1;29.99;6.3
2013;"US-2014-157385";"2014-11-23";"2014-11-25";4151;825;3;3;21.84;10.48
2014;"US-2014-157385";"2014-11-23";"2014-11-25";4151;37;3;5;603.92;-67.94
2015;"CA-2016-156685";"2016-07-08";"2016-07-10";4157;74;1;3;47.62;3.57
2016;"CA-2016-156685";"2016-07-08";"2016-07-10";4157;1105;1;9;863.64;107.96
2017;"CA-2015-111297";"2015-08-17";"2015-08-21";4184;666;2;9;52.2;23.49
2018;"CA-2015-166135";"2015-10-01";"2015-10-06";4187;171;2;4;139.42;17.43
2019;"CA-2014-135657";"2014-06-03";"2014-06-07";4212;1068;1;6;515.88;113.49
2020;"CA-2015-128860";"2015-06-29";"2015-07-05";4214;1441;2;1;20.1;1.76
2021;"CA-2016-105963";"2016-11-15";"2016-11-22";4227;350;2;3;99.39;40.75
2022;"CA-2017-146024";"2017-03-02";"2017-03-08";4228;142;2;7;12.22;-20.17
2023;"CA-2017-146024";"2017-03-02";"2017-03-08";4228;438;2;4;6.98;-1.4
2024;"CA-2015-155761";"2015-12-11";"2015-12-11";4230;1215;4;3;46.34;4.63
2025;"CA-2015-155761";"2015-12-11";"2015-12-11";4230;366;4;2;159.98;36.0
2026;"US-2014-118486";"2014-04-06";"2014-04-08";4237;341;3;2;116.78;21.9
2027;"US-2014-118486";"2014-04-06";"2014-04-08";4237;1379;3;3;154.76;-36.11
2028;"US-2014-118486";"2014-04-06";"2014-04-08";4237;580;3;1;10.3;-2.19
2029;"CA-2017-102337";"2017-06-13";"2017-06-16";4244;1523;3;2;47.98;6.0
2030;"CA-2017-102337";"2017-06-13";"2017-06-16";4244;1522;3;7;470.3;-87.34
2031;"US-2015-164357";"2015-11-25";"2015-11-29";4258;1321;2;5;13.12;1.48
2032;"CA-2015-120341";"2015-09-26";"2015-09-29";4265;900;1;1;45.89;-9.18
2033;"CA-2015-120341";"2015-09-26";"2015-09-29";4265;897;1;6;121.1;-100.92
2034;"CA-2015-143077";"2015-09-17";"2015-09-21";4274;796;2;3;6.59;-10.21
2035;"CA-2015-143077";"2015-09-17";"2015-09-21";4274;883;2;2;21.94;-10.42
2036;"CA-2015-164882";"2015-10-31";"2015-10-31";4281;1372;4;1;425.83;20.04
2037;"CA-2015-164882";"2015-10-31";"2015-10-31";4281;1369;4;2;46.84;12.65
2038;"CA-2015-164882";"2015-10-31";"2015-10-31";4281;1366;4;4;1295.84;145.78
2039;"CA-2015-164882";"2015-10-31";"2015-10-31";4281;301;4;3;29.7;8.02
2040;"CA-2015-164882";"2015-10-31";"2015-10-31";4281;129;4;4;323.14;20.2
2041;"CA-2015-164882";"2015-10-31";"2015-10-31";4281;463;4;5;17.45;8.03
2042;"CA-2015-164882";"2015-10-31";"2015-10-31";4281;1364;4;3;5.04;1.26
2043;"CA-2015-164882";"2015-10-31";"2015-10-31";4281;853;4;3;398.35;124.49
2044;"CA-2015-164882";"2015-10-31";"2015-10-31";4281;902;4;1;19.98;9.39
2045;"US-2017-102890";"2017-06-30";"2017-06-30";4291;4;4;5;1044.63;-295.98
2046;"US-2015-107349";"2015-07-13";"2015-07-15";4353;699;3;6;41.57;-66.51
2047;"CA-2017-145884";"2017-10-21";"2017-10-21";4356;656;4;1;262.11;62.91
2048;"CA-2017-145884";"2017-10-21";"2017-10-21";4356;1130;4;8;1439.92;374.38
2049;"US-2016-144393";"2016-10-28";"2016-11-04";4375;895;2;4;17.62;-14.09
2050;"CA-2015-122287";"2015-06-18";"2015-06-23";4379;977;2;5;75.36;20.72
2051;"CA-2015-122287";"2015-06-18";"2015-06-23";4379;908;2;2;9.16;-6.1
2052;"CA-2015-122287";"2015-06-18";"2015-06-23";4379;766;2;7;4.54;-3.33
2053;"CA-2015-122287";"2015-06-18";"2015-06-23";4379;1223;2;3;11.95;4.33
2054;"US-2016-146570";"2016-05-15";"2016-05-20";4388;254;2;3;8.34;2.17
2055;"US-2016-146570";"2016-05-15";"2016-05-20";4388;1355;2;4;91.96;25.75
2056;"US-2016-146570";"2016-05-15";"2016-05-20";4388;1334;2;8;511.84;240.56
2057;"US-2016-103646";"2016-04-21";"2016-04-26";4401;928;2;8;44.85;-67.27
2058;"US-2016-103646";"2016-04-21";"2016-04-26";4401;606;2;3;48.79;-126.86
2059;"US-2016-103646";"2016-04-21";"2016-04-26";4401;926;2;4;102.34;-12.79
2060;"CA-2015-131597";"2015-09-14";"2015-09-18";4407;26;2;3;170.14;-8.51
2061;"US-2017-118087";"2017-09-09";"2017-09-13";4411;805;2;7;1931.96;-386.39
2062;"US-2017-118087";"2017-09-09";"2017-09-13";4411;477;2;3;258.7;64.67
2063;"US-2017-118087";"2017-09-09";"2017-09-13";4411;803;2;2;17.02;1.7
2064;"US-2017-118087";"2017-09-09";"2017-09-13";4411;79;2;3;95.88;28.76
2065;"US-2017-118087";"2017-09-09";"2017-09-13";4411;80;2;1;4.67;1.58
2066;"US-2017-118087";"2017-09-09";"2017-09-13";4411;464;2;1;4.5;-3.6
2067;"US-2017-118087";"2017-09-09";"2017-09-13";4411;801;2;2;3.04;-2.33
2068;"US-2017-118087";"2017-09-09";"2017-09-13";4411;488;2;2;141.37;-48.47
2069;"CA-2017-106852";"2017-06-20";"2017-06-27";4483;1098;2;2;5.25;0.59
2070;"CA-2017-106852";"2017-06-20";"2017-06-27";4483;1514;2;6;31.1;10.89
2071;"CA-2017-161200";"2017-08-06";"2017-08-10";4499;159;1;5;15.4;7.39
2072;"CA-2017-161200";"2017-08-06";"2017-08-10";4499;1114;1;3;145.74;23.32
2073;"CA-2015-126697";"2015-09-21";"2015-09-24";4512;159;3;4;4.93;-1.48
2074;"CA-2015-126697";"2015-09-21";"2015-09-24";4512;617;3;3;151.2;32.13
2075;"CA-2015-126697";"2015-09-21";"2015-09-24";4512;1390;3;7;946.34;118.29
2076;"US-2014-100279";"2014-03-10";"2014-03-14";4529;753;2;2;22.38;10.74
2077;"CA-2017-107874";"2017-11-21";"2017-11-25";4533;883;2;1;27.42;11.24
2078;"CA-2015-150560";"2015-12-11";"2015-12-12";4541;590;3;2;196.62;96.34
2079;"CA-2016-137050";"2016-07-14";"2016-07-18";4546;454;1;4;579.14;21.72
2080;"CA-2016-137050";"2016-07-14";"2016-07-18";4546;800;1;2;8.54;2.88
2081;"CA-2016-137050";"2016-07-14";"2016-07-18";4546;798;1;7;41.86;10.47
2082;"CA-2016-137050";"2016-07-14";"2016-07-18";4546;196;1;7;14.07;6.89
2083;"CA-2016-137050";"2016-07-14";"2016-07-18";4546;612;1;3;9.14;3.2
2084;"CA-2016-137050";"2016-07-14";"2016-07-18";4546;402;1;1;11.21;3.36
2085;"CA-2017-133249";"2017-07-08";"2017-07-11";4555;452;3;5;145.9;62.74
2086;"CA-2017-105144";"2017-11-04";"2017-11-11";4556;184;2;2;23.68;8.88
2087;"CA-2014-104773";"2014-12-08";"2014-12-13";4567;154;2;2;60.42;6.04
2088;"CA-2016-157266";"2016-05-26";"2016-06-01";4587;62;2;3;41.37;17.38
2089;"CA-2016-157266";"2016-05-26";"2016-06-01";4587;205;2;2;12.7;5.84
2090;"CA-2016-157266";"2016-05-26";"2016-06-01";4587;270;2;2;9.64;4.43
2091;"CA-2016-157266";"2016-05-26";"2016-06-01";4587;882;2;3;19.44;9.33
2092;"CA-2016-154711";"2016-11-22";"2016-11-26";4590;987;2;3;20.82;7.5
2093;"CA-2016-154711";"2016-11-22";"2016-11-26";4590;192;2;2;39.88;11.17
2094;"CA-2014-111059";"2014-02-03";"2014-02-06";4594;298;1;3;13.27;4.31
2095;"CA-2014-111059";"2014-02-03";"2014-02-06";4594;369;1;2;83.84;27.25
2096;"CA-2014-142587";"2014-10-21";"2014-10-22";4601;721;3;3;409.59;-122.88
2097;"CA-2014-142587";"2014-10-21";"2014-10-22";4601;613;3;4;121.79;13.7
2098;"CA-2015-156377";"2015-12-31";"2016-01-05";4617;1149;2;4;3.66;-5.85
2099;"CA-2015-156377";"2015-12-31";"2016-01-05";4617;1408;2;5;14.76;-11.44
2100;"CA-2016-129693";"2016-11-26";"2016-12-02";4627;1149;2;2;7.31;2.56
2101;"CA-2015-115847";"2015-09-19";"2015-09-24";4647;1010;1;2;61.96;4.34
2102;"CA-2017-161809";"2017-01-20";"2017-01-26";4673;911;2;3;160.78;10.05
2103;"CA-2015-100769";"2015-05-16";"2015-05-16";4687;603;4;4;255.97;32.0
2104;"CA-2017-120376";"2017-12-22";"2017-12-25";4719;162;3;2;411.8;70.01
2105;"CA-2017-120376";"2017-12-22";"2017-12-25";4719;134;3;1;84.99;30.6
2106;"CA-2017-120376";"2017-12-22";"2017-12-25";4719;504;3;7;1586.69;412.54
2107;"CA-2017-120376";"2017-12-22";"2017-12-25";4719;1240;3;5;199.95;63.98
2108;"CA-2014-131051";"2014-12-01";"2014-12-05";4729;392;2;3;58.2;28.52
2109;"CA-2016-160815";"2016-09-05";"2016-09-06";4731;945;3;3;278.4;80.74
2110;"US-2015-160150";"2015-07-19";"2015-07-20";4734;680;3;1;2.03;-1.35
2111;"US-2017-168690";"2017-01-07";"2017-01-13";4735;694;2;3;2.81;-1.97
2112;"US-2014-112564";"2014-04-23";"2014-04-24";4736;1524;3;3;2.5;-1.75
2113;"US-2016-152051";"2016-06-25";"2016-06-29";4740;144;2;6;254.35;-50.87
2114;"US-2016-152051";"2016-06-25";"2016-06-29";4740;199;2;4;38.09;-27.93
2115;"US-2016-152051";"2016-06-25";"2016-06-29";4740;50;2;3;422.06;-18.09
2116;"CA-2017-166436";"2017-11-24";"2017-11-28";4759;657;2;6;977.29;173.74
2117;"CA-2014-142839";"2014-08-16";"2014-08-20";4771;20;2;6;853.09;-227.49
2118;"CA-2015-135622";"2015-12-08";"2015-12-11";4801;1046;1;6;1718.4;150.36
2119;"CA-2015-135622";"2015-12-08";"2015-12-11";4801;1069;1;11;360.71;130.76
2120;"CA-2016-109057";"2016-04-22";"2016-04-27";4802;671;2;2;23.95;2.4
2121;"CA-2015-111395";"2015-11-23";"2015-11-27";4820;761;2;2;27.06;2.37
2122;"CA-2015-111395";"2015-11-23";"2015-11-27";4820;1384;2;2;23.91;-40.65
2123;"CA-2015-111395";"2015-11-23";"2015-11-27";4820;978;2;4;335.52;117.43
2124;"CA-2016-162313";"2016-11-27";"2016-11-30";4822;1446;3;6;167.29;29.74
2125;"CA-2014-126361";"2014-08-04";"2014-08-09";4825;58;1;1;13.18;4.78
2126;"CA-2014-126361";"2014-08-04";"2014-08-09";4825;1269;1;5;399.96;35.0
2127;"CA-2014-126361";"2014-08-04";"2014-08-09";4825;1265;1;5;16.4;4.26
2128;"CA-2014-126361";"2014-08-04";"2014-08-09";4825;1262;1;8;447.84;219.44
2129;"CA-2014-126361";"2014-08-04";"2014-08-09";4825;1258;1;3;1089.75;305.13
2130;"CA-2016-109911";"2016-05-12";"2016-05-16";4842;251;2;4;10.96;2.96
2131;"CA-2015-105221";"2015-11-01";"2015-11-03";4846;890;3;2;3.17;-0.71
2132;"CA-2015-105221";"2015-11-01";"2015-11-03";4846;373;3;2;35.36;-3.09
2133;"CA-2016-113516";"2016-09-08";"2016-09-10";4848;266;1;4;67.14;23.5
2134;"CA-2016-113516";"2016-09-08";"2016-09-10";4848;713;1;2;33.02;11.56
2135;"US-2017-101539";"2017-03-16";"2017-03-18";4849;877;1;3;659.98;49.5
2136;"US-2017-101539";"2017-03-16";"2017-03-18";4849;186;1;1;46.51;1.86
2137;"US-2017-101539";"2017-03-16";"2017-03-18";4849;1111;1;1;6.48;3.11
2138;"CA-2015-111507";"2015-02-06";"2015-02-13";4875;777;2;3;5.28;1.53
2139;"CA-2017-116715";"2017-12-02";"2017-12-05";4880;1044;3;2;8.56;3.85
2140;"CA-2017-116715";"2017-12-02";"2017-12-05";4880;903;3;2;109.92;53.86
2141;"CA-2017-116715";"2017-12-02";"2017-12-05";4880;984;3;9;559.62;151.1
2142;"CA-2014-141607";"2014-12-12";"2014-12-17";4882;906;2;1;43.31;4.33
2143;"CA-2015-122210";"2015-11-30";"2015-12-04";4885;1405;2;4;94.92;15.82
2144;"CA-2015-122210";"2015-11-30";"2015-12-04";4885;1349;2;7;10.58;-2.38
2145;"CA-2015-122210";"2015-11-30";"2015-12-04";4885;31;2;3;152.99;-122.39
2146;"CA-2017-124828";"2017-07-03";"2017-07-04";4912;389;3;3;9.55;1.55
2147;"CA-2017-138380";"2017-12-21";"2017-12-25";4914;30;2;7;1000.02;290.01
2148;"CA-2015-133452";"2015-04-13";"2015-04-19";4917;1268;2;3;710.83;-97.74
2149;"CA-2015-133452";"2015-04-13";"2015-04-19";4917;1259;2;4;199.96;69.99
2150;"CA-2016-130946";"2016-04-08";"2016-04-12";4923;636;2;4;1088.79;-1850.95
2151;"CA-2016-130946";"2016-04-08";"2016-04-12";4923;779;2;4;95.98;-4.11
2152;"CA-2016-130946";"2016-04-08";"2016-04-12";4923;775;2;9;431.93;64.79
2153;"CA-2017-100013";"2017-11-06";"2017-11-11";4926;832;2;2;5.68;1.76
2154;"CA-2017-100013";"2017-11-06";"2017-11-11";4926;559;2;1;8.73;2.97
2155;"CA-2017-100013";"2017-11-06";"2017-11-11";4926;360;2;2;15.28;7.49
2156;"CA-2014-128055";"2014-03-31";"2014-04-05";1;1457;2;2;52.98;14.83
2157;"CA-2014-128055";"2014-03-31";"2014-04-05";1;1050;2;2;673.57;252.59
2158;"CA-2014-130729";"2014-10-24";"2014-10-29";7;399;2;3;34.27;11.14
2159;"CA-2016-131065";"2016-11-14";"2016-11-16";12;989;1;2;8.26;3.88
2160;"CA-2016-131065";"2016-11-14";"2016-11-16";12;497;1;1;5.28;2.38
2161;"CA-2016-131065";"2016-11-14";"2016-11-16";12;1490;1;2;499.98;115.0
2162;"CA-2016-121671";"2016-07-17";"2016-07-22";16;1360;2;1;265.17;47.73
2163;"CA-2016-121671";"2016-07-17";"2016-07-22";16;279;2;8;51.84;25.4
2164;"CA-2016-121671";"2016-07-17";"2016-07-22";16;767;2;3;242.94;4.86
2165;"CA-2016-121671";"2016-07-17";"2016-07-22";16;1232;2;3;21.93;10.09
2166;"US-2016-108637";"2016-03-13";"2016-03-18";28;742;2;4;46.0;20.7
2167;"US-2016-108637";"2016-03-13";"2016-03-18";28;1139;2;2;160.32;44.89
2168;"US-2016-108637";"2016-03-13";"2016-03-18";28;234;2;2;127.88;40.92
2169;"CA-2017-134173";"2017-09-16";"2017-09-21";32;1039;2;4;20.74;7.26
2170;"CA-2017-101042";"2017-11-19";"2017-11-23";43;796;2;2;21.96;10.76
2171;"CA-2017-101042";"2017-11-19";"2017-11-23";43;1323;2;6;821.88;213.69
2172;"CA-2015-168186";"2015-09-10";"2015-09-15";45;1253;2;3;14.94;7.02
2173;"CA-2017-155873";"2017-06-16";"2017-06-21";64;1461;2;4;192.16;92.24
2174;"CA-2017-155873";"2017-06-16";"2017-06-21";64;1459;2;3;19.44;9.33
2175;"CA-2017-155873";"2017-06-16";"2017-06-21";64;845;2;2;16.68;4.34
2176;"CA-2015-164441";"2015-11-08";"2015-11-13";75;337;2;3;17.94;8.07
2177;"CA-2015-164441";"2015-11-08";"2015-11-13";75;553;2;11;52.27;17.64
2178;"CA-2017-135650";"2017-03-23";"2017-03-27";88;211;2;2;143.73;-32.34
2179;"CA-2016-146934";"2016-05-22";"2016-05-27";99;1152;2;2;257.98;74.81
2180;"CA-2016-146934";"2016-05-22";"2016-05-27";99;1242;2;6;26.88;12.9
2181;"CA-2016-146934";"2016-05-22";"2016-05-27";99;272;2;5;95.1;30.43
2182;"CA-2016-146934";"2016-05-22";"2016-05-27";99;405;2;4;662.84;172.34
2183;"CA-2016-146934";"2016-05-22";"2016-05-27";99;484;2;2;174.29;-19.92
2184;"CA-2016-146934";"2016-05-22";"2016-05-27";99;543;2;5;345.0;86.25
2185;"CA-2014-103702";"2014-09-12";"2014-09-17";104;415;2;7;63.92;-46.88
2186;"CA-2016-115588";"2016-11-10";"2016-11-12";106;600;1;3;38.98;-2.44
2187;"CA-2016-115588";"2016-11-10";"2016-11-12";106;668;1;5;14.72;-3.31
2188;"CA-2014-147298";"2014-04-26";"2014-05-03";112;946;2;3;230.28;23.03
2189;"CA-2015-137512";"2015-05-07";"2015-05-12";138;1165;2;4;15.94;5.38
2190;"CA-2015-137512";"2015-05-07";"2015-05-12";138;470;2;2;244.01;-31.37
2191;"CA-2016-162747";"2016-03-20";"2016-03-25";163;844;1;7;86.45;38.04
2192;"CA-2017-164000";"2017-12-18";"2017-12-22";164;1454;2;7;18.7;2.34
2193;"CA-2017-147956";"2017-12-24";"2017-12-31";194;730;2;6;1003.62;0.0
2194;"CA-2017-116855";"2017-12-17";"2017-12-21";224;1021;2;5;504.9;80.78
2195;"CA-2016-123617";"2016-11-28";"2016-12-03";229;756;2;6;7.43;-5.7
2196;"CA-2017-109701";"2017-12-02";"2017-12-03";252;177;4;6;10.08;5.04
2197;"CA-2017-109701";"2017-12-02";"2017-12-03";252;1457;4;3;79.47;22.25
2198;"CA-2017-109701";"2017-12-02";"2017-12-03";252;830;4;2;10.86;5.32
2199;"CA-2017-109701";"2017-12-02";"2017-12-03";252;1123;4;2;69.46;22.57
2200;"CA-2017-109701";"2017-12-02";"2017-12-03";252;480;4;6;9.02;3.16
2201;"CA-2015-100573";"2015-09-25";"2015-10-01";256;802;2;2;17.48;8.22
2202;"US-2015-165449";"2015-11-22";"2015-11-26";263;1478;2;4;27.17;-1.36
2203;"US-2016-114174";"2016-09-08";"2016-09-14";265;1306;2;4;14.76;6.94
2204;"US-2016-114174";"2016-09-08";"2016-09-14";265;1315;2;3;173.94;13.92
2205;"US-2017-132059";"2017-09-23";"2017-09-29";279;826;2;2;47.98;0.6
2206;"US-2017-132059";"2017-09-23";"2017-09-29";279;915;2;2;180.59;-240.78
2207;"CA-2014-157882";"2014-10-03";"2014-10-08";284;94;1;3;122.35;13.76
2208;"CA-2014-157882";"2014-10-03";"2014-10-08";284;1569;1;1;143.43;3.59
2209;"CA-2017-111808";"2017-12-16";"2017-12-20";293;766;2;5;10.8;5.18
2210;"CA-2014-109218";"2014-06-30";"2014-07-03";301;607;1;5;32.4;10.37
2211;"US-2016-148110";"2016-09-05";"2016-09-11";304;423;2;7;347.8;-24.84
2212;"CA-2017-101749";"2017-10-03";"2017-10-08";315;597;2;3;171.29;-6.42
2213;"CA-2017-145877";"2017-04-01";"2017-04-04";322;284;1;5;28.4;13.35
2214;"CA-2017-145877";"2017-04-01";"2017-04-04";322;1109;1;6;94.2;23.55
2215;"CA-2017-112515";"2017-09-17";"2017-09-21";330;901;1;5;14.4;7.06
2216;"CA-2017-112515";"2017-09-17";"2017-09-21";330;255;1;2;261.74;65.44
2217;"CA-2017-112515";"2017-09-17";"2017-09-21";330;1402;1;2;25.58;8.95
2218;"CA-2017-112515";"2017-09-17";"2017-09-21";330;1398;1;3;1292.94;77.58
2219;"CA-2017-112515";"2017-09-17";"2017-09-21";330;1395;1;3;164.88;80.79
2220;"CA-2017-112515";"2017-09-17";"2017-09-21";330;1311;1;3;10.78;3.5
2221;"US-2016-106677";"2016-11-05";"2016-11-10";341;1502;2;2;23.99;-15.99
2222;"CA-2014-162684";"2014-08-01";"2014-08-06";344;834;2;2;5.68;1.92
2223;"CA-2016-112893";"2016-09-09";"2016-09-13";362;1172;1;4;55.36;18.68
2224;"CA-2016-136812";"2016-11-18";"2016-11-23";375;1300;2;4;1117.92;55.9
2225;"CA-2017-137428";"2017-12-16";"2017-12-21";381;1163;1;2;18.96;7.58
2226;"CA-2017-137428";"2017-12-16";"2017-12-21";381;645;1;5;24.32;8.21
2227;"CA-2017-137428";"2017-12-16";"2017-12-21";381;318;1;2;97.18;6.07
2228;"CA-2017-137428";"2017-12-16";"2017-12-21";381;94;1;2;81.57;9.18
2229;"CA-2014-148586";"2014-03-25";"2014-04-01";383;1231;2;7;366.79;65.21
2230;"US-2017-112928";"2017-06-01";"2017-06-05";391;1578;1;5;17.48;1.31
2231;"CA-2016-124506";"2016-11-11";"2016-11-17";395;779;2;2;47.99;-2.06
2232;"CA-2016-124506";"2016-11-11";"2016-11-17";395;826;2;4;95.97;1.2
2233;"US-2017-120418";"2017-06-11";"2017-06-12";410;211;3;3;215.59;-48.51
2234;"US-2017-120418";"2017-06-11";"2017-06-12";410;781;3;1;15.87;1.98
2235;"US-2017-120418";"2017-06-11";"2017-06-12";410;625;3;5;88.04;6.6
2236;"US-2017-120418";"2017-06-11";"2017-06-12";410;27;3;4;68.45;7.7
2237;"US-2017-120418";"2017-06-11";"2017-06-12";410;595;3;1;280.79;35.1
2238;"CA-2016-119165";"2016-10-31";"2016-11-06";417;1141;2;5;492.84;-14.08
2239;"CA-2015-117828";"2015-12-23";"2015-12-26";425;258;3;4;194.32;56.35
2240;"US-2015-123960";"2015-06-11";"2015-06-16";432;1181;2;2;29.16;10.79
2241;"US-2015-123960";"2015-06-11";"2015-06-16";432;518;2;5;32.4;15.55
2242;"US-2015-123960";"2015-06-11";"2015-06-16";432;1180;2;2;56.3;15.76
2243;"US-2015-123960";"2015-06-11";"2015-06-16";432;1179;2;7;36.26;16.68
2244;"US-2015-123960";"2015-06-11";"2015-06-16";432;794;2;6;53.7;10.2
2245;"CA-2017-100202";"2016-12-31";"2017-01-05";441;459;2;3;302.38;22.68
2246;"CA-2017-109589";"2017-12-21";"2017-12-24";445;1025;3;4;71.0;27.69
2247;"CA-2016-165015";"2016-02-25";"2016-02-27";447;780;1;5;46.72;17.52
2248;"CA-2017-155985";"2017-03-23";"2017-03-25";460;927;3;8;211.84;76.26
2249;"CA-2016-161662";"2016-02-07";"2016-02-09";463;153;3;2;30.35;10.62
2250;"CA-2016-118052";"2016-05-06";"2016-05-10";471;1162;2;7;54.71;11.63
2251;"CA-2016-118052";"2016-05-06";"2016-05-10";471;1154;2;2;49.57;15.49
2252;"CA-2016-118052";"2016-05-06";"2016-05-10";471;443;2;2;7.22;1.71
2253;"CA-2015-116750";"2015-07-05";"2015-07-10";477;270;1;5;7.23;-5.78
2254;"CA-2015-116750";"2015-07-05";"2015-07-10";477;1378;1;2;4.93;0.74
2255;"CA-2016-137729";"2016-05-05";"2016-05-09";482;78;2;3;246.17;21.54
2256;"CA-2016-137729";"2016-05-05";"2016-05-09";482;1133;2;1;5.98;1.02
2257;"CA-2017-103380";"2017-11-21";"2017-11-25";484;877;2;3;659.98;49.5
2258;"CA-2017-103380";"2017-11-21";"2017-11-25";484;93;2;1;8.62;2.24
2259;"CA-2017-103380";"2017-11-21";"2017-11-25";484;443;2;2;9.02;3.52
2260;"CA-2017-103380";"2017-11-21";"2017-11-25";484;254;2;2;5.56;1.45
2261;"CA-2017-103380";"2017-11-21";"2017-11-25";484;46;2;2;56.56;15.27
2262;"CA-2016-159940";"2016-07-07";"2016-07-11";487;657;1;2;253.37;-14.48
2263;"CA-2016-159940";"2016-07-07";"2016-07-11";487;1083;1;9;23.69;7.7
2264;"CA-2016-159940";"2016-07-07";"2016-07-11";487;1150;1;1;2.63;0.82
2265;"CA-2016-159940";"2016-07-07";"2016-07-11";487;977;1;8;60.29;-27.13
2266;"CA-2016-149111";"2016-04-17";"2016-04-21";501;73;1;8;18.62;6.29
2267;"CA-2016-149111";"2016-04-17";"2016-04-21";501;635;1;1;36.79;4.14
2268;"CA-2017-106859";"2017-03-13";"2017-03-18";508;1461;1;6;288.24;138.36
2269;"CA-2017-106859";"2017-03-13";"2017-03-18";508;1214;1;7;45.36;21.77
2270;"CA-2017-106859";"2017-03-13";"2017-03-18";508;1196;1;5;214.95;88.13
2271;"CA-2017-106859";"2017-03-13";"2017-03-18";508;604;1;8;140.74;49.26
2272;"CA-2017-106859";"2017-03-13";"2017-03-18";508;13;1;8;90.8;25.42
2273;"CA-2014-148040";"2014-03-22";"2014-03-26";510;265;2;3;314.35;-35.36
2274;"CA-2014-148040";"2014-03-22";"2014-03-26";510;1154;2;3;74.35;23.24
2275;"US-2016-162852";"2016-12-27";"2016-12-31";524;252;2;8;845.49;-12.08
2276;"CA-2017-119389";"2017-04-17";"2017-04-19";531;1441;3;3;60.31;5.28
2277;"CA-2016-112123";"2016-03-03";"2016-03-08";537;1224;2;3;166.44;79.89
2278;"CA-2016-112123";"2016-03-03";"2016-03-08";537;621;2;5;479.95;129.59
2279;"CA-2016-112123";"2016-03-03";"2016-03-08";537;629;2;7;447.86;219.45
2280;"CA-2017-112865";"2017-05-18";"2017-05-22";539;1331;2;3;36.05;-0.9
2281;"CA-2016-130799";"2016-11-11";"2016-11-16";544;692;1;4;6.96;2.23
2282;"CA-2015-105102";"2015-09-15";"2015-09-19";551;28;1;2;12.96;6.22
2283;"CA-2015-105102";"2015-09-15";"2015-09-19";551;328;1;1;46.38;1.16
2284;"CA-2015-105102";"2015-09-15";"2015-09-19";551;1129;1;3;79.87;29.95
2285;"CA-2014-125514";"2014-09-21";"2014-09-22";558;972;3;1;6.48;3.11
2286;"CA-2014-125514";"2014-09-21";"2014-09-22";558;1182;3;3;36.27;10.88
2287;"CA-2014-125514";"2014-09-21";"2014-09-22";558;101;3;2;25.96;7.53
2288;"CA-2017-149048";"2017-05-13";"2017-05-17";564;1348;2;3;14.94;7.32
2289;"CA-2017-149048";"2017-05-13";"2017-05-17";564;1360;2;2;530.34;95.46
2290;"CA-2017-149048";"2017-05-13";"2017-05-17";564;1346;2;3;587.97;158.75
2291;"CA-2017-149048";"2017-05-13";"2017-05-17";564;320;2;3;914.97;411.74
2292;"CA-2017-149048";"2017-05-13";"2017-05-17";564;67;2;2;180.96;81.43
2293;"CA-2017-152912";"2017-11-09";"2017-11-12";565;195;1;3;544.38;157.87
2294;"CA-2017-152912";"2017-11-09";"2017-11-12";565;195;1;9;1633.14;473.61
2295;"CA-2017-152912";"2017-11-09";"2017-11-12";565;592;1;3;826.62;355.45
2296;"CA-2017-152912";"2017-11-09";"2017-11-12";565;270;1;2;9.64;4.43
2297;"CA-2017-131625";"2017-09-01";"2017-09-05";584;1024;1;5;114.9;39.07
2298;"CA-2016-137204";"2016-04-28";"2016-05-05";587;921;2;2;41.57;2.6
2299;"CA-2017-128629";"2017-07-10";"2017-07-14";611;1536;1;3;18.84;7.91
2300;"CA-2017-147564";"2017-10-02";"2017-10-06";612;1241;2;4;49.12;23.09
2301;"US-2015-112508";"2015-03-24";"2015-03-30";613;1578;2;2;6.99;0.52
2302;"CA-2016-115574";"2016-12-23";"2016-12-24";617;583;3;2;141.37;-14.14
2303;"US-2017-140907";"2017-12-10";"2017-12-12";620;1295;1;3;18.24;5.29
2304;"US-2017-140907";"2017-12-10";"2017-12-12";620;61;1;5;324.9;38.99
2305;"US-2017-140907";"2017-12-10";"2017-12-12";620;1177;1;3;49.08;4.91
2306;"CA-2015-135174";"2015-04-30";"2015-05-02";623;526;1;5;1022.97;-255.74
2307;"CA-2015-126137";"2015-10-03";"2015-10-08";655;508;2;2;120.67;18.45
2308;"CA-2015-122371";"2015-09-26";"2015-10-01";660;512;2;2;124.46;58.5
2309;"CA-2015-122371";"2015-09-26";"2015-10-01";660;27;2;3;64.17;18.61
2310;"CA-2015-103723";"2015-12-01";"2015-12-06";664;846;2;5;13.9;5.56
2311;"CA-2016-126935";"2016-05-19";"2016-05-24";671;1226;2;1;9.58;3.35
2312;"CA-2016-106383";"2016-03-19";"2016-03-21";675;1452;1;1;72.29;-98.8
2313;"CA-2014-104780";"2014-05-21";"2014-05-25";679;389;2;8;31.84;10.51
2314;"CA-2017-158967";"2017-12-10";"2017-12-12";690;664;3;3;19.1;5.73
2315;"US-2016-126844";"2016-10-08";"2016-10-14";700;1329;2;8;51.71;-32.32
2316;"CA-2017-143343";"2017-06-10";"2017-06-13";710;1064;3;5;16.4;4.76
2317;"CA-2017-134649";"2017-01-26";"2017-01-31";715;371;1;2;7.16;3.44
2318;"CA-2017-134649";"2017-01-26";"2017-01-31";715;260;1;7;15.47;4.18
2319;"CA-2017-140053";"2017-07-03";"2017-07-10";726;210;2;9;545.85;114.63
2320;"CA-2015-104514";"2015-01-02";"2015-01-04";760;1482;1;3;20.04;9.62
2321;"CA-2015-104514";"2015-01-02";"2015-01-04";760;1286;1;3;9.84;2.66
2322;"CA-2015-104514";"2015-01-02";"2015-01-04";760;1284;1;2;85.52;22.24
2323;"CA-2014-136399";"2014-12-16";"2014-12-17";768;116;3;4;627.17;70.56
2324;"CA-2014-136399";"2014-12-16";"2014-12-17";768;291;3;5;395.0;39.5
2325;"CA-2014-136399";"2014-12-16";"2014-12-17";768;499;3;2;241.57;18.12
2326;"CA-2014-136399";"2014-12-16";"2014-12-17";768;536;3;2;44.46;14.67
2327;"CA-2015-121797";"2015-01-30";"2015-02-06";775;1132;2;3;1919.98;216.0
2328;"CA-2015-121797";"2015-01-30";"2015-02-06";775;1463;2;7;227.36;81.85
2329;"CA-2015-122623";"2015-09-07";"2015-09-11";776;1448;2;2;47.52;-2.04
2330;"CA-2016-155474";"2016-07-08";"2016-07-14";786;1255;2;3;19.3;6.03
2331;"CA-2016-155474";"2016-07-08";"2016-07-14";786;68;2;1;107.98;9.45
2332;"CA-2017-152695";"2017-12-10";"2017-12-10";791;1598;4;7;426.79;123.77
2333;"CA-2017-152695";"2017-12-10";"2017-12-10";791;214;4;3;10.86;5.1
2334;"CA-2016-154690";"2016-08-15";"2016-08-17";794;1141;1;2;225.3;22.53
2335;"CA-2017-125290";"2017-11-06";"2017-11-10";805;969;1;1;26.38;12.13
2336;"CA-2017-125290";"2017-11-06";"2017-11-10";805;1187;1;5;13.9;3.61
2337;"CA-2016-146836";"2016-05-02";"2016-05-02";808;99;4;3;45.58;15.95
2338;"CA-2016-146836";"2016-05-02";"2016-05-02";808;791;4;3;44.94;12.58
2339;"CA-2015-149972";"2015-09-21";"2015-09-23";848;1503;3;2;7.9;2.53
2340;"CA-2015-149972";"2015-09-21";"2015-09-23";848;523;3;4;601.54;0.0
2341;"CA-2016-124352";"2016-10-15";"2016-10-21";849;688;2;4;121.6;55.94
2342;"CA-2016-124352";"2016-10-15";"2016-10-21";849;850;2;1;5.5;1.38
2343;"CA-2016-124352";"2016-10-15";"2016-10-21";849;53;2;2;12.96;6.22
2344;"CA-2016-124352";"2016-10-15";"2016-10-21";849;1304;2;3;868.59;251.89
2345;"CA-2016-124352";"2016-10-15";"2016-10-21";849;416;2;6;29.46;14.44
2346;"CA-2016-124352";"2016-10-15";"2016-10-21";849;1302;2;7;20.16;9.88
2347;"CA-2014-113929";"2014-06-16";"2014-06-21";872;58;2;3;39.55;14.34
2348;"CA-2014-113929";"2014-06-16";"2014-06-21";872;1541;2;4;35.0;10.5
2349;"CA-2014-113929";"2014-06-16";"2014-06-21";872;1540;2;5;41.4;19.46
2350;"US-2014-125521";"2014-03-14";"2014-03-19";884;357;2;4;1139.92;284.98
2351;"CA-2014-106264";"2014-12-26";"2014-12-30";889;692;2;2;3.48;1.11
2352;"CA-2014-106264";"2014-12-26";"2014-12-30";889;331;2;3;11.91;0.12
2353;"US-2016-140809";"2016-02-01";"2016-02-03";904;719;3;5;56.45;14.68
2354;"CA-2014-131310";"2014-07-12";"2014-07-18";912;589;2;4;11.26;3.8
2355;"CA-2014-131310";"2014-07-12";"2014-07-18";912;1167;2;4;123.14;13.85
2356;"CA-2017-159604";"2017-04-14";"2017-04-15";926;72;3;2;8.76;4.2
2357;"CA-2014-151554";"2014-11-14";"2014-11-15";928;1297;3;4;20.74;7.26
2358;"US-2016-135923";"2016-01-22";"2016-01-28";935;1430;2;4;64.86;6.49
2359;"US-2016-135923";"2016-01-22";"2016-01-28";935;1266;2;4;451.14;-67.67
2360;"US-2016-135923";"2016-01-22";"2016-01-28";935;1261;2;8;14.27;4.28
2361;"CA-2017-156412";"2017-12-04";"2017-12-08";944;1520;2;3;5.35;-4.46
2362;"CA-2016-155845";"2016-08-12";"2016-08-15";953;1490;1;7;1399.94;52.5
2363;"CA-2015-128027";"2015-09-14";"2015-09-17";957;211;1;3;269.49;5.39
2364;"CA-2016-169026";"2016-08-08";"2016-08-13";965;1275;2;3;23.34;0.23
2365;"CA-2017-113418";"2017-10-01";"2017-10-03";967;1305;3;11;1704.89;767.2
2366;"CA-2014-162866";"2014-12-27";"2014-12-31";975;1103;2;4;30.02;3.0
2367;"CA-2014-162866";"2014-12-27";"2014-12-31";975;696;2;6;32.95;-19.77
2368;"CA-2014-127187";"2014-12-04";"2014-12-08";978;1469;2;2;129.98;62.39
2369;"CA-2017-132430";"2017-10-09";"2017-10-11";984;462;3;4;45.89;9.18
2370;"US-2014-148838";"2014-03-17";"2014-03-21";985;1134;2;4;155.04;75.97
2371;"US-2014-148838";"2014-03-17";"2014-03-21";985;1131;2;7;34.86;16.38
2372;"US-2014-148838";"2014-03-17";"2014-03-21";985;1030;2;3;613.91;-122.78
2373;"US-2014-148838";"2014-03-17";"2014-03-21";985;1584;2;4;1071.58;-553.65
2374;"US-2014-148838";"2014-03-17";"2014-03-21";985;493;2;7;1579.75;-447.59
2375;"CA-2016-155551";"2016-04-18";"2016-04-23";993;631;2;2;9.66;3.26
2376;"CA-2016-155551";"2016-04-18";"2016-04-23";993;33;2;3;230.38;-48.95
2377;"CA-2016-164035";"2016-06-12";"2016-06-17";1001;1203;2;5;23.12;8.38
2378;"CA-2017-116519";"2017-10-13";"2017-10-15";1003;1016;3;5;904.9;253.37
2379;"CA-2017-131828";"2017-02-11";"2017-02-13";1010;535;1;3;88.78;7.77
2380;"CA-2017-131828";"2017-02-11";"2017-02-13";1010;1249;1;4;963.14;108.35
2381;"US-2014-141257";"2014-06-08";"2014-06-14";1018;1481;2;3;585.55;73.19
2382;"US-2014-159926";"2014-11-18";"2014-11-22";1019;766;2;3;1.94;-1.43
2383;"US-2014-159926";"2014-11-18";"2014-11-22";1019;1441;2;3;60.31;5.28
2384;"US-2014-159926";"2014-11-18";"2014-11-22";1019;1308;2;6;539.96;-107.99
2385;"US-2014-159926";"2014-11-18";"2014-11-22";1019;33;2;1;76.79;-16.32
2386;"US-2014-159926";"2014-11-18";"2014-11-22";1019;31;2;1;51.0;-40.8
2387;"CA-2015-102036";"2015-09-21";"2015-09-27";1030;1498;2;6;199.74;47.94
2388;"US-2016-144211";"2016-08-28";"2016-09-02";1032;1447;2;3;108.58;8.14
2389;"US-2016-144211";"2016-08-28";"2016-09-02";1032;1445;2;3;15.48;5.61
2390;"CA-2015-121041";"2015-11-03";"2015-11-10";1042;641;2;2;6.61;2.15
2391;"CA-2016-128111";"2016-03-17";"2016-03-23";1053;74;2;2;39.68;10.32
2392;"CA-2017-131233";"2017-04-14";"2017-04-19";1054;583;2;3;242.35;9.09
2393;"CA-2017-131233";"2017-04-14";"2017-04-19";1054;1311;2;3;10.78;3.5
2394;"CA-2017-165687";"2017-11-17";"2017-11-23";1058;1575;2;2;35.04;12.26
2395;"CA-2014-127586";"2014-09-26";"2014-09-30";1060;1537;2;2;310.12;80.63
2396;"CA-2016-140207";"2016-11-05";"2016-11-10";1063;1245;2;5;29.12;9.83
2397;"CA-2017-148691";"2017-12-03";"2017-12-09";1070;71;2;1;3.15;1.51
2398;"CA-2017-148691";"2017-12-03";"2017-12-09";1070;979;2;1;136.99;36.99
2399;"CA-2017-148691";"2017-12-03";"2017-12-09";1070;1136;2;2;14.62;5.12
2400;"CA-2017-148691";"2017-12-03";"2017-12-09";1070;530;2;5;83.92;29.37
2401;"CA-2015-159380";"2015-05-12";"2015-05-16";1076;1505;2;6;25.68;11.56
2402;"CA-2015-159380";"2015-05-12";"2015-05-16";1076;1044;2;3;12.84;5.78
2403;"CA-2015-145849";"2015-09-15";"2015-09-17";1083;1472;1;8;24.32;8.27
2404;"CA-2015-145849";"2015-09-15";"2015-09-17";1083;482;1;2;190.86;11.45
2405;"US-2016-126893";"2016-11-26";"2016-12-01";1085;877;2;3;494.98;-115.5
2406;"CA-2017-158106";"2017-06-04";"2017-06-10";1086;994;2;3;8.64;2.51
2407;"CA-2017-137085";"2017-06-29";"2017-07-06";1087;1123;2;9;312.55;101.58
2408;"US-2017-117534";"2017-03-25";"2017-03-26";1092;1171;3;2;479.98;60.0
2409;"US-2017-117534";"2017-03-25";"2017-03-26";1092;1169;3;4;211.17;15.84
2410;"US-2017-117534";"2017-03-25";"2017-03-26";1092;951;3;4;185.92;62.75
2411;"US-2017-117534";"2017-03-25";"2017-03-26";1092;1166;3;9;16.02;4.49
2412;"US-2017-117534";"2017-03-25";"2017-03-26";1092;1164;3;4;176.04;45.77
2413;"CA-2017-135692";"2017-04-27";"2017-05-01";1099;639;2;4;220.27;-42.11
2414;"CA-2017-135692";"2017-04-27";"2017-05-01";1099;653;2;4;33.12;11.59
2415;"US-2014-122959";"2014-12-12";"2014-12-12";1109;149;4;2;210.39;-336.63
2416;"CA-2014-108707";"2014-10-24";"2014-10-29";1121;662;2;2;10.37;3.63
2417;"US-2017-159205";"2017-03-31";"2017-04-02";1125;1221;1;7;671.93;188.14
2418;"US-2017-159205";"2017-03-31";"2017-04-02";1125;1055;1;5;61.0;25.62
2419;"CA-2017-124898";"2017-09-11";"2017-09-15";1126;886;2;7;184.66;84.94
2420;"CA-2017-155089";"2017-12-02";"2017-12-06";1127;415;2;5;45.66;-33.48
2421;"US-2016-162677";"2016-03-26";"2016-03-27";1149;1161;3;3;119.98;-18.0
2422;"US-2016-162677";"2016-03-26";"2016-03-27";1149;761;3;5;67.64;5.92
2423;"US-2015-141453";"2015-11-30";"2015-12-03";1160;496;1;3;3.88;-5.82
2424;"CA-2017-140949";"2017-03-17";"2017-03-22";1173;336;1;3;46.53;12.1
2425;"CA-2017-140949";"2017-03-17";"2017-03-22";1173;113;1;6;59.1;22.46
2426;"CA-2017-140949";"2017-03-17";"2017-03-22";1173;669;1;1;7.31;3.44
2427;"CA-2017-140949";"2017-03-17";"2017-03-22";1173;754;1;8;107.44;27.93
2428;"CA-2017-140949";"2017-03-17";"2017-03-22";1173;794;1;8;71.6;13.6
2429;"CA-2017-140949";"2017-03-17";"2017-03-22";1173;272;1;3;57.06;18.26
2430;"CA-2017-140949";"2017-03-17";"2017-03-22";1173;155;1;6;119.7;31.12
2431;"CA-2017-140949";"2017-03-17";"2017-03-22";1173;1248;1;5;18.75;9.0
2432;"CA-2017-157091";"2017-06-26";"2017-07-01";1174;923;2;5;526.45;31.59
2433;"CA-2014-137351";"2014-09-30";"2014-10-04";1182;15;2;7;43.18;13.49
2434;"CA-2017-132185";"2017-11-27";"2017-12-02";1188;1115;2;1;43.58;4.36
2435;"CA-2017-132185";"2017-11-27";"2017-12-02";1188;898;2;5;8.76;0.77
2436;"CA-2014-145212";"2014-09-13";"2014-09-19";1197;8;2;3;5.46;1.47
2437;"US-2017-133781";"2017-06-22";"2017-06-23";1201;1292;3;3;37.61;12.69
2438;"CA-2017-131016";"2017-09-18";"2017-09-20";1203;864;3;2;47.58;-2.97
2439;"CA-2017-131016";"2017-09-18";"2017-09-20";1203;577;3;2;8.93;0.56
2440;"CA-2016-137736";"2016-11-10";"2016-11-15";1207;798;2;7;41.86;10.47
2441;"CA-2014-153479";"2014-10-04";"2014-10-08";1221;1384;2;2;95.65;31.09
2442;"CA-2014-153479";"2014-10-04";"2014-10-08";1221;319;2;5;14.45;6.79
2443;"CA-2017-123372";"2017-11-28";"2017-12-02";1228;835;2;2;79.96;35.98
2444;"CA-2017-123372";"2017-11-28";"2017-12-02";1228;1404;2;11;1979.89;494.97
2445;"CA-2014-111500";"2014-08-17";"2014-08-21";1243;134;2;4;339.96;122.39
2446;"CA-2014-111500";"2014-08-17";"2014-08-21";1243;916;2;7;12.67;4.56
2447;"CA-2014-111500";"2014-08-17";"2014-08-21";1243;1311;2;4;17.96;8.26
2448;"CA-2014-111500";"2014-08-17";"2014-08-21";1243;1101;2;5;114.2;52.53
2449;"CA-2016-128594";"2016-08-26";"2016-08-29";1244;245;3;4;1603.14;100.2
2450;"CA-2015-123232";"2015-12-14";"2015-12-16";1251;1465;1;4;319.97;36.0
2451;"US-2016-161844";"2016-12-09";"2016-12-14";1260;1365;1;3;79.97;-29.32
2452;"CA-2017-105480";"2017-12-20";"2017-12-26";1293;142;2;1;6.98;2.36
2453;"CA-2017-105480";"2017-12-20";"2017-12-26";1293;1495;2;1;6.48;3.11
2454;"CA-2014-100006";"2014-09-07";"2014-09-13";1294;1470;2;3;377.97;109.61
2455;"CA-2015-131884";"2015-12-06";"2015-12-06";1295;488;4;1;70.69;-24.24
2456;"CA-2015-131884";"2015-12-06";"2015-12-06";1295;611;4;8;37.38;4.67
2457;"CA-2015-131884";"2015-12-06";"2015-12-06";1295;1366;4;2;485.94;-89.09
2458;"CA-2015-145065";"2015-12-12";"2015-12-15";1296;1202;3;2;24.45;8.86
2459;"CA-2015-145065";"2015-12-12";"2015-12-15";1296;1199;3;2;7.86;3.62
2460;"CA-2014-143182";"2014-10-15";"2014-10-20";1303;1383;2;1;15.38;4.04
2461;"CA-2015-134747";"2015-10-12";"2015-10-17";1313;1399;1;4;263.96;71.27
2462;"CA-2015-134747";"2015-10-12";"2015-10-17";1313;1333;1;2;12.56;5.65
2463;"CA-2015-134747";"2015-10-12";"2015-10-17";1313;1447;1;3;135.72;35.29
2464;"CA-2017-121615";"2017-11-03";"2017-11-09";1314;1110;2;3;14.94;6.87
2465;"CA-2017-121615";"2017-11-03";"2017-11-09";1314;413;2;5;52.4;14.15
2466;"CA-2017-121615";"2017-11-03";"2017-11-09";1314;1538;2;2;8.56;3.85
2467;"CA-2017-143329";"2017-11-03";"2017-11-08";1326;62;2;3;41.37;17.38
2468;"CA-2016-106558";"2016-01-17";"2016-01-21";1328;291;2;4;316.0;31.6
2469;"US-2017-117723";"2017-08-15";"2017-08-18";1332;338;1;6;1801.63;-337.81
2470;"CA-2015-168480";"2015-09-21";"2015-09-27";1343;848;2;1;25.99;7.54
2471;"CA-2015-168480";"2015-09-21";"2015-09-27";1343;1114;2;4;194.32;31.09
2472;"CA-2016-160500";"2016-05-05";"2016-05-08";1349;484;3;3;298.78;7.47
2473;"CA-2016-160500";"2016-05-05";"2016-05-08";1349;1225;3;5;6.72;2.35
2474;"CA-2016-144554";"2016-11-07";"2016-11-12";1357;1259;2;3;119.98;22.5
2475;"CA-2017-157854";"2017-04-08";"2017-04-15";1359;1045;2;3;2690.97;1264.76
2476;"CA-2017-157854";"2017-04-08";"2017-04-15";1359;1527;2;6;56.28;15.76
2477;"CA-2014-129574";"2014-05-26";"2014-05-29";1402;866;3;5;48.4;23.23
2478;"CA-2016-152072";"2016-01-15";"2016-01-19";1406;134;2;3;254.97;91.79
2479;"CA-2016-152072";"2016-01-15";"2016-01-19";1406;955;2;2;4.66;1.35
2480;"CA-2016-152072";"2016-01-15";"2016-01-19";1406;1377;2;2;52.34;24.6
2481;"US-2016-164189";"2016-03-24";"2016-03-28";1424;1471;2;4;403.17;25.2
2482;"CA-2017-134404";"2017-12-27";"2017-12-27";1430;289;4;4;13.25;3.64
2483;"CA-2017-134404";"2017-12-27";"2017-12-27";1430;979;4;2;164.39;-35.62
2484;"CA-2015-104626";"2015-09-01";"2015-09-08";1433;195;2;6;1088.76;315.74
2485;"CA-2015-104626";"2015-09-01";"2015-09-08";1433;1515;2;2;124.36;27.36
2486;"CA-2015-104626";"2015-09-01";"2015-09-08";1433;318;2;1;60.74;15.19
2487;"CA-2015-104626";"2015-09-01";"2015-09-08";1433;578;2;5;114.6;51.57
2488;"US-2015-163783";"2015-12-27";"2016-01-01";1434;1273;2;3;12.67;-3.17
2489;"CA-2017-139773";"2017-12-04";"2017-12-04";1455;1167;4;7;188.55;-2.69
2490;"US-2016-127971";"2016-11-20";"2016-11-27";1466;663;2;3;7.07;-2.83
2491;"US-2016-127971";"2016-11-20";"2016-11-27";1466;1291;2;7;122.92;46.1
2492;"US-2016-127971";"2016-11-20";"2016-11-27";1466;1193;2;5;318.43;-77.33
2493;"US-2017-132297";"2017-05-27";"2017-06-02";1472;1404;2;3;539.97;134.99
2494;"US-2017-132297";"2017-05-27";"2017-06-02";1472;568;2;2;58.34;28.0
2495;"CA-2017-123134";"2017-05-02";"2017-05-07";1484;906;2;3;129.93;12.99
2496;"CA-2017-121909";"2017-07-31";"2017-08-05";1497;1451;2;3;54.82;17.82
2497;"CA-2017-122707";"2017-04-16";"2017-04-18";1513;1476;3;2;25.98;1.56
2498;"CA-2017-122707";"2017-04-16";"2017-04-18";1513;1474;3;4;477.24;9.54
2499;"CA-2017-161739";"2017-11-10";"2017-11-15";1514;1595;1;5;341.96;-427.45
2500;"US-2015-110569";"2015-05-23";"2015-05-30";1522;613;2;4;121.79;13.7
2501;"US-2015-110569";"2015-05-23";"2015-05-30";1522;489;2;7;19.19;-12.8
2502;"US-2016-164630";"2016-01-04";"2016-01-09";1535;1171;2;4;959.97;120.0
2503;"CA-2017-149895";"2017-09-08";"2017-09-12";1544;1239;2;2;258.53;-47.4
2504;"US-2017-140074";"2017-03-23";"2017-03-29";1553;1230;2;6;25.68;11.56
2505;"CA-2017-114524";"2017-03-31";"2017-04-05";1566;1179;1;13;13.47;-22.9
2506;"CA-2014-107594";"2014-07-02";"2014-07-06";1581;935;2;1;5.58;2.18
2507;"CA-2014-107594";"2014-07-02";"2014-07-06";1581;535;2;2;73.98;19.97
2508;"CA-2015-149384";"2015-07-10";"2015-07-10";1582;1373;4;3;3.37;-2.24
2509;"CA-2014-102295";"2014-11-24";"2014-11-26";1591;1143;1;1;120.71;-18.11
2510;"CA-2014-143840";"2014-05-22";"2014-05-29";1612;1299;2;1;44.95;12.59
2511;"CA-2014-143840";"2014-05-22";"2014-05-29";1612;566;2;2;135.98;34.0
2512;"CA-2015-142041";"2015-06-07";"2015-06-09";1633;480;1;5;7.52;2.63
2513;"CA-2015-113404";"2015-07-16";"2015-07-16";1634;439;4;3;700.15;78.77
2514;"CA-2015-113404";"2015-07-16";"2015-07-16";1634;524;4;6;1348.7;-219.16
2515;"CA-2015-139584";"2015-08-24";"2015-08-28";1635;447;2;2;26.0;11.7
2516;"CA-2015-139584";"2015-08-24";"2015-08-28";1635;20;2;2;284.36;-75.83
2517;"CA-2017-137344";"2017-08-20";"2017-08-20";1637;754;4;3;40.29;10.48
2518;"CA-2017-122035";"2017-07-20";"2017-07-25";1644;1588;2;3;389.97;132.59
2519;"CA-2017-122035";"2017-07-20";"2017-07-25";1644;1096;2;7;60.83;30.42
2520;"CA-2017-122035";"2017-07-20";"2017-07-25";1644;1235;2;3;182.94;27.44
2521;"CA-2017-122035";"2017-07-20";"2017-07-25";1644;436;2;5;43.0;20.21
2522;"CA-2017-122035";"2017-07-20";"2017-07-25";1644;19;2;2;416.32;112.41
2523;"CA-2017-122035";"2017-07-20";"2017-07-25";1644;669;2;2;14.62;6.87
2524;"CA-2017-134915";"2017-11-12";"2017-11-12";1663;1160;4;2;671.98;50.4
2525;"CA-2017-134915";"2017-11-12";"2017-11-12";1663;562;4;2;7.92;0.69
2526;"CA-2017-134915";"2017-11-12";"2017-11-12";1663;1159;4;2;113.89;9.97
2527;"CA-2017-134915";"2017-11-12";"2017-11-12";1663;1203;4;5;23.12;8.38
2528;"CA-2017-134915";"2017-11-12";"2017-11-12";1663;447;4;4;41.6;13.0
2529;"CA-2016-165848";"2016-06-04";"2016-06-04";1668;841;4;1;136.78;5.13
2530;"CA-2016-165848";"2016-06-04";"2016-06-04";1668;1351;4;3;1349.85;364.46
2531;"CA-2016-165848";"2016-06-04";"2016-06-04";1668;964;4;3;14.94;7.02
2532;"US-2016-159856";"2016-10-18";"2016-10-22";1675;56;2;5;307.92;-34.64
2533;"CA-2017-149888";"2017-11-07";"2017-11-13";1682;1237;2;4;350.35;-140.14
2534;"CA-2017-149888";"2017-11-07";"2017-11-13";1682;1197;2;5;359.97;-71.99
2535;"CA-2017-157483";"2017-11-11";"2017-11-18";1683;1264;2;7;181.86;50.92
2536;"CA-2017-102099";"2017-12-18";"2017-12-19";1687;644;3;5;32.4;15.55
2537;"CA-2017-102099";"2017-12-18";"2017-12-19";1687;747;3;2;12.96;6.22
2538;"CA-2017-102099";"2017-12-18";"2017-12-19";1687;276;3;3;6.63;1.79
2539;"CA-2015-127019";"2015-12-21";"2015-12-25";1688;1019;2;7;60.98;4.57
2540;"CA-2016-127775";"2016-06-11";"2016-06-13";1693;603;1;3;239.97;71.99
2541;"CA-2014-108189";"2014-10-02";"2014-10-05";1696;794;3;1;7.16;-0.09
2542;"CA-2014-108189";"2014-10-02";"2014-10-05";1696;621;3;3;230.38;20.16
2543;"CA-2014-108189";"2014-10-02";"2014-10-05";1696;1287;3;2;15.36;-3.26
2544;"CA-2014-108189";"2014-10-02";"2014-10-05";1696;1285;3;6;12.77;4.63
2545;"CA-2014-108189";"2014-10-02";"2014-10-05";1696;233;3;2;318.4;107.46
2546;"CA-2014-108189";"2014-10-02";"2014-10-05";1696;679;3;2;4.67;1.46
2547;"CA-2017-127460";"2017-07-10";"2017-07-14";1728;984;2;6;298.46;26.12
2548;"CA-2017-104640";"2017-11-10";"2017-11-16";1741;1239;2;2;430.88;124.96
2549;"CA-2017-104640";"2017-11-10";"2017-11-16";1741;813;2;3;931.18;314.27
2550;"CA-2017-104801";"2017-02-13";"2017-02-19";1745;494;2;1;107.53;21.51
2551;"CA-2017-104801";"2017-02-13";"2017-02-19";1745;584;2;4;799.96;343.98
2552;"CA-2017-104801";"2017-02-13";"2017-02-19";1745;260;2;3;6.63;1.79
2553;"CA-2016-132143";"2016-09-03";"2016-09-05";1758;650;3;7;48.16;22.15
2554;"CA-2017-127929";"2017-12-23";"2017-12-27";1762;210;2;3;181.95;38.21
2555;"CA-2017-163321";"2017-08-07";"2017-08-11";1780;96;1;1;79.99;22.0
2556;"CA-2017-141992";"2017-06-19";"2017-06-25";1788;33;2;2;153.58;-32.64
2557;"CA-2017-141992";"2017-06-19";"2017-06-25";1788;1280;2;1;11.18;0.84
2558;"CA-2015-155306";"2015-04-17";"2015-04-21";1804;1206;2;2;11.96;5.86
2559;"CA-2015-155306";"2015-04-17";"2015-04-21";1804;1304;2;5;1447.65;419.82
2560;"CA-2015-155306";"2015-04-17";"2015-04-21";1804;1346;2;5;783.96;68.6
2561;"CA-2015-155306";"2015-04-17";"2015-04-21";1804;477;2;3;323.37;129.35
2562;"CA-2015-155306";"2015-04-17";"2015-04-21";1804;846;2;2;5.56;2.22
2563;"US-2015-110163";"2015-11-01";"2015-11-04";1815;113;3;1;7.88;1.77
2564;"CA-2017-110842";"2017-11-11";"2017-11-16";1818;688;2;5;121.6;39.52
2565;"CA-2017-110842";"2017-11-11";"2017-11-16";1818;1526;2;3;19.44;9.33
2566;"CA-2017-110842";"2017-11-11";"2017-11-16";1818;1019;2;1;10.89;2.83
2567;"CA-2015-139850";"2015-06-12";"2015-06-17";1830;1391;2;2;43.3;4.33
2568;"CA-2015-139850";"2015-06-12";"2015-06-17";1830;1168;2;4;20.74;7.26
2569;"CA-2016-153353";"2016-08-18";"2016-08-24";1841;806;2;1;39.99;11.6
2570;"CA-2014-128986";"2014-08-03";"2014-08-05";1849;1317;1;3;93.02;33.72
2571;"US-2015-120572";"2015-12-11";"2015-12-15";1859;97;2;2;12.83;-8.98
2572;"CA-2017-146031";"2017-07-29";"2017-08-01";1879;306;1;9;60.12;22.24
2573;"US-2014-143231";"2014-12-31";"2015-01-03";1882;1590;3;3;113.97;27.35
2574;"US-2014-143231";"2014-12-31";"2015-01-03";1882;1604;3;5;63.2;23.38
2575;"CA-2017-122595";"2017-12-14";"2017-12-20";1886;1312;2;3;227.98;28.5
2576;"CA-2016-139157";"2016-10-01";"2016-10-05";1901;1416;2;1;330.59;-115.71
2577;"CA-2014-102988";"2014-04-05";"2014-04-09";1903;362;1;5;4164.05;83.28
2578;"CA-2014-102988";"2014-04-05";"2014-04-09";1903;1195;1;7;22.96;6.66
2579;"CA-2014-102988";"2014-04-05";"2014-04-09";1903;503;1;2;12.96;6.35
2580;"CA-2014-102988";"2014-04-05";"2014-04-09";1903;1084;1;1;28.99;8.41
2581;"CA-2014-102988";"2014-04-05";"2014-04-09";1903;736;1;7;22.96;7.58
2582;"CA-2017-102750";"2017-09-04";"2017-09-08";1905;378;1;3;1322.35;-99.18
2583;"CA-2015-144386";"2015-11-05";"2015-11-11";1911;909;2;6;25.34;8.87
2584;"US-2016-169040";"2016-12-06";"2016-12-12";1919;244;2;3;59.81;19.44
2585;"US-2016-169040";"2016-12-06";"2016-12-12";1919;202;2;5;189.7;89.16
2586;"US-2016-169040";"2016-12-06";"2016-12-12";1919;190;2;7;248.08;116.6
2587;"US-2016-169040";"2016-12-06";"2016-12-12";1919;665;2;7;47.21;15.34
2588;"US-2016-169040";"2016-12-06";"2016-12-12";1919;29;2;1;35.89;16.15
2589;"US-2016-169040";"2016-12-06";"2016-12-12";1919;1404;2;3;431.98;27.0
2590;"US-2016-169040";"2016-12-06";"2016-12-12";1919;1346;2;1;156.79;13.72
2591;"CA-2014-158029";"2014-05-26";"2014-05-30";1970;1141;2;2;225.3;22.53
2592;"CA-2014-153969";"2014-09-21";"2014-09-25";1971;1445;2;3;19.35;9.48
2593;"CA-2014-153969";"2014-09-21";"2014-09-25";1971;1263;2;2;239.98;24.0
2594;"CA-2014-153969";"2014-09-21";"2014-09-25";1971;1538;2;9;38.52;17.33
2595;"CA-2014-153969";"2014-09-21";"2014-09-25";1971;1260;2;3;59.52;15.48
2596;"CA-2014-153969";"2014-09-21";"2014-09-25";1971;1292;2;5;78.35;36.82
2597;"CA-2014-153969";"2014-09-21";"2014-09-25";1971;1066;2;2;15.56;7.31
2598;"CA-2016-164784";"2016-05-01";"2016-05-04";1973;1149;3;2;2.74;-2.01
2599;"CA-2016-164784";"2016-05-01";"2016-05-04";1973;162;3;3;370.62;-142.07
2600;"CA-2016-164784";"2016-05-01";"2016-05-04";1973;529;3;1;3.98;1.29
2601;"CA-2014-142727";"2014-04-29";"2014-05-01";1977;1106;1;3;17.94;8.61
2602;"CA-2014-142727";"2014-04-29";"2014-05-01";1977;921;1;2;51.96;12.99
2603;"CA-2015-169201";"2015-09-28";"2015-10-01";1985;1035;3;2;43.56;15.25
2604;"CA-2015-169201";"2015-09-28";"2015-10-01";1985;702;3;3;43.26;14.28
2605;"CA-2016-111794";"2016-10-01";"2016-10-01";1996;241;4;1;28.35;9.57
2606;"CA-2016-111794";"2016-10-01";"2016-10-01";1996;350;4;3;79.51;20.87
2607;"CA-2017-146724";"2017-11-20";"2017-11-27";1998;479;2;10;22.0;9.68
2608;"CA-2017-169978";"2017-12-24";"2017-12-28";1999;1049;2;3;14.38;4.85
2609;"CA-2017-169978";"2017-12-24";"2017-12-28";1999;499;2;2;271.76;48.31
2610;"CA-2017-131492";"2017-10-19";"2017-10-24";2001;1191;1;2;24.37;-3.35
2611;"CA-2017-131492";"2017-10-19";"2017-10-24";2001;783;1;10;31.5;15.12
2612;"CA-2017-131492";"2017-10-19";"2017-10-24";2001;1242;1;2;8.96;4.3
2613;"CA-2017-134607";"2017-10-03";"2017-10-08";2019;719;1;2;22.58;5.87
2614;"US-2016-110170";"2016-09-27";"2016-10-03";2025;1210;2;7;956.66;-225.1
2615;"CA-2017-129805";"2017-12-28";"2018-01-02";2030;733;2;2;7.4;3.03
2616;"CA-2015-110632";"2015-03-17";"2015-03-22";2048;761;1;2;33.82;9.13
2617;"CA-2015-110632";"2015-03-17";"2015-03-22";2048;1331;1;1;15.02;2.7
2618;"CA-2015-135538";"2015-12-24";"2015-12-28";2051;304;2;4;883.84;99.43
2619;"CA-2017-165491";"2017-03-20";"2017-03-24";2058;1590;2;7;265.93;63.82
2620;"CA-2017-158743";"2017-10-20";"2017-10-27";2070;568;2;5;145.85;70.01
2621;"CA-2017-158743";"2017-10-20";"2017-10-27";2070;519;2;2;39.96;18.78
2622;"CA-2017-158743";"2017-10-20";"2017-10-27";2070;1205;2;4;13.36;4.14
2623;"CA-2014-151295";"2014-11-12";"2014-11-16";2089;656;2;3;629.06;31.45
2624;"CA-2014-151295";"2014-11-12";"2014-11-16";2089;797;2;2;11.96;5.86
2625;"US-2015-104185";"2015-09-03";"2015-09-08";2099;858;1;1;120.33;31.29
2626;"CA-2017-124674";"2017-11-17";"2017-11-23";2115;1452;2;2;327.73;-14.46
2627;"CA-2016-139269";"2016-05-25";"2016-05-30";2117;166;2;9;1267.65;152.12
2628;"CA-2016-139269";"2016-05-25";"2016-05-30";2117;866;2;2;19.36;9.29
2629;"CA-2016-139269";"2016-05-25";"2016-05-30";2117;1170;2;4;24.96;6.24
2630;"CA-2016-118626";"2016-08-15";"2016-08-20";2126;1325;2;7;705.54;70.55
2631;"CA-2017-139913";"2017-10-23";"2017-10-29";2135;384;2;3;35.88;10.05
2632;"CA-2017-139913";"2017-10-23";"2017-10-29";2135;1536;2;11;69.08;29.01
2633;"CA-2017-139913";"2017-10-23";"2017-10-29";2135;497;2;5;26.4;11.88
2634;"CA-2017-139913";"2017-10-23";"2017-10-29";2135;1535;2;2;11.56;5.66
2635;"CA-2017-156818";"2017-07-11";"2017-07-13";2157;373;1;6;132.6;17.24
2636;"CA-2015-145184";"2015-11-27";"2015-11-29";2164;1194;3;3;104.97;7.35
2637;"CA-2015-145184";"2015-11-27";"2015-11-29";2164;1192;3;3;83.97;23.51
2638;"US-2015-147739";"2015-12-25";"2015-12-29";2165;1595;2;4;547.14;-68.39
2639;"CA-2017-155880";"2017-03-25";"2017-03-31";2168;967;2;3;368.97;40.59
2640;"CA-2017-155880";"2017-03-25";"2017-03-31";2168;514;2;7;1526.56;427.44
2641;"CA-2017-155880";"2017-03-25";"2017-03-31";2168;1153;2;1;90.99;14.56
2642;"CA-2015-121720";"2015-06-11";"2015-06-12";2177;594;3;4;563.81;21.14
2643;"CA-2015-121720";"2015-06-11";"2015-06-12";2177;448;3;2;1036.62;51.83
2644;"CA-2015-121720";"2015-06-11";"2015-06-12";2177;1333;3;2;3.77;-3.14
2645;"CA-2015-121720";"2015-06-11";"2015-06-12";2177;369;3;5;78.6;-62.88
2646;"CA-2015-121720";"2015-06-11";"2015-06-12";2177;136;3;2;60.77;7.6
2647;"CA-2015-121720";"2015-06-11";"2015-06-12";2177;1236;3;3;48.67;7.3
2648;"CA-2015-121720";"2015-06-11";"2015-06-12";2177;478;3;2;249.58;31.2
2649;"CA-2015-121720";"2015-06-11";"2015-06-12";2177;524;3;5;1123.92;-182.64
2650;"CA-2015-129770";"2015-02-21";"2015-02-23";2184;115;1;4;49.12;23.09
2651;"CA-2017-108070";"2017-04-16";"2017-04-20";2201;188;2;1;102.83;-6.05
2652;"US-2017-146416";"2017-10-20";"2017-10-22";2206;1270;1;4;20.93;7.59
2653;"US-2017-146416";"2017-10-20";"2017-10-22";2206;1034;1;1;3.75;1.8
2654;"CA-2016-167290";"2016-10-30";"2016-11-04";2217;611;2;2;11.68;3.5
2655;"US-2017-110604";"2017-05-15";"2017-05-20";2218;304;2;1;220.96;24.86
2656;"US-2017-110604";"2017-05-15";"2017-05-20";2218;1375;2;2;42.62;4.26
2657;"US-2017-110604";"2017-05-15";"2017-05-20";2218;840;2;2;39.96;17.18
2658;"CA-2016-164483";"2016-01-30";"2016-02-03";2237;513;2;2;17.46;5.89
2659;"US-2014-126571";"2014-10-11";"2014-10-15";2243;299;2;3;201.43;67.98
2660;"US-2014-126571";"2014-10-11";"2014-10-15";2243;594;2;2;281.9;10.57
2661;"CA-2017-167941";"2017-11-06";"2017-11-09";2250;340;1;4;259.14;-51.83
2662;"CA-2017-167941";"2017-11-06";"2017-11-09";2250;1343;1;2;28.27;6.36
2663;"CA-2017-167941";"2017-11-06";"2017-11-09";2250;298;1;8;13.27;-10.62
2664;"CA-2017-167941";"2017-11-06";"2017-11-09";2250;353;1;6;31.1;10.89
2665;"CA-2017-167941";"2017-11-06";"2017-11-09";2250;19;1;3;499.58;43.71
2666;"CA-2016-124772";"2016-12-05";"2016-12-06";2261;1434;3;3;191.82;74.81
2667;"CA-2017-138548";"2017-08-15";"2017-08-21";2263;105;2;2;97.84;25.44
2668;"CA-2017-119578";"2017-12-22";"2017-12-27";2269;1227;1;1;220.98;50.83
2669;"CA-2017-119578";"2017-12-22";"2017-12-27";2269;100;1;6;695.16;34.76
2670;"CA-2017-132122";"2017-07-09";"2017-07-14";2286;1464;2;5;228.92;14.31
2671;"US-2017-112613";"2017-05-28";"2017-06-01";2292;1421;2;4;54.37;4.08
2672;"US-2016-114293";"2016-11-21";"2016-11-26";2303;1235;2;4;195.14;-12.2
2673;"CA-2016-163986";"2016-09-03";"2016-09-10";2308;963;2;5;54.5;14.17
2674;"US-2017-103828";"2017-08-13";"2017-08-13";2325;1530;4;4;31.92;9.26
2675;"US-2017-103828";"2017-08-13";"2017-08-13";2325;74;4;3;59.52;15.48
2676;"US-2017-103828";"2017-08-13";"2017-08-13";2325;804;4;7;83.79;22.62
2677;"US-2017-103828";"2017-08-13";"2017-08-13";2325;413;4;3;31.44;8.49
2678;"CA-2014-121727";"2014-08-19";"2014-08-24";2329;49;2;2;10.72;1.74
2679;"CA-2017-142622";"2017-10-30";"2017-11-02";2333;862;3;2;199.98;38.0
2680;"CA-2017-142622";"2017-10-30";"2017-11-02";2333;1522;3;8;614.27;-23.04
2681;"CA-2017-142622";"2017-10-30";"2017-11-02";2333;1235;3;2;97.57;-6.1
2682;"CA-2016-117849";"2016-04-15";"2016-04-17";2358;225;1;3;143.7;68.98
2683;"CA-2014-165428";"2014-09-01";"2014-09-04";2366;283;3;6;31.1;10.89
2684;"CA-2014-165428";"2014-09-01";"2014-09-04";2366;645;3;3;3.65;-6.02
2685;"CA-2016-138933";"2016-04-24";"2016-04-27";2367;374;3;1;3.98;1.39
2686;"CA-2014-162362";"2014-11-14";"2014-11-18";2381;465;2;4;11.52;5.64
2687;"CA-2014-162362";"2014-11-14";"2014-11-18";2381;35;2;3;12.72;6.36
2688;"CA-2015-142944";"2015-03-06";"2015-03-11";2399;1566;2;2;1119.98;377.99
2689;"CA-2015-142944";"2015-03-06";"2015-03-11";2399;1515;2;7;435.26;95.76
2690;"CA-2015-112557";"2015-04-25";"2015-04-28";2401;34;3;3;206.43;90.83
2691;"CA-2015-138534";"2015-07-17";"2015-07-19";2417;1051;1;2;195.47;-13.8
2692;"CA-2017-115931";"2017-12-22";"2017-12-26";2431;1022;2;5;18.45;8.67
2693;"CA-2017-115931";"2017-12-22";"2017-12-26";2431;223;2;3;37.32;10.45
2694;"CA-2017-115931";"2017-12-22";"2017-12-26";2431;739;2;4;67.04;6.7
2695;"CA-2017-115931";"2017-12-22";"2017-12-26";2431;18;2;3;4.17;1.08
2696;"CA-2014-144624";"2014-11-19";"2014-11-23";2432;1126;2;7;4548.81;1228.18
2697;"US-2015-128090";"2015-08-16";"2015-08-22";2433;973;2;2;5.04;1.76
2698;"US-2015-128090";"2015-08-16";"2015-08-22";2433;1060;2;8;313.02;105.65
2699;"US-2015-128090";"2015-08-16";"2015-08-22";2433;1124;2;5;1879.96;211.5
2700;"US-2015-128090";"2015-08-16";"2015-08-22";2433;994;2;1;2.3;0.26
2701;"CA-2014-157721";"2014-09-02";"2014-09-05";2440;1551;3;1;70.71;4.95
2702;"CA-2014-157721";"2014-09-02";"2014-09-05";2440;1071;3;1;19.9;8.96
2703;"CA-2015-116092";"2015-02-15";"2015-02-18";2441;1486;1;3;19.44;9.33
2704;"CA-2015-116092";"2015-02-15";"2015-02-18";2441;1484;1;6;541.44;157.02
2705;"CA-2015-116092";"2015-02-15";"2015-02-18";2441;465;1;5;11.52;4.18
2706;"CA-2015-116092";"2015-02-15";"2015-02-18";2441;1078;1;5;41.72;13.04
2707;"CA-2015-116092";"2015-02-15";"2015-02-18";2441;1482;1;2;13.36;6.41
2708;"CA-2014-107916";"2014-08-24";"2014-08-26";2468;909;3;3;12.67;4.44
2709;"CA-2014-107916";"2014-08-24";"2014-08-26";2468;1243;3;2;13.28;6.37
2710;"US-2015-137008";"2015-10-02";"2015-10-08";2469;505;2;1;90.0;32.4
2711;"US-2015-137008";"2015-10-02";"2015-10-08";2469;156;2;4;51.12;23.0
2712;"US-2015-137008";"2015-10-02";"2015-10-08";2469;1279;2;5;94.85;45.53
2713;"CA-2016-146171";"2016-03-11";"2016-03-15";2483;858;2;4;481.32;125.14
2714;"CA-2016-146171";"2016-03-11";"2016-03-15";2483;1383;2;4;76.92;31.54
2715;"CA-2016-124562";"2016-12-08";"2016-12-12";2485;1229;2;7;12.96;-9.5
2716;"CA-2017-150525";"2017-02-20";"2017-02-25";2487;1301;2;3;13.11;3.41
2717;"CA-2017-150525";"2017-02-20";"2017-02-25";2487;1064;2;2;6.56;1.9
2718;"CA-2016-153318";"2016-10-25";"2016-10-28";2500;408;3;5;783.96;78.4
2719;"CA-2016-124051";"2016-12-29";"2016-12-30";2542;1317;3;6;186.05;67.44
2720;"CA-2016-133123";"2016-09-06";"2016-09-11";2560;800;2;2;3.2;-2.46
2721;"CA-2016-133123";"2016-09-06";"2016-09-11";2560;835;2;3;95.95;29.99
2722;"CA-2017-101182";"2017-09-04";"2017-09-05";2564;1004;3;3;43.18;15.11
2723;"CA-2017-101182";"2017-09-04";"2017-09-05";2564;353;3;2;12.96;6.22
2724;"CA-2017-159352";"2017-03-12";"2017-03-17";2575;718;2;7;69.93;32.17
2725;"CA-2015-109470";"2015-12-31";"2016-01-03";2586;688;1;12;364.8;167.81
2726;"CA-2015-109470";"2015-12-31";"2016-01-03";2586;908;1;5;76.3;38.15
2727;"CA-2015-109470";"2015-12-31";"2016-01-03";2586;431;1;4;60.64;27.89
2728;"CA-2015-109470";"2015-12-31";"2016-01-03";2586;785;1;3;94.74;44.53
2729;"US-2016-128293";"2016-06-02";"2016-06-05";2587;340;3;1;64.78;-12.96
2730;"CA-2016-138695";"2016-05-28";"2016-06-03";2594;337;2;13;62.19;19.44
2731;"CA-2016-138695";"2016-05-28";"2016-06-03";2594;1235;2;8;390.27;-24.39
2732;"CA-2014-165309";"2014-11-11";"2014-11-15";2597;995;2;3;241.18;15.07
2733;"CA-2014-165309";"2014-11-11";"2014-11-15";2597;945;2;2;148.48;16.7
2734;"CA-2014-165309";"2014-11-11";"2014-11-15";2597;1310;2;8;262.34;95.1
2735;"CA-2014-165309";"2014-11-11";"2014-11-15";2597;830;2;5;21.72;7.87
2736;"CA-2014-165309";"2014-11-11";"2014-11-15";2597;1180;2;3;67.56;6.76
2737;"CA-2014-165309";"2014-11-11";"2014-11-15";2597;1229;2;1;1.23;-1.97
2738;"CA-2014-165309";"2014-11-11";"2014-11-15";2597;1045;2;5;896.99;-1480.03
2739;"CA-2014-113579";"2014-12-13";"2014-12-15";2603;1032;1;6;90.24;41.51
2740;"CA-2016-144792";"2016-04-30";"2016-05-04";2621;305;2;7;111.89;22.38
2741;"CA-2017-149559";"2017-09-11";"2017-09-12";2638;1184;4;8;2054.27;256.78
2742;"CA-2017-149559";"2017-09-11";"2017-09-12";2638;1183;4;2;22.18;10.87
2743;"CA-2017-149559";"2017-09-11";"2017-09-12";2638;747;4;2;12.96;6.22
2744;"CA-2016-153577";"2016-06-27";"2016-07-01";2643;1099;2;3;539.66;-7.71
2745;"CA-2016-153577";"2016-06-27";"2016-07-01";2643;865;2;7;37.46;12.18
2746;"CA-2014-138023";"2014-08-15";"2014-08-18";2654;422;3;8;30.96;-52.63
2747;"US-2014-109036";"2014-12-20";"2014-12-25";2656;228;2;3;31.05;14.9
2748;"CA-2016-103037";"2016-07-25";"2016-07-29";2664;637;2;4;15.71;5.7
2749;"CA-2017-164049";"2017-11-02";"2017-11-06";2669;1532;2;5;23.85;10.73
2750;"US-2016-129469";"2016-09-23";"2016-09-27";2679;1147;2;2;4.91;0.31
2751;"CA-2014-143917";"2014-07-25";"2014-07-27";2685;11;1;8;77.92;34.28
2752;"CA-2014-143917";"2014-07-25";"2014-07-27";2685;1294;1;5;8187.65;327.51
2753;"CA-2014-143917";"2014-07-25";"2014-07-27";2685;63;1;4;53.72;15.04
2754;"CA-2014-154641";"2014-08-11";"2014-08-16";2686;338;2;1;375.34;18.77
2755;"CA-2015-115798";"2015-11-13";"2015-11-19";2687;974;2;2;89.98;43.19
2756;"CA-2015-115798";"2015-11-13";"2015-11-19";2687;862;2;3;299.97;56.99
2757;"CA-2015-115798";"2015-11-13";"2015-11-19";2687;631;2;7;42.28;19.87
2758;"CA-2015-115798";"2015-11-13";"2015-11-19";2687;1471;2;3;377.97;94.49
2759;"CA-2017-116358";"2017-11-02";"2017-11-06";2698;393;2;6;27.78;9.17
2760;"CA-2017-116358";"2017-11-02";"2017-11-06";2698;999;2;3;18.24;9.12
2761;"CA-2014-143903";"2014-07-20";"2014-07-24";2701;440;2;2;981.37;-140.2
2762;"CA-2014-143903";"2014-07-20";"2014-07-24";2701;879;2;5;16.74;-14.23
2763;"CA-2014-143903";"2014-07-20";"2014-07-24";2701;30;2;3;342.86;38.57
2764;"CA-2015-148628";"2015-12-06";"2015-12-11";2704;1403;2;5;32.75;15.07
2765;"CA-2014-169033";"2014-03-30";"2014-04-03";2713;861;2;5;49.65;20.85
2766;"CA-2014-154599";"2014-04-12";"2014-04-17";2730;188;2;3;308.5;-18.15
2767;"CA-2014-154599";"2014-04-12";"2014-04-17";2730;586;2;7;18.09;6.56
2768;"CA-2014-154599";"2014-04-12";"2014-04-17";2730;979;2;4;438.37;38.36
2769;"CA-2014-154599";"2014-04-12";"2014-04-17";2730;621;2;14;1075.09;94.07
2770;"CA-2014-112718";"2014-12-16";"2014-12-21";2731;854;2;1;1.17;-0.86
2771;"CA-2015-155145";"2015-12-27";"2015-12-29";2733;1487;1;8;7.92;3.48
2772;"CA-2017-126067";"2017-08-28";"2017-09-03";2740;254;2;2;5.56;1.45
2773;"CA-2017-126067";"2017-08-28";"2017-09-03";2740;244;2;5;99.68;32.4
2774;"CA-2017-126067";"2017-08-28";"2017-09-03";2740;721;2;5;1137.75;250.31
2775;"CA-2017-126067";"2017-08-28";"2017-09-03";2740;1282;2;4;35.17;11.43
2776;"CA-2017-138422";"2017-09-23";"2017-09-26";2741;1591;3;3;14.35;5.2
2777;"US-2014-117170";"2014-09-17";"2014-09-24";2746;770;2;1;4.62;1.68
2778;"US-2014-117170";"2014-09-17";"2014-09-24";2746;731;2;2;47.98;13.2
2779;"CA-2015-158456";"2015-12-24";"2015-12-29";2748;376;2;4;45.92;21.58
2780;"CA-2015-158456";"2015-12-24";"2015-12-29";2748;941;2;4;19.94;7.23
2781;"US-2016-133879";"2016-03-21";"2016-03-28";2749;1423;2;3;13.39;1.51
2782;"US-2016-133879";"2016-03-21";"2016-03-28";2749;616;2;5;528.43;0.0
2783;"US-2016-133879";"2016-03-21";"2016-03-28";2749;690;2;2;3.17;-4.75
2784;"CA-2014-155887";"2014-05-12";"2014-05-17";2754;400;2;3;700.06;-130.01
2785;"CA-2016-146206";"2016-09-10";"2016-09-14";2756;1130;1;5;719.96;54.0
2786;"CA-2016-146206";"2016-09-10";"2016-09-14";2756;1068;1;5;300.93;-34.39
2787;"CA-2016-146682";"2016-10-29";"2016-10-31";2764;427;3;5;67.0;32.16
2788;"CA-2014-140886";"2014-09-30";"2014-10-04";2767;702;2;6;69.22;11.25
2789;"CA-2015-102722";"2015-04-18";"2015-04-19";2768;1025;3;6;106.5;41.54
2790;"CA-2016-108882";"2016-01-09";"2016-01-15";2775;200;2;9;377.93;141.72
2791;"CA-2016-108882";"2016-01-09";"2016-01-15";2775;1283;2;5;349.95;118.98
2792;"CA-2016-164091";"2016-09-17";"2016-09-22";2777;744;2;2;109.48;33.94
2793;"CA-2016-164091";"2016-09-17";"2016-09-22";2777;1488;2;3;437.85;131.36
2794;"CA-2016-155187";"2016-09-24";"2016-09-26";2778;410;1;2;41.96;2.94
2795;"CA-2017-130771";"2017-07-29";"2017-08-03";2781;478;2;1;124.79;15.6
2796;"CA-2017-130771";"2017-07-29";"2017-08-03";2781;950;2;2;2.9;0.47
2797;"US-2016-162103";"2016-11-13";"2016-11-17";2789;343;2;2;3.14;-4.7
2798;"CA-2014-110100";"2014-04-25";"2014-04-29";2801;1467;2;3;302.38;37.8
2799;"CA-2017-143861";"2017-06-12";"2017-06-19";2810;1531;2;2;17.09;1.07
2800;"CA-2016-107202";"2016-05-21";"2016-05-28";2814;1217;2;10;2396.4;179.73
2801;"CA-2016-139878";"2016-11-11";"2016-11-16";2841;1152;2;2;257.98;74.81
2802;"CA-2014-110030";"2014-12-06";"2014-12-08";2849;305;1;3;23.98;-14.39
2803;"CA-2016-166443";"2016-11-04";"2016-11-05";2869;471;3;7;38.29;16.46
2804;"CA-2014-104283";"2014-06-27";"2014-07-01";2885;458;2;4;223.96;53.75
2805;"CA-2014-104283";"2014-06-27";"2014-07-01";2885;1379;2;1;85.98;22.35
2806;"CA-2014-104283";"2014-06-27";"2014-07-01";2885;703;2;5;306.2;0.0
2807;"CA-2015-169740";"2015-02-20";"2015-02-25";2886;563;2;1;29.99;3.0
2808;"CA-2015-143238";"2015-09-06";"2015-09-08";2891;124;3;4;46.32;18.06
2809;"CA-2016-125206";"2016-01-03";"2016-01-05";2908;1464;3;2;114.46;28.62
2810;"US-2015-138919";"2015-09-17";"2015-09-21";2925;660;2;2;344.22;-103.27
2811;"CA-2017-164168";"2017-11-12";"2017-11-18";2929;441;2;3;22.85;-17.71
2812;"CA-2017-164168";"2017-11-12";"2017-11-18";2929;1085;2;2;44.78;-0.56
2813;"CA-2017-164168";"2017-11-12";"2017-11-18";2929;360;2;2;12.22;4.43
2814;"CA-2017-164168";"2017-11-12";"2017-11-18";2929;1247;2;1;67.99;8.5
2815;"CA-2017-164168";"2017-11-12";"2017-11-18";2929;326;2;3;77.95;-15.59
2816;"CA-2017-164168";"2017-11-12";"2017-11-18";2929;682;2;5;30.56;-45.84
2817;"CA-2016-160129";"2016-11-23";"2016-11-23";2934;1386;4;7;70.45;12.33
2818;"CA-2016-160129";"2016-11-23";"2016-11-23";2934;1009;4;2;14.37;3.95
2819;"CA-2016-160129";"2016-11-23";"2016-11-23";2934;1503;4;5;15.8;2.37
2820;"CA-2017-131618";"2017-06-17";"2017-06-20";2935;659;3;4;9.36;-16.38
2821;"CA-2017-131618";"2017-06-17";"2017-06-20";2935;465;3;4;2.3;-3.57
2822;"CA-2016-159373";"2016-03-13";"2016-03-18";2953;860;2;5;557.59;0.0
2823;"CA-2016-159373";"2016-03-13";"2016-03-18";2953;1120;2;2;1.27;-2.16
2824;"CA-2016-159373";"2016-03-13";"2016-03-18";2953;1117;2;5;70.08;24.53
2825;"CA-2016-111416";"2016-09-17";"2016-09-22";2973;951;2;5;232.4;78.44
2826;"CA-2017-110373";"2017-10-27";"2017-10-30";2988;1421;1;2;27.18;2.04
2827;"CA-2017-110373";"2017-10-27";"2017-10-30";2988;164;1;3;7.06;2.21
2828;"CA-2017-123638";"2017-06-27";"2017-07-04";2994;423;2;3;191.65;31.94
2829;"CA-2015-144288";"2015-12-25";"2015-12-31";2999;1495;2;2;10.37;3.63
2830;"CA-2015-144288";"2015-12-25";"2015-12-31";2999;1065;2;4;9.22;3.34
2831;"CA-2014-127446";"2014-11-25";"2014-11-30";3033;257;2;3;6.1;-3.96
2832;"CA-2014-127446";"2014-11-25";"2014-11-30";3033;904;2;3;15.7;5.1
2833;"CA-2014-127446";"2014-11-25";"2014-11-30";3033;1306;2;2;5.9;1.99
2834;"CA-2014-127446";"2014-11-25";"2014-11-30";3033;4;2;5;1218.74;-121.87
2835;"CA-2014-127446";"2014-11-25";"2014-11-30";3033;71;2;1;2.52;0.88
2836;"CA-2014-127446";"2014-11-25";"2014-11-30";3033;1356;2;3;24.67;0.0
2837;"CA-2016-157868";"2016-12-23";"2016-12-29";3036;834;2;7;24.85;11.68
2838;"CA-2017-159597";"2017-11-09";"2017-11-14";3037;1219;2;1;99.99;44.0
2839;"CA-2014-164861";"2014-12-03";"2014-12-06";3047;1111;1;4;25.92;12.44
2840;"CA-2016-139010";"2016-02-21";"2016-02-26";3048;22;1;7;31.25;10.94
2841;"CA-2016-139010";"2016-02-21";"2016-02-26";3048;211;1;5;449.15;8.98
2842;"CA-2016-139010";"2016-02-21";"2016-02-26";3048;1157;1;4;18.56;6.5
2843;"CA-2016-139010";"2016-02-21";"2016-02-26";3048;1476;1;1;12.99;0.78
2844;"US-2017-102638";"2017-12-29";"2017-12-31";3056;196;3;3;6.03;2.95
2845;"CA-2017-126242";"2017-11-19";"2017-11-24";3066;1155;2;1;18.7;7.11
2846;"CA-2017-126242";"2017-11-19";"2017-11-24";3066;521;2;9;305.01;76.25
2847;"US-2014-117744";"2014-12-02";"2014-12-06";3079;305;2;5;39.96;-23.98
2848;"US-2014-117744";"2014-12-02";"2014-12-06";3079;209;2;7;16.46;1.44
2849;"US-2014-117744";"2014-12-02";"2014-12-06";3079;452;2;5;58.36;-24.8
2850;"CA-2017-143434";"2017-11-18";"2017-11-24";3093;500;2;4;19.76;8.3
2851;"CA-2017-166415";"2017-02-19";"2017-02-23";3098;749;2;3;11.22;0.22
2852;"CA-2016-131499";"2016-09-08";"2016-09-10";3133;1176;3;1;207.48;62.24
2853;"CA-2016-154053";"2016-03-04";"2016-03-10";3137;1353;2;1;16.99;4.93
2854;"CA-2017-108574";"2017-10-07";"2017-10-11";3146;347;2;7;128.74;-28.97
2855;"CA-2017-108574";"2017-10-07";"2017-10-11";3146;554;2;9;1115.91;200.86
2856;"CA-2017-130841";"2017-07-28";"2017-08-01";3169;1046;2;4;1145.6;100.24
2857;"CA-2017-130841";"2017-07-28";"2017-08-01";3169;791;2;1;14.98;4.19
2858;"CA-2017-130841";"2017-07-28";"2017-08-01";3169;694;2;4;9.98;3.62
2859;"CA-2014-159478";"2014-09-30";"2014-10-06";3171;257;2;3;15.24;5.18
2860;"CA-2015-148635";"2015-07-25";"2015-07-27";3178;1087;1;2;561.57;28.08
2861;"CA-2015-148635";"2015-07-25";"2015-07-27";3178;1266;1;5;704.9;56.39
2862;"CA-2015-148635";"2015-07-25";"2015-07-27";3178;1507;1;2;12.96;6.22
2863;"CA-2015-148635";"2015-07-25";"2015-07-27";3178;1207;1;2;9.42;0.47
2864;"US-2016-160528";"2016-08-23";"2016-08-30";3182;1140;2;7;666.4;-33.32
2865;"US-2016-160528";"2016-08-23";"2016-08-30";3182;977;2;3;22.61;-10.17
2866;"US-2016-160528";"2016-08-23";"2016-08-30";3182;123;2;8;727.3;-172.73
2867;"CA-2017-127026";"2017-01-21";"2017-01-27";3183;1435;2;1;164.99;49.5
2868;"CA-2017-127026";"2017-01-21";"2017-01-27";3183;1414;2;3;350.97;152.09
2869;"CA-2017-127026";"2017-01-21";"2017-01-27";3183;1411;2;4;89.52;42.07
2870;"CA-2017-127026";"2017-01-21";"2017-01-27";3183;554;2;5;619.95;111.59
2871;"CA-2017-127026";"2017-01-21";"2017-01-27";3183;465;2;5;14.4;7.06
2872;"CA-2016-124149";"2016-04-23";"2016-04-26";3192;1517;3;2;78.3;29.36
2873;"CA-2016-124149";"2016-04-23";"2016-04-26";3192;5;3;5;55.92;6.29
2874;"CA-2016-124149";"2016-04-23";"2016-04-26";3192;1516;3;6;108.34;37.92
2875;"CA-2017-147291";"2017-03-11";"2017-03-17";3196;1070;2;4;895.92;421.08
2876;"CA-2017-164917";"2017-12-02";"2017-12-07";3205;920;2;5;47.96;4.2
2877;"CA-2017-128755";"2017-05-04";"2017-05-08";3209;761;2;1;16.91;4.57
2878;"CA-2017-128755";"2017-05-04";"2017-05-08";3209;1256;2;5;32.4;15.55
2879;"CA-2017-128755";"2017-05-04";"2017-05-08";3209;30;2;4;571.44;165.72
2880;"CA-2017-128755";"2017-05-04";"2017-05-08";3209;1251;2;1;9.11;4.1
2881;"CA-2017-143455";"2017-11-11";"2017-11-18";3229;518;2;2;10.37;3.63
2882;"US-2017-120089";"2017-11-30";"2017-11-30";3230;1176;4;4;663.94;82.99
2883;"CA-2017-158953";"2017-06-04";"2017-06-08";3232;217;2;7;6.37;-9.56
2884;"CA-2017-168655";"2017-10-12";"2017-10-18";3233;1129;2;3;79.87;29.95
2885;"CA-2017-168655";"2017-10-12";"2017-10-18";3233;1140;2;5;595.0;95.2
2886;"CA-2017-164329";"2017-01-30";"2017-01-30";3247;300;4;2;129.3;6.47
2887;"CA-2017-123659";"2017-02-10";"2017-02-13";3271;716;3;4;23.12;11.33
2888;"CA-2017-157931";"2017-09-17";"2017-09-22";3284;241;1;3;106.32;49.97
2889;"CA-2017-157931";"2017-09-17";"2017-09-22";3284;657;1;4;723.92;188.22
2890;"US-2015-122140";"2015-04-02";"2015-04-07";3285;1272;2;3;47.98;1.8
2891;"US-2015-122140";"2015-04-02";"2015-04-07";3285;794;2;7;50.12;-0.63
2892;"US-2015-122140";"2015-04-02";"2015-04-07";3285;1497;2;2;32.19;-80.48
2893;"CA-2016-116974";"2016-10-09";"2016-10-15";3298;1095;2;4;23.98;-15.58
2894;"CA-2017-155152";"2017-07-07";"2017-07-09";3301;617;1;4;252.0;93.24
2895;"CA-2015-135685";"2015-11-16";"2015-11-18";3305;307;1;3;653.55;111.1
2896;"CA-2015-135685";"2015-11-16";"2015-11-18";3305;1490;1;4;999.96;229.99
2897;"CA-2015-135685";"2015-11-16";"2015-11-18";3305;597;1;3;214.11;36.4
2898;"CA-2015-135685";"2015-11-16";"2015-11-18";3305;1510;1;6;185.58;76.09
2899;"CA-2015-135685";"2015-11-16";"2015-11-18";3305;902;1;9;179.82;84.52
2900;"CA-2017-169859";"2017-12-14";"2017-12-18";3311;802;2;5;43.7;20.54
2901;"CA-2017-169859";"2017-12-14";"2017-12-18";3311;1157;2;14;64.96;22.74
2902;"CA-2017-169859";"2017-12-14";"2017-12-18";3311;1156;2;3;26.25;11.03
2903;"CA-2017-147942";"2017-04-01";"2017-04-05";3325;659;2;13;121.68;38.03
2904;"CA-2017-147942";"2017-04-01";"2017-04-05";3325;1359;2;2;5.78;2.72
2905;"CA-2014-149244";"2014-11-04";"2014-11-08";3326;1343;2;2;35.34;13.43
2906;"US-2014-164616";"2014-08-19";"2014-08-21";3337;1151;1;2;9.18;1.15
2907;"US-2014-164616";"2014-08-19";"2014-08-21";3337;1334;1;4;76.78;-58.86
2908;"CA-2016-150350";"2016-08-23";"2016-08-30";3342;331;2;4;15.88;0.16
2909;"CA-2016-150350";"2016-08-23";"2016-08-30";3342;93;2;5;43.1;11.21
2910;"CA-2016-150350";"2016-08-23";"2016-08-30";3342;933;2;6;532.7;-39.95
2911;"CA-2016-150350";"2016-08-23";"2016-08-30";3342;1203;2;6;34.68;16.99
2912;"CA-2016-150350";"2016-08-23";"2016-08-30";3342;145;2;5;135.9;63.87
2913;"CA-2016-150350";"2016-08-23";"2016-08-30";3342;1234;2;3;837.6;62.82
2914;"CA-2015-160794";"2015-08-06";"2015-08-08";3352;784;3;3;27.22;9.87
2915;"US-2014-112914";"2014-09-25";"2014-09-30";3361;107;2;2;3.26;1.1
2916;"US-2014-112914";"2014-09-25";"2014-09-30";3361;1480;2;2;2.72;-4.36
2917;"US-2014-112914";"2014-09-25";"2014-09-30";3361;356;2;2;300.53;-97.23
2918;"US-2014-112914";"2014-09-25";"2014-09-30";3361;1512;2;8;33.79;10.56
2919;"CA-2017-122994";"2017-02-06";"2017-02-09";3370;332;3;3;359.97;79.19
2920;"US-2015-137960";"2015-12-18";"2015-12-18";3385;342;4;1;166.24;24.94
2921;"CA-2017-136308";"2017-11-16";"2017-11-16";3389;1132;4;3;1919.98;216.0
2922;"CA-2017-163902";"2017-03-02";"2017-03-08";3392;936;2;6;479.94;52.79
2923;"CA-2017-163902";"2017-03-02";"2017-03-08";3392;1298;2;3;196.78;14.76
2924;"CA-2015-117611";"2015-11-08";"2015-11-10";3408;554;1;3;371.97;66.95
2925;"CA-2015-117611";"2015-11-08";"2015-11-10";3408;608;1;1;5.0;2.4
2926;"CA-2016-169922";"2016-06-11";"2016-06-17";3416;872;2;7;12.54;-9.09
2927;"CA-2016-169922";"2016-06-11";"2016-06-17";3416;1228;2;4;8.27;-13.65
2928;"CA-2016-169922";"2016-06-11";"2016-06-17";3416;1225;2;4;1.34;-2.15
2929;"CA-2014-164385";"2014-09-26";"2014-10-01";3418;962;1;3;143.95;14.4
2930;"CA-2014-109232";"2014-01-13";"2014-01-16";3452;1153;1;6;545.94;87.35
2931;"CA-2014-148915";"2014-11-01";"2014-11-05";3453;1469;2;3;155.98;54.59
2932;"CA-2014-148915";"2014-11-01";"2014-11-05";3453;1519;2;5;443.92;-94.33
2933;"US-2017-156356";"2017-04-16";"2017-04-22";3458;1289;2;2;32.54;-7.73
2934;"US-2017-156356";"2017-04-16";"2017-04-22";3458;486;2;1;2.9;-4.78
2935;"US-2017-156356";"2017-04-16";"2017-04-22";3458;1123;2;3;26.05;-44.28
2936;"CA-2015-147830";"2015-12-15";"2015-12-18";3468;358;3;7;262.86;69.0
2937;"CA-2015-147830";"2015-12-15";"2015-12-18";3468;1247;3;2;101.99;-17.0
2938;"CA-2015-147830";"2015-12-15";"2015-12-18";3468;1252;3;2;1799.99;-2639.99
2939;"CA-2015-147830";"2015-12-15";"2015-12-18";3468;869;3;6;2025.36;607.61
2940;"CA-2017-126536";"2017-10-12";"2017-10-14";3507;1511;3;5;101.84;36.92
2941;"CA-2017-126536";"2017-10-12";"2017-10-14";3507;1487;3;1;0.99;0.44
2942;"US-2015-139759";"2015-08-25";"2015-08-30";3510;1457;2;4;105.96;29.67
2943;"US-2015-139759";"2015-08-25";"2015-08-30";3510;94;2;1;40.78;4.59
2944;"CA-2014-114433";"2014-05-13";"2014-05-17";3528;1259;2;3;149.97;52.49
2945;"CA-2014-106572";"2014-09-05";"2014-09-10";3545;274;2;2;264.32;19.82
2946;"CA-2017-169264";"2017-08-14";"2017-08-16";3551;92;1;6;16.68;4.34
2947;"CA-2017-169264";"2017-08-14";"2017-08-16";3551;695;1;2;5.76;2.82
2948;"CA-2014-138317";"2014-06-21";"2014-06-25";3573;464;2;2;9.01;-7.2
2949;"CA-2014-138317";"2014-06-21";"2014-06-25";3573;1020;2;2;44.42;3.89
2950;"CA-2014-138317";"2014-06-21";"2014-06-25";3573;1174;2;3;206.99;-172.49
2951;"CA-2014-138317";"2014-06-21";"2014-06-25";3573;212;2;4;95.97;28.79
2952;"CA-2014-138317";"2014-06-21";"2014-06-25";3573;1173;2;1;3.98;0.65
2953;"CA-2014-138317";"2014-06-21";"2014-06-25";3573;1066;2;4;24.9;8.4
2954;"US-2017-148054";"2017-10-06";"2017-10-11";3588;1279;2;2;37.94;18.21
2955;"US-2017-148054";"2017-10-06";"2017-10-11";3588;831;2;4;227.84;66.07
2956;"US-2017-148054";"2017-10-06";"2017-10-11";3588;1189;2;2;41.96;2.94
2957;"CA-2014-121286";"2014-11-04";"2014-11-08";3590;1026;1;5;58.24;5.1
2958;"CA-2014-121286";"2014-11-04";"2014-11-08";3590;463;1;3;8.38;2.72
2959;"CA-2014-148761";"2014-05-17";"2014-05-21";3603;682;2;3;91.68;45.84
2960;"CA-2014-128888";"2014-11-15";"2014-11-22";3612;1361;2;9;604.66;204.07
2961;"US-2014-150532";"2014-07-14";"2014-07-21";3616;5;2;5;55.92;6.29
2962;"CA-2015-111458";"2015-09-26";"2015-09-30";3638;1327;2;2;50.0;12.0
2963;"CA-2016-114972";"2016-11-03";"2016-11-06";3643;1233;3;4;1101.48;429.58
2964;"CA-2016-114972";"2016-11-03";"2016-11-06";3643;1277;3;7;87.71;41.22
2965;"CA-2016-114972";"2016-11-03";"2016-11-06";3643;1274;3;5;82.95;29.03
2966;"CA-2016-114972";"2016-11-03";"2016-11-06";3643;1271;3;2;217.58;-29.92
2967;"CA-2015-166464";"2015-09-12";"2015-09-17";3661;71;2;4;12.6;6.05
2968;"CA-2015-166464";"2015-09-12";"2015-09-17";3661;1171;2;2;479.98;60.0
2969;"CA-2015-154746";"2015-11-14";"2015-11-17";3672;1233;3;3;826.11;322.18
2970;"CA-2015-154746";"2015-11-14";"2015-11-17";3672;475;3;2;33.96;16.98
2971;"CA-2015-137897";"2015-11-14";"2015-11-19";3672;1148;2;5;37.0;16.65
2972;"CA-2015-137897";"2015-11-14";"2015-11-19";3672;262;2;2;59.9;23.96
2973;"CA-2015-137897";"2015-11-14";"2015-11-19";3672;1146;2;2;37.6;2.26
2974;"CA-2016-112676";"2016-05-05";"2016-05-08";3673;1572;3;3;14.35;5.2
2975;"CA-2016-150343";"2016-08-16";"2016-08-20";3689;214;2;3;10.86;5.1
2976;"CA-2017-107461";"2017-12-21";"2017-12-26";3698;1438;1;6;23.88;11.22
2977;"CA-2017-165757";"2017-06-22";"2017-06-28";3702;1492;2;2;8.93;0.67
2978;"CA-2017-165757";"2017-06-22";"2017-06-28";3702;778;2;5;31.16;-23.89
2979;"CA-2017-165757";"2017-06-22";"2017-06-28";3702;1489;2;3;10.33;-7.58
2980;"CA-2016-155439";"2016-09-14";"2016-09-18";3713;972;2;4;25.92;12.44
2981;"CA-2017-143665";"2017-04-26";"2017-05-01";3743;1058;2;8;39.28;19.25
2982;"CA-2017-143665";"2017-04-26";"2017-05-01";3743;1513;2;3;20.34;9.36
2983;"CA-2015-146087";"2015-07-06";"2015-07-11";3754;111;2;2;301.96;60.39
2984;"CA-2017-133865";"2017-05-08";"2017-05-12";3785;838;2;6;3359.95;1049.99
2985;"US-2014-150924";"2014-09-12";"2014-09-16";3786;1257;1;5;5.18;-8.03
2986;"CA-2016-119025";"2016-02-22";"2016-02-28";3791;1115;2;9;490.32;137.29
2987;"CA-2014-164210";"2014-11-18";"2014-11-20";3805;753;1;4;35.81;12.53
2988;"CA-2014-164210";"2014-11-18";"2014-11-20";3805;1237;1;2;145.98;-99.27
2989;"US-2015-114839";"2015-04-26";"2015-04-30";3807;439;2;2;408.42;-5.83
2990;"CA-2015-130995";"2015-11-01";"2015-11-06";3814;562;2;1;4.95;1.34
2991;"CA-2017-104066";"2017-12-05";"2017-12-10";3820;993;2;7;205.03;67.66
2992;"US-2016-128195";"2016-08-04";"2016-08-05";3825;1438;3;5;3.98;-6.57
2993;"CA-2017-131695";"2017-06-30";"2017-07-06";3826;1342;2;1;22.23;9.78
2994;"CA-2017-131695";"2017-06-30";"2017-07-06";3826;1073;2;7;248.57;67.11
2995;"CA-2014-129091";"2014-11-22";"2014-11-27";3831;1336;2;3;675.12;290.3
2996;"CA-2014-129091";"2014-11-22";"2014-11-27";3831;284;2;2;11.36;5.34
2997;"CA-2014-129091";"2014-11-22";"2014-11-27";3831;629;2;5;319.9;156.75
2998;"CA-2014-129091";"2014-11-22";"2014-11-27";3831;856;2;3;16.23;7.95
2999;"CA-2015-155453";"2015-08-09";"2015-08-14";3832;695;2;2;4.61;1.67
3000;"CA-2014-123064";"2014-06-30";"2014-07-02";3837;1137;3;4;5.25;1.64
3001;"CA-2017-169810";"2017-07-25";"2017-07-31";3857;1359;2;7;20.23;9.51
3002;"CA-2017-162572";"2017-09-25";"2017-09-27";3858;260;1;6;10.61;0.93
3003;"CA-2017-162572";"2017-09-25";"2017-09-27";3858;212;1;5;119.96;35.99
3004;"CA-2015-120397";"2015-07-02";"2015-07-02";3864;1296;4;4;32.78;-85.24
3005;"CA-2014-106719";"2014-08-24";"2014-08-24";3884;1179;4;2;8.29;2.69
3006;"CA-2017-100748";"2017-05-13";"2017-05-20";3897;3;2;8;58.48;27.49
3007;"CA-2016-140746";"2016-01-15";"2016-01-15";3901;238;4;1;181.8;-15.58
3008;"US-2014-112872";"2014-12-06";"2014-12-11";3907;1416;1;1;275.49;-170.8
3009;"US-2014-112872";"2014-12-06";"2014-12-11";3907;676;1;3;53.42;4.67
3010;"CA-2015-157770";"2015-12-13";"2015-12-15";3925;1303;3;1;36.24;15.22
3011;"CA-2015-157770";"2015-12-13";"2015-12-15";3925;120;3;5;248.85;27.37
3012;"CA-2015-157770";"2015-12-13";"2015-12-15";3925;738;3;5;29.2;9.86
3013;"CA-2015-157770";"2015-12-13";"2015-12-15";3925;814;3;3;494.38;49.44
3014;"CA-2016-131576";"2016-11-22";"2016-11-26";3926;58;2;3;49.44;24.23
3015;"CA-2016-120558";"2016-06-07";"2016-06-10";3947;460;3;5;32.4;15.55
3016;"CA-2017-104381";"2017-12-16";"2017-12-23";3952;1078;2;4;33.38;10.43
3017;"CA-2014-158372";"2014-11-10";"2014-11-16";3954;1281;2;8;39.84;18.33
3018;"CA-2014-158372";"2014-11-10";"2014-11-16";3954;803;2;5;53.2;14.9
3019;"CA-2014-158372";"2014-11-10";"2014-11-16";3954;311;2;8;62.24;28.01
3020;"CA-2014-158372";"2014-11-10";"2014-11-16";3954;192;2;2;39.88;11.17
3021;"CA-2014-158372";"2014-11-10";"2014-11-16";3954;942;2;1;10.99;4.29
3022;"CA-2014-158372";"2014-11-10";"2014-11-16";3954;263;2;8;601.54;60.15
3023;"CA-2017-127621";"2017-03-03";"2017-03-07";3971;930;2;8;26.88;9.74
3024;"CA-2016-122518";"2016-03-04";"2016-03-08";3977;783;1;4;10.08;3.53
3025;"CA-2017-136497";"2017-04-16";"2017-04-20";3993;1136;2;5;13.71;-10.05
3026;"CA-2014-110639";"2014-08-23";"2014-08-23";3995;481;4;4;45.92;22.5
3027;"CA-2014-110639";"2014-08-23";"2014-08-23";3995;1601;4;4;25.92;12.44
3028;"CA-2017-106537";"2017-08-12";"2017-08-17";3997;1387;2;4;20.74;7.26
3029;"CA-2016-122322";"2016-07-15";"2016-07-21";4004;1477;2;5;44.4;12.43
3030;"CA-2015-110247";"2015-12-04";"2015-12-08";4006;1136;2;3;8.23;-6.03
3031;"US-2017-135062";"2017-08-31";"2017-09-04";4020;1069;1;7;229.54;83.21
3032;"CA-2014-143413";"2014-05-24";"2014-05-30";4044;1456;2;3;116.28;56.98
3033;"CA-2016-149482";"2016-11-14";"2016-11-19";4063;1306;2;2;7.38;3.47
3034;"CA-2014-126403";"2014-09-09";"2014-09-12";4065;1360;1;5;1325.85;238.65
3035;"CA-2014-126403";"2014-09-09";"2014-09-12";4065;1409;1;2;26.2;12.84
3036;"CA-2014-126403";"2014-09-09";"2014-09-12";4065;1406;1;6;785.88;212.19
3037;"CA-2014-126403";"2014-09-09";"2014-09-12";4065;316;1;3;166.44;79.89
3038;"CA-2016-115525";"2016-07-25";"2016-07-29";4069;1598;2;5;243.88;27.44
3039;"CA-2017-115154";"2017-01-08";"2017-01-11";4073;1584;3;2;892.98;80.37
3040;"CA-2017-128300";"2017-11-24";"2017-11-26";4083;1405;1;2;79.1;39.55
3041;"CA-2014-156993";"2014-06-28";"2014-07-04";4093;999;2;1;6.08;3.04
3042;"CA-2017-123981";"2017-10-02";"2017-10-08";4101;949;2;1;65.99;17.16
3043;"CA-2017-167752";"2017-01-15";"2017-01-18";4103;47;3;8;1924.16;312.68
3044;"CA-2017-167752";"2017-01-15";"2017-01-18";4103;1494;3;1;34.38;3.87
3045;"CA-2017-169285";"2017-03-21";"2017-03-25";4104;420;2;1;5.78;2.83
3046;"CA-2017-169285";"2017-03-21";"2017-03-25";4104;117;2;5;277.4;133.15
3047;"CA-2017-108441";"2017-06-12";"2017-06-18";4119;372;2;4;858.24;143.04
3048;"CA-2017-108441";"2017-06-12";"2017-06-18";4119;1382;2;3;64.14;16.68
3049;"CA-2017-108441";"2017-06-12";"2017-06-18";4119;632;2;3;13.13;4.27
3050;"CA-2017-108441";"2017-06-12";"2017-06-18";4119;1380;2;4;19.04;9.33
3051;"CA-2017-147361";"2017-09-09";"2017-09-15";4131;719;2;5;56.45;14.68
3052;"CA-2017-147361";"2017-09-09";"2017-09-15";4131;211;2;7;628.81;12.58
3053;"US-2017-165344";"2017-11-13";"2017-11-15";4132;1373;3;10;11.22;-7.48
3054;"US-2017-165344";"2017-11-13";"2017-11-15";4132;1370;3;7;653.0;-935.96
3055;"US-2017-165344";"2017-11-13";"2017-11-15";4132;272;3;4;60.86;9.13
3056;"CA-2015-123568";"2015-11-08";"2015-11-14";4152;578;2;5;91.68;28.65
3057;"CA-2015-123568";"2015-11-08";"2015-11-14";4152;536;2;3;66.69;22.01
3058;"CA-2015-123568";"2015-11-08";"2015-11-14";4152;752;2;3;92.94;41.82
3059;"CA-2015-123568";"2015-11-08";"2015-11-14";4152;1178;2;3;5.04;0.2
3060;"CA-2015-111514";"2015-08-31";"2015-09-02";4165;1128;3;3;239.98;80.99
3061;"CA-2015-111514";"2015-08-31";"2015-09-02";4165;1125;3;1;36.51;15.7
3062;"CA-2015-111514";"2015-08-31";"2015-09-02";4165;235;3;5;137.24;46.32
3063;"CA-2015-111514";"2015-08-31";"2015-09-02";4165;127;3;7;1552.83;200.95
3064;"CA-2015-142419";"2015-07-11";"2015-07-13";4176;1094;1;3;29.97;13.49
3065;"CA-2017-138975";"2017-05-19";"2017-05-23";4181;1069;2;7;286.93;140.6
3066;"CA-2017-138975";"2017-05-19";"2017-05-23";4181;454;2;9;1628.82;374.63
3067;"CA-2017-138975";"2017-05-19";"2017-05-23";4181;1529;2;3;377.97;98.27
3068;"CA-2017-138975";"2017-05-19";"2017-05-23";4181;605;2;4;67.8;4.07
3069;"CA-2014-136644";"2014-06-16";"2014-06-22";4191;88;2;8;647.84;32.39
3070;"CA-2017-128475";"2017-08-26";"2017-09-01";4201;795;2;2;71.98;15.12
3071;"CA-2015-165057";"2015-09-11";"2015-09-15";4216;1065;2;3;8.64;4.23
3072;"CA-2015-165057";"2015-09-11";"2015-09-15";4216;498;2;9;181.35;48.96
3073;"CA-2015-140144";"2015-06-20";"2015-06-25";4223;200;1;3;125.98;47.24
3074;"CA-2015-140144";"2015-06-20";"2015-06-25";4223;375;1;6;257.64;100.48
3075;"CA-2017-135167";"2017-06-15";"2017-06-20";4232;648;2;1;4.26;1.75
3076;"US-2014-155502";"2014-01-26";"2014-01-31";4236;263;2;2;187.98;52.63
3077;"US-2014-155502";"2014-01-26";"2014-01-31";4236;1341;2;3;12.42;4.47
3078;"US-2014-155502";"2014-01-26";"2014-01-31";4236;1339;2;13;155.35;0.0
3079;"US-2014-155502";"2014-01-26";"2014-01-31";4236;703;2;8;489.92;0.0
3080;"US-2014-155502";"2014-01-26";"2014-01-31";4236;1338;2;3;62.82;30.78
3081;"CA-2016-102932";"2016-09-19";"2016-09-23";4242;609;1;3;27.93;8.1
3082;"CA-2016-102932";"2016-09-19";"2016-09-23";4242;35;1;6;25.44;12.72
3083;"US-2016-115455";"2016-09-08";"2016-09-14";4251;1344;2;3;601.47;-300.74
3084;"US-2016-115455";"2016-09-08";"2016-09-14";4251;1343;2;2;14.14;-7.77
3085;"CA-2017-155047";"2017-08-27";"2017-08-30";4253;1543;3;1;5.95;0.37
3086;"CA-2017-144827";"2017-12-21";"2017-12-27";4255;984;2;2;124.36;33.58
3087;"CA-2014-142314";"2014-12-23";"2014-12-28";4263;290;2;11;207.24;58.03
3088;"CA-2015-153108";"2015-03-05";"2015-03-09";4264;1570;2;7;60.69;16.39
3089;"CA-2015-153108";"2015-03-05";"2015-03-09";4264;384;2;2;23.92;6.7
3090;"CA-2017-123967";"2017-11-01";"2017-11-03";4271;1268;1;9;2665.62;239.91
3091;"CA-2017-123967";"2017-11-01";"2017-11-03";4271;1333;1;5;25.12;7.85
3092;"US-2015-127040";"2015-12-06";"2015-12-10";4295;1122;2;4;113.92;42.15
3093;"US-2015-127040";"2015-12-06";"2015-12-10";4295;1208;2;9;1619.91;97.19
3094;"US-2015-127040";"2015-12-06";"2015-12-10";4295;1206;2;7;41.86;20.51
3095;"US-2015-127040";"2015-12-06";"2015-12-10";4295;1204;2;1;6.48;3.11
3096;"US-2016-146794";"2016-09-26";"2016-10-01";4306;862;2;5;424.96;20.0
3097;"US-2017-108245";"2017-09-22";"2017-09-27";4311;32;2;7;11.23;-18.53
3098;"US-2017-108245";"2017-09-22";"2017-09-27";4311;90;2;3;13.39;5.02
3099;"CA-2017-168900";"2017-05-04";"2017-05-09";4320;15;2;1;2.31;-1.93
3100;"CA-2017-122280";"2017-09-10";"2017-09-10";4322;1079;4;2;18.76;9.0
3101;"CA-2016-159730";"2016-09-17";"2016-09-21";4329;623;2;2;105.58;7.92
3102;"CA-2016-159730";"2016-09-17";"2016-09-21";4329;1159;2;2;113.89;9.97
3103;"CA-2017-166849";"2017-04-20";"2017-04-26";4333;1479;2;2;44.4;-52.17
3104;"CA-2015-146038";"2015-02-09";"2015-02-16";4338;94;2;5;203.92;22.94
3105;"CA-2017-113355";"2017-12-01";"2017-12-05";4342;499;2;3;317.06;-18.12
3106;"CA-2017-113355";"2017-12-01";"2017-12-05";4342;1293;2;5;219.8;24.73
3107;"CA-2017-108553";"2017-04-23";"2017-04-29";4348;790;2;7;122.71;36.81
3108;"CA-2017-108553";"2017-04-23";"2017-04-29";4348;1598;2;2;121.94;35.36
3109;"CA-2017-119193";"2017-12-22";"2017-12-24";4349;1213;3;7;629.96;94.49
3110;"CA-2017-119193";"2017-12-22";"2017-12-24";4349;632;3;1;1.64;-1.31
3111;"CA-2014-145317";"2014-03-18";"2014-03-23";4361;976;2;3;122.35;15.29
3112;"CA-2014-145317";"2014-03-18";"2014-03-23";4361;286;2;3;18.94;5.92
3113;"CA-2014-145317";"2014-03-18";"2014-03-23";4361;1383;2;2;30.77;8.08
3114;"CA-2014-145317";"2014-03-18";"2014-03-23";4361;1454;2;3;8.02;1.0
3115;"CA-2014-145317";"2014-03-18";"2014-03-23";4361;187;2;4;21.38;7.48
3116;"CA-2014-145317";"2014-03-18";"2014-03-23";4361;1453;2;6;22638.48;-1811.08
3117;"CA-2014-145317";"2014-03-18";"2014-03-23";4361;1449;2;4;821.3;-16.43
3118;"CA-2017-145128";"2017-07-09";"2017-07-14";4364;923;2;5;526.45;31.59
3119;"CA-2017-149146";"2017-10-12";"2017-10-12";4365;1491;4;2;7.97;2.69
3120;"CA-2017-150497";"2017-07-20";"2017-07-24";4377;1254;2;2;735.98;331.19
3121;"CA-2017-105235";"2017-12-05";"2017-12-11";4378;419;2;5;254.9;68.82
3122;"CA-2017-105235";"2017-12-05";"2017-12-11";4378;229;2;2;58.68;18.19
3123;"CA-2017-105235";"2017-12-05";"2017-12-11";4378;7;2;3;20.94;6.07
3124;"CA-2017-152093";"2017-09-10";"2017-09-15";4384;261;2;3;762.59;-1143.89
3125;"CA-2014-104738";"2014-12-30";"2015-01-01";4405;212;1;2;47.98;14.4
3126;"CA-2014-104738";"2014-12-30";"2015-01-01";4405;612;1;3;2.29;-3.66
3127;"CA-2014-104738";"2014-12-30";"2015-01-01";4405;979;1;3;328.78;28.77
3128;"CA-2014-104738";"2014-12-30";"2015-01-01";4405;1276;1;2;217.58;19.04
3129;"CA-2014-104738";"2014-12-30";"2015-01-01";4405;856;1;3;12.98;4.71
3130;"CA-2017-148929";"2017-09-07";"2017-09-11";4410;139;2;8;478.08;133.86
3131;"CA-2017-134845";"2017-04-17";"2017-04-23";4438;596;2;4;20.74;7.26
3132;"CA-2017-134845";"2017-04-17";"2017-04-23";4438;374;2;6;8.96;-6.57
3133;"CA-2017-134845";"2017-04-17";"2017-04-23";4438;10;2;2;21.59;-15.84
3134;"CA-2017-134845";"2017-04-17";"2017-04-23";4438;293;2;5;2549.99;-3399.98
3135;"CA-2017-134845";"2017-04-17";"2017-04-23";4438;32;2;5;12.03;-9.22
3136;"CA-2017-108322";"2017-04-30";"2017-05-05";4453;1500;2;3;2.38;0.74
3137;"CA-2017-108322";"2017-04-30";"2017-05-05";4453;733;2;8;23.68;6.22
3138;"CA-2015-168746";"2015-01-27";"2015-01-29";4494;1313;1;1;155.37;-36.25
3139;"CA-2015-168746";"2015-01-27";"2015-01-29";4494;1130;1;4;431.98;-100.79
3140;"CA-2015-168746";"2015-01-27";"2015-01-29";4494;207;1;2;181.99;-54.6
3141;"US-2014-160780";"2014-06-21";"2014-06-21";4505;655;4;2;25.16;-16.78
3142;"US-2014-160780";"2014-06-21";"2014-06-21";4505;909;4;7;11.09;-8.13
3143;"CA-2016-136371";"2016-03-19";"2016-03-21";4515;257;1;4;20.32;6.91
3144;"CA-2016-136371";"2016-03-19";"2016-03-21";4515;1528;1;1;14.98;6.89
3145;"CA-2017-116225";"2017-11-05";"2017-11-09";4519;424;2;5;390.75;171.93
3146;"US-2017-147669";"2017-12-25";"2017-12-30";4521;1244;2;13;39.31;12.78
3147;"US-2017-147669";"2017-12-25";"2017-12-30";4521;1222;2;2;273.06;-104.67
3148;"US-2017-147669";"2017-12-25";"2017-12-30";4521;1123;2;1;13.02;-10.42
3149;"US-2017-147669";"2017-12-25";"2017-12-30";4521;602;2;7;158.93;41.72
3150;"CA-2017-137022";"2017-11-16";"2017-11-22";4532;259;2;8;811.28;24.34
3151;"CA-2016-128517";"2016-04-09";"2016-04-14";4535;246;1;2;5.28;2.43
3152;"CA-2016-128517";"2016-04-09";"2016-04-14";4535;1313;1;2;517.9;134.65
3153;"CA-2017-139948";"2017-07-17";"2017-07-22";4543;500;2;2;7.9;2.17
3154;"CA-2017-127180";"2017-10-22";"2017-10-24";4561;593;3;1;52.99;0.53
3155;"CA-2017-127180";"2017-10-22";"2017-10-24";4561;156;3;5;63.9;28.76
3156;"CA-2017-127180";"2017-10-22";"2017-10-24";4561;591;3;8;2399.6;647.89
3157;"CA-2017-127180";"2017-10-22";"2017-10-24";4561;1367;3;4;11199.97;3919.99
3158;"CA-2015-141040";"2015-10-09";"2015-10-13";4576;1290;1;4;23.92;10.76
3159;"CA-2015-141040";"2015-10-09";"2015-10-13";4576;1288;1;4;631.96;303.34
3160;"CA-2014-131527";"2014-12-01";"2014-12-07";4584;1278;2;4;95.97;9.6
3161;"CA-2014-131002";"2014-09-07";"2014-09-12";4595;231;1;3;104.85;28.31
3162;"CA-2014-131002";"2014-09-07";"2014-09-12";4595;1323;1;6;821.88;213.69
3163;"CA-2014-131002";"2014-09-07";"2014-09-12";4595;1387;1;2;12.96;6.22
3164;"CA-2014-131002";"2014-09-07";"2014-09-12";4595;1385;1;3;42.81;20.12
3165;"CA-2014-131002";"2014-09-07";"2014-09-12";4595;1383;1;3;57.69;23.65
3166;"CA-2016-164735";"2016-04-14";"2016-04-19";4597;600;1;5;81.2;12.18
3167;"CA-2016-156300";"2016-12-29";"2017-01-02";4612;1143;2;5;754.45;60.36
3168;"CA-2014-123498";"2014-11-07";"2014-11-09";4623;1267;3;3;74.35;26.95
3169;"CA-2014-123498";"2014-11-07";"2014-11-09";4623;1123;3;3;26.05;-44.28
3170;"CA-2016-147368";"2016-06-09";"2016-06-12";4631;1086;3;2;695.7;-27.83
3171;"CA-2017-167668";"2017-05-06";"2017-05-08";4632;449;3;4;59.2;29.6
3172;"CA-2017-136875";"2017-12-03";"2017-12-03";4636;1362;4;3;166.44;79.89
3173;"CA-2017-121419";"2017-04-02";"2017-04-04";4642;505;3;4;360.0;129.6
3174;"CA-2017-121419";"2017-04-02";"2017-04-04";4642;162;3;2;411.8;70.01
3175;"CA-2015-114468";"2015-08-23";"2015-08-23";4652;702;4;2;5.77;-13.55
3176;"CA-2015-114468";"2015-08-23";"2015-08-23";4652;726;4;8;12.03;2.26
3177;"CA-2015-114468";"2015-08-23";"2015-08-23";4652;1121;4;2;10.37;3.63
3178;"CA-2015-114468";"2015-08-23";"2015-08-23";4652;301;4;4;31.68;2.77
3179;"US-2016-167339";"2016-01-21";"2016-01-23";4653;657;1;7;1013.49;76.01
3180;"US-2016-167339";"2016-01-21";"2016-01-23";4653;1522;1;2;153.57;-5.76
3181;"CA-2016-146633";"2016-11-15";"2016-11-17";4663;1480;1;7;38.14;13.35
3182;"CA-2016-146633";"2016-11-15";"2016-11-17";4663;261;1;1;1016.79;381.3
3183;"US-2014-133130";"2014-09-27";"2014-10-01";4669;1082;2;2;81.98;40.17
3184;"US-2014-133130";"2014-09-27";"2014-10-01";4669;499;2;5;603.92;45.29
3185;"CA-2016-132409";"2016-05-26";"2016-06-01";4681;1035;2;2;34.85;6.53
3186;"CA-2016-132409";"2016-05-26";"2016-06-01";4681;764;2;1;1.5;0.17
3187;"CA-2015-120810";"2015-07-23";"2015-07-27";4688;375;2;3;128.82;50.24
3188;"CA-2015-120810";"2015-07-23";"2015-07-27";4688;16;2;3;68.94;20.68
3189;"US-2017-120390";"2017-10-19";"2017-10-26";4692;636;2;4;1633.19;-1306.55
3190;"CA-2014-165540";"2014-02-21";"2014-02-25";4693;418;2;5;8.85;-13.72
3191;"CA-2014-154669";"2014-08-08";"2014-08-11";4695;1483;1;11;423.28;110.05
3192;"CA-2015-147788";"2015-05-31";"2015-06-04";4696;820;2;2;323.1;61.39
3193;"CA-2015-147788";"2015-05-31";"2015-06-04";4696;889;2;5;15.75;7.56
3194;"CA-2015-147788";"2015-05-31";"2015-06-04";4696;1330;2;7;1406.86;140.69
3195;"CA-2017-144589";"2017-01-20";"2017-01-25";4698;1213;2;3;359.98;130.49
3196;"CA-2017-144589";"2017-01-20";"2017-01-25";4698;992;2;5;24.2;7.99
3197;"CA-2017-119669";"2017-01-24";"2017-01-30";4717;1349;2;3;5.67;0.11
3198;"CA-2017-118773";"2017-02-09";"2017-02-14";4722;919;2;2;12.99;-32.48
3199;"CA-2017-118773";"2017-02-09";"2017-02-14";4722;1173;2;2;3.98;-2.69
3200;"CA-2017-118773";"2017-02-09";"2017-02-14";4722;603;2;2;127.98;16.0
3201;"CA-2017-118773";"2017-02-09";"2017-02-14";4722;21;2;4;252.78;-417.09
3202;"CA-2017-137470";"2017-09-17";"2017-09-17";4724;1493;4;2;12.96;6.35
3203;"CA-2015-149342";"2015-04-20";"2015-04-25";4738;884;2;2;12.96;6.22
3204;"CA-2015-149342";"2015-04-20";"2015-04-25";4738;621;2;3;287.97;77.75
3205;"CA-2014-140662";"2014-11-17";"2014-11-19";4745;1497;3;3;241.44;72.43
3206;"CA-2014-140662";"2014-11-17";"2014-11-19";4745;601;3;7;733.95;352.3
3207;"CA-2014-140662";"2014-11-17";"2014-11-19";4745;1161;3;2;99.98;8.0
3208;"US-2015-100377";"2015-08-28";"2015-09-01";4756;838;2;5;2799.96;874.99
3209;"CA-2014-134551";"2014-12-20";"2014-12-25";4765;882;2;5;25.92;9.07
3210;"CA-2014-134551";"2014-12-20";"2014-12-25";4765;304;2;3;662.88;74.57
3211;"CA-2014-134551";"2014-12-20";"2014-12-25";4765;771;2;7;43.51;3.81
3212;"CA-2017-105214";"2017-06-16";"2017-06-19";4775;965;3;7;1212.96;90.97
3213;"CA-2014-164224";"2014-05-18";"2014-05-20";4783;829;1;4;15.94;5.78
3214;"CA-2014-164224";"2014-05-18";"2014-05-20";4783;1515;1;3;149.23;3.73
3215;"CA-2015-124541";"2015-04-06";"2015-04-10";4791;829;2;2;7.97;2.89
3216;"CA-2015-124541";"2015-04-06";"2015-04-10";4791;1255;2;6;9.65;-16.88
3217;"CA-2015-124541";"2015-04-06";"2015-04-10";4791;742;2;3;6.9;-12.08
3218;"CA-2015-124541";"2015-04-06";"2015-04-10";4791;1307;2;2;25.49;4.46
3219;"CA-2015-124541";"2015-04-06";"2015-04-10";4791;611;2;9;42.05;5.26
3220;"CA-2015-168564";"2015-08-08";"2015-08-08";4792;657;4;1;144.78;10.86
3221;"CA-2015-168564";"2015-08-08";"2015-08-08";4792;217;4;2;7.28;2.73
3222;"CA-2015-168564";"2015-08-08";"2015-08-08";4792;989;4;2;6.61;2.23
3223;"CA-2015-162369";"2015-08-15";"2015-08-19";4798;820;2;2;323.1;61.39
3224;"CA-2016-134376";"2016-10-02";"2016-10-06";4799;309;2;3;61.44;16.59
3225;"CA-2015-113145";"2015-11-01";"2015-11-05";4828;430;2;4;503.96;125.99
3226;"CA-2015-113145";"2015-11-01";"2015-11-05";4828;584;2;7;1399.93;601.97
3227;"CA-2015-113145";"2015-11-01";"2015-11-05";4828;1586;2;1;42.95;1.29
3228;"CA-2015-113145";"2015-11-01";"2015-11-05";4828;538;2;5;259.7;106.48
3229;"CA-2015-113145";"2015-11-01";"2015-11-05";4828;1027;2;4;13.52;6.22
3230;"CA-2015-118444";"2015-11-05";"2015-11-09";4829;715;2;4;387.14;24.2
3231;"CA-2017-150189";"2017-07-08";"2017-07-10";4838;157;3;6;75.18;35.33
3232;"CA-2017-109778";"2017-07-16";"2017-07-21";4850;700;2;2;2.91;0.91
3233;"CA-2015-130610";"2015-07-05";"2015-07-10";4857;1175;2;5;19.0;8.93
3234;"CA-2014-115980";"2014-07-15";"2014-07-19";4873;165;2;3;6.54;2.68
3235;"CA-2014-115980";"2014-07-15";"2014-07-19";4873;1487;2;3;2.97;1.31
3236;"CA-2017-138163";"2017-11-17";"2017-11-20";4901;476;3;3;50.94;14.26
3237;"CA-2014-119375";"2014-11-17";"2014-11-22";4902;528;2;5;57.75;26.57
3238;"CA-2014-119375";"2014-11-17";"2014-11-22";4902;1216;2;3;124.41;14.93
3239;"CA-2014-119375";"2014-11-17";"2014-11-22";4902;875;2;7;2934.33;792.27
3240;"CA-2015-153220";"2015-11-12";"2015-11-14";4903;1443;3;5;15.7;7.07
3241;"US-2016-147991";"2016-05-05";"2016-05-09";4929;709;2;5;16.72;3.34
3242;"CA-2014-154963";"2014-06-22";"2014-06-27";19;2;2;5;853.93;0.0
3243;"CA-2014-154963";"2014-06-22";"2014-06-27";19;131;2;3;82.78;-15.18
3244;"CA-2014-154963";"2014-06-22";"2014-06-27";19;329;2;3;170.06;-4.86
3245;"CA-2014-103100";"2014-12-20";"2014-12-23";35;1254;3;3;1103.97;496.79
3246;"CA-2014-103100";"2014-12-20";"2014-12-23";35;1630;3;1;3.69;1.73
3247;"CA-2017-126788";"2017-06-05";"2017-06-06";40;1544;3;3;470.38;52.92
3248;"CA-2015-115945";"2015-06-25";"2015-07-01";52;259;2;3;304.23;9.13
3249;"CA-2015-115945";"2015-06-25";"2015-07-01";52;952;2;3;88.75;27.74
3250;"CA-2015-115945";"2015-06-25";"2015-07-01";52;1424;2;2;20.96;5.24
3251;"CA-2017-131212";"2017-12-05";"2017-12-09";56;694;2;6;14.98;5.43
3252;"CA-2017-131212";"2017-12-05";"2017-12-09";56;1228;2;3;24.82;8.38
3253;"CA-2015-110093";"2015-12-03";"2015-12-08";59;140;2;2;36.78;10.58
3254;"CA-2016-151155";"2016-12-20";"2016-12-24";62;15;2;2;15.42;6.94
3255;"CA-2016-151155";"2016-12-20";"2016-12-24";62;435;2;4;18.92;7.38
3256;"CA-2014-115336";"2014-11-18";"2014-11-25";66;486;2;5;14.48;-23.89
3257;"CA-2015-111234";"2015-02-18";"2015-02-22";67;534;2;3;9.24;4.44
3258;"CA-2016-163573";"2016-11-24";"2016-11-27";77;320;3;5;1219.96;381.24
3259;"CA-2017-158729";"2017-12-19";"2017-12-21";79;362;3;2;1665.62;33.31
3260;"CA-2017-160416";"2017-11-13";"2017-11-18";94;958;1;4;163.96;70.5
3261;"CA-2016-139234";"2016-05-06";"2016-05-10";98;1177;2;2;26.18;-3.27
3262;"CA-2016-139234";"2016-05-06";"2016-05-10";98;32;2;2;3.21;-5.29
3263;"CA-2017-167871";"2017-11-18";"2017-11-23";101;668;2;1;2.94;-0.66
3264;"CA-2017-167871";"2017-11-18";"2017-11-23";101;1224;2;1;44.38;15.53
3265;"CA-2016-143749";"2016-12-05";"2016-12-07";114;1616;3;1;81.94;20.49
3266;"CA-2017-161823";"2017-09-03";"2017-09-08";115;24;2;2;5.96;1.67
3267;"CA-2017-107748";"2017-12-10";"2017-12-12";117;596;1;2;12.96;6.22
3268;"CA-2017-107748";"2017-12-10";"2017-12-12";117;1594;1;4;95.84;34.74
3269;"CA-2015-142692";"2015-10-23";"2015-10-28";128;564;2;1;3.59;1.12
3270;"CA-2017-154732";"2017-11-05";"2017-11-07";185;104;3;5;16.03;-25.65
3271;"CA-2014-153983";"2014-11-29";"2014-12-06";186;999;2;5;30.4;15.2
3272;"CA-2014-153983";"2014-11-29";"2014-12-06";186;891;2;2;575.92;71.99
3273;"CA-2016-166485";"2016-02-20";"2016-02-27";189;1354;2;2;16.5;5.57
3274;"CA-2017-115546";"2017-05-14";"2017-05-18";198;719;2;2;22.58;5.87
3275;"CA-2017-115546";"2017-05-14";"2017-05-18";198;1404;2;3;539.97;134.99
3276;"CA-2014-162278";"2014-10-26";"2014-10-30";199;1221;1;5;383.96;38.4
3277;"CA-2014-162278";"2014-10-26";"2014-10-30";199;380;1;4;63.92;3.2
3278;"CA-2017-109715";"2017-12-09";"2017-12-14";202;143;2;2;15.98;5.0
3279;"CA-2015-113628";"2015-11-12";"2015-11-19";207;490;2;3;146.14;16.44
3280;"CA-2015-113628";"2015-11-12";"2015-11-19";207;857;2;1;100.79;10.08
3281;"CA-2015-113628";"2015-11-12";"2015-11-19";207;1576;2;5;523.92;-72.04
3282;"CA-2015-113628";"2015-11-12";"2015-11-19";207;1179;2;3;4.66;-3.73
3283;"CA-2015-113628";"2015-11-12";"2015-11-19";207;142;2;2;5.24;-4.02
3284;"CA-2015-113628";"2015-11-12";"2015-11-19";207;280;2;5;11.76;1.32
3285;"CA-2016-158869";"2016-08-06";"2016-08-07";212;241;3;2;70.88;33.31
3286;"CA-2016-148740";"2016-11-15";"2016-11-19";214;1077;2;2;361.38;27.1
3287;"CA-2014-110786";"2014-12-29";"2015-01-02";233;1326;2;6;70.56;23.99
3288;"CA-2014-110786";"2014-12-29";"2015-01-02";233;1023;2;9;274.77;126.39
3289;"CA-2014-110786";"2014-12-29";"2015-01-02";233;622;2;3;191.98;19.2
3290;"CA-2014-110786";"2014-12-29";"2015-01-02";233;322;2;3;14.35;4.66
3291;"CA-2014-110786";"2014-12-29";"2015-01-02";233;1158;2;6;767.95;287.98
3292;"CA-2014-110786";"2014-12-29";"2015-01-02";233;983;2;4;21.12;9.5
3293;"CA-2014-110786";"2014-12-29";"2015-01-02";233;1173;2;5;24.9;8.22
3294;"CA-2017-133004";"2017-08-31";"2017-09-05";243;297;2;9;638.73;166.07
3295;"CA-2017-123246";"2017-10-17";"2017-10-19";247;1608;1;4;10.64;2.77
3296;"CA-2014-145387";"2014-10-31";"2014-11-02";253;1416;1;1;385.69;-60.61
3297;"CA-2014-145387";"2014-10-31";"2014-11-02";253;1184;1;5;1604.9;481.47
3298;"CA-2014-145387";"2014-10-31";"2014-11-02";253;663;1;3;17.67;7.77
3299;"CA-2014-145387";"2014-10-31";"2014-11-02";253;988;1;2;34.08;15.68
3300;"CA-2014-145387";"2014-10-31";"2014-11-02";253;1408;1;2;14.76;4.28
3301;"CA-2014-145387";"2014-10-31";"2014-11-02";253;113;1;5;49.25;18.72
3302;"US-2017-124821";"2017-06-25";"2017-06-29";259;307;1;4;871.4;148.14
3303;"CA-2014-113047";"2014-10-24";"2014-10-24";272;1503;4;3;11.85;3.79
3304;"US-2016-164588";"2016-04-16";"2016-04-23";274;48;2;3;12.84;3.72
3305;"CA-2016-168893";"2016-11-03";"2016-11-08";275;1643;1;3;842.94;160.16
3306;"CA-2016-168893";"2016-11-03";"2016-11-08";275;1541;1;1;8.75;2.63
3307;"CA-2016-168893";"2016-11-03";"2016-11-08";275;818;1;5;24.1;9.16
3308;"CA-2016-168893";"2016-11-03";"2016-11-08";275;1608;1;3;7.98;2.07
3309;"CA-2016-168893";"2016-11-03";"2016-11-08";275;608;1;4;20.0;9.6
3310;"CA-2016-147536";"2016-12-26";"2016-12-31";292;826;2;3;89.97;18.89
3311;"CA-2014-122588";"2014-11-25";"2014-11-27";294;732;1;2;52.96;20.12
3312;"CA-2015-160213";"2015-03-08";"2015-03-13";302;1168;2;3;19.44;9.33
3313;"CA-2017-136448";"2017-09-16";"2017-09-18";323;212;3;2;47.98;14.4
3314;"CA-2017-136448";"2017-09-16";"2017-09-18";323;1045;3;2;538.19;-412.62
3315;"CA-2017-136448";"2017-09-16";"2017-09-18";323;1198;3;2;3.44;-2.76
3316;"CA-2017-136448";"2017-09-16";"2017-09-18";323;1527;3;3;22.51;2.25
3317;"CA-2017-136448";"2017-09-16";"2017-09-18";323;731;3;3;71.98;19.79
3318;"CA-2017-102407";"2017-12-09";"2017-12-13";356;1112;1;1;189.0;68.04
3319;"CA-2017-102407";"2017-12-09";"2017-12-13";356;484;1;9;896.33;22.41
3320;"CA-2017-102407";"2017-12-09";"2017-12-13";356;577;1;2;11.16;2.79
3321;"CA-2017-123001";"2017-09-02";"2017-09-08";369;1418;2;2;201.58;12.6
3322;"CA-2017-123001";"2017-09-02";"2017-09-08";369;449;2;5;74.0;37.0
3323;"CA-2017-123001";"2017-09-02";"2017-09-08";369;764;2;5;9.4;2.73
3324;"CA-2017-113530";"2017-05-19";"2017-05-21";409;428;1;1;36.32;10.9
3325;"CA-2017-113530";"2017-05-19";"2017-05-21";409;577;1;1;5.58;1.4
3326;"CA-2017-113530";"2017-05-19";"2017-05-21";409;777;1;2;3.52;1.02
3327;"CA-2017-113530";"2017-05-19";"2017-05-21";409;423;1;12;681.41;42.59
3328;"CA-2016-130680";"2016-06-24";"2016-06-29";414;1339;2;4;38.24;-9.56
3329;"US-2016-122182";"2016-03-10";"2016-03-14";452;1259;2;1;39.99;7.5
3330;"CA-2017-121314";"2017-09-23";"2017-09-26";467;601;3;3;251.64;88.07
3331;"CA-2016-100041";"2016-11-20";"2016-11-25";479;1376;2;3;314.55;150.98
3332;"US-2017-119039";"2017-03-06";"2017-03-10";504;224;2;9;14.98;5.43
3333;"CA-2014-127523";"2014-05-11";"2014-05-18";521;804;2;3;35.91;9.7
3334;"CA-2015-154200";"2015-06-18";"2015-06-22";528;848;2;2;51.98;15.07
3335;"CA-2014-165379";"2014-07-09";"2014-07-15";557;1290;2;3;14.35;4.49
3336;"US-2014-134733";"2014-09-23";"2014-09-28";559;200;2;2;83.98;31.49
3337;"US-2014-134733";"2014-09-23";"2014-09-28";559;1322;2;3;436.0;20.52
3338;"CA-2014-103940";"2014-09-17";"2014-09-21";582;235;2;5;137.24;46.32
3339;"CA-2014-103940";"2014-09-17";"2014-09-21";582;1343;2;2;35.34;13.43
3340;"CA-2014-103940";"2014-09-17";"2014-09-21";582;1215;2;3;57.93;16.22
3341;"CA-2014-103940";"2014-09-17";"2014-09-21";582;359;2;2;30.28;1.21
3342;"CA-2016-156811";"2016-10-27";"2016-11-02";602;1078;2;3;25.03;7.82
3343;"CA-2016-156811";"2016-10-27";"2016-11-02";602;1628;2;4;43.92;11.86
3344;"CA-2014-168130";"2014-09-19";"2014-09-19";636;1141;4;7;887.1;177.42
3345;"US-2016-107440";"2016-04-16";"2016-04-20";637;801;2;5;25.3;11.89
3346;"US-2016-107440";"2016-04-16";"2016-04-20";637;1173;2;2;9.96;3.29
3347;"US-2016-107440";"2016-04-16";"2016-04-20";637;1629;2;7;9099.93;2365.98
3348;"CA-2016-105900";"2016-09-17";"2016-09-23";648;306;2;5;33.4;12.36
3349;"CA-2017-123778";"2017-09-23";"2017-09-30";658;1497;2;2;160.96;48.29
3350;"CA-2017-123778";"2017-09-23";"2017-09-30";658;1368;2;6;25.82;9.04
3351;"CA-2014-166954";"2014-04-25";"2014-04-30";662;769;2;5;1487.04;148.7
3352;"CA-2014-166954";"2014-04-25";"2014-04-30";662;1484;2;3;270.72;78.51
3353;"CA-2014-166954";"2014-04-25";"2014-04-30";662;210;2;5;303.25;63.68
3354;"CA-2015-153612";"2015-12-22";"2015-12-27";665;910;2;4;17.12;4.96
3355;"CA-2015-111325";"2015-02-27";"2015-02-28";668;1205;3;6;16.03;2.2
3356;"CA-2015-132626";"2015-07-09";"2015-07-14";685;822;2;7;98.21;28.48
3357;"CA-2015-132626";"2015-07-09";"2015-07-14";685;95;2;6;43.68;21.4
3358;"CA-2015-132626";"2015-07-09";"2015-07-14";685;988;2;9;153.36;70.55
3359;"CA-2015-132626";"2015-07-09";"2015-07-14";685;1506;2;4;79.36;32.54
3360;"CA-2015-132626";"2015-07-09";"2015-07-14";685;928;2;3;84.09;42.05
3361;"CA-2015-132626";"2015-07-09";"2015-07-14";685;1504;2;3;12.39;5.7
3362;"CA-2015-132626";"2015-07-09";"2015-07-14";685;365;2;2;181.96;20.02
3363;"CA-2015-132626";"2015-07-09";"2015-07-14";685;1305;2;3;464.97;209.24
3364;"CA-2015-132626";"2015-07-09";"2015-07-14";685;1503;2;4;15.8;5.06
3365;"CA-2015-105690";"2015-11-21";"2015-11-26";713;1508;1;1;439.99;165.0
3366;"CA-2015-105690";"2015-11-21";"2015-11-26";713;3;1;2;11.7;3.95
3367;"CA-2015-105690";"2015-11-21";"2015-11-26";713;1007;1;2;246.13;-76.01
3368;"CA-2016-107328";"2016-08-08";"2016-08-15";719;612;2;5;15.24;5.33
3369;"CA-2016-107328";"2016-08-08";"2016-08-15";719;606;2;6;487.92;136.62
3370;"CA-2016-107328";"2016-08-08";"2016-08-15";719;707;2;2;513.02;12.83
3371;"US-2014-150434";"2014-07-19";"2014-07-24";731;612;2;1;3.81;1.83
3372;"US-2014-150434";"2014-07-19";"2014-07-24";731;1324;2;1;70.56;-4.03
3373;"US-2014-150434";"2014-07-19";"2014-07-24";731;1130;2;2;359.98;93.59
3374;"CA-2017-100160";"2017-09-07";"2017-09-11";748;107;2;3;4.9;1.65
3375;"CA-2017-100160";"2017-09-07";"2017-09-11";748;273;2;5;29.24;9.87
3376;"CA-2016-163398";"2016-05-03";"2016-05-08";754;1164;2;3;26.41;-71.3
3377;"CA-2016-163398";"2016-05-03";"2016-05-08";754;1644;2;7;27.38;2.74
3378;"CA-2016-163398";"2016-05-03";"2016-05-08";754;513;2;1;2.18;-3.6
3379;"CA-2016-145730";"2016-03-03";"2016-03-08";784;956;2;3;36.6;11.9
3380;"CA-2016-145730";"2016-03-03";"2016-03-08";784;1577;2;3;287.91;33.59
3381;"CA-2016-145730";"2016-03-03";"2016-03-08";784;698;2;3;637.9;-127.58
3382;"CA-2016-135265";"2016-07-07";"2016-07-09";793;1517;1;1;48.94;24.47
3383;"CA-2016-135265";"2016-07-07";"2016-07-09";793;1566;1;5;2799.96;944.99
3384;"CA-2016-135265";"2016-07-07";"2016-07-09";793;161;1;4;287.97;-3.6
3385;"CA-2015-150791";"2015-09-06";"2015-09-13";797;616;2;2;271.76;60.39
3386;"CA-2017-158344";"2017-08-07";"2017-08-11";812;966;2;4;63.96;19.83
3387;"CA-2017-100811";"2017-11-21";"2017-11-24";815;339;3;4;39.3;3.93
3388;"CA-2017-100811";"2017-11-21";"2017-11-24";815;638;3;2;8.45;2.64
3389;"CA-2017-118542";"2017-12-01";"2017-12-05";817;722;2;2;10.13;3.67
3390;"CA-2017-118542";"2017-12-01";"2017-12-05";817;1053;2;7;45.36;21.77
3391;"CA-2014-124688";"2014-08-27";"2014-08-29";819;1344;3;3;1202.94;300.74
3392;"CA-2014-124688";"2014-08-27";"2014-08-29";819;748;3;4;29.12;12.52
3393;"CA-2014-124688";"2014-08-27";"2014-08-29";819;1090;3;5;579.95;168.19
3394;"CA-2017-155957";"2017-11-26";"2017-11-30";825;613;2;7;213.14;23.98
3395;"CA-2017-155957";"2017-11-26";"2017-11-30";825;1035;2;3;52.27;9.8
3396;"CA-2016-167759";"2016-03-03";"2016-03-08";828;1299;1;3;134.85;37.76
3397;"CA-2015-140984";"2015-09-14";"2015-09-18";835;735;2;9;12.96;4.54
3398;"CA-2015-140984";"2015-09-14";"2015-09-18";835;1508;2;2;879.98;329.99
3399;"CA-2015-140984";"2015-09-14";"2015-09-18";835;274;2;6;991.2;257.71
3400;"CA-2017-111556";"2017-11-20";"2017-11-22";841;1355;3;3;68.97;19.31
3401;"CA-2017-111556";"2017-11-20";"2017-11-22";841;1160;3;3;1259.97;327.59
3402;"CA-2017-111556";"2017-11-20";"2017-11-22";841;1051;3;2;183.97;-25.3
3403;"CA-2017-111556";"2017-11-20";"2017-11-22";841;587;3;7;46.76;22.44
3404;"US-2016-161683";"2016-12-03";"2016-12-08";866;431;2;4;18.19;-14.55
3405;"US-2016-161683";"2016-12-03";"2016-12-08";866;253;2;4;394.82;93.77
3406;"CA-2017-104577";"2017-05-12";"2017-05-17";880;1117;2;5;87.6;42.05
3407;"CA-2016-119683";"2016-03-12";"2016-03-16";892;570;1;3;29.34;13.5
3408;"CA-2016-124233";"2016-04-08";"2016-04-14";893;500;2;5;24.7;10.37
3409;"US-2017-127341";"2017-01-29";"2017-02-02";896;431;2;4;12.13;-20.62
3410;"US-2016-150035";"2016-12-01";"2016-12-05";909;879;2;2;16.74;4.35
3411;"CA-2014-127936";"2014-09-02";"2014-09-04";913;1641;3;3;21.24;8.07
3412;"CA-2016-134803";"2016-05-28";"2016-06-03";917;1234;2;2;558.4;41.88
3413;"CA-2016-134803";"2016-05-28";"2016-06-03";917;87;2;4;22.72;7.38
3414;"CA-2016-134803";"2016-05-28";"2016-06-03";917;1146;2;7;131.6;7.9
3415;"CA-2016-134803";"2016-05-28";"2016-06-03";917;1451;2;8;182.72;84.05
3416;"CA-2016-134803";"2016-05-28";"2016-06-03";917;321;2;2;262.24;78.67
3417;"CA-2017-119452";"2017-03-21";"2017-03-27";922;1249;2;6;1805.88;523.71
3418;"CA-2016-111493";"2016-10-21";"2016-10-22";939;1177;3;6;98.16;9.82
3419;"CA-2016-155530";"2016-12-17";"2016-12-21";940;453;2;6;2003.52;-325.57
3420;"CA-2015-152527";"2015-10-17";"2015-10-17";946;132;4;2;77.88;3.89
3421;"CA-2016-127642";"2016-05-21";"2016-05-23";987;1637;3;2;111.96;54.86
3422;"CA-2017-168102";"2017-04-24";"2017-04-30";991;792;2;2;113.57;-21.29
3423;"US-2017-136868";"2017-10-06";"2017-10-12";1006;296;2;3;344.91;10.35
3424;"US-2017-136868";"2017-10-06";"2017-10-12";1006;1600;2;4;319.96;115.19
3425;"CA-2015-136378";"2015-04-02";"2015-04-07";1008;908;2;3;9.16;-13.73
3426;"US-2015-138716";"2015-09-17";"2015-09-20";1009;1078;3;3;25.03;7.82
3427;"US-2016-159415";"2016-04-17";"2016-04-22";1034;1561;2;5;79.12;13.85
3428;"CA-2016-157714";"2016-09-26";"2016-10-01";1035;1617;1;1;9.99;4.5
3429;"CA-2016-161095";"2016-06-28";"2016-06-28";1044;530;4;2;33.57;11.75
3430;"CA-2016-161095";"2016-06-28";"2016-06-28";1044;586;4;3;7.75;2.81
3431;"CA-2017-124296";"2017-12-24";"2017-12-28";1059;1231;2;4;232.88;60.55
3432;"CA-2017-124296";"2017-12-24";"2017-12-28";1059;1158;2;3;479.97;239.99
3433;"US-2015-119312";"2015-10-02";"2015-10-07";1061;1215;1;14;270.34;75.7
3434;"CA-2016-100671";"2016-11-01";"2016-11-04";1074;1332;3;9;111.67;6.98
3435;"CA-2016-137176";"2016-09-09";"2016-09-14";1123;1527;1;4;15.01;-12.01
3436;"CA-2017-132178";"2017-05-03";"2017-05-08";1133;482;1;8;763.44;45.81
3437;"CA-2017-132178";"2017-05-03";"2017-05-08";1133;980;1;2;69.52;19.47
3438;"CA-2015-161998";"2015-05-01";"2015-05-05";1141;940;2;6;172.7;10.79
3439;"CA-2015-161998";"2015-05-01";"2015-05-05";1141;732;2;3;63.55;14.3
3440;"CA-2016-108567";"2016-05-20";"2016-05-24";1150;564;2;2;2.69;-2.25
3441;"US-2016-134761";"2016-11-30";"2016-11-30";1154;1447;4;1;36.19;2.71
3442;"CA-2017-109960";"2017-12-09";"2017-12-11";1156;964;1;3;14.94;7.02
3443;"CA-2017-109960";"2017-12-09";"2017-12-11";1156;665;1;4;33.72;15.51
3444;"CA-2017-109960";"2017-12-09";"2017-12-11";1156;987;1;5;34.7;12.49
3445;"CA-2017-109960";"2017-12-09";"2017-12-11";1156;1468;1;6;104.88;41.95
3446;"CA-2015-141145";"2015-09-17";"2015-09-23";1172;428;2;3;87.17;10.9
3447;"CA-2017-158036";"2017-09-08";"2017-09-14";1180;1473;2;1;9.1;1.71
3448;"CA-2017-101077";"2017-03-25";"2017-03-30";1193;1505;1;2;6.85;2.14
3449;"CA-2015-143532";"2015-03-19";"2015-03-24";1198;631;2;3;14.5;4.89
3450;"US-2017-136189";"2017-12-07";"2017-12-11";1209;1632;2;6;82.38;25.54
3451;"US-2016-148334";"2016-08-22";"2016-08-26";1212;997;2;2;4.31;-6.9
3452;"CA-2017-110926";"2017-11-19";"2017-11-23";1215;509;2;7;25.06;12.53
3453;"CA-2014-123253";"2014-08-22";"2014-08-25";1216;434;1;1;3.91;1.03
3454;"CA-2015-153381";"2015-09-24";"2015-09-28";1219;1141;2;10;1408.1;394.27
3455;"CA-2014-102274";"2014-11-21";"2014-11-26";1229;8;2;3;5.46;1.47
3456;"CA-2014-102274";"2014-11-21";"2014-11-26";1229;300;2;3;193.95;9.7
3457;"CA-2014-102274";"2014-11-21";"2014-11-26";1229;888;2;6;629.1;301.97
3458;"CA-2014-102274";"2014-11-21";"2014-11-26";1229;535;2;1;36.99;9.99
3459;"CA-2015-104941";"2015-06-13";"2015-06-19";1232;1357;2;5;32.4;15.55
3460;"CA-2015-104941";"2015-06-13";"2015-06-19";1232;689;2;3;899.97;314.99
3461;"CA-2015-104941";"2015-06-13";"2015-06-19";1232;1185;2;3;19.14;8.8
3462;"CA-2015-104941";"2015-06-13";"2015-06-19";1232;1458;2;6;24.78;6.94
3463;"CA-2015-127593";"2015-09-21";"2015-09-21";1237;122;4;2;85.3;14.5
3464;"CA-2015-105627";"2015-03-08";"2015-03-12";1266;1515;2;6;373.08;82.08
3465;"CA-2015-105627";"2015-03-08";"2015-03-12";1266;1567;2;1;14.98;4.49
3466;"CA-2015-105627";"2015-03-08";"2015-03-12";1266;773;2;5;769.95;223.29
3467;"CA-2015-105627";"2015-03-08";"2015-03-12";1266;1429;2;7;860.93;189.4
3468;"CA-2015-105627";"2015-03-08";"2015-03-12";1266;1322;2;3;512.94;97.46
3469;"CA-2017-133501";"2017-08-27";"2017-09-01";1269;1371;2;1;5.18;1.81
3470;"CA-2017-108112";"2017-11-15";"2017-11-20";1270;317;2;4;220.06;55.02
3471;"CA-2014-163034";"2014-11-24";"2014-11-28";1271;820;2;5;646.2;-8.08
3472;"CA-2017-117807";"2017-10-01";"2017-10-07";1280;978;2;1;104.85;50.33
3473;"US-2016-111290";"2016-07-22";"2016-07-26";1298;714;2;5;32.4;15.55
3474;"US-2016-111290";"2016-07-22";"2016-07-26";1298;1646;2;5;29.2;10.51
3475;"US-2016-111290";"2016-07-22";"2016-07-26";1298;1645;2;5;965.85;135.22
3476;"US-2016-111290";"2016-07-22";"2016-07-26";1298;1518;2;1;109.95;36.28
3477;"US-2014-130358";"2014-06-23";"2014-06-26";1323;1466;3;1;3.1;0.35
3478;"US-2014-130358";"2014-06-23";"2014-06-26";1323;1599;3;9;20.02;1.75
3479;"CA-2015-153717";"2015-12-25";"2016-01-01";1327;1064;2;1;3.28;0.95
3480;"CA-2015-153717";"2015-12-25";"2016-01-01";1327;1203;2;3;17.34;8.5
3481;"CA-2015-153717";"2015-12-25";"2016-01-01";1327;1611;2;1;160.98;20.93
3482;"CA-2015-153717";"2015-12-25";"2016-01-01";1327;535;2;2;73.98;19.97
3483;"CA-2015-168767";"2015-04-10";"2015-04-15";1342;32;2;2;12.83;4.33
3484;"CA-2016-163153";"2016-03-21";"2016-03-25";1344;177;2;1;1.34;0.5
3485;"CA-2016-163153";"2016-03-21";"2016-03-25";1344;1031;2;2;99.37;-1.42
3486;"CA-2015-129392";"2015-07-08";"2015-07-08";1348;1618;4;5;21.12;6.6
3487;"CA-2016-136231";"2016-09-05";"2016-09-07";1350;1538;1;3;10.27;3.21
3488;"CA-2016-136231";"2016-09-05";"2016-09-07";1350;566;1;2;108.78;6.8
3489;"CA-2016-136231";"2016-09-05";"2016-09-07";1350;570;1;3;23.47;7.63
3490;"US-2017-105389";"2017-10-23";"2017-10-28";1352;706;1;3;10.27;0.9
3491;"US-2017-105389";"2017-10-23";"2017-10-28";1352;1005;1;5;823.96;51.5
3492;"US-2017-105389";"2017-10-23";"2017-10-28";1352;1520;1;3;3.56;-6.24
3493;"CA-2014-164910";"2014-11-12";"2014-11-17";1354;429;1;3;7.87;0.89
3494;"CA-2016-114482";"2016-11-21";"2016-11-25";1358;68;1;3;404.94;109.33
3495;"CA-2016-114482";"2016-11-21";"2016-11-25";1358;954;1;7;40.46;19.83
3496;"CA-2016-114951";"2016-06-26";"2016-07-03";1368;1408;2;3;22.14;6.42
3497;"CA-2015-121272";"2015-03-29";"2015-04-04";1372;1415;2;4;73.28;21.25
3498;"CA-2016-133144";"2016-05-16";"2016-05-21";1375;420;1;3;17.34;8.5
3499;"CA-2017-140760";"2017-06-02";"2017-06-05";1377;388;1;5;43.92;15.92
3500;"CA-2017-140760";"2017-06-02";"2017-06-05";1377;497;1;6;25.34;7.92
3501;"CA-2014-116834";"2014-10-11";"2014-10-16";1403;1573;2;5;345.0;58.65
3502;"CA-2014-116834";"2014-10-11";"2014-10-16";1403;1100;2;11;63.47;19.04
3503;"CA-2015-139962";"2015-12-13";"2015-12-20";1405;60;2;2;37.88;18.94
3504;"CA-2015-139962";"2015-12-13";"2015-12-20";1405;518;2;3;19.44;9.33
3505;"CA-2017-163692";"2017-09-07";"2017-09-09";1409;142;3;3;7.86;-6.02
3506;"CA-2017-148404";"2017-10-07";"2017-10-11";1412;1379;2;3;154.76;-36.11
3507;"CA-2017-148404";"2017-10-07";"2017-10-11";1412;928;2;6;50.45;-33.64
3508;"CA-2017-148404";"2017-10-07";"2017-10-11";1412;768;2;2;222.38;16.68
3509;"CA-2017-148404";"2017-10-07";"2017-10-11";1412;286;2;3;18.94;5.92
3510;"CA-2017-148404";"2017-10-07";"2017-10-11";1412;195;2;4;580.67;65.33
3511;"CA-2014-107139";"2014-07-05";"2014-07-11";1413;242;2;6;180.96;67.86
3512;"CA-2014-168592";"2014-09-08";"2014-09-14";1414;196;2;2;4.02;1.97
3513;"CA-2014-168592";"2014-09-08";"2014-09-14";1414;671;2;1;14.97;4.19
3514;"CA-2014-168592";"2014-09-08";"2014-09-14";1414;1144;2;5;56.65;24.36
3515;"CA-2017-161956";"2017-08-27";"2017-08-29";1429;792;1;5;354.9;17.75
3516;"CA-2017-161956";"2017-08-27";"2017-08-29";1429;149;1;2;841.57;294.55
3517;"CA-2017-161956";"2017-08-27";"2017-08-29";1429;1317;1;3;116.28;56.98
3518;"CA-2017-161956";"2017-08-27";"2017-08-29";1429;946;1;3;230.28;23.03
3519;"CA-2017-161956";"2017-08-27";"2017-08-29";1429;667;1;5;28.4;8.24
3520;"CA-2017-161956";"2017-08-27";"2017-08-29";1429;1508;1;2;879.98;329.99
3521;"CA-2017-161956";"2017-08-27";"2017-08-29";1429;1497;1;4;321.92;96.58
3522;"CA-2017-134285";"2017-12-07";"2017-12-12";1451;52;2;3;15.55;5.44
3523;"CA-2017-134285";"2017-12-07";"2017-12-12";1451;907;2;3;3.55;1.24
3524;"CA-2014-152849";"2014-07-05";"2014-07-12";1464;8;2;3;4.37;0.38
3525;"US-2017-103226";"2017-09-22";"2017-09-28";1467;398;2;3;27.18;12.23
3526;"CA-2017-101581";"2017-10-22";"2017-10-27";1468;26;2;5;177.23;-120.51
3527;"CA-2016-149902";"2016-04-01";"2016-04-06";1474;625;2;4;88.04;22.89
3528;"CA-2015-128083";"2015-03-12";"2015-03-17";1507;1475;2;3;6.41;1.44
3529;"CA-2015-128083";"2015-03-12";"2015-03-17";1507;14;2;4;30.88;3.86
3530;"CA-2015-128083";"2015-03-12";"2015-03-17";1507;214;2;3;8.69;2.93
3531;"US-2014-102631";"2014-12-13";"2014-12-17";1516;1624;2;3;94.43;-42.49
3532;"CA-2015-153626";"2015-07-09";"2015-07-14";1523;1352;2;3;5.16;0.84
3533;"CA-2017-130967";"2017-03-10";"2017-03-16";1528;367;2;3;53.98;-10.8
3534;"US-2016-116400";"2016-10-22";"2016-10-24";1533;1557;3;4;39.92;11.18
3535;"CA-2014-139633";"2014-12-17";"2014-12-24";1551;1149;2;4;5.48;-4.02
3536;"CA-2017-134838";"2017-02-19";"2017-02-20";1562;1076;3;3;44.67;12.06
3537;"CA-2017-134838";"2017-02-19";"2017-02-20";1562;706;3;3;12.84;3.47
3538;"US-2015-147242";"2015-09-10";"2015-09-14";1571;686;2;9;278.82;125.47
3539;"US-2015-147242";"2015-09-10";"2015-09-14";1571;454;2;2;361.96;83.25
3540;"US-2015-147242";"2015-09-10";"2015-09-14";1571;1446;2;2;61.96;16.11
3541;"CA-2016-155565";"2016-05-28";"2016-05-28";1574;206;4;5;54.9;15.37
3542;"CA-2017-160458";"2017-05-27";"2017-05-29";1588;884;1;5;25.92;9.07
3543;"CA-2017-127516";"2017-12-28";"2018-01-03";1601;340;2;1;64.78;-12.96
3544;"CA-2016-104969";"2016-04-08";"2016-04-14";1605;897;2;6;121.1;-100.92
3545;"CA-2016-104969";"2016-04-08";"2016-04-14";1605;1183;2;1;8.87;3.22
3546;"CA-2016-146010";"2016-05-20";"2016-05-23";1606;422;3;7;40.64;-32.51
3547;"CA-2017-112725";"2017-01-30";"2017-02-06";1609;37;2;1;120.78;-13.59
3548;"CA-2017-112725";"2017-01-30";"2017-02-06";1609;1614;2;3;8.82;2.38
3549;"CA-2017-112725";"2017-01-30";"2017-02-06";1609;700;2;7;12.74;5.73
3550;"CA-2017-125752";"2017-07-31";"2017-08-04";1611;1038;2;2;41.42;8.28
3551;"CA-2014-105340";"2014-11-22";"2014-11-25";1614;699;3;1;6.93;-11.08
3552;"US-2014-117163";"2014-01-27";"2014-02-02";1618;1571;2;4;36.44;12.03
3553;"US-2014-117163";"2014-01-27";"2014-02-02";1618;1568;2;3;333.0;-16.65
3554;"US-2014-117163";"2014-01-27";"2014-02-02";1618;1464;2;1;57.23;14.31
3555;"CA-2015-154340";"2015-11-29";"2015-11-30";1628;1180;3;2;56.3;15.76
3556;"CA-2017-114258";"2017-11-05";"2017-11-10";1645;773;1;4;492.77;55.44
3557;"CA-2017-160087";"2017-03-18";"2017-03-22";1670;861;2;3;23.83;6.55
3558;"CA-2015-163587";"2015-03-14";"2015-03-18";1672;1070;2;3;671.94;315.81
3559;"CA-2015-163587";"2015-03-14";"2015-03-18";1672;472;2;4;16.52;7.6
3560;"CA-2016-140641";"2016-10-28";"2016-11-02";1676;1511;2;5;38.19;-26.73
3561;"US-2016-131611";"2016-11-05";"2016-11-09";1677;1196;2;5;171.96;45.14
3562;"US-2016-131611";"2016-11-05";"2016-11-09";1677;266;2;3;12.59;-20.14
3563;"US-2016-131611";"2016-11-05";"2016-11-09";1677;1210;2;7;956.66;-225.1
3564;"US-2016-131611";"2016-11-05";"2016-11-09";1677;1520;2;3;3.56;-6.24
3565;"US-2016-131611";"2016-11-05";"2016-11-09";1677;352;2;8;863.13;-160.3
3566;"CA-2017-111815";"2017-03-03";"2017-03-10";1680;1093;2;2;99.98;42.99
3567;"CA-2017-111815";"2017-03-03";"2017-03-10";1680;657;2;1;180.98;47.05
3568;"US-2015-131359";"2015-10-30";"2015-11-02";1709;1552;1;4;15.49;3.68
3569;"US-2015-131359";"2015-10-30";"2015-11-02";1709;604;1;5;87.96;30.79
3570;"US-2015-131359";"2015-10-30";"2015-11-02";1709;1508;1;1;439.99;165.0
3571;"US-2015-131359";"2015-10-30";"2015-11-02";1709;1128;1;2;59.99;-46.0
3572;"US-2017-126081";"2017-06-29";"2017-07-04";1725;540;2;1;5.18;1.81
3573;"CA-2017-101308";"2017-10-02";"2017-10-07";1730;593;2;2;84.78;-20.14
3574;"CA-2017-101308";"2017-10-02";"2017-10-07";1730;185;2;3;8.94;4.11
3575;"CA-2017-107832";"2017-11-23";"2017-11-26";1742;244;1;1;7.48;-5.98
3576;"CA-2015-165624";"2015-08-23";"2015-08-28";1743;93;2;3;25.86;6.72
3577;"CA-2015-165624";"2015-08-23";"2015-08-28";1743;1085;2;9;251.91;47.86
3578;"CA-2015-165624";"2015-08-23";"2015-08-28";1743;1593;2;2;97.88;48.94
3579;"CA-2015-165624";"2015-08-23";"2015-08-28";1743;1044;2;5;21.4;9.63
3580;"CA-2015-165624";"2015-08-23";"2015-08-28";1743;1456;2;5;193.8;94.96
3581;"CA-2015-165624";"2015-08-23";"2015-08-28";1743;1065;2;3;8.64;4.23
3582;"CA-2015-165624";"2015-08-23";"2015-08-28";1743;1016;2;3;542.94;152.02
3583;"CA-2015-148859";"2015-12-28";"2016-01-01";1744;1332;2;2;24.82;1.55
3584;"CA-2016-103163";"2016-06-07";"2016-06-11";1765;466;2;1;4.73;2.32
3585;"CA-2016-103163";"2016-06-07";"2016-06-11";1765;322;2;1;4.78;1.55
3586;"US-2017-129777";"2017-07-03";"2017-07-09";1768;610;2;2;24.56;11.54
3587;"US-2017-129777";"2017-07-03";"2017-07-09";1768;1038;2;10;258.9;93.2
3588;"CA-2017-146535";"2017-11-24";"2017-11-30";1771;858;2;12;1443.96;375.43
3589;"CA-2017-146535";"2017-11-24";"2017-11-30";1771;465;2;1;2.88;1.41
3590;"CA-2016-145842";"2016-06-17";"2016-06-20";1776;757;1;3;40.74;0.41
3591;"CA-2017-144036";"2017-11-22";"2017-11-26";1790;577;2;8;35.71;2.23
3592;"CA-2016-132731";"2016-11-24";"2016-11-28";1805;1407;2;6;657.55;49.32
3593;"CA-2017-136350";"2017-06-24";"2017-06-26";1808;361;1;2;172.76;32.63
3594;"CA-2017-136350";"2017-06-24";"2017-06-26";1808;658;1;3;276.69;49.8
3595;"CA-2014-140228";"2014-04-28";"2014-05-03";1820;1519;2;2;177.57;-37.73
3596;"CA-2014-140228";"2014-04-28";"2014-05-03";1820;719;2;3;27.1;2.03
3597;"CA-2014-140228";"2014-04-28";"2014-05-03";1820;695;2;3;6.91;2.51
3598;"CA-2015-167745";"2015-09-18";"2015-09-23";1822;1055;2;2;24.4;10.25
3599;"CA-2015-167745";"2015-09-18";"2015-09-23";1822;1485;2;2;16.9;5.07
3600;"CA-2015-167745";"2015-09-18";"2015-09-23";1822;80;2;2;11.68;5.49
3601;"CA-2017-130309";"2017-12-17";"2017-12-21";1834;195;2;3;544.38;157.87
3602;"US-2017-131849";"2017-06-06";"2017-06-10";1854;1273;2;5;26.4;0.0
3603;"US-2017-131849";"2017-06-06";"2017-06-10";1854;1597;2;1;4.95;2.18
3604;"CA-2015-163090";"2015-11-17";"2015-11-21";1863;522;1;5;40.92;3.07
3605;"CA-2017-122595";"2017-12-14";"2017-12-20";1886;1314;2;1;2.03;-1.32
3606;"CA-2017-122595";"2017-12-14";"2017-12-20";1886;1291;2;3;52.68;19.76
3607;"CA-2016-100244";"2016-09-20";"2016-09-24";1904;688;2;2;48.64;15.81
3608;"CA-2016-100244";"2016-09-20";"2016-09-24";1904;1456;2;2;77.52;37.98
3609;"CA-2016-100244";"2016-09-20";"2016-09-24";1904;209;2;4;11.76;3.18
3610;"CA-2016-100244";"2016-09-20";"2016-09-24";1904;31;2;2;271.98;88.39
3611;"CA-2016-100244";"2016-09-20";"2016-09-24";1904;1232;2;9;65.79;30.26
3612;"CA-2016-130029";"2016-07-03";"2016-07-06";1925;890;3;2;3.96;0.08
3613;"CA-2016-130029";"2016-07-03";"2016-07-06";1925;1420;3;2;12.96;6.22
3614;"CA-2017-130526";"2017-11-26";"2017-11-29";1927;530;3;8;33.57;-53.71
3615;"CA-2014-124709";"2014-07-27";"2014-07-29";1929;1140;1;2;238.0;38.08
3616;"CA-2015-154795";"2015-12-20";"2015-12-24";1938;1009;2;2;14.37;3.95
3617;"CA-2015-154795";"2015-12-20";"2015-12-24";1938;1635;2;1;7.92;2.77
3618;"CA-2016-131737";"2016-03-17";"2016-03-17";1939;483;4;5;971.5;252.59
3619;"CA-2016-131737";"2016-03-17";"2016-03-17";1939;47;4;3;901.95;297.64
3620;"CA-2016-131737";"2016-03-17";"2016-03-17";1939;835;4;5;199.9;89.96
3621;"CA-2017-156769";"2017-05-06";"2017-05-09";1941;1571;3;6;54.66;18.04
3622;"CA-2014-157924";"2014-10-11";"2014-10-13";1955;1615;3;2;433.57;-65.04
3623;"CA-2014-157924";"2014-10-11";"2014-10-13";1955;750;3;4;31.92;8.3
3624;"CA-2015-136735";"2015-07-26";"2015-08-02";1956;299;2;2;167.86;78.89
3625;"US-2016-113649";"2016-08-09";"2016-08-12";1959;310;3;4;569.54;64.07
3626;"US-2016-113649";"2016-08-09";"2016-08-12";1959;1192;3;2;44.78;4.48
3627;"US-2016-113649";"2016-08-09";"2016-08-12";1959;720;3;9;30.82;9.63
3628;"CA-2017-117044";"2017-09-11";"2017-09-13";1961;507;1;6;20.54;6.42
3629;"CA-2017-117044";"2017-09-11";"2017-09-13";1961;1150;1;4;10.53;3.29
3630;"CA-2017-141873";"2017-10-09";"2017-10-14";1980;1175;2;6;18.24;6.16
3631;"CA-2017-141873";"2017-10-09";"2017-10-14";1980;1580;2;2;18.98;8.92
3632;"CA-2017-141873";"2017-10-09";"2017-10-14";1980;1212;2;3;314.35;-15.72
3633;"CA-2017-141873";"2017-10-09";"2017-10-14";1980;800;2;3;12.82;4.33
3634;"CA-2015-100216";"2015-04-13";"2015-04-14";2002;996;3;3;54.82;17.82
3635;"CA-2015-100216";"2015-04-13";"2015-04-14";2002;662;3;6;31.1;10.89
3636;"CA-2016-165470";"2016-11-25";"2016-11-30";2005;205;2;1;5.08;1.65
3637;"CA-2015-150875";"2015-11-16";"2015-11-20";2009;239;2;3;304.78;22.86
3638;"CA-2015-150875";"2015-11-16";"2015-11-20";2009;4;2;2;696.42;160.18
3639;"CA-2017-166709";"2017-11-17";"2017-11-22";2020;1367;2;3;10499.97;5039.99
3640;"CA-2017-140326";"2017-09-04";"2017-09-06";2061;193;3;3;6.91;0.86
3641;"CA-2017-140326";"2017-09-04";"2017-09-06";2061;1148;3;3;17.76;5.55
3642;"CA-2017-140326";"2017-09-04";"2017-09-06";2061;1401;3;9;825.17;-117.88
3643;"CA-2017-168739";"2017-05-29";"2017-06-05";2063;1345;2;4;65.42;-52.34
3644;"CA-2016-169971";"2016-09-04";"2016-09-09";2076;848;2;3;62.38;7.02
3645;"CA-2016-169971";"2016-09-04";"2016-09-09";2076;434;2;1;3.91;1.03
3646;"CA-2017-132339";"2017-08-19";"2017-08-23";2102;813;2;1;387.99;182.36
3647;"CA-2016-154536";"2016-09-05";"2016-09-09";2119;151;2;5;9.56;-7.33
3648;"CA-2016-102792";"2016-12-13";"2016-12-19";2120;736;2;3;9.84;3.25
3649;"CA-2014-159184";"2014-09-14";"2014-09-19";2123;371;2;2;7.16;3.44
3650;"CA-2014-159184";"2014-09-14";"2014-09-19";2123;1122;2;5;142.4;52.69
3651;"CA-2017-118360";"2017-04-01";"2017-04-07";2128;1532;2;9;42.93;19.32
3652;"CA-2014-138436";"2014-03-26";"2014-03-30";2142;373;2;3;66.3;8.62
3653;"CA-2016-144218";"2016-10-31";"2016-11-04";2151;1537;2;7;1085.42;282.21
3654;"CA-2017-168858";"2017-11-19";"2017-11-23";2169;677;2;7;2504.74;626.19
3655;"CA-2017-168858";"2017-11-19";"2017-11-23";2169;90;2;3;16.74;8.37
3656;"CA-2015-163762";"2015-11-27";"2015-12-01";2171;861;2;3;29.79;12.51
3657;"CA-2017-161053";"2017-09-22";"2017-09-23";2203;179;3;5;34.95;15.38
3658;"CA-2017-161053";"2017-09-22";"2017-09-23";2203;1592;3;4;691.96;318.3
3659;"CA-2015-132486";"2015-10-23";"2015-10-27";2220;1087;1;3;842.35;42.12
3660;"CA-2015-132486";"2015-10-23";"2015-10-27";2220;141;1;4;11.8;5.66
3661;"CA-2015-132486";"2015-10-23";"2015-10-27";2220;420;1;2;11.56;5.66
3662;"CA-2015-132486";"2015-10-23";"2015-10-27";2220;779;1;7;191.97;16.8
3663;"CA-2015-132486";"2015-10-23";"2015-10-27";2220;1249;1;1;240.78;27.09
3664;"CA-2015-132486";"2015-10-23";"2015-10-27";2220;670;1;9;148.32;63.78
3665;"CA-2016-152163";"2016-07-01";"2016-07-01";2221;568;4;2;58.34;28.0
3666;"CA-2016-152163";"2016-07-01";"2016-07-01";2221;662;4;2;12.96;6.22
3667;"CA-2016-152163";"2016-07-01";"2016-07-01";2221;87;4;2;14.2;6.53
3668;"US-2017-150847";"2017-04-30";"2017-05-06";2240;518;2;2;10.37;3.63
3669;"CA-2015-137750";"2015-06-25";"2015-06-30";2245;619;2;5;204.85;57.36
3670;"CA-2016-108434";"2016-12-05";"2016-12-07";2261;1537;1;3;465.18;120.95
3671;"CA-2016-116799";"2016-03-03";"2016-03-06";2265;1562;3;5;563.43;-56.34
3672;"CA-2014-151001";"2014-04-05";"2014-04-07";2271;1501;3;4;52.1;3.91
3673;"CA-2014-151001";"2014-04-05";"2014-04-07";2271;336;3;4;49.63;3.72
3674;"CA-2014-132801";"2014-10-07";"2014-10-12";2272;63;2;10;107.44;10.74
3675;"US-2014-107699";"2014-05-19";"2014-05-23";2281;1185;2;9;57.42;26.41
3676;"CA-2014-169726";"2014-08-09";"2014-08-13";2294;1254;2;7;2060.74;643.98
3677;"CA-2015-103205";"2015-12-08";"2015-12-10";2310;367;1;5;119.96;12.0
3678;"US-2014-102715";"2014-04-11";"2014-04-13";2319;1564;1;7;335.94;41.99
3679;"US-2014-102715";"2014-04-11";"2014-04-13";2319;972;1;2;10.37;3.63
3680;"US-2014-102715";"2014-04-11";"2014-04-13";2319;325;1;3;383.98;81.59
3681;"US-2014-102715";"2014-04-11";"2014-04-13";2319;1563;1;3;6.91;2.33
3682;"US-2017-155999";"2017-08-07";"2017-08-13";2324;436;2;2;13.76;4.64
3683;"US-2017-155999";"2017-08-07";"2017-08-13";2324;806;2;5;159.96;18.0
3684;"CA-2017-100601";"2017-11-16";"2017-11-20";2326;561;2;7;48.86;0.98
3685;"CA-2014-135608";"2014-12-08";"2014-12-10";2330;499;1;5;603.92;45.29
3686;"CA-2014-135608";"2014-12-08";"2014-12-10";2330;394;1;2;45.68;21.01
3687;"CA-2017-168109";"2017-07-03";"2017-07-03";2342;869;4;4;1687.8;742.63
3688;"CA-2017-168109";"2017-07-03";"2017-07-03";2342;1422;4;6;2395.2;209.58
3689;"CA-2017-168109";"2017-07-03";"2017-07-03";2342;212;4;2;59.98;26.39
3690;"CA-2016-108616";"2016-09-29";"2016-10-03";2348;193;2;9;25.92;7.78
3691;"CA-2016-108616";"2016-09-29";"2016-10-03";2348;266;2;3;62.94;30.21
3692;"CA-2016-108616";"2016-09-29";"2016-10-03";2348;1283;2;3;209.97;71.39
3693;"CA-2017-128426";"2017-10-07";"2017-10-11";2351;35;2;5;4.24;-6.36
3694;"CA-2016-150945";"2016-12-18";"2016-12-20";2361;887;1;4;900.08;117.01
3695;"CA-2017-154039";"2017-02-17";"2017-02-22";2362;1603;2;1;124.79;10.92
3696;"CA-2017-154039";"2017-02-17";"2017-02-22";2362;707;2;3;480.96;-269.34
3697;"US-2017-100482";"2017-04-11";"2017-04-15";2368;605;2;2;27.12;-4.75
3698;"US-2017-100482";"2017-04-11";"2017-04-15";2368;413;2;2;16.77;1.47
3699;"CA-2016-165169";"2016-06-05";"2016-06-11";2378;1281;2;3;14.94;6.87
3700;"CA-2016-165169";"2016-06-05";"2016-06-11";2378;577;2;2;11.16;2.79
3701;"CA-2016-165169";"2016-06-05";"2016-06-11";2378;654;2;2;360.38;93.7
3702;"CA-2014-103590";"2014-11-30";"2014-12-04";2382;1621;2;4;62.28;29.27
3703;"CA-2014-110849";"2014-04-18";"2014-04-23";2387;444;2;2;11.62;3.6
3704;"CA-2014-110849";"2014-04-18";"2014-04-23";2387;1352;2;5;10.75;3.55
3705;"CA-2014-110849";"2014-04-18";"2014-04-23";2387;1064;2;4;13.12;3.8
3706;"CA-2014-110849";"2014-04-18";"2014-04-23";2387;1412;2;4;287.97;97.19
3707;"US-2014-138758";"2014-07-07";"2014-07-11";2388;442;2;2;69.01;12.08
3708;"US-2014-138758";"2014-07-07";"2014-07-11";2388;967;2;2;172.19;-46.74
3709;"CA-2014-127299";"2014-09-19";"2014-09-24";2389;1613;2;3;2624.99;-944.99
3710;"CA-2014-127299";"2014-09-19";"2014-09-24";2389;822;2;6;67.34;7.58
3711;"CA-2016-167556";"2016-03-29";"2016-04-02";2404;881;2;7;41.33;14.98
3712;"CA-2016-167556";"2016-03-29";"2016-04-02";2404;106;2;8;414.0;124.2
3713;"CA-2016-167556";"2016-03-29";"2016-04-02";2404;1509;2;5;29.8;9.31
3714;"CA-2016-167556";"2016-03-29";"2016-04-02";2404;1097;2;2;13.48;6.74
3715;"CA-2016-108735";"2016-04-17";"2016-04-21";2418;583;2;3;257.5;24.24
3716;"CA-2014-100363";"2014-04-08";"2014-04-15";2427;1585;2;3;19.01;6.89
3717;"CA-2014-100363";"2014-04-08";"2014-04-15";2427;907;2;2;2.37;0.83
3718;"US-2016-108777";"2016-12-12";"2016-12-12";2429;181;4;6;383.95;76.79
3719;"US-2016-108777";"2016-12-12";"2016-12-12";2429;778;4;3;18.69;-14.33
3720;"CA-2017-166576";"2017-05-16";"2017-05-18";2437;1074;3;2;221.02;-55.26
3721;"CA-2016-116344";"2016-07-29";"2016-08-02";2454;144;2;2;84.78;-16.96
3722;"CA-2017-130764";"2017-10-27";"2017-10-28";2456;1594;3;4;95.84;34.74
3723;"CA-2017-130764";"2017-10-27";"2017-10-28";2456;1212;3;5;556.67;6.55
3724;"CA-2017-144568";"2017-05-29";"2017-06-02";2467;1207;2;5;23.55;1.18
3725;"CA-2016-161676";"2016-07-18";"2016-07-23";2470;1485;2;5;33.8;4.23
3726;"CA-2016-162082";"2016-03-14";"2016-03-17";2509;848;3;7;145.54;16.37
3727;"CA-2016-162082";"2016-03-14";"2016-03-17";2509;279;3;1;5.18;1.88
3728;"CA-2016-162082";"2016-03-14";"2016-03-17";2509;508;3;5;241.33;-14.2
3729;"CA-2017-166198";"2017-04-21";"2017-04-24";2530;938;3;3;162.6;34.15
3730;"CA-2017-166198";"2017-04-21";"2017-04-24";2530;1556;3;1;11.54;3.46
3731;"CA-2017-117023";"2017-08-07";"2017-08-12";2532;1424;2;10;104.8;26.2
3732;"CA-2017-117023";"2017-08-07";"2017-08-12";2532;80;2;2;11.68;5.49
3733;"CA-2014-158337";"2014-03-11";"2014-03-14";2539;311;1;14;108.92;49.01
3734;"CA-2015-152611";"2015-02-20";"2015-02-23";2540;847;1;7;286.79;74.57
3735;"CA-2017-142034";"2017-09-24";"2017-09-28";2551;616;2;4;603.92;181.18
3736;"CA-2017-142034";"2017-09-24";"2017-09-28";2551;1392;2;5;655.9;275.48
3737;"CA-2017-142034";"2017-09-24";"2017-09-28";2551;1389;2;4;72.0;12.96
3738;"US-2015-147662";"2015-02-14";"2015-02-19";2556;826;2;3;71.98;0.9
3739;"US-2015-147662";"2015-02-14";"2015-02-19";2556;798;2;3;14.35;0.9
3740;"US-2015-147662";"2015-02-14";"2015-02-19";2556;612;2;2;2.29;-1.68
3741;"US-2015-147662";"2015-02-14";"2015-02-19";2556;1404;2;3;323.98;-81.0
3742;"US-2015-147662";"2015-02-14";"2015-02-19";2556;244;2;2;14.95;-11.96
3743;"CA-2015-111703";"2015-07-02";"2015-07-09";2559;503;2;3;15.55;5.64
3744;"CA-2015-111703";"2015-07-02";"2015-07-09";2559;964;2;3;11.95;4.03
3745;"CA-2014-153913";"2014-12-16";"2014-12-20";2567;1141;1;9;1013.83;101.38
3746;"CA-2015-101924";"2015-09-04";"2015-09-09";2570;1319;2;2;9.76;-6.83
3747;"CA-2016-108868";"2016-09-08";"2016-09-12";2573;1388;2;5;59.96;21.74
3748;"CA-2016-108868";"2016-09-08";"2016-09-12";2573;81;2;2;70.37;6.16
3749;"CA-2017-158673";"2017-12-29";"2018-01-04";2583;978;2;2;209.7;100.66
3750;"US-2015-148817";"2015-12-01";"2015-12-07";2610;1402;2;4;63.96;30.7
3751;"US-2015-148817";"2015-12-01";"2015-12-07";2610;152;2;4;61.68;16.65
3752;"CA-2015-121650";"2015-12-10";"2015-12-16";2611;575;2;1;2.61;1.2
3753;"CA-2015-121650";"2015-12-10";"2015-12-16";2611;1522;2;2;191.96;32.63
3754;"CA-2015-121650";"2015-12-10";"2015-12-16";2611;1344;2;2;801.96;200.49
3755;"CA-2015-121650";"2015-12-10";"2015-12-16";2611;1433;2;2;3.9;1.52
3756;"CA-2016-117226";"2016-12-30";"2017-01-01";2616;203;3;6;6.92;-10.39
3757;"US-2014-109162";"2014-06-08";"2014-06-12";2626;423;2;3;170.35;10.65
3758;"US-2015-163685";"2015-06-01";"2015-06-05";2628;1555;2;10;42.24;13.2
3759;"US-2015-163685";"2015-06-01";"2015-06-05";2628;371;2;8;5.73;-9.16
3760;"US-2015-166520";"2015-07-16";"2015-07-19";2629;775;3;10;599.9;191.97
3761;"US-2015-166520";"2015-07-16";"2015-07-19";2629;1393;3;3;80.88;39.63
3762;"CA-2016-140417";"2016-09-25";"2016-09-29";2630;1606;2;1;5.02;-3.52
3763;"CA-2017-112333";"2017-04-08";"2017-04-14";2636;1558;2;5;41.95;10.49
3764;"CA-2017-112333";"2017-04-08";"2017-04-14";2636;448;2;4;2591.56;621.97
3765;"US-2017-148362";"2017-07-01";"2017-07-08";2637;460;2;4;25.92;12.44
3766;"US-2017-148362";"2017-07-01";"2017-07-08";2637;31;2;1;169.99;78.2
3767;"US-2017-148362";"2017-07-01";"2017-07-08";2637;1519;2;4;443.92;13.32
3768;"CA-2014-102673";"2014-11-01";"2014-11-05";2661;1602;2;9;978.84;110.12
3769;"CA-2014-102673";"2014-11-01";"2014-11-05";2661;1110;2;12;47.81;15.54
3770;"CA-2014-102673";"2014-11-01";"2014-11-05";2661;706;2;3;10.27;0.9
3771;"CA-2014-102673";"2014-11-01";"2014-11-05";2661;726;2;5;7.52;1.41
3772;"CA-2015-109575";"2015-09-18";"2015-09-23";2663;1319;2;4;65.08;31.89
3773;"CA-2015-109575";"2015-09-18";"2015-09-23";2663;1130;2;7;1259.93;327.58
3774;"CA-2015-109575";"2015-09-18";"2015-09-23";2663;1560;2;1;499.99;130.0
3775;"CA-2015-109575";"2015-09-18";"2015-09-23";2663;219;2;7;636.86;0.0
3776;"CA-2015-109575";"2015-09-18";"2015-09-23";2663;734;2;2;41.96;7.97
3777;"CA-2017-147760";"2017-11-04";"2017-11-05";2683;1113;3;5;1359.96;119.0
3778;"CA-2017-147760";"2017-11-04";"2017-11-05";2683;573;3;3;523.76;-192.05
3779;"CA-2017-112900";"2017-04-09";"2017-04-12";2692;1384;1;8;478.24;219.99
3780;"CA-2017-148012";"2017-12-09";"2017-12-15";2699;736;2;1;2.62;0.43
3781;"US-2015-168732";"2015-12-10";"2015-12-16";2709;1581;2;6;101.94;21.41
3782;"US-2015-168732";"2015-12-10";"2015-12-16";2709;1526;2;4;25.92;12.44
3783;"US-2015-168732";"2015-12-10";"2015-12-16";2709;1166;2;1;1.78;0.5
3784;"CA-2014-126760";"2014-07-26";"2014-08-02";2716;1587;2;3;170.97;70.1
3785;"CA-2014-126760";"2014-07-26";"2014-08-02";2716;1076;2;9;134.01;36.18
3786;"CA-2014-126760";"2014-07-26";"2014-08-02";2716;524;2;3;674.35;-109.58
3787;"CA-2014-126760";"2014-07-26";"2014-08-02";2716;201;2;2;911.98;114.0
3788;"CA-2015-123456";"2015-07-09";"2015-07-13";2732;324;2;2;48.63;-121.58
3789;"CA-2014-157609";"2014-03-16";"2014-03-21";2736;1350;1;2;471.92;29.5
3790;"CA-2017-102554";"2017-06-11";"2017-06-15";2739;764;2;2;3.76;1.09
3791;"CA-2017-123351";"2017-09-21";"2017-09-25";2761;1497;2;1;80.48;24.14
3792;"CA-2015-102491";"2015-08-24";"2015-08-28";2762;1544;2;3;587.97;170.51
3793;"CA-2015-102491";"2015-08-24";"2015-08-28";2762;1272;2;4;79.96;18.39
3794;"CA-2015-102491";"2015-08-24";"2015-08-28";2762;456;2;7;3080.0;1416.8
3795;"CA-2015-129700";"2015-05-04";"2015-05-05";2773;664;3;7;22.29;-8.92
3796;"CA-2016-123806";"2016-11-24";"2016-11-27";2779;538;1;4;207.76;85.18
3797;"US-2014-150119";"2014-04-23";"2014-04-27";2785;852;2;4;22.34;7.82
3798;"US-2014-150119";"2014-04-23";"2014-04-27";2785;694;2;8;7.49;-5.24
3799;"US-2014-150119";"2014-04-23";"2014-04-27";2785;50;2;2;281.37;-12.06
3800;"US-2014-150119";"2014-04-23";"2014-04-27";2785;50;2;2;281.37;-12.06
3801;"CA-2016-111283";"2016-02-29";"2016-03-04";2795;1260;2;7;111.1;8.33
3802;"CA-2015-124058";"2015-11-20";"2015-11-24";2804;372;2;3;572.16;35.76
3803;"CA-2015-124058";"2015-11-20";"2015-11-24";2804;585;2;7;72.74;-15.46
3804;"CA-2015-157133";"2015-11-28";"2015-12-03";2805;1610;2;5;151.96;-182.35
3805;"CA-2016-111913";"2016-08-04";"2016-08-06";2815;142;1;3;20.95;7.07
3806;"CA-2016-111913";"2016-08-04";"2016-08-06";2815;9;1;2;302.38;30.24
3807;"CA-2014-115161";"2014-01-31";"2014-02-02";2825;1014;3;2;290.67;3.42
3808;"CA-2014-102869";"2014-09-09";"2014-09-14";2829;1077;1;1;135.52;-31.62
3809;"CA-2014-102869";"2014-09-09";"2014-09-14";2829;748;1;3;17.47;5.02
3810;"CA-2014-102869";"2014-09-09";"2014-09-14";2829;1436;1;6;64.7;-4.85
3811;"CA-2014-102869";"2014-09-09";"2014-09-14";2829;662;1;3;15.55;5.44
3812;"CA-2015-131779";"2015-06-12";"2015-06-17";2844;1133;2;5;29.9;5.08
3813;"CA-2017-118521";"2017-02-16";"2017-02-20";2853;153;2;2;37.94;18.21
3814;"CA-2017-148264";"2017-12-08";"2017-12-09";2854;587;3;9;60.12;28.86
3815;"CA-2017-148264";"2017-12-08";"2017-12-09";2854;1347;3;2;128.9;15.47
3816;"CA-2017-148264";"2017-12-08";"2017-12-09";2854;705;3;3;29.79;8.64
3817;"US-2014-156559";"2014-08-19";"2014-08-26";2858;1605;2;9;638.82;172.48
3818;"US-2017-169320";"2017-07-23";"2017-07-25";2865;1440;1;5;159.75;11.18
3819;"US-2017-169320";"2017-07-23";"2017-07-25";2865;80;1;2;11.68;5.49
3820;"CA-2016-133340";"2016-12-09";"2016-12-13";2877;34;2;1;61.93;23.4
3821;"CA-2016-133340";"2016-12-09";"2016-12-13";2877;731;2;2;59.98;25.19
3822;"CA-2016-133340";"2016-12-09";"2016-12-13";2877;147;2;1;10.9;3.05
3823;"US-2017-163195";"2017-02-17";"2017-02-21";2883;158;1;3;29.16;8.46
3824;"CA-2017-118367";"2017-10-28";"2017-11-02";2893;191;1;2;47.98;23.99
3825;"CA-2017-133823";"2017-05-11";"2017-05-12";2897;1319;4;2;26.03;9.44
3826;"CA-2017-133823";"2017-05-11";"2017-05-12";2897;1277;4;3;37.59;17.67
3827;"CA-2017-133823";"2017-05-11";"2017-05-12";2897;922;4;6;37.44;16.85
3828;"CA-2017-100223";"2017-07-05";"2017-07-10";2922;785;2;1;6.32;-10.42
3829;"CA-2017-100223";"2017-07-05";"2017-07-10";2922;1462;2;6;31.1;11.28
3830;"CA-2017-100223";"2017-07-05";"2017-07-10";2922;1625;2;3;15.55;5.64
3831;"CA-2017-100223";"2017-07-05";"2017-07-10";2922;722;2;9;11.39;-17.66
3832;"CA-2017-100223";"2017-07-05";"2017-07-10";2922;658;2;9;332.03;-348.63
3833;"CA-2017-117702";"2017-11-28";"2017-12-04";2930;709;2;5;20.9;7.52
3834;"CA-2017-117702";"2017-11-28";"2017-12-04";2930;506;2;5;1049.2;272.79
3835;"CA-2017-117702";"2017-11-28";"2017-12-04";2930;1137;2;1;1.64;0.74
3836;"CA-2015-118955";"2015-06-16";"2015-06-20";2939;870;2;2;197.37;-25.38
3837;"CA-2015-118955";"2015-06-16";"2015-06-20";2939;784;2;3;27.22;9.87
3838;"CA-2015-118955";"2015-06-16";"2015-06-20";2939;1548;2;3;28.75;9.34
3839;"US-2015-111927";"2015-11-14";"2015-11-19";2940;1250;2;2;19.96;9.38
3840;"US-2015-111927";"2015-11-14";"2015-11-19";2940;1583;2;3;76.14;26.65
3841;"CA-2015-165414";"2015-12-21";"2015-12-24";2943;178;3;3;47.98;4.8
3842;"CA-2017-147725";"2017-09-14";"2017-09-14";2955;1455;4;3;70.95;18.45
3843;"CA-2014-168823";"2014-09-21";"2014-09-24";2979;759;3;9;20.81;7.02
3844;"CA-2014-168823";"2014-09-21";"2014-09-24";2979;466;3;3;11.35;4.12
3845;"CA-2015-143105";"2015-12-10";"2015-12-10";2983;243;4;7;184.66;84.94
3846;"CA-2015-143105";"2015-12-10";"2015-12-10";2983;650;4;6;41.28;18.99
3847;"CA-2015-143105";"2015-12-10";"2015-12-10";2983;468;4;2;799.98;250.0
3848;"CA-2015-143105";"2015-12-10";"2015-12-10";2983;669;4;1;7.31;3.44
3849;"CA-2014-133704";"2014-09-20";"2014-09-26";2989;665;2;3;20.23;6.58
3850;"CA-2014-133704";"2014-09-20";"2014-09-26";2989;1628;2;4;43.92;11.86
3851;"US-2016-165078";"2016-11-05";"2016-11-10";2992;1638;2;5;51.75;24.84
3852;"US-2016-165078";"2016-11-05";"2016-11-10";2992;1506;2;2;39.68;16.27
3853;"US-2016-165078";"2016-11-05";"2016-11-10";2992;266;2;5;104.9;50.35
3854;"CA-2017-169124";"2017-07-03";"2017-07-10";3002;1582;2;3;129.39;54.34
3855;"CA-2015-105599";"2015-09-07";"2015-09-07";3014;1191;4;3;27.41;-14.16
3856;"CA-2015-105599";"2015-09-07";"2015-09-07";3014;561;4;2;13.96;0.28
3857;"CA-2015-168459";"2015-11-22";"2015-11-27";3016;376;2;6;55.1;18.6
3858;"CA-2016-130050";"2016-07-16";"2016-07-18";3023;664;1;3;9.55;-3.82
3859;"CA-2015-135314";"2015-07-09";"2015-07-14";3026;1213;1;3;269.98;40.5
3860;"US-2017-151316";"2017-06-24";"2017-06-30";3049;1538;2;3;10.27;3.21
3861;"US-2017-151316";"2017-06-24";"2017-06-30";3049;320;2;3;182.99;-320.24
3862;"CA-2014-156594";"2014-12-20";"2014-12-23";3051;1460;1;5;155.12;50.41
3863;"CA-2014-156594";"2014-12-20";"2014-12-23";3051;1458;1;1;4.13;1.16
3864;"CA-2014-156594";"2014-12-20";"2014-12-23";3051;1455;1;2;47.3;12.3
3865;"CA-2014-156594";"2014-12-20";"2014-12-23";3051;320;1;2;487.98;152.5
3866;"CA-2016-146143";"2016-12-14";"2016-12-19";3053;1342;2;6;133.38;58.69
3867;"CA-2017-109757";"2017-09-04";"2017-09-09";3078;1419;1;4;11.52;3.74
3868;"CA-2017-109757";"2017-09-04";"2017-09-09";3078;95;1;2;4.37;-3.06
3869;"CA-2017-109757";"2017-09-04";"2017-09-09";3078;988;1;5;25.56;-20.45
3870;"CA-2017-109757";"2017-09-04";"2017-09-09";3078;672;1;4;8.26;0.62
3871;"CA-2017-104024";"2017-08-29";"2017-09-03";3081;1626;1;7;9.41;0.71
3872;"CA-2017-153654";"2017-11-24";"2017-11-26";3083;690;1;8;19.01;-12.67
3873;"CA-2016-152555";"2016-03-29";"2016-04-02";3086;239;1;8;812.74;60.96
3874;"CA-2016-152555";"2016-03-29";"2016-04-02";3086;50;1;6;844.12;-36.18
3875;"CA-2016-152555";"2016-03-29";"2016-04-02";3086;1279;1;3;45.53;15.93
3876;"CA-2016-159142";"2016-04-04";"2016-04-05";3087;232;3;3;149.97;6.0
3877;"US-2014-169789";"2014-12-30";"2015-01-04";3106;1254;2;5;551.99;-459.99
3878;"CA-2016-126543";"2016-01-09";"2016-01-13";3107;1163;1;2;15.17;3.79
3879;"CA-2014-166471";"2014-08-09";"2014-08-13";3116;880;2;2;219.17;-43.83
3880;"CA-2014-166471";"2014-08-09";"2014-08-13";3116;526;2;4;1091.17;68.2
3881;"CA-2015-151043";"2015-11-14";"2015-11-20";3124;1539;2;2;47.98;-1.2
3882;"US-2016-142685";"2016-06-23";"2016-06-30";3129;1474;2;7;835.17;16.7
3883;"CA-2015-124975";"2015-06-22";"2015-06-25";3131;1222;3;7;796.43;-525.64
3884;"CA-2017-120705";"2017-09-05";"2017-09-11";3134;446;2;2;147.18;-29.44
3885;"CA-2014-160157";"2014-12-20";"2014-12-27";3159;176;2;3;190.85;-21.47
3886;"CA-2015-100888";"2015-04-06";"2015-04-10";3160;519;2;3;47.95;16.18
3887;"US-2016-143448";"2016-12-10";"2016-12-10";3162;357;4;5;1424.9;356.23
3888;"CA-2015-156440";"2015-12-05";"2015-12-09";3166;536;2;2;44.46;14.67
3889;"CA-2017-125878";"2017-02-25";"2017-03-02";3179;110;2;3;1.79;-3.04
3890;"CA-2017-121839";"2017-09-24";"2017-09-28";3188;1126;2;3;1169.69;-253.43
3891;"CA-2015-107468";"2015-12-18";"2015-12-22";3199;706;2;2;6.85;0.6
3892;"CA-2016-137673";"2016-09-05";"2016-09-10";3215;370;2;8;116.0;29.0
3893;"US-2017-142573";"2017-07-18";"2017-07-23";3223;207;2;3;311.98;-42.9
3894;"US-2017-142573";"2017-07-18";"2017-07-23";3223;683;2;4;7.66;-6.12
3895;"US-2017-142573";"2017-07-18";"2017-07-23";3223;1545;2;2;16.1;5.23
3896;"US-2017-142573";"2017-07-18";"2017-07-23";3223;129;2;2;161.57;10.1
3897;"US-2017-142573";"2017-07-18";"2017-07-23";3223;707;2;5;801.6;-448.9
3898;"CA-2017-154109";"2017-11-06";"2017-11-11";3224;902;2;3;47.95;16.18
3899;"CA-2017-154109";"2017-11-06";"2017-11-11";3224;1193;2;2;127.37;-30.93
3900;"CA-2016-120355";"2016-09-18";"2016-09-25";3237;1636;2;3;60.72;26.11
3901;"CA-2016-120355";"2016-09-18";"2016-09-25";3237;595;2;2;631.78;140.4
3902;"CA-2017-117394";"2017-09-04";"2017-09-10";3248;1612;2;4;19.04;-1.43
3903;"CA-2017-121216";"2017-12-23";"2017-12-25";3250;1415;1;8;29.31;-74.75
3904;"CA-2017-121216";"2017-12-23";"2017-12-25";3250;839;1;8;28.67;10.39
3905;"CA-2016-124793";"2016-03-14";"2016-03-16";3263;967;3;2;196.78;-22.14
3906;"CA-2017-148068";"2017-09-18";"2017-09-25";3266;772;2;2;9.82;3.24
3907;"CA-2017-148068";"2017-09-18";"2017-09-25";3266;1514;2;3;19.44;9.33
3908;"CA-2017-165204";"2017-11-13";"2017-11-16";3272;887;1;4;720.06;-63.01
3909;"CA-2014-121167";"2014-11-28";"2014-11-30";3274;997;1;2;17.25;6.04
3910;"CA-2016-121601";"2016-10-04";"2016-10-04";3276;816;4;7;59.75;19.42
3911;"US-2015-149629";"2015-07-17";"2015-07-20";3295;328;1;5;231.92;5.8
3912;"CA-2016-139689";"2016-12-29";"2017-01-03";3300;694;2;3;2.81;-1.97
3913;"CA-2016-139689";"2016-12-29";"2017-01-03";3300;199;2;4;38.09;-27.93
3914;"CA-2015-130659";"2015-12-04";"2015-12-09";3320;891;1;5;1799.75;539.93
3915;"CA-2015-130659";"2015-12-04";"2015-12-09";3320;1340;1;7;384.17;29.88
3916;"CA-2015-130659";"2015-12-04";"2015-12-09";3320;1591;1;3;17.94;8.79
3917;"CA-2014-133228";"2014-04-04";"2014-04-09";3331;781;2;4;79.36;23.81
3918;"CA-2014-133228";"2014-04-04";"2014-04-09";3331;471;2;1;5.47;2.35
3919;"CA-2014-137589";"2014-11-03";"2014-11-08";3338;1474;2;3;286.34;-64.43
3920;"US-2016-144547";"2016-11-10";"2016-11-14";3343;549;2;7;279.94;48.99
3921;"CA-2015-142377";"2015-12-04";"2015-12-09";3353;610;2;7;85.96;40.4
3922;"CA-2016-104157";"2016-07-25";"2016-07-29";3357;698;2;8;2430.08;388.81
3923;"CA-2016-104157";"2016-07-25";"2016-07-29";3357;1409;2;5;65.5;32.1
3924;"CA-2016-104157";"2016-07-25";"2016-07-29";3357;1431;2;1;7.89;0.32
3925;"CA-2016-162726";"2016-12-27";"2017-01-02";3358;1148;2;4;23.68;7.4
3926;"CA-2016-162726";"2016-12-27";"2017-01-02";3358;1111;2;2;10.37;3.63
3927;"CA-2017-169894";"2017-11-24";"2017-11-29";3372;61;1;8;415.87;-41.59
3928;"CA-2017-169894";"2017-11-24";"2017-11-29";3372;598;1;2;20.72;-15.2
3929;"CA-2015-164336";"2015-07-05";"2015-07-10";3384;600;2;3;38.98;-2.44
3930;"CA-2015-164336";"2015-07-05";"2015-07-10";3384;370;2;3;34.8;2.18
3931;"CA-2014-105984";"2014-11-24";"2014-11-24";3398;701;4;3;611.06;-34.92
3932;"CA-2014-105984";"2014-11-24";"2014-11-24";3398;788;4;5;1049.97;-209.99
3933;"CA-2016-151169";"2016-10-21";"2016-10-26";3403;982;2;4;7.92;3.56
3934;"CA-2017-147144";"2017-03-26";"2017-03-28";3410;1627;3;1;19.83;5.95
3935;"CA-2017-111332";"2017-05-20";"2017-05-22";3433;1352;1;10;21.5;7.1
3936;"CA-2017-111332";"2017-05-20";"2017-05-22";3433;971;1;3;7.41;3.48
3937;"CA-2017-111332";"2017-05-20";"2017-05-22";3433;594;1;4;704.76;162.09
3938;"CA-2017-111332";"2017-05-20";"2017-05-22";3433;607;1;4;25.92;8.29
3939;"CA-2017-111332";"2017-05-20";"2017-05-22";3433;81;1;3;131.94;35.62
3940;"CA-2014-135755";"2014-05-03";"2014-05-10";3434;137;2;3;10.9;3.95
3941;"CA-2014-135755";"2014-05-03";"2014-05-10";3434;1606;2;3;40.18;14.56
3942;"CA-2016-156503";"2016-10-14";"2016-10-20";3438;183;2;1;39.15;14.68
3943;"CA-2016-156503";"2016-10-14";"2016-10-20";3438;368;2;4;35.01;13.13
3944;"CA-2016-156503";"2016-10-14";"2016-10-20";3438;1530;2;2;12.77;1.44
3945;"CA-2016-156503";"2016-10-14";"2016-10-20";3438;1456;2;3;93.02;33.72
3946;"CA-2016-156503";"2016-10-14";"2016-10-20";3438;602;2;1;22.7;5.96
3947;"CA-2016-156503";"2016-10-14";"2016-10-20";3438;1574;2;1;102.59;10.26
3948;"US-2016-131674";"2016-11-29";"2016-12-01";3442;1125;1;2;58.42;16.79
3949;"CA-2017-149881";"2017-04-01";"2017-04-03";3443;1252;3;2;4799.98;360.0
3950;"CA-2017-149881";"2017-04-01";"2017-04-03";3443;1622;3;8;482.66;85.18
3951;"CA-2015-116687";"2015-05-02";"2015-05-07";3448;1399;2;3;158.38;13.86
3952;"CA-2015-116687";"2015-05-02";"2015-05-07";3448;1107;2;3;8.86;2.99
3953;"CA-2017-105410";"2017-03-19";"2017-03-22";3457;1093;3;4;199.96;85.98
3954;"CA-2017-105410";"2017-03-19";"2017-03-22";3457;120;3;2;99.54;10.95
3955;"CA-2017-105410";"2017-03-19";"2017-03-22";3457;880;3;6;657.5;-131.5
3956;"CA-2017-105410";"2017-03-19";"2017-03-22";3457;989;3;6;19.82;6.69
3957;"CA-2017-128699";"2017-12-03";"2017-12-05";3460;775;1;1;47.99;7.2
3958;"CA-2016-162404";"2016-07-23";"2016-07-27";3477;1385;2;4;11.42;-18.84
3959;"CA-2017-151358";"2017-08-18";"2017-08-22";3483;820;2;2;323.1;61.39
3960;"CA-2017-100335";"2017-09-07";"2017-09-13";3484;808;2;9;73.01;26.47
3961;"CA-2015-103961";"2015-11-05";"2015-11-09";3492;472;2;6;19.82;6.44
3962;"CA-2015-113901";"2015-10-19";"2015-10-24";3497;1523;2;5;149.95;44.99
3963;"CA-2015-113901";"2015-10-19";"2015-10-24";3497;1185;2;6;38.28;17.61
3964;"US-2015-100531";"2015-09-27";"2015-09-29";3521;647;3;3;24.29;-12.75
3965;"US-2015-100531";"2015-09-27";"2015-09-29";3521;242;3;2;15.08;-22.62
3966;"CA-2015-156104";"2015-12-06";"2015-12-08";3542;468;1;2;999.98;449.99
3967;"CA-2017-138310";"2017-06-26";"2017-06-30";3550;775;2;9;431.93;64.79
3968;"CA-2015-102582";"2015-09-15";"2015-09-19";3576;252;2;7;1056.86;306.49
3969;"CA-2015-102582";"2015-09-15";"2015-09-19";3576;1502;2;3;59.97;0.0
3970;"CA-2015-102582";"2015-09-15";"2015-09-19";3576;1344;2;2;801.96;200.49
3971;"CA-2015-115511";"2015-11-21";"2015-11-25";3577;713;2;4;66.05;23.12
3972;"CA-2015-115511";"2015-11-21";"2015-11-25";3577;1328;2;2;141.96;41.17
3973;"CA-2016-164154";"2016-09-11";"2016-09-17";3584;1103;2;5;37.52;3.75
3974;"CA-2016-164154";"2016-09-11";"2016-09-17";3584;244;2;3;22.43;-17.94
3975;"CA-2014-140039";"2014-09-13";"2014-09-17";3589;1554;2;5;79.4;5.96
3976;"US-2015-117184";"2015-05-17";"2015-05-21";3592;571;2;3;14.09;4.93
3977;"US-2015-117184";"2015-05-17";"2015-05-21";3592;1129;2;5;33.28;-49.92
3978;"CA-2015-112014";"2015-08-13";"2015-08-20";3593;82;2;5;50.8;13.21
3979;"US-2016-151862";"2016-03-01";"2016-03-08";3595;1549;2;2;159.98;14.0
3980;"CA-2014-166457";"2014-05-05";"2014-05-09";3632;1619;1;2;24.56;11.54
3981;"CA-2014-166457";"2014-05-05";"2014-05-09";3632;429;1;2;6.56;1.9
3982;"CA-2014-166457";"2014-05-05";"2014-05-09";3632;1443;1;3;9.42;4.24
3983;"CA-2015-129896";"2015-06-15";"2015-06-20";3634;1533;2;4;40.26;11.07
3984;"CA-2015-129896";"2015-06-15";"2015-06-20";3634;1610;2;6;364.7;-36.47
3985;"CA-2015-129896";"2015-06-15";"2015-06-20";3634;1290;2;2;9.57;2.99
3986;"CA-2014-124023";"2014-04-07";"2014-04-10";3678;872;3;2;8.96;2.78
3987;"CA-2017-147753";"2017-03-05";"2017-03-05";3694;1579;4;2;25.06;11.78
3988;"CA-2017-119564";"2017-12-15";"2017-12-20";3703;303;2;3;22.77;9.79
3989;"US-2017-148768";"2017-11-30";"2017-12-02";3718;1523;1;3;71.98;9.0
3990;"CA-2017-129021";"2017-08-23";"2017-08-26";3726;1061;1;5;8.72;2.94
3991;"CA-2017-129021";"2017-08-23";"2017-08-26";3726;692;1;2;2.78;0.42
3992;"CA-2017-129021";"2017-08-23";"2017-08-26";3726;646;1;6;161.38;12.1
3993;"CA-2017-129021";"2017-08-23";"2017-08-26";3726;1160;1;13;4367.9;327.59
3994;"CA-2017-149853";"2017-10-03";"2017-10-09";3727;313;2;5;17.92;1.12
3995;"CA-2017-149853";"2017-10-03";"2017-10-09";3727;1633;2;3;15.55;5.44
3996;"CA-2014-120838";"2014-03-23";"2014-03-26";3729;1418;1;6;604.75;37.8
3997;"CA-2014-120838";"2014-03-23";"2014-03-26";3729;274;1;2;330.4;85.9
3998;"CA-2017-142867";"2017-03-17";"2017-03-21";3742;1335;2;3;10.27;3.21
3999;"CA-2017-142867";"2017-03-17";"2017-03-21";3742;1489;2;6;13.78;-22.04
4000;"CA-2015-144099";"2015-11-29";"2015-11-30";3748;182;4;1;4.3;1.56
4001;"CA-2016-145177";"2016-11-10";"2016-11-14";3757;1129;2;7;69.89;-46.59
4002;"CA-2016-145177";"2016-11-10";"2016-11-14";3757;1440;2;7;178.92;-29.07
4003;"CA-2016-145177";"2016-11-10";"2016-11-14";3757;770;2;1;4.62;1.68
4004;"CA-2016-145177";"2016-11-10";"2016-11-14";3757;927;2;7;148.29;29.66
4005;"CA-2016-145177";"2016-11-10";"2016-11-14";3757;282;2;4;334.88;29.3
4006;"CA-2016-145177";"2016-11-10";"2016-11-14";3757;1439;2;2;89.57;32.47
4007;"CA-2016-145177";"2016-11-10";"2016-11-14";3757;204;2;7;41.96;-9.79
4008;"CA-2016-145177";"2016-11-10";"2016-11-14";3757;695;2;4;9.22;3.34
4009;"US-2017-109253";"2017-08-21";"2017-08-22";3763;653;3;5;51.75;24.84
4010;"US-2017-109253";"2017-08-21";"2017-08-22";3763;1320;3;3;203.52;54.95
4011;"US-2017-109253";"2017-08-21";"2017-08-22";3763;1319;3;9;117.14;42.46
4012;"US-2017-109253";"2017-08-21";"2017-08-22";3763;20;3;3;568.73;28.44
4013;"US-2017-109253";"2017-08-21";"2017-08-22";3763;1316;3;4;129.92;10.39
4014;"US-2017-109253";"2017-08-21";"2017-08-22";3763;643;3;4;431.97;37.8
4015;"US-2017-109253";"2017-08-21";"2017-08-22";3763;910;3;4;17.12;4.96
4016;"CA-2015-140830";"2015-11-30";"2015-12-02";3774;1075;1;2;71.88;32.35
4017;"CA-2015-140830";"2015-11-30";"2015-12-02";3774;802;1;2;17.48;8.22
4018;"CA-2015-132374";"2015-02-22";"2015-02-24";3780;1260;1;4;79.36;20.63
4019;"CA-2017-105914";"2017-10-02";"2017-10-08";3794;887;2;7;1575.14;204.77
4020;"CA-2017-105914";"2017-10-02";"2017-10-08";3794;928;2;5;112.12;42.05
4021;"CA-2016-120257";"2016-09-22";"2016-09-28";3811;1553;2;3;7.87;0.89
4022;"CA-2016-142097";"2016-10-15";"2016-10-20";3817;702;2;3;43.26;14.28
4023;"CA-2016-142097";"2016-10-15";"2016-10-20";3817;1183;2;6;66.54;32.6
4024;"CA-2016-142097";"2016-10-15";"2016-10-20";3817;1129;2;7;232.96;116.48
4025;"CA-2014-154186";"2014-12-13";"2014-12-15";3821;576;1;1;2.92;0.37
4026;"CA-2015-155068";"2015-10-23";"2015-10-23";3823;306;4;2;10.69;2.27
4027;"CA-2015-155068";"2015-10-23";"2015-10-23";3823;1095;4;7;55.94;-13.29
4028;"CA-2017-141929";"2017-09-04";"2017-09-08";3827;171;2;5;217.85;65.36
4029;"CA-2017-141929";"2017-09-04";"2017-09-08";3827;925;2;1;5.56;1.74
4030;"CA-2017-141929";"2017-09-04";"2017-09-08";3827;320;2;2;487.98;152.5
4031;"CA-2017-127313";"2017-12-01";"2017-12-04";3828;1561;3;5;79.12;13.85
4032;"CA-2017-127313";"2017-12-01";"2017-12-04";3828;256;3;3;37.39;2.34
4033;"US-2015-122784";"2015-07-20";"2015-07-27";3841;127;2;5;913.43;-52.2
4034;"US-2015-122784";"2015-07-20";"2015-07-27";3841;621;2;2;153.58;13.44
4035;"US-2015-122784";"2015-07-20";"2015-07-27";3841;1640;2;4;384.94;-126.48
4036;"US-2015-122784";"2015-07-20";"2015-07-27";3841;465;2;5;2.88;-4.46
4037;"CA-2016-149979";"2016-09-23";"2016-09-28";3843;1429;1;3;368.97;81.17
4038;"CA-2016-149979";"2016-09-23";"2016-09-28";3843;65;1;5;118.25;34.29
4039;"CA-2017-152583";"2017-10-30";"2017-10-30";3850;719;4;6;54.19;4.06
4040;"CA-2017-152583";"2017-10-30";"2017-10-30";3850;863;4;2;251.01;-68.13
4041;"CA-2017-152583";"2017-10-30";"2017-10-30";3850;647;4;2;16.19;-8.5
4042;"CA-2014-159835";"2014-11-17";"2014-11-24";3851;523;2;5;657.93;-93.99
4043;"CA-2014-159835";"2014-11-17";"2014-11-24";3851;311;2;2;12.45;3.89
4044;"CA-2017-106068";"2017-10-23";"2017-10-28";3852;767;2;4;259.14;-58.31
4045;"CA-2017-106068";"2017-10-23";"2017-10-28";3852;1573;2;1;55.2;-2.07
4046;"CA-2017-106068";"2017-10-23";"2017-10-28";3852;333;2;1;13.72;1.2
4047;"CA-2017-106068";"2017-10-23";"2017-10-28";3852;1319;2;3;9.76;-15.13
4048;"CA-2016-156573";"2016-05-29";"2016-06-02";3854;1550;2;3;44.76;14.55
4049;"CA-2016-156573";"2016-05-29";"2016-06-02";3854;661;2;2;4.45;0.33
4050;"CA-2016-156573";"2016-05-29";"2016-06-02";3854;934;2;3;11.28;-8.65
4051;"CA-2017-137456";"2017-12-21";"2017-12-21";3878;664;4;2;15.92;7.0
4052;"CA-2016-114538";"2016-12-26";"2016-12-27";3905;1641;3;2;11.33;2.55
4053;"CA-2016-164637";"2016-03-04";"2016-03-08";3915;1620;2;3;128.4;64.2
4054;"CA-2017-103877";"2017-09-07";"2017-09-14";3934;149;2;3;1577.94;757.41
4055;"CA-2015-112375";"2015-12-21";"2015-12-27";3938;1001;2;2;27.31;9.22
4056;"CA-2015-112375";"2015-12-21";"2015-12-27";3938;1634;2;6;50.88;14.63
4057;"CA-2017-155292";"2017-10-30";"2017-11-01";3951;1417;3;8;30.0;14.4
4058;"CA-2017-155292";"2017-10-30";"2017-11-01";3951;1448;3;1;33.94;9.16
4059;"CA-2017-155292";"2017-10-30";"2017-11-01";3951;790;3;2;35.06;10.52
4060;"CA-2017-155292";"2017-10-30";"2017-11-01";3951;359;3;7;105.98;4.24
4061;"CA-2017-125115";"2017-04-10";"2017-04-10";3964;531;4;3;95.74;20.34
4062;"CA-2017-125115";"2017-04-10";"2017-04-10";3964;599;4;2;10.37;3.63
4063;"CA-2014-115357";"2014-08-06";"2014-08-11";3980;943;1;3;62.91;22.65
4064;"US-2015-134271";"2015-04-18";"2015-04-23";3981;669;1;3;21.93;10.31
4065;"CA-2016-110044";"2016-06-28";"2016-07-02";3983;1263;1;3;359.98;36.0
4066;"CA-2014-149643";"2014-11-16";"2014-11-20";4000;880;2;2;273.96;10.96
4067;"CA-2015-157322";"2015-07-02";"2015-07-06";4008;314;2;2;11.17;3.77
4068;"CA-2015-157322";"2015-07-02";"2015-07-06";4008;195;2;3;435.5;48.99
4069;"CA-2015-157322";"2015-07-02";"2015-07-06";4008;333;2;5;68.6;6.0
4070;"CA-2015-157322";"2015-07-02";"2015-07-06";4008;1193;2;6;382.12;-92.8
4071;"CA-2015-157322";"2015-07-02";"2015-07-06";4008;439;2;2;408.42;-5.83
4072;"CA-2014-166989";"2014-11-14";"2014-11-18";4027;1167;2;2;69.26;14.62
4073;"CA-2017-168193";"2017-03-06";"2017-03-11";4032;1013;1;3;71.97;16.55
4074;"CA-2017-168193";"2017-03-06";"2017-03-11";4032;243;1;1;26.38;12.13
4075;"CA-2015-155600";"2015-12-04";"2015-12-07";4034;528;1;4;36.96;12.01
4076;"CA-2015-155600";"2015-12-04";"2015-12-07";4034;548;1;7;1598.06;-1065.37
4077;"US-2016-152835";"2016-05-19";"2016-05-23";4059;48;2;5;21.4;6.21
4078;"CA-2017-162565";"2017-12-11";"2017-12-11";4064;769;4;2;520.46;-14.87
4079;"CA-2017-162565";"2017-12-11";"2017-12-11";4064;483;4;1;77.72;-66.06
4080;"CA-2017-162565";"2017-12-11";"2017-12-11";4064;457;4;2;10.37;3.63
4081;"CA-2017-164819";"2017-10-15";"2017-10-19";4075;575;1;5;13.05;6.0
4082;"CA-2014-128846";"2014-04-07";"2014-04-12";4076;1069;2;3;122.97;60.26
4083;"CA-2014-128846";"2014-04-07";"2014-04-12";4076;364;2;5;629.95;163.79
4084;"CA-2017-113670";"2017-10-15";"2017-10-17";4082;1082;3;5;204.95;100.43
4085;"CA-2017-113670";"2017-10-15";"2017-10-17";4082;492;3;3;510.24;6.38
4086;"CA-2017-141733";"2017-05-07";"2017-05-11";4089;258;2;2;87.44;18.46
4087;"CA-2017-141733";"2017-05-07";"2017-05-11";4089;372;2;2;476.8;119.2
4088;"CA-2017-141733";"2017-05-07";"2017-05-11";4089;1375;2;1;26.64;7.46
4089;"CA-2017-141733";"2017-05-07";"2017-05-11";4089;439;2;5;1458.65;423.01
4090;"CA-2016-144911";"2016-11-27";"2016-11-30";4097;688;3;5;152.0;69.92
4091;"CA-2016-144911";"2016-11-27";"2016-11-30";4097;179;3;5;34.95;15.38
4092;"CA-2017-127264";"2017-04-03";"2017-04-05";4113;164;3;3;7.06;2.21
4093;"CA-2014-158771";"2014-05-09";"2014-05-09";4126;882;4;7;45.36;21.77
4094;"CA-2014-158771";"2014-05-09";"2014-05-09";4126;712;4;5;20.65;9.5
4095;"CA-2014-158771";"2014-05-09";"2014-05-09";4126;783;4;3;9.45;4.54
4096;"CA-2014-158771";"2014-05-09";"2014-05-09";4126;42;4;3;83.25;14.99
4097;"CA-2016-158575";"2016-11-18";"2016-11-24";4130;1639;2;6;103.97;16.89
4098;"CA-2014-166863";"2014-06-20";"2014-06-24";4135;219;2;7;509.49;-127.37
4099;"CA-2014-166863";"2014-06-20";"2014-06-24";4135;1234;2;2;418.8;-97.72
4100;"CA-2014-166863";"2014-06-20";"2014-06-24";4135;172;2;2;11.65;4.08
4101;"CA-2014-166863";"2014-06-20";"2014-06-24";4135;884;2;3;15.55;5.44
4102;"CA-2014-166863";"2014-06-20";"2014-06-24";4135;1400;2;4;193.07;-19.87
4103;"CA-2014-166863";"2014-06-20";"2014-06-24";4135;35;2;4;3.39;-5.09
4104;"CA-2014-166863";"2014-06-20";"2014-06-24";4135;1325;2;2;201.58;20.16
4105;"CA-2016-155005";"2016-06-13";"2016-06-15";4141;1418;1;3;377.97;94.49
4106;"CA-2014-117016";"2014-03-04";"2014-03-09";4148;607;2;3;15.55;2.33
4107;"CA-2014-116904";"2014-09-23";"2014-09-28";4150;496;2;2;12.94;6.47
4108;"CA-2014-116904";"2014-09-23";"2014-09-28";4150;1607;2;5;9449.95;4630.48
4109;"CA-2014-116904";"2014-09-23";"2014-09-28";4150;340;2;5;404.9;16.2
4110;"CA-2014-116904";"2014-09-23";"2014-09-28";4150;1371;2;5;32.4;15.55
4111;"CA-2017-152961";"2017-01-15";"2017-01-19";4155;205;2;2;12.7;5.84
4112;"CA-2017-146360";"2017-04-23";"2017-04-25";4171;1038;1;6;155.34;55.92
4113;"CA-2017-146920";"2017-08-28";"2017-09-01";4173;1546;2;5;26.72;9.35
4114;"CA-2017-146920";"2017-08-28";"2017-09-01";4173;497;2;6;25.34;7.92
4115;"US-2015-164308";"2015-09-24";"2015-09-27";4197;1407;3;6;821.94;213.7
4116;"CA-2017-144463";"2017-01-01";"2017-01-05";4220;1582;2;11;474.43;199.26
4117;"CA-2017-112529";"2017-11-19";"2017-11-21";4229;861;3;4;31.78;8.74
4118;"CA-2017-112529";"2017-11-19";"2017-11-21";4229;1374;3;6;718.12;-71.81
4119;"CA-2016-168536";"2016-12-20";"2016-12-24";4231;373;2;3;66.3;8.62
4120;"CA-2017-102267";"2017-11-30";"2017-12-04";4233;907;2;2;2.37;0.83
4121;"US-2017-158505";"2017-07-21";"2017-07-21";4269;848;4;1;25.99;7.54
4122;"US-2017-158505";"2017-07-21";"2017-07-21";4269;1437;4;9;71.93;6.29
4123;"CA-2015-121097";"2015-01-03";"2015-01-08";4273;457;2;2;10.37;3.63
4124;"CA-2017-139311";"2017-08-11";"2017-08-13";4278;1255;3;8;12.86;-22.51
4125;"CA-2017-139311";"2017-08-11";"2017-08-13";4278;621;3;2;153.58;13.44
4126;"CA-2017-139311";"2017-08-11";"2017-08-13";4278;1137;3;7;9.18;2.87
4127;"CA-2017-122644";"2017-11-12";"2017-11-17";4280;315;2;2;18.54;3.01
4128;"CA-2017-122644";"2017-11-12";"2017-11-17";4280;1513;2;2;10.85;3.53
4129;"CA-2017-112536";"2017-05-18";"2017-05-23";4300;1492;2;2;8.93;0.67
4130;"CA-2017-112536";"2017-05-18";"2017-05-23";4300;1250;2;1;2.0;-3.29
4131;"CA-2016-109743";"2016-09-22";"2016-09-29";4305;1437;2;8;63.94;5.59
4132;"CA-2016-109743";"2016-09-22";"2016-09-29";4305;1353;2;3;40.78;4.59
4133;"CA-2016-151512";"2016-12-26";"2017-01-02";4308;1432;2;2;18.72;3.51
4134;"CA-2017-157980";"2017-12-07";"2017-12-09";4323;181;3;2;127.98;25.6
4135;"CA-2015-166975";"2015-11-26";"2015-11-30";4325;1624;2;11;692.47;190.43
4136;"CA-2017-110212";"2017-05-01";"2017-05-05";4334;1534;2;5;48.9;18.09
4137;"CA-2014-143385";"2014-08-31";"2014-09-05";4343;1356;2;9;92.52;18.5
4138;"CA-2016-157336";"2016-12-01";"2016-12-05";4345;523;1;4;751.92;150.38
4139;"CA-2016-157336";"2016-12-01";"2016-12-05";4345;895;1;6;88.08;40.52
4140;"CA-2014-122931";"2014-09-29";"2014-10-03";4367;990;2;1;67.18;-20.15
4141;"CA-2014-122931";"2014-09-29";"2014-10-03";4367;338;2;6;1801.63;-337.81
4142;"CA-2014-122931";"2014-09-29";"2014-10-03";4367;1218;2;4;20.93;6.8
4143;"CA-2014-122931";"2014-09-29";"2014-10-03";4367;1596;2;11;55.44;18.02
4144;"CA-2014-122931";"2014-09-29";"2014-10-03";4367;1030;2;2;409.27;-81.85
4145;"CA-2014-122931";"2014-09-29";"2014-10-03";4367;1450;2;3;4.22;1.48
4146;"CA-2014-126907";"2014-11-01";"2014-11-08";4368;1218;2;3;15.7;5.1
4147;"CA-2015-100685";"2015-12-19";"2015-12-21";4372;1317;1;3;116.28;56.98
4148;"CA-2015-100685";"2015-12-19";"2015-12-21";4372;180;1;4;5.04;0.2
4149;"CA-2015-100685";"2015-12-19";"2015-12-21";4372;589;1;2;7.04;3.31
4150;"US-2014-154879";"2014-05-06";"2014-05-11";4385;544;2;6;107.94;30.22
4151;"US-2014-154879";"2014-05-06";"2014-05-11";4385;759;2;2;5.78;2.72
4152;"CA-2015-125234";"2015-11-27";"2015-12-01";4386;202;2;3;113.82;53.5
4153;"CA-2015-125234";"2015-11-27";"2015-12-01";4386;795;2;3;107.97;22.67
4154;"CA-2016-169957";"2016-09-26";"2016-09-30";4389;868;2;4;100.0;21.0
4155;"CA-2016-169957";"2016-09-26";"2016-09-30";4389;118;2;5;29.9;14.65
4156;"CA-2016-169957";"2016-09-26";"2016-09-30";4389;539;2;6;236.88;66.33
4157;"CA-2016-119963";"2016-11-18";"2016-11-22";4390;318;2;6;255.11;-18.22
4158;"CA-2016-119963";"2016-11-18";"2016-11-22";4390;610;2;2;19.65;6.63
4159;"CA-2016-119963";"2016-11-18";"2016-11-22";4390;346;2;2;48.85;15.88
4160;"CA-2016-119963";"2016-11-18";"2016-11-22";4390;389;2;2;6.37;1.03
4161;"CA-2015-161718";"2015-12-04";"2015-12-10";4393;50;2;2;361.76;68.33
4162;"CA-2015-161718";"2015-12-04";"2015-12-10";4393;204;2;4;39.96;10.39
4163;"CA-2015-161718";"2015-12-04";"2015-12-10";4393;66;2;5;364.41;8.1
4164;"CA-2015-161718";"2015-12-04";"2015-12-10";4393;1163;2;3;28.44;11.38
4165;"CA-2014-123127";"2014-09-08";"2014-09-12";4404;1558;2;2;16.78;4.2
4166;"CA-2016-131289";"2016-12-08";"2016-12-14";4408;1268;2;6;1421.66;-195.48
4167;"CA-2016-131289";"2016-12-08";"2016-12-14";4408;1357;2;7;45.36;21.77
4168;"CA-2016-131289";"2016-12-08";"2016-12-14";4408;48;2;2;8.56;2.48
4169;"US-2017-162208";"2017-08-27";"2017-08-30";4409;214;3;1;2.9;0.98
4170;"US-2016-163881";"2016-11-24";"2016-11-30";4427;1283;2;8;559.92;190.37
4171;"US-2016-163881";"2016-11-24";"2016-11-30";4427;595;2;6;1684.75;210.59
4172;"US-2016-163881";"2016-11-24";"2016-11-30";4427;819;2;2;659.9;217.77
4173;"CA-2014-135090";"2014-11-22";"2014-11-26";4431;1290;2;9;53.82;24.22
4174;"CA-2017-100356";"2017-10-21";"2017-10-25";4436;962;2;2;23.99;-62.38
4175;"US-2014-147704";"2014-11-16";"2014-11-21";4444;521;2;5;169.45;42.36
4176;"US-2014-147704";"2014-11-16";"2014-11-21";4444;95;2;4;29.12;14.27
4177;"US-2014-147704";"2014-11-16";"2014-11-21";4444;1512;2;6;31.68;14.26
4178;"US-2014-147704";"2014-11-16";"2014-11-21";4444;1292;2;5;78.35;36.82
4179;"CA-2015-154970";"2015-01-05";"2015-01-10";4445;56;2;1;61.58;-6.93
4180;"CA-2014-120544";"2014-11-23";"2014-11-27";4450;1487;2;7;5.54;1.66
4181;"CA-2014-120544";"2014-11-23";"2014-11-27";4450;831;2;3;34.18;-87.15
4182;"CA-2014-120544";"2014-11-23";"2014-11-27";4450;664;2;2;6.37;-2.55
4183;"CA-2016-136287";"2016-06-13";"2016-06-17";4470;323;2;3;18.9;8.69
4184;"CA-2016-116540";"2016-09-02";"2016-09-02";4471;989;4;2;8.26;3.88
4185;"CA-2016-116540";"2016-09-02";"2016-09-02";4471;916;4;1;1.81;0.65
4186;"CA-2017-107909";"2017-09-01";"2017-09-06";4477;1410;2;5;22.92;8.02
4187;"CA-2017-107909";"2017-09-01";"2017-09-06";4477;38;2;1;19.99;6.8
4188;"CA-2014-163559";"2014-09-23";"2014-09-28";4480;951;1;3;139.44;47.06
4189;"CA-2014-152345";"2014-12-29";"2015-01-03";4481;1498;1;1;33.29;7.99
4190;"CA-2014-152345";"2014-12-29";"2015-01-03";4481;1095;1;3;23.98;-5.69
4191;"CA-2015-153325";"2015-03-01";"2015-03-02";4482;895;1;4;58.72;27.01
4192;"CA-2017-148922";"2017-12-10";"2017-12-15";4491;1410;1;8;45.84;22.0
4193;"CA-2017-148922";"2017-12-10";"2017-12-15";4491;892;1;3;38.97;0.78
4194;"CA-2017-148922";"2017-12-10";"2017-12-15";4491;584;1;3;599.97;257.99
4195;"CA-2016-157511";"2016-09-18";"2016-09-20";4496;1205;3;1;2.67;0.37
4196;"CA-2016-157511";"2016-09-18";"2016-09-20";4496;423;3;2;99.37;-7.1
4197;"CA-2016-157511";"2016-09-18";"2016-09-20";4496;1261;3;3;5.35;1.61
4198;"CA-2014-100895";"2014-06-02";"2014-06-06";4503;627;2;2;356.94;107.08
4199;"CA-2014-100895";"2014-06-02";"2014-06-06";4503;622;2;3;239.97;67.19
4200;"CA-2014-100895";"2014-06-02";"2014-06-06";4503;1397;2;2;8.56;2.65
4201;"CA-2014-142965";"2014-07-20";"2014-07-20";4523;688;4;3;27.36;-21.89
4202;"CA-2014-142965";"2014-07-20";"2014-07-20";4523;326;4;1;25.98;-5.2
4203;"CA-2015-101091";"2015-12-05";"2015-12-09";4525;486;1;6;26.06;-19.98
4204;"CA-2015-101091";"2015-12-05";"2015-12-09";4525;826;1;2;47.98;0.6
4205;"US-2016-133508";"2016-04-17";"2016-04-21";4536;444;2;5;29.05;9.01
4206;"US-2017-111024";"2017-07-03";"2017-07-06";4554;1445;1;6;30.96;11.22
4207;"US-2017-111024";"2017-07-03";"2017-07-06";4554;863;1;2;215.15;-103.99
4208;"CA-2017-129000";"2017-11-25";"2017-11-27";4557;730;1;3;501.81;0.0
4209;"CA-2016-145982";"2016-08-27";"2016-09-01";4563;1157;1;5;29.0;13.92
4210;"CA-2016-145982";"2016-08-27";"2016-09-01";4563;679;1;4;11.68;5.26
4211;"CA-2016-145982";"2016-08-27";"2016-09-01";4563;398;1;9;81.54;36.69
4212;"CA-2016-145982";"2016-08-27";"2016-09-01";4563;12;1;3;59.97;28.79
4213;"CA-2016-145982";"2016-08-27";"2016-09-01";4563;1029;1;1;244.62;20.97
4214;"CA-2016-145982";"2016-08-27";"2016-09-01";4563;1082;1;3;122.97;60.26
4215;"CA-2016-161473";"2016-04-01";"2016-04-05";4568;322;2;3;14.35;4.66
4216;"CA-2016-161473";"2016-04-01";"2016-04-05";4568;576;2;3;10.95;3.29
4217;"CA-2016-161473";"2016-04-01";"2016-04-05";4568;451;2;2;20.7;9.94
4218;"CA-2014-129364";"2014-12-08";"2014-12-13";4575;1501;2;3;39.07;2.93
4219;"CA-2014-129364";"2014-12-08";"2014-12-13";4575;169;2;2;10.37;3.63
4220;"CA-2014-129364";"2014-12-08";"2014-12-13";4575;1499;2;5;11.52;3.74
4221;"CA-2014-129364";"2014-12-08";"2014-12-13";4575;1476;2;10;103.92;-18.19
4222;"CA-2014-129364";"2014-12-08";"2014-12-13";4575;1496;2;5;13.88;-2.6
4223;"CA-2014-129364";"2014-12-08";"2014-12-13";4575;1291;2;3;52.68;19.76
4224;"CA-2014-129364";"2014-12-08";"2014-12-13";4575;515;2;4;6.46;-4.52
4225;"CA-2014-129364";"2014-12-08";"2014-12-13";4575;529;2;7;27.89;9.06
4226;"CA-2016-162614";"2016-10-07";"2016-10-13";4579;988;2;2;27.26;8.86
4227;"CA-2014-130624";"2014-06-21";"2014-06-24";4582;1071;3;3;59.7;26.87
4228;"CA-2014-130624";"2014-06-21";"2014-06-24";4582;624;3;3;617.97;160.67
4229;"CA-2014-130624";"2014-06-21";"2014-06-24";4582;1403;3;3;19.65;9.04
4230;"CA-2016-134887";"2016-03-25";"2016-03-25";4586;495;4;5;1287.45;244.62
4231;"CA-2016-153346";"2016-01-25";"2016-01-27";4588;1419;3;5;18.0;8.28
4232;"CA-2016-153346";"2016-01-25";"2016-01-27";4588;1147;3;3;9.21;2.3
4233;"CA-2017-159464";"2017-05-18";"2017-05-19";4591;1192;3;2;55.98;15.67
4234;"CA-2017-159464";"2017-05-18";"2017-05-19";4591;99;3;6;113.94;54.69
4235;"CA-2017-159464";"2017-05-18";"2017-05-19";4591;925;3;5;34.75;15.64
4236;"CA-2017-159464";"2017-05-18";"2017-05-19";4591;1642;3;3;302.94;75.74
4237;"CA-2017-159464";"2017-05-18";"2017-05-19";4591;93;3;2;17.24;4.48
4238;"CA-2017-134565";"2017-06-11";"2017-06-13";4599;634;1;3;174.42;41.86
4239;"CA-2017-134565";"2017-06-11";"2017-06-13";4599;1623;1;5;385.8;130.21
4240;"CA-2017-134565";"2017-06-11";"2017-06-13";4599;390;1;2;37.94;18.21
4241;"CA-2015-152891";"2015-10-25";"2015-10-30";4616;218;2;3;253.18;-31.65
4242;"CA-2015-152891";"2015-10-25";"2015-10-30";4616;498;2;3;60.45;16.32
4243;"CA-2014-140816";"2014-12-20";"2014-12-20";4630;1600;4;7;447.94;89.59
4244;"US-2014-112200";"2014-11-22";"2014-11-28";4637;1250;2;5;9.98;-16.47
4245;"CA-2015-151841";"2015-04-27";"2015-05-02";4638;576;2;2;5.84;0.73
4246;"CA-2015-151841";"2015-04-27";"2015-05-02";4638;1019;2;5;43.56;3.27
4247;"US-2015-142020";"2015-06-04";"2015-06-08";4646;1326;1;3;35.28;12.0
4248;"US-2015-142020";"2015-06-04";"2015-06-08";4646;59;1;4;30.44;14.31
4249;"CA-2017-112487";"2017-12-26";"2017-12-30";4650;1565;2;2;3.13;-2.61
4250;"CA-2017-103156";"2017-11-23";"2017-11-24";4659;1337;3;9;24.05;7.21
4251;"CA-2014-114517";"2014-12-23";"2014-12-27";4679;290;2;3;56.52;15.83
4252;"CA-2014-114517";"2014-12-23";"2014-12-27";4679;1365;2;2;53.32;-19.55
4253;"CA-2017-117261";"2017-09-04";"2017-09-10";4685;757;2;4;54.32;0.54
4254;"CA-2017-112956";"2017-08-21";"2017-08-27";4691;1024;2;4;91.92;31.25
4255;"CA-2017-112956";"2017-08-21";"2017-08-27";4691;1386;2;2;25.16;8.55
4256;"CA-2017-112956";"2017-08-21";"2017-08-27";4691;1362;2;5;277.4;133.15
4257;"CA-2016-142370";"2016-09-19";"2016-09-23";4715;1093;2;5;249.95;107.48
4258;"CA-2016-142370";"2016-09-19";"2016-09-23";4715;1559;2;2;5.04;0.15
4259;"CA-2015-136196";"2015-11-28";"2015-12-04";4720;494;2;3;322.59;64.52
4260;"CA-2016-145303";"2016-08-28";"2016-08-31";4721;1051;3;2;156.37;-52.89
4261;"CA-2016-145303";"2016-08-28";"2016-08-31";4721;934;3;4;10.02;-16.54
4262;"CA-2016-145303";"2016-08-28";"2016-08-31";4721;738;3;9;13.14;-21.68
4263;"US-2017-106131";"2017-01-14";"2017-01-16";4728;1369;3;9;168.62;14.75
4264;"US-2017-106131";"2017-01-14";"2017-01-16";4728;102;3;7;169.06;-14.79
4265;"CA-2016-156251";"2016-08-13";"2016-08-18";4741;939;1;3;8.52;4.17
4266;"CA-2016-156251";"2016-08-13";"2016-08-18";4741;188;1;2;241.96;24.2
4267;"CA-2015-153416";"2015-11-24";"2015-11-29";4752;399;2;8;91.39;29.7
4268;"CA-2015-153416";"2015-11-24";"2015-11-29";4752;61;2;7;454.86;54.58
4269;"CA-2015-153416";"2015-11-24";"2015-11-29";4752;596;2;3;19.44;9.33
4270;"CA-2015-153416";"2015-11-24";"2015-11-29";4752;982;2;2;3.17;0.99
4271;"CA-2017-117863";"2017-05-18";"2017-05-23";4753;748;2;2;14.56;6.26
4272;"CA-2014-101931";"2014-10-28";"2014-10-31";4754;46;3;5;141.4;38.18
4273;"CA-2014-101931";"2014-10-28";"2014-10-31";4754;188;3;6;617.0;-36.29
4274;"CA-2014-101931";"2014-10-28";"2014-10-31";4754;292;3;2;480.74;14.42
4275;"CA-2014-101931";"2014-10-28";"2014-10-31";4754;1589;3;2;6.28;0.06
4276;"CA-2014-101931";"2014-10-28";"2014-10-31";4754;564;3;2;7.18;2.25
4277;"CA-2017-152737";"2017-11-07";"2017-11-12";4769;1518;2;4;439.8;145.13
4278;"CA-2017-152737";"2017-11-07";"2017-11-12";4769;1480;2;4;21.79;7.63
4279;"CA-2017-163160";"2017-10-13";"2017-10-16";4776;559;3;3;10.48;-6.81
4280;"CA-2017-163160";"2017-10-13";"2017-10-16";4776;288;3;4;96.78;-145.18
4281;"CA-2017-163160";"2017-10-13";"2017-10-16";4776;969;3;3;63.31;20.58
4282;"CA-2014-128839";"2014-09-08";"2014-09-13";4784;17;2;3;209.97;90.29
4283;"CA-2014-128839";"2014-09-08";"2014-09-13";4784;608;2;9;45.0;21.6
4284;"CA-2014-146528";"2014-07-25";"2014-07-27";4832;1466;1;4;15.52;4.5
4285;"CA-2014-146528";"2014-07-25";"2014-07-27";4832;1462;1;1;6.48;3.18
4286;"CA-2016-113803";"2016-03-24";"2016-03-26";4841;1091;3;1;22.48;10.34
4287;"CA-2016-132094";"2016-08-26";"2016-09-02";4843;731;2;2;47.98;13.2
4288;"CA-2016-132094";"2016-08-26";"2016-09-02";4843;1547;2;3;5.47;1.64
4289;"US-2014-129609";"2014-03-22";"2014-03-22";4852;799;4;2;16.28;6.51
4290;"CA-2016-115476";"2016-03-17";"2016-03-17";4853;1319;4;2;32.54;15.94
4291;"CA-2016-115476";"2016-03-17";"2016-03-17";4853;1469;4;2;129.98;62.39
4292;"CA-2015-167010";"2015-04-05";"2015-04-10";4871;1542;2;5;352.45;-211.47
4293;"CA-2015-167010";"2015-04-05";"2015-04-10";4871;1057;2;1;7.58;2.37
4294;"CA-2015-167010";"2015-04-05";"2015-04-10";4871;126;2;2;41.99;-9.8
4295;"CA-2015-167010";"2015-04-05";"2015-04-10";4871;562;2;5;14.85;-3.22
4296;"CA-2015-167010";"2015-04-05";"2015-04-10";4871;1595;2;4;547.14;-68.39
4297;"CA-2015-167010";"2015-04-05";"2015-04-10";4871;1096;2;4;10.43;-6.95
4298;"CA-2015-167010";"2015-04-05";"2015-04-10";4871;594;2;4;563.81;21.14
4299;"CA-2015-167010";"2015-04-05";"2015-04-10";4871;1575;2;7;98.11;18.4
4300;"CA-2014-125829";"2014-11-04";"2014-11-11";4881;1631;2;4;447.97;139.99
4301;"CA-2014-125829";"2014-11-04";"2014-11-11";4881;1387;2;3;19.44;9.33
4302;"CA-2014-125829";"2014-11-04";"2014-11-11";4881;489;2;3;21.94;8.23
4303;"CA-2014-125829";"2014-11-04";"2014-11-11";4881;863;2;4;573.73;-64.54
4304;"CA-2014-125829";"2014-11-04";"2014-11-11";4881;1444;2;7;666.34;66.63
4305;"CA-2016-137848";"2016-01-15";"2016-01-21";4886;713;2;3;49.54;17.34
4306;"CA-2016-137848";"2016-01-15";"2016-01-21";4886;1482;2;9;60.12;28.86
4307;"CA-2016-137848";"2016-01-15";"2016-01-21";4886;641;2;4;16.52;7.6
4308;"CA-2017-120327";"2017-11-11";"2017-11-16";4890;376;2;4;45.92;21.58
4309;"CA-2016-129196";"2016-11-01";"2016-11-07";4897;602;2;3;68.11;17.88
4310;"US-2017-102288";"2017-06-19";"2017-06-23";4925;1428;2;8;146.18;47.51
4311;"US-2017-102288";"2017-06-19";"2017-06-23";4925;1018;2;1;0.44;-1.11
4312;"US-2017-102288";"2017-06-19";"2017-06-23";4925;1609;2;1;2.26;-5.21
4313;"CA-2016-152471";"2016-07-08";"2016-07-08";4930;143;4;2;15.98;5.0
4314;"CA-2016-152471";"2016-07-08";"2016-07-08";4930;1005;4;5;823.96;51.5
4315;"CA-2016-103982";"2016-03-03";"2016-03-08";4;264;2;7;41.72;5.74
4316;"CA-2016-103982";"2016-03-03";"2016-03-08";4;1130;2;3;431.98;32.4
4317;"CA-2016-103982";"2016-03-03";"2016-03-08";4;1563;2;1;2.3;0.78
4318;"CA-2016-103982";"2016-03-03";"2016-03-08";4;1294;2;3;3930.07;-786.01
4319;"CA-2016-147137";"2016-07-04";"2016-07-06";22;561;3;4;27.92;0.56
4320;"CA-2016-147137";"2016-07-04";"2016-07-06";22;915;3;5;1279.17;225.74
4321;"CA-2016-147137";"2016-07-04";"2016-07-06";22;257;3;5;25.4;8.64
4322;"CA-2014-156587";"2014-03-07";"2014-03-08";26;767;3;3;242.94;4.86
4323;"CA-2014-156587";"2014-03-07";"2014-03-08";26;220;3;3;17.94;4.66
4324;"CA-2014-156587";"2014-03-07";"2014-03-08";26;490;3;1;48.71;5.48
4325;"CA-2017-159688";"2017-05-07";"2017-05-12";31;1011;2;1;79.99;28.8
4326;"CA-2017-121643";"2017-05-18";"2017-05-20";39;1239;3;2;344.7;38.78
4327;"CA-2016-147970";"2016-01-31";"2016-02-02";46;1601;1;3;15.55;5.44
4328;"US-2014-139500";"2014-11-16";"2014-11-20";49;1375;2;2;37.3;-1.07
4329;"CA-2015-142055";"2015-05-08";"2015-05-10";58;153;3;2;37.94;18.21
4330;"CA-2016-151323";"2016-10-23";"2016-10-28";61;295;2;5;17.05;8.18
4331;"CA-2017-126662";"2017-07-17";"2017-07-21";65;689;2;2;479.98;90.0
4332;"US-2014-167262";"2014-10-31";"2014-11-03";73;130;1;8;742.34;83.51
4333;"CA-2016-116232";"2016-09-22";"2016-09-26";76;653;2;2;16.56;5.8
4334;"CA-2016-116232";"2016-09-22";"2016-09-26";76;809;2;9;7.51;-6.0
4335;"US-2014-122021";"2014-10-15";"2014-10-17";84;54;3;2;7.97;2.89
4336;"US-2014-122021";"2014-10-15";"2014-10-17";84;1406;3;2;183.37;-7.86
4337;"US-2017-136784";"2017-04-30";"2017-05-05";93;1082;2;4;163.96;80.34
4338;"CA-2017-143245";"2017-12-01";"2017-12-06";95;1052;2;3;897.15;251.2
4339;"CA-2017-143245";"2017-12-01";"2017-12-06";95;1111;2;3;19.44;9.33
4340;"CA-2017-139416";"2017-03-27";"2017-03-29";111;1527;1;2;15.01;1.5
4341;"CA-2014-125171";"2014-09-03";"2014-09-03";122;901;4;5;14.4;7.06
4342;"CA-2015-118738";"2015-10-24";"2015-10-30";129;884;2;2;10.37;3.63
4343;"CA-2015-118738";"2015-10-24";"2015-10-30";129;26;2;7;347.36;-69.47
4344;"CA-2015-118738";"2015-10-24";"2015-10-30";129;53;2;3;15.55;5.44
4345;"CA-2015-156146";"2015-10-26";"2015-10-30";130;1586;1;2;68.72;-14.6
4346;"CA-2015-156146";"2015-10-26";"2015-10-30";130;411;1;2;105.58;9.24
4347;"US-2017-104094";"2017-09-07";"2017-09-11";143;1436;2;1;13.48;1.89
4348;"CA-2017-163335";"2017-09-24";"2017-09-27";144;298;3;7;38.71;17.81
4349;"CA-2017-163335";"2017-09-24";"2017-09-27";144;1659;3;3;40.29;10.07
4350;"CA-2015-110947";"2015-06-09";"2015-06-15";145;242;2;3;113.1;56.55
4351;"CA-2016-158435";"2016-05-17";"2016-05-18";153;906;3;4;173.24;17.32
4352;"CA-2016-158435";"2016-05-17";"2016-05-18";153;273;3;2;14.62;6.87
4353;"CA-2016-158435";"2016-05-17";"2016-05-18";153;609;3;7;65.17;18.9
4354;"CA-2014-113768";"2014-05-13";"2014-05-19";159;1734;2;2;8.0;3.84
4355;"CA-2014-113768";"2014-05-13";"2014-05-19";159;1231;2;6;279.46;20.96
4356;"CA-2014-160066";"2014-11-16";"2014-11-22";165;575;2;2;5.22;2.4
4357;"CA-2017-150987";"2017-04-08";"2017-04-12";178;1517;2;4;195.76;97.88
4358;"CA-2017-150987";"2017-04-08";"2017-04-12";178;1060;2;5;244.55;114.94
4359;"CA-2015-125185";"2015-03-05";"2015-03-07";182;1189;1;2;33.57;-5.45
4360;"CA-2015-125185";"2015-03-05";"2015-03-07";182;423;1;2;99.37;-7.1
4361;"CA-2017-123043";"2017-08-24";"2017-08-29";184;412;2;1;3.74;1.31
4362;"CA-2017-123043";"2017-08-24";"2017-08-29";184;15;2;4;24.67;7.71
4363;"CA-2015-165050";"2015-12-07";"2015-12-09";188;1152;3;6;773.94;224.44
4364;"CA-2015-165050";"2015-12-07";"2015-12-09";188;957;3;2;6.69;2.34
4365;"CA-2015-165050";"2015-12-07";"2015-12-09";188;800;3;5;21.36;7.21
4366;"CA-2017-104080";"2017-03-08";"2017-03-15";190;1626;2;2;3.36;0.87
4367;"CA-2017-104080";"2017-03-08";"2017-03-15";190;1620;2;5;171.2;64.2
4368;"CA-2015-141243";"2015-01-03";"2015-01-08";195;356;1;9;1352.4;-437.54
4369;"CA-2015-141243";"2015-01-03";"2015-01-08";195;280;1;3;7.06;0.79
4370;"CA-2015-141243";"2015-01-03";"2015-01-08";195;824;1;5;398.4;84.66
4371;"CA-2016-113831";"2016-05-30";"2016-06-03";210;451;2;6;62.1;29.81
4372;"CA-2016-113831";"2016-05-30";"2016-06-03";210;819;2;6;1979.7;653.3
4373;"CA-2016-113831";"2016-05-30";"2016-06-03";210;1222;2;10;2275.5;386.84
4374;"CA-2014-159709";"2014-05-10";"2014-05-15";216;147;2;5;43.6;4.36
4375;"CA-2014-159709";"2014-05-10";"2014-05-15";216;221;2;3;158.13;77.48
4376;"CA-2016-158694";"2016-11-10";"2016-11-13";220;1614;1;5;14.7;3.97
4377;"CA-2016-158694";"2016-11-10";"2016-11-13";220;766;1;3;5.18;1.81
4378;"CA-2016-158694";"2016-11-10";"2016-11-13";220;654;1;4;720.76;187.4
4379;"CA-2016-158694";"2016-11-10";"2016-11-13";220;1619;1;5;61.4;28.86
4380;"CA-2016-158694";"2016-11-10";"2016-11-13";220;538;1;9;467.46;191.66
4381;"CA-2016-158694";"2016-11-10";"2016-11-13";220;919;1;4;129.92;38.98
4382;"CA-2016-158694";"2016-11-10";"2016-11-13";220;1516;1;3;67.71;32.5
4383;"CA-2017-155929";"2017-09-09";"2017-09-13";222;1758;2;2;6.37;2.39
4384;"CA-2017-111577";"2017-10-16";"2017-10-21";231;1395;2;7;307.78;111.57
4385;"CA-2016-123015";"2016-12-26";"2016-12-30";236;230;2;3;4.99;1.68
4386;"CA-2016-115378";"2016-11-18";"2016-11-23";242;37;1;2;301.96;33.22
4387;"CA-2014-132542";"2014-10-06";"2014-10-08";248;1748;1;2;15.36;7.68
4388;"CA-2016-120250";"2016-09-19";"2016-09-22";266;1661;3;3;25.63;3.84
4389;"CA-2017-168228";"2017-04-27";"2017-04-29";277;1455;3;2;47.3;12.3
4390;"CA-2017-168228";"2017-04-27";"2017-04-29";277;128;3;3;12.39;5.7
4391;"CA-2017-168228";"2017-04-27";"2017-04-29";277;461;3;4;123.92;33.46
4392;"CA-2017-126438";"2017-09-10";"2017-09-13";283;1543;3;2;14.88;3.72
4393;"CA-2015-164427";"2015-07-31";"2015-08-06";285;79;2;6;239.7;105.47
4394;"CA-2016-138037";"2016-09-29";"2016-10-03";297;1480;2;5;27.24;9.53
4395;"US-2014-150126";"2014-07-27";"2014-08-02";309;1660;2;11;65.78;32.23
4396;"CA-2016-119865";"2016-06-21";"2016-06-26";320;356;2;2;353.57;-44.2
4397;"CA-2016-119865";"2016-06-21";"2016-06-26";320;1460;2;6;186.14;60.5
4398;"CA-2016-119865";"2016-06-21";"2016-06-26";320;1136;2;5;36.56;12.8
4399;"CA-2017-117926";"2017-12-08";"2017-12-12";331;1691;1;1;69.48;20.84
4400;"US-2015-146745";"2015-09-03";"2015-09-08";346;163;2;2;6.37;2.15
4401;"US-2015-146745";"2015-09-03";"2015-09-08";346;66;2;2;129.57;-12.96
4402;"CA-2017-107321";"2017-08-31";"2017-09-04";376;1239;2;4;689.41;77.56
4403;"CA-2017-107321";"2017-08-31";"2017-09-04";376;809;2;3;6.67;2.17
4404;"CA-2014-158442";"2014-03-17";"2014-03-17";382;28;4;3;15.55;5.44
4405;"CA-2014-158442";"2014-03-17";"2014-03-17";382;1462;4;1;5.18;1.88
4406;"CA-2014-158442";"2014-03-17";"2014-03-17";382;661;4;2;4.45;0.33
4407;"CA-2015-130876";"2015-05-12";"2015-05-16";385;817;1;3;36.63;9.89
4408;"CA-2016-155166";"2016-12-26";"2017-01-02";397;1457;2;1;26.49;7.42
4409;"CA-2016-155166";"2016-12-26";"2017-01-02";397;170;2;3;212.94;25.55
4410;"CA-2014-113859";"2014-09-13";"2014-09-17";403;329;2;6;340.12;-9.72
4411;"CA-2016-143910";"2016-08-12";"2016-08-16";407;88;2;2;145.76;-8.1
4412;"CA-2017-158071";"2017-06-10";"2017-06-15";419;256;2;1;15.58;3.9
4413;"CA-2017-158071";"2017-06-10";"2017-06-15";419;319;2;4;11.56;5.43
4414;"CA-2017-158071";"2017-06-10";"2017-06-15";419;535;2;3;88.78;7.77
4415;"CA-2017-107125";"2017-11-27";"2017-12-02";421;271;2;3;18.84;6.03
4416;"CA-2017-107125";"2017-11-27";"2017-12-02";421;266;2;7;117.49;41.12
4417;"US-2017-133312";"2017-11-25";"2017-11-29";427;413;2;1;10.48;2.83
4418;"US-2017-133312";"2017-11-25";"2017-11-29";427;1266;2;3;359.5;-29.61
4419;"CA-2014-157147";"2014-01-13";"2014-01-18";430;389;2;5;19.9;6.57
4420;"CA-2014-157147";"2014-01-13";"2014-01-18";430;1212;2;3;334.0;3.93
4421;"CA-2014-157147";"2014-01-13";"2014-01-18";430;1360;2;5;1325.85;238.65
4422;"CA-2016-111941";"2016-12-25";"2016-12-28";440;530;1;2;33.57;11.75
4423;"CA-2017-130211";"2017-10-22";"2017-10-22";442;484;4;2;248.98;54.78
4424;"CA-2017-130211";"2017-10-22";"2017-10-22";442;1649;4;3;333.09;23.32
4425;"CA-2017-168396";"2017-08-03";"2017-08-08";450;432;1;3;123.96;11.16
4426;"CA-2017-168396";"2017-08-03";"2017-08-08";450;451;1;5;51.75;24.84
4427;"CA-2017-101574";"2017-09-28";"2017-10-04";451;159;2;3;9.24;4.44
4428;"CA-2016-128307";"2016-07-25";"2016-07-29";459;1377;2;1;20.94;7.07
4429;"US-2017-105046";"2017-07-17";"2017-07-23";461;1162;2;4;39.08;14.46
4430;"US-2017-105046";"2017-07-17";"2017-07-23";461;1654;2;5;99.9;47.95
4431;"US-2017-105046";"2017-07-17";"2017-07-23";461;275;2;2;269.98;67.5
4432;"CA-2015-122406";"2015-08-02";"2015-08-05";468;933;1;1;110.98;15.54
4433;"CA-2015-122406";"2015-08-02";"2015-08-05";468;96;1;2;199.98;83.99
4434;"CA-2015-122406";"2015-08-02";"2015-08-05";468;930;1;2;8.4;4.12
4435;"CA-2015-122406";"2015-08-02";"2015-08-05";468;1586;1;3;128.85;3.87
4436;"CA-2016-156265";"2016-08-02";"2016-08-04";488;343;1;2;12.54;4.7
4437;"CA-2016-156265";"2016-08-02";"2016-08-04";488;409;1;3;333.58;33.36
4438;"CA-2016-156265";"2016-08-02";"2016-08-04";488;1722;1;2;136.46;15.35
4439;"CA-2017-134495";"2017-04-01";"2017-04-04";489;1193;1;3;218.35;-19.11
4440;"CA-2017-134495";"2017-04-01";"2017-04-04";489;1570;1;3;20.81;1.82
4441;"CA-2017-134495";"2017-04-01";"2017-04-04";489;1092;1;3;6.26;2.04
4442;"CA-2017-134495";"2017-04-01";"2017-04-04";489;1095;1;3;23.98;-5.69
4443;"US-2014-138247";"2014-12-24";"2014-12-29";497;1013;2;1;23.99;5.52
4444;"US-2014-138247";"2014-12-24";"2014-12-29";497;1289;2;1;20.34;0.2
4445;"US-2014-138247";"2014-12-24";"2014-12-29";497;526;2;3;818.38;51.15
4446;"US-2014-138247";"2014-12-24";"2014-12-29";497;717;2;3;62.85;13.2
4447;"US-2014-138247";"2014-12-24";"2014-12-29";497;1016;2;2;361.96;101.35
4448;"US-2014-138247";"2014-12-24";"2014-12-29";497;1652;2;7;173.66;17.37
4449;"US-2015-113327";"2015-05-26";"2015-05-29";499;212;1;7;167.94;50.38
4450;"US-2015-113327";"2015-05-26";"2015-05-29";499;614;1;2;12.22;4.43
4451;"US-2015-113327";"2015-05-26";"2015-05-29";499;1665;1;4;153.73;53.8
4452;"US-2015-113327";"2015-05-26";"2015-05-29";499;1451;1;1;18.27;5.94
4453;"CA-2016-145240";"2016-09-06";"2016-09-08";530;250;3;1;10.78;0.81
4454;"CA-2017-127306";"2017-01-14";"2017-01-18";538;957;2;2;2.51;-1.84
4455;"CA-2017-127306";"2017-01-14";"2017-01-18";538;1438;2;5;5.97;-4.58
4456;"CA-2017-127306";"2017-01-14";"2017-01-18";538;197;2;2;111.98;7.0
4457;"CA-2017-127306";"2017-01-14";"2017-01-18";538;581;2;7;36.29;12.7
4458;"CA-2017-127306";"2017-01-14";"2017-01-18";538;360;2;3;18.34;6.65
4459;"US-2014-140452";"2014-12-06";"2014-12-10";542;485;2;2;35.17;-8.35
4460;"US-2014-140452";"2014-12-06";"2014-12-10";542;742;2;2;4.6;-8.05
4461;"US-2014-140452";"2014-12-06";"2014-12-10";542;1009;2;3;10.78;-4.85
4462;"US-2014-140452";"2014-12-06";"2014-12-10";542;687;2;4;35.04;-7.01
4463;"US-2014-140452";"2014-12-06";"2014-12-10";542;1068;2;5;214.95;-120.37
4464;"US-2014-140452";"2014-12-06";"2014-12-10";542;1575;2;4;14.02;-31.54
4465;"CA-2016-160304";"2016-01-02";"2016-01-07";552;1090;2;2;231.98;67.27
4466;"CA-2016-160304";"2016-01-02";"2016-01-07";552;328;2;3;173.94;38.27
4467;"CA-2016-163202";"2016-09-27";"2016-10-02";562;586;2;3;2.91;-2.03
4468;"CA-2014-116568";"2014-12-14";"2014-12-20";570;1231;2;4;186.3;13.97
4469;"CA-2016-117660";"2016-12-30";"2017-01-04";575;1413;2;2;13.71;1.03
4470;"CA-2016-117660";"2016-12-30";"2017-01-04";575;1630;2;2;5.9;1.99
4471;"CA-2015-106215";"2015-04-16";"2015-04-21";578;1199;2;4;12.58;4.09
4472;"CA-2017-144883";"2017-08-15";"2017-08-19";590;1726;2;8;50.4;23.18
4473;"CA-2017-105445";"2017-02-20";"2017-02-25";603;1199;1;3;9.43;3.07
4474;"CA-2017-146626";"2017-12-29";"2018-01-05";621;1604;2;8;101.12;37.41
4475;"CA-2017-116288";"2017-03-12";"2017-03-17";641;340;2;3;242.94;9.72
4476;"CA-2017-130631";"2017-12-29";"2018-01-02";659;1056;2;2;68.46;20.54
4477;"CA-2017-130631";"2017-12-29";"2018-01-02";659;1766;2;5;19.6;9.6
4478;"US-2015-120502";"2015-04-13";"2015-04-19";669;1396;2;2;75.84;29.58
4479;"US-2015-120502";"2015-04-13";"2015-04-19";669;517;2;2;258.58;19.39
4480;"US-2015-120502";"2015-04-13";"2015-04-19";669;977;2;2;37.68;15.83
4481;"US-2016-168410";"2016-02-21";"2016-02-26";693;1728;2;2;39.98;2.0
4482;"US-2016-168410";"2016-02-21";"2016-02-26";693;381;2;3;296.37;80.02
4483;"US-2016-168410";"2016-02-21";"2016-02-26";693;62;2;5;68.95;28.96
4484;"CA-2016-123526";"2016-12-24";"2016-12-25";694;437;3;5;33.4;16.03
4485;"CA-2016-120873";"2016-10-27";"2016-11-01";709;701;1;1;290.98;75.65
4486;"CA-2015-162621";"2015-09-05";"2015-09-11";717;1509;2;3;4.47;-7.82
4487;"CA-2015-162621";"2015-09-05";"2015-09-11";717;1287;2;9;69.12;-14.69
4488;"CA-2015-162621";"2015-09-05";"2015-09-11";717;1319;2;5;16.27;-25.22
4489;"CA-2017-122196";"2017-09-22";"2017-09-24";727;116;3;2;391.98;113.67
4490;"CA-2017-106432";"2017-10-19";"2017-10-24";729;1611;2;3;328.4;-91.76
4491;"CA-2017-106432";"2017-10-19";"2017-10-24";729;1179;2;2;2.07;-3.52
4492;"CA-2017-120936";"2017-12-17";"2017-12-21";734;1280;2;1;13.98;3.63
4493;"CA-2017-120936";"2017-12-17";"2017-12-21";734;858;2;4;481.32;125.14
4494;"CA-2017-145653";"2017-09-01";"2017-09-01";741;1159;4;7;498.26;134.53
4495;"CA-2017-144484";"2017-09-11";"2017-09-11";750;606;4;5;406.6;113.85
4496;"CA-2016-130078";"2016-08-08";"2016-08-14";778;1512;2;2;10.56;4.75
4497;"CA-2017-161410";"2017-06-26";"2017-07-03";789;1469;2;14;545.92;72.79
4498;"CA-2017-161410";"2017-06-26";"2017-07-03";789;233;2;3;358.2;41.79
4499;"US-2016-114888";"2016-09-19";"2016-09-24";800;1678;1;3;6.24;1.87
4500;"US-2016-114888";"2016-09-19";"2016-09-24";800;374;1;3;11.95;4.18
4501;"CA-2016-155033";"2016-10-07";"2016-10-12";809;1697;2;2;10.56;5.07
4502;"US-2016-139388";"2016-11-07";"2016-11-09";811;749;3;4;14.96;0.3
4503;"CA-2017-112753";"2017-06-18";"2017-06-23";831;674;2;6;38.88;19.05
4504;"CA-2017-112753";"2017-06-18";"2017-06-23";831;332;2;9;917.92;75.59
4505;"CA-2014-147235";"2014-03-24";"2014-03-28";837;1650;2;5;24.9;11.7
4506;"CA-2016-122017";"2016-12-29";"2017-01-02";839;1296;2;2;81.96;22.95
4507;"CA-2016-122017";"2016-12-29";"2017-01-02";839;1326;2;6;70.56;23.99
4508;"CA-2017-143217";"2017-11-11";"2017-11-17";855;645;2;3;18.24;8.57
4509;"CA-2017-164098";"2017-01-26";"2017-01-27";858;13;3;2;18.16;1.82
4510;"CA-2016-110982";"2016-06-05";"2016-06-07";876;1026;3;4;58.24;15.72
4511;"CA-2016-110982";"2016-06-05";"2016-06-07";876;1311;3;6;21.55;7.0
4512;"CA-2016-140018";"2016-11-21";"2016-11-26";879;1463;2;3;77.95;15.59
4513;"CA-2016-140018";"2016-11-21";"2016-11-26";879;318;2;3;127.55;-9.11
4514;"CA-2016-140018";"2016-11-21";"2016-11-26";879;1684;2;7;30.35;-24.28
4515;"US-2017-135230";"2017-09-01";"2017-09-07";888;871;2;1;7.58;2.96
4516;"CA-2015-120516";"2015-08-13";"2015-08-17";891;480;2;3;5.64;2.71
4517;"US-2016-167472";"2016-06-06";"2016-06-07";894;1214;3;2;12.96;6.22
4518;"US-2016-167472";"2016-06-06";"2016-06-07";894;854;3;3;11.67;5.6
4519;"US-2016-167472";"2016-06-06";"2016-06-07";894;64;3;3;64.14;30.79
4520;"US-2016-167472";"2016-06-06";"2016-06-07";894;902;3;3;59.94;28.17
4521;"US-2016-167472";"2016-06-06";"2016-06-07";894;477;3;3;323.37;129.35
4522;"US-2016-167472";"2016-06-06";"2016-06-07";894;794;3;3;26.85;5.1
4523;"US-2016-167472";"2016-06-06";"2016-06-07";894;731;3;6;179.94;75.57
4524;"CA-2015-160696";"2015-09-06";"2015-09-10";903;950;2;5;7.24;1.18
4525;"CA-2016-101630";"2016-02-19";"2016-02-23";905;1413;1;3;25.71;6.68
4526;"CA-2016-101630";"2016-02-19";"2016-02-23";905;759;1;3;8.67;4.07
4527;"CA-2016-101336";"2016-11-13";"2016-11-18";906;817;2;3;36.63;9.89
4528;"CA-2016-101336";"2016-11-13";"2016-11-18";906;1180;2;5;140.75;39.41
4529;"CA-2016-101336";"2016-11-13";"2016-11-18";906;223;2;2;24.88;6.97
4530;"CA-2016-101336";"2016-11-13";"2016-11-18";906;336;2;5;77.55;20.16
4531;"CA-2016-149279";"2016-04-24";"2016-04-28";923;1257;2;2;3.11;-2.18
4532;"CA-2016-149279";"2016-04-24";"2016-04-28";923;304;2;6;1325.76;149.15
4533;"CA-2016-149279";"2016-04-24";"2016-04-28";923;460;2;3;15.55;5.44
4534;"CA-2014-127383";"2014-12-31";"2015-01-05";929;1267;2;2;49.57;17.97
4535;"CA-2016-110730";"2016-09-23";"2016-09-26";930;1720;1;2;13.68;3.69
4536;"CA-2017-119746";"2017-11-23";"2017-11-27";959;768;2;2;222.38;16.68
4537;"CA-2017-119746";"2017-11-23";"2017-11-27";959;695;2;5;11.52;4.18
4538;"CA-2017-119746";"2017-11-23";"2017-11-27";959;1329;2;1;6.46;-4.04
4539;"CA-2016-145898";"2016-09-26";"2016-09-26";961;337;4;5;29.9;13.46
4540;"CA-2016-145898";"2016-09-26";"2016-09-26";961;1641;4;5;35.4;13.45
4541;"CA-2016-145898";"2016-09-26";"2016-09-26";961;1092;4;3;7.83;3.6
4542;"CA-2016-145898";"2016-09-26";"2016-09-26";961;333;4;3;51.45;13.89
4543;"CA-2017-143126";"2017-12-03";"2017-12-07";968;1363;1;2;521.96;88.73
4544;"CA-2015-147501";"2015-08-02";"2015-08-06";976;1234;2;2;558.4;41.88
4545;"CA-2015-147501";"2015-08-02";"2015-08-06";976;1438;2;2;6.37;2.15
4546;"CA-2017-147452";"2017-09-30";"2017-10-03";1011;758;3;1;3.89;1.01
4547;"CA-2017-147452";"2017-09-30";"2017-10-03";1011;1439;3;3;167.94;82.29
4548;"US-2014-121566";"2014-06-30";"2014-07-06";1013;479;2;3;6.6;2.9
4549;"US-2014-121566";"2014-06-30";"2014-07-06";1013;417;2;1;2.69;0.84
4550;"CA-2017-158883";"2017-06-02";"2017-06-03";1015;1585;4;4;25.34;9.19
4551;"US-2016-151827";"2016-03-31";"2016-04-02";1021;1272;1;2;31.98;1.2
4552;"US-2016-151827";"2016-03-31";"2016-04-02";1021;1603;1;3;280.78;-60.84
4553;"CA-2016-120796";"2016-04-03";"2016-04-07";1022;952;2;9;99.85;-83.21
4554;"CA-2014-101560";"2014-11-28";"2014-12-01";1040;736;1;4;13.12;4.33
4555;"CA-2014-101560";"2014-11-28";"2014-12-01";1040;1619;1;7;85.96;40.4
4556;"CA-2014-101560";"2014-11-28";"2014-12-01";1040;176;1;5;397.6;43.74
4557;"CA-2015-149811";"2015-01-04";"2015-01-10";1041;43;2;5;39.9;19.95
4558;"CA-2015-149811";"2015-01-04";"2015-01-10";1041;997;2;3;32.34;15.52
4559;"CA-2017-105487";"2017-10-08";"2017-10-14";1047;1289;2;2;40.68;0.41
4560;"CA-2017-105487";"2017-10-08";"2017-10-14";1047;404;2;4;239.96;115.18
4561;"CA-2017-105487";"2017-10-08";"2017-10-14";1047;1389;2;2;36.0;6.48
4562;"CA-2017-105487";"2017-10-08";"2017-10-14";1047;1152;2;1;103.19;11.61
4563;"CA-2017-164364";"2017-11-12";"2017-11-16";1057;609;2;3;27.93;8.1
4564;"CA-2017-164364";"2017-11-12";"2017-11-16";1057;1147;2;3;9.21;2.3
4565;"CA-2017-164364";"2017-11-12";"2017-11-16";1057;542;2;2;9.96;4.58
4566;"CA-2014-138681";"2014-12-20";"2014-12-22";1082;1512;3;2;8.45;2.64
4567;"CA-2014-138681";"2014-12-20";"2014-12-22";1082;1362;3;5;221.92;77.67
4568;"CA-2014-138681";"2014-12-20";"2014-12-22";1082;488;3;3;242.35;-42.41
4569;"CA-2014-138681";"2014-12-20";"2014-12-22";1082;212;3;3;71.98;21.59
4570;"CA-2014-138681";"2014-12-20";"2014-12-22";1082;1463;3;2;51.97;10.39
4571;"CA-2014-151792";"2014-09-02";"2014-09-07";1090;366;1;3;239.98;53.99
4572;"CA-2016-123120";"2016-09-04";"2016-09-08";1091;667;2;4;22.72;6.59
4573;"CA-2016-123120";"2016-09-04";"2016-09-08";1091;175;2;5;60.6;20.45
4574;"CA-2016-123120";"2016-09-04";"2016-09-08";1091;1434;2;1;63.94;24.94
4575;"CA-2017-164707";"2017-02-18";"2017-02-21";1097;637;1;2;9.82;4.81
4576;"CA-2017-164707";"2017-02-18";"2017-02-21";1097;1125;1;3;109.53;47.1
4577;"CA-2017-164707";"2017-02-18";"2017-02-21";1097;197;1;3;167.98;10.5
4578;"CA-2015-109708";"2015-05-25";"2015-05-28";1110;1488;1;4;467.04;58.38
4579;"US-2016-101616";"2016-09-03";"2016-09-06";1113;513;3;8;87.28;41.02
4580;"US-2014-159618";"2014-11-12";"2014-11-16";1129;862;2;1;67.99;-13.0
4581;"US-2014-159618";"2014-11-12";"2014-11-16";1129;283;2;7;36.29;12.7
4582;"US-2014-159618";"2014-11-12";"2014-11-16";1129;350;2;3;79.51;20.87
4583;"US-2014-159618";"2014-11-12";"2014-11-16";1129;1496;2;6;16.66;-3.12
4584;"US-2014-159618";"2014-11-12";"2014-11-16";1129;1454;2;1;2.67;0.33
4585;"CA-2016-122448";"2016-06-09";"2016-06-14";1151;94;2;3;122.35;13.76
4586;"CA-2017-152709";"2017-10-07";"2017-10-12";1155;1284;2;2;85.52;22.24
4587;"CA-2015-118227";"2015-04-24";"2015-04-28";1159;848;2;1;25.99;7.54
4588;"CA-2016-139556";"2016-04-26";"2016-05-01";1169;1562;2;3;434.65;62.78
4589;"US-2017-133200";"2017-05-06";"2017-05-11";1179;1645;2;5;772.68;-57.95
4590;"US-2017-133200";"2017-05-06";"2017-05-11";1179;125;2;7;623.46;-119.19
4591;"US-2017-133200";"2017-05-06";"2017-05-11";1179;298;2;10;11.06;-18.8
4592;"CA-2015-111990";"2015-11-08";"2015-11-13";1190;142;2;6;10.48;-17.29
4593;"US-2014-104759";"2014-03-31";"2014-04-04";1210;549;2;2;79.98;14.0
4594;"US-2014-104759";"2014-03-31";"2014-04-04";1210;560;2;7;8.13;-13.83
4595;"CA-2017-125640";"2017-07-25";"2017-07-29";1214;1711;2;1;3.3;1.07
4596;"CA-2015-142601";"2015-04-18";"2015-04-20";1218;1674;1;2;61.96;27.88
4597;"CA-2016-166240";"2016-06-24";"2016-06-28";1233;1035;2;2;8.71;-19.6
4598;"CA-2014-105249";"2014-11-28";"2014-11-28";1236;1048;4;4;411.33;-4.84
4599;"CA-2014-105249";"2014-11-28";"2014-11-28";1236;228;4;4;41.4;19.87
4600;"CA-2014-105249";"2014-11-28";"2014-11-28";1236;668;4;2;7.36;0.15
4601;"CA-2015-109736";"2015-10-10";"2015-10-11";1241;599;3;7;45.36;21.77
4602;"CA-2017-137876";"2017-04-30";"2017-05-05";1246;360;2;4;30.56;14.97
4603;"CA-2017-137876";"2017-04-30";"2017-05-05";1246;383;2;2;64.96;21.44
4604;"CA-2017-156895";"2017-05-08";"2017-05-12";1247;1340;2;3;128.06;-23.78
4605;"CA-2017-108749";"2017-09-12";"2017-09-15";1248;908;3;3;45.78;22.89
4606;"CA-2017-108749";"2017-09-12";"2017-09-15";1248;1713;3;7;45.36;21.77
4607;"US-2017-141943";"2017-05-05";"2017-05-09";1274;1716;2;2;23.16;11.58
4608;"CA-2016-154060";"2016-05-02";"2016-05-08";1306;921;2;9;187.06;11.69
4609;"CA-2015-136798";"2015-05-08";"2015-05-12";1311;432;2;3;123.96;11.16
4610;"CA-2015-136798";"2015-05-08";"2015-05-12";1311;857;2;3;377.97;105.83
4611;"CA-2015-136798";"2015-05-08";"2015-05-12";1311;588;2;2;43.98;21.99
4612;"US-2017-114034";"2017-01-03";"2017-01-08";1320;1053;2;6;38.88;18.66
4613;"CA-2016-125815";"2016-10-28";"2016-11-01";1325;289;1;3;12.42;5.22
4614;"CA-2016-127649";"2016-10-07";"2016-10-09";1330;1234;3;3;837.6;62.82
4615;"CA-2014-133424";"2014-03-30";"2014-04-04";1335;345;2;3;44.4;22.2
4616;"CA-2014-133424";"2014-03-30";"2014-04-04";1335;1273;2;3;15.84;0.0
4617;"CA-2016-120530";"2016-04-07";"2016-04-12";1337;2;2;3;658.75;146.39
4618;"CA-2014-101175";"2014-12-09";"2014-12-14";1341;734;2;6;100.7;-1.26
4619;"CA-2014-160766";"2014-09-14";"2014-09-14";1347;1165;4;9;44.82;21.07
4620;"CA-2014-160766";"2014-09-14";"2014-09-14";1347;1221;4;3;287.97;80.63
4621;"CA-2014-160766";"2014-09-14";"2014-09-14";1347;1421;4;1;16.99;4.42
4622;"CA-2014-160766";"2014-09-14";"2014-09-14";1347;47;4;2;601.3;198.43
4623;"CA-2014-160766";"2014-09-14";"2014-09-14";1347;970;4;4;2799.96;1371.98
4624;"CA-2014-160766";"2014-09-14";"2014-09-14";1347;570;4;7;68.46;31.49
4625;"CA-2014-160766";"2014-09-14";"2014-09-14";1347;1379;4;9;464.29;-108.33
4626;"CA-2017-108854";"2017-12-08";"2017-12-14";1360;1284;2;1;42.76;11.12
4627;"CA-2017-108854";"2017-12-08";"2017-12-14";1360;242;2;3;90.48;33.93
4628;"CA-2017-108854";"2017-12-08";"2017-12-14";1360;928;2;1;22.42;8.41
4629;"CA-2017-108854";"2017-12-08";"2017-12-14";1360;1744;2;4;87.92;40.44
4630;"CA-2014-103317";"2014-07-05";"2014-07-08";1361;1756;3;3;213.22;15.99
4631;"CA-2014-103317";"2014-07-05";"2014-07-08";1361;1270;3;5;9.81;-6.87
4632;"CA-2014-103317";"2014-07-05";"2014-07-08";1361;1055;3;2;19.52;5.37
4633;"CA-2016-149195";"2016-09-05";"2016-09-07";1363;674;1;2;10.37;3.76
4634;"CA-2016-149195";"2016-09-05";"2016-09-07";1363;971;1;8;15.81;5.34
4635;"CA-2016-149195";"2016-09-05";"2016-09-07";1363;673;1;5;25.92;9.07
4636;"CA-2014-166744";"2014-09-20";"2014-09-24";1364;212;2;2;59.98;26.39
4637;"CA-2014-166744";"2014-09-20";"2014-09-24";1364;188;2;3;362.94;36.29
4638;"CA-2014-166744";"2014-09-20";"2014-09-24";1364;744;2;3;164.22;50.91
4639;"CA-2016-141180";"2016-05-15";"2016-05-19";1388;496;1;4;7.76;-5.18
4640;"CA-2017-142174";"2017-03-04";"2017-03-09";1390;1262;2;2;89.57;32.47
4641;"CA-2015-169796";"2015-11-09";"2015-11-14";1404;1133;2;3;17.94;3.05
4642;"CA-2015-169796";"2015-11-09";"2015-11-14";1404;1699;2;2;2321.9;1114.51
4643;"CA-2017-169691";"2017-06-15";"2017-06-18";1407;1647;3;3;17.94;8.79
4644;"CA-2017-169691";"2017-06-15";"2017-06-18";1407;761;3;5;84.55;22.83
4645;"CA-2017-169691";"2017-06-15";"2017-06-18";1407;345;3;3;44.4;22.2
4646;"US-2017-162558";"2017-10-02";"2017-10-05";1411;844;3;2;19.76;5.93
4647;"US-2017-162558";"2017-10-02";"2017-10-05";1411;556;3;4;34.24;-26.25
4648;"US-2017-162558";"2017-10-02";"2017-10-05";1411;378;3;7;2314.12;-1002.78
4649;"US-2017-162558";"2017-10-02";"2017-10-05";1411;688;3;3;27.36;-21.89
4650;"US-2017-162558";"2017-10-02";"2017-10-05";1411;747;3;4;20.74;7.26
4651;"US-2017-162558";"2017-10-02";"2017-10-05";1411;1732;3;1;9.66;1.57
4652;"US-2017-162558";"2017-10-02";"2017-10-05";1411;1408;3;2;11.81;1.33
4653;"CA-2017-150931";"2017-01-06";"2017-01-13";1421;270;2;7;33.74;15.52
4654;"US-2016-127425";"2016-08-26";"2016-08-31";1426;1259;2;5;249.95;87.48
4655;"US-2016-127425";"2016-08-26";"2016-08-31";1426;850;2;6;33.0;8.25
4656;"US-2017-125717";"2017-09-28";"2017-10-01";1442;321;3;2;209.79;26.22
4657;"US-2017-125717";"2017-09-28";"2017-10-01";1442;1647;3;3;14.35;5.2
4658;"US-2017-125717";"2017-09-28";"2017-10-01";1442;1334;3;4;76.78;-58.86
4659;"US-2017-125717";"2017-09-28";"2017-10-01";1442;281;3;2;54.38;1.36
4660;"US-2017-125717";"2017-09-28";"2017-10-01";1442;446;3;2;147.18;-29.44
4661;"US-2017-125717";"2017-09-28";"2017-10-01";1442;619;3;1;32.78;3.28
4662;"CA-2015-130456";"2015-08-21";"2015-08-26";1445;340;2;1;80.98;3.24
4663;"CA-2015-130456";"2015-08-21";"2015-08-26";1445;1667;2;6;586.4;34.49
4664;"CA-2015-159863";"2015-09-04";"2015-09-07";1446;458;1;3;134.38;6.72
4665;"CA-2016-106656";"2016-09-23";"2016-09-26";1453;323;3;3;18.9;8.69
4666;"CA-2016-106656";"2016-09-23";"2016-09-26";1453;107;3;2;4.08;1.92
4667;"CA-2015-146486";"2015-11-09";"2015-11-14";1459;1208;1;5;899.95;54.0
4668;"CA-2015-146486";"2015-11-09";"2015-11-14";1459;1676;1;2;13.98;6.01
4669;"CA-2015-146486";"2015-11-09";"2015-11-14";1459;107;1;6;12.24;5.75
4670;"CA-2015-146486";"2015-11-09";"2015-11-14";1459;1012;1;5;244.55;4.89
4671;"CA-2014-123477";"2014-01-18";"2014-01-21";1463;1430;1;4;64.86;6.49
4672;"US-2017-126060";"2017-04-14";"2017-04-18";1483;1010;2;8;198.27;-32.22
4673;"CA-2017-154501";"2017-04-30";"2017-05-05";1496;434;2;2;9.78;4.01
4674;"US-2016-147340";"2016-09-24";"2016-09-24";1511;1604;4;5;63.2;23.38
4675;"CA-2014-110219";"2014-05-05";"2014-05-08";1520;194;3;3;127.87;-9.13
4676;"CA-2016-159989";"2016-12-09";"2016-12-13";1526;828;2;3;40.68;-9.15
4677;"CA-2017-148999";"2017-01-30";"2017-02-04";1527;1771;2;4;419.14;-68.11
4678;"CA-2017-169817";"2017-09-21";"2017-09-25";1529;1120;2;2;1.91;-1.53
4679;"CA-2016-101448";"2016-02-27";"2016-03-01";1531;60;1;3;56.82;28.41
4680;"CA-2016-116561";"2016-09-11";"2016-09-17";1542;244;2;2;39.87;12.96
4681;"CA-2016-116561";"2016-09-11";"2016-09-17";1542;39;2;3;332.94;6.66
4682;"CA-2016-121370";"2016-11-14";"2016-11-19";1543;1683;1;3;48.58;9.72
4683;"CA-2016-121370";"2016-11-14";"2016-11-19";1543;827;1;4;1199.98;180.0
4684;"CA-2016-121370";"2016-11-14";"2016-11-19";1543;657;1;3;380.06;-21.72
4685;"US-2016-169369";"2016-12-12";"2016-12-18";1552;1241;2;4;49.12;23.09
4686;"US-2016-169369";"2016-12-12";"2016-12-18";1552;1161;2;5;249.95;20.0
4687;"CA-2017-141719";"2017-11-17";"2017-11-21";1567;404;1;5;239.96;83.99
4688;"CA-2014-138450";"2014-10-18";"2014-10-22";1570;1443;2;4;10.05;3.14
4689;"CA-2014-138450";"2014-10-18";"2014-10-22";1570;132;2;6;186.91;-35.05
4690;"CA-2014-138450";"2014-10-18";"2014-10-22";1570;368;2;6;52.51;19.69
4691;"CA-2016-135776";"2016-12-23";"2016-12-30";1578;1300;2;4;1117.92;55.9
4692;"CA-2016-135776";"2016-12-23";"2016-12-30";1578;1267;2;2;61.96;30.36
4693;"CA-2016-135776";"2016-12-23";"2016-12-30";1578;225;2;1;47.9;22.99
4694;"CA-2016-135776";"2016-12-23";"2016-12-30";1578;123;2;2;227.28;2.27
4695;"CA-2016-135776";"2016-12-23";"2016-12-30";1578;1687;2;2;4.2;1.18
4696;"CA-2016-135776";"2016-12-23";"2016-12-30";1578;1279;2;2;37.94;18.21
4697;"CA-2016-135776";"2016-12-23";"2016-12-30";1578;280;2;3;8.82;2.56
4698;"CA-2016-107790";"2016-11-20";"2016-11-24";1594;763;2;1;151.19;13.23
4699;"US-2015-154389";"2015-11-27";"2015-12-03";1604;1603;2;8;748.75;-162.23
4700;"CA-2016-136126";"2016-05-24";"2016-05-24";1607;225;4;4;191.6;91.97
4701;"CA-2016-167115";"2016-04-04";"2016-04-09";1615;1254;2;2;588.78;184.0
4702;"CA-2014-108273";"2014-12-16";"2014-12-21";1619;1551;2;2;56.57;-74.95
4703;"CA-2014-108273";"2014-12-16";"2014-12-21";1619;972;2;7;36.29;12.7
4704;"US-2017-110989";"2017-11-03";"2017-11-05";1626;370;1;3;43.5;10.88
4705;"CA-2017-108091";"2017-11-16";"2017-11-21";1630;961;2;4;23.36;6.07
4706;"CA-2015-129042";"2015-12-12";"2015-12-17";1648;251;2;3;8.22;2.22
4707;"CA-2015-103177";"2015-05-30";"2015-06-01";1667;1586;3;3;128.85;3.87
4708;"CA-2015-103177";"2015-05-30";"2015-06-01";1667;1139;3;2;160.32;44.89
4709;"CA-2015-103177";"2015-05-30";"2015-06-01";1667;1774;3;3;239.97;2.4
4710;"CA-2015-123330";"2015-06-21";"2015-06-27";1673;974;2;3;107.98;37.79
4711;"US-2017-165953";"2016-12-31";"2017-01-06";1679;571;2;5;23.48;8.22
4712;"US-2017-165953";"2016-12-31";"2017-01-06";1679;74;2;3;47.62;3.57
4713;"CA-2017-103499";"2017-11-20";"2017-11-24";1695;265;2;2;209.57;-23.58
4714;"CA-2015-104129";"2015-02-27";"2015-03-02";1697;1324;2;7;493.92;-28.22
4715;"CA-2015-104129";"2015-02-27";"2015-03-02";1697;593;2;2;105.98;1.06
4716;"CA-2016-134936";"2016-12-19";"2016-12-25";1701;249;2;2;5.21;-4.17
4717;"CA-2016-134936";"2016-12-19";"2016-12-25";1701;1157;2;6;10.44;-7.66
4718;"CA-2016-134936";"2016-12-19";"2016-12-25";1701;1776;2;6;455.97;-218.87
4719;"CA-2017-117422";"2017-10-21";"2017-10-25";1718;1179;2;4;6.22;-4.97
4720;"CA-2017-117422";"2017-10-21";"2017-10-25";1718;1718;2;2;161.57;16.16
4721;"CA-2015-107741";"2015-03-08";"2015-03-10";1720;648;3;1;3.41;0.89
4722;"CA-2017-155607";"2017-11-26";"2017-11-30";1732;568;2;4;93.34;32.67
4723;"CA-2017-155607";"2017-11-26";"2017-11-30";1732;1558;2;7;58.73;14.68
4724;"CA-2017-106831";"2017-06-01";"2017-06-03";1746;411;3;4;158.38;-34.31
4725;"CA-2017-106831";"2017-06-01";"2017-06-03";1746;770;3;6;27.74;10.06
4726;"CA-2017-106831";"2017-06-01";"2017-06-03";1746;722;3;2;3.8;-2.66
4727;"CA-2016-124814";"2016-04-10";"2016-04-16";1756;1157;2;5;23.2;8.12
4728;"CA-2016-124814";"2016-04-10";"2016-04-16";1756;1495;2;2;12.96;6.22
4729;"CA-2017-143651";"2017-03-25";"2017-03-30";1760;1042;2;2;23.1;6.93
4730;"CA-2016-111213";"2016-04-01";"2016-04-05";1795;564;2;1;3.59;1.12
4731;"CA-2016-111213";"2016-04-01";"2016-04-05";1795;1530;2;8;63.84;18.51
4732;"CA-2016-111213";"2016-04-01";"2016-04-05";1795;2;2;6;1317.49;292.78
4733;"US-2015-126235";"2015-10-15";"2015-10-15";1814;1666;4;2;17.14;6.17
4734;"CA-2017-152786";"2017-03-12";"2017-03-17";1816;1311;2;9;40.41;18.59
4735;"CA-2016-159912";"2016-08-29";"2016-09-03";1826;1349;2;7;10.58;-2.38
4736;"CA-2016-159912";"2016-08-29";"2016-09-03";1826;560;2;2;3.49;-2.79
4737;"CA-2016-159912";"2016-08-29";"2016-09-03";1826;1616;2;4;163.88;-81.94
4738;"CA-2016-159912";"2016-08-29";"2016-09-03";1826;1324;2;4;241.92;-56.45
4739;"US-2017-147984";"2017-01-28";"2017-02-01";1833;1262;2;5;279.9;137.15
4740;"CA-2016-144540";"2016-09-05";"2016-09-10";1852;1503;2;9;28.44;4.27
4741;"CA-2016-144540";"2016-09-05";"2016-09-10";1852;282;2;3;62.79;-166.39
4742;"CA-2017-132647";"2017-02-17";"2017-02-23";1853;1498;2;5;166.45;39.95
4743;"CA-2017-163006";"2017-06-30";"2017-07-04";1855;55;1;2;14.22;-10.31
4744;"CA-2017-163006";"2017-06-30";"2017-07-04";1855;1615;1;3;569.06;-178.85
4745;"CA-2017-163006";"2017-06-30";"2017-07-04";1855;1704;1;2;1001.58;125.2
4746;"CA-2014-164469";"2014-06-25";"2014-06-27";1865;1089;1;1;9.33;0.82
4747;"CA-2014-164469";"2014-06-25";"2014-06-27";1865;799;1;11;71.63;17.91
4748;"CA-2014-164469";"2014-06-25";"2014-06-27";1865;949;1;5;263.96;19.8
4749;"US-2014-165862";"2014-07-13";"2014-07-17";1866;1200;2;3;351.22;4.39
4750;"CA-2016-101546";"2016-12-18";"2016-12-24";1871;1045;2;2;1793.98;843.17
4751;"CA-2014-138940";"2014-04-11";"2014-04-16";1881;1288;1;6;758.35;265.42
4752;"CA-2015-167374";"2015-03-26";"2015-03-30";1888;179;1;3;16.78;5.03
4753;"CA-2015-167374";"2015-03-26";"2015-03-30";1888;240;1;6;40.03;12.51
4754;"CA-2015-127173";"2015-09-26";"2015-10-03";1889;796;2;9;79.06;28.66
4755;"CA-2015-127173";"2015-09-26";"2015-10-03";1889;1412;2;7;629.93;296.07
4756;"CA-2015-127173";"2015-09-26";"2015-10-03";1889;376;2;3;34.44;16.19
4757;"US-2014-123183";"2014-11-19";"2014-11-25";1908;841;2;6;1025.88;235.95
4758;"US-2014-123183";"2014-11-19";"2014-11-25";1908;415;2;7;213.08;102.28
4759;"US-2014-123183";"2014-11-19";"2014-11-25";1908;529;2;2;9.96;4.58
4760;"US-2014-123183";"2014-11-19";"2014-11-25";1908;277;2;6;22.5;10.8
4761;"CA-2014-103401";"2014-11-21";"2014-11-26";1909;1008;2;2;12.96;6.22
4762;"CA-2015-105725";"2015-02-18";"2015-02-24";1924;1365;2;1;35.54;-0.89
4763;"CA-2015-105725";"2015-02-18";"2015-02-24";1924;346;2;2;61.06;28.09
4764;"CA-2017-155075";"2017-12-02";"2017-12-09";1934;149;2;4;631.18;-462.86
4765;"CA-2015-153073";"2015-11-13";"2015-11-13";1950;1709;4;9;17.5;-7.44
4766;"CA-2017-130141";"2017-10-22";"2017-10-24";1954;1669;1;4;579.14;-28.96
4767;"CA-2017-130141";"2017-10-22";"2017-10-24";1954;246;1;4;3.17;-2.53
4768;"CA-2016-117681";"2016-04-09";"2016-04-14";1972;1;2;5;556.67;6.55
4769;"CA-2016-109407";"2016-01-24";"2016-01-26";1987;343;1;4;31.36;15.68
4770;"US-2017-122714";"2017-12-07";"2017-12-13";1992;1607;2;5;1889.99;-2929.48
4771;"CA-2017-117821";"2017-06-12";"2017-06-16";1997;79;2;2;63.92;19.18
4772;"CA-2016-101987";"2016-06-24";"2016-06-30";2017;1673;2;9;440.91;123.45
4773;"CA-2015-118871";"2015-12-04";"2015-12-09";2022;1658;1;5;36.4;13.83
4774;"CA-2015-118871";"2015-12-04";"2015-12-09";2022;1657;1;3;110.35;8.28
4775;"CA-2015-118871";"2015-12-04";"2015-12-09";2022;67;1;3;271.44;122.15
4776;"CA-2017-146367";"2017-08-04";"2017-08-08";2028;298;2;3;3.32;-5.64
4777;"CA-2017-132738";"2017-08-04";"2017-08-07";2028;388;3;1;8.78;3.18
4778;"CA-2017-132738";"2017-08-04";"2017-08-07";2028;1348;3;2;7.97;2.89
4779;"CA-2015-103954";"2015-08-09";"2015-08-13";2043;1640;1;5;687.4;48.12
4780;"CA-2015-156482";"2015-02-06";"2015-02-13";2072;832;2;2;5.68;1.76
4781;"CA-2015-156482";"2015-02-06";"2015-02-13";2072;1328;2;4;283.92;82.34
4782;"CA-2015-156482";"2015-02-06";"2015-02-13";2072;870;2;9;1268.82;266.45
4783;"US-2015-114741";"2015-12-06";"2015-12-10";2074;1777;2;1;6.48;3.11
4784;"CA-2015-104346";"2015-12-11";"2015-12-16";2084;108;2;3;27.7;9.69
4785;"CA-2015-104346";"2015-12-11";"2015-12-16";2084;1681;2;3;85.06;28.71
4786;"CA-2015-104346";"2015-12-11";"2015-12-16";2084;1237;2;5;364.95;-248.17
4787;"CA-2015-104346";"2015-12-11";"2015-12-16";2084;696;2;5;54.92;10.98
4788;"CA-2015-104346";"2015-12-11";"2015-12-16";2084;748;2;9;52.42;15.07
4789;"CA-2015-104346";"2015-12-11";"2015-12-16";2084;1680;2;4;58.08;-6.53
4790;"CA-2015-104346";"2015-12-11";"2015-12-16";2084;991;2;3;4.22;0.48
4791;"CA-2015-104346";"2015-12-11";"2015-12-16";2084;1315;2;4;69.58;-143.79
4792;"CA-2015-104346";"2015-12-11";"2015-12-16";2084;1286;2;5;13.12;1.15
4793;"CA-2016-109925";"2016-11-06";"2016-11-10";2086;46;1;3;84.84;22.91
4794;"CA-2017-128335";"2017-09-29";"2017-10-05";2095;1354;2;5;51.55;24.23
4795;"CA-2017-128335";"2017-09-29";"2017-10-05";2095;1066;2;3;23.34;10.97
4796;"US-2015-167220";"2015-12-12";"2015-12-16";2107;1676;2;4;22.37;6.43
4797;"CA-2016-121993";"2016-06-10";"2016-06-12";2110;1630;3;8;23.62;7.97
4798;"US-2017-159562";"2017-09-09";"2017-09-15";2112;802;2;2;17.48;8.22
4799;"US-2017-120607";"2017-05-19";"2017-05-19";2129;986;4;4;195.64;91.95
4800;"CA-2015-134719";"2015-10-10";"2015-10-15";2138;338;2;6;1801.63;-337.81
4801;"CA-2014-102085";"2014-10-04";"2014-10-09";2153;273;2;4;29.24;13.74
4802;"US-2017-152569";"2017-05-15";"2017-05-20";2156;925;2;2;11.12;3.48
4803;"US-2017-152569";"2017-05-15";"2017-05-20";2156;190;2;2;56.7;19.14
4804;"CA-2017-168123";"2017-03-05";"2017-03-05";2161;941;4;3;18.69;9.16
4805;"CA-2017-168123";"2017-03-05";"2017-03-05";2161;629;4;2;127.96;62.7
4806;"CA-2017-168123";"2017-03-05";"2017-03-05";2161;1080;4;4;221.16;57.5
4807;"CA-2017-168123";"2017-03-05";"2017-03-05";2161;1503;4;2;7.9;2.53
4808;"CA-2016-133795";"2016-12-18";"2016-12-24";2174;1557;2;4;39.92;11.18
4809;"CA-2016-133795";"2016-12-18";"2016-12-24";2174;495;2;3;772.47;146.77
4810;"CA-2016-133795";"2016-12-18";"2016-12-24";2174;428;2;2;72.64;21.79
4811;"US-2014-146353";"2014-10-14";"2014-10-16";2176;75;1;5;269.9;16.19
4812;"US-2014-146353";"2014-10-14";"2014-10-16";2176;1410;1;4;22.92;11.0
4813;"US-2017-136707";"2017-11-12";"2017-11-15";2182;72;3;4;14.02;4.91
4814;"CA-2015-110877";"2015-10-23";"2015-10-26";2185;263;3;2;150.38;15.04
4815;"CA-2015-110877";"2015-10-23";"2015-10-26";2185;724;3;7;36.29;12.7
4816;"US-2015-168914";"2015-05-21";"2015-05-27";2196;101;2;8;20.77;-52.96
4817;"US-2016-162026";"2016-10-08";"2016-10-08";2199;924;4;2;61.96;27.88
4818;"US-2017-141852";"2017-11-09";"2017-11-14";2204;663;2;8;47.12;20.73
4819;"CA-2014-114510";"2014-03-14";"2014-03-19";2215;1460;2;2;62.05;20.17
4820;"CA-2014-114510";"2014-03-14";"2014-03-19";2215;525;2;2;21.36;5.77
4821;"CA-2014-114510";"2014-03-14";"2014-03-19";2215;1672;2;12;82.8;6.62
4822;"CA-2014-114510";"2014-03-14";"2014-03-19";2215;340;2;1;80.98;3.24
4823;"CA-2014-114510";"2014-03-14";"2014-03-19";2215;1228;2;4;33.09;11.17
4824;"US-2014-106334";"2014-12-27";"2015-01-02";2233;507;2;3;12.84;5.78
4825;"US-2014-106334";"2014-12-27";"2015-01-02";2233;946;2;3;230.28;23.03
4826;"CA-2016-159653";"2016-05-22";"2016-05-22";2238;637;4;3;14.73;7.22
4827;"US-2017-120649";"2017-01-20";"2017-01-26";2239;991;2;2;3.52;1.02
4828;"CA-2016-102162";"2016-09-11";"2016-09-16";2248;1183;2;1;11.09;5.43
4829;"CA-2016-102162";"2016-09-11";"2016-09-16";2248;1668;2;8;1599.92;751.96
4830;"CA-2014-141796";"2014-06-21";"2014-06-21";2255;1366;4;3;1214.85;352.31
4831;"CA-2014-104829";"2014-11-18";"2014-11-21";2273;1443;1;7;21.98;9.89
4832;"US-2014-137680";"2014-02-24";"2014-03-02";2277;1580;2;3;22.78;7.69
4833;"CA-2016-151372";"2016-09-05";"2016-09-06";2297;165;3;2;4.36;1.79
4834;"CA-2016-151372";"2016-09-05";"2016-09-06";2297;738;3;2;11.68;3.94
4835;"CA-2016-151372";"2016-09-05";"2016-09-06";2297;1677;3;2;96.08;46.12
4836;"CA-2016-148908";"2016-11-05";"2016-11-08";2298;1129;3;2;53.25;19.97
4837;"US-2014-168501";"2014-11-21";"2014-11-27";2316;911;2;5;267.96;16.75
4838;"US-2014-168501";"2014-11-21";"2014-11-27";2316;107;2;1;1.63;0.55
4839;"US-2015-137533";"2015-12-18";"2015-12-18";2340;460;4;4;20.74;7.26
4840;"CA-2014-150798";"2014-12-01";"2014-12-03";2344;965;1;6;909.72;-51.98
4841;"CA-2014-150798";"2014-12-01";"2014-12-03";2344;1111;1;7;36.29;12.7
4842;"CA-2014-150798";"2014-12-01";"2014-12-03";2344;257;1;2;8.13;1.42
4843;"CA-2014-150798";"2014-12-01";"2014-12-03";2344;1508;1;2;659.99;110.0
4844;"CA-2015-127607";"2015-03-20";"2015-03-26";2345;1692;2;9;18.86;6.13
4845;"CA-2015-127607";"2015-03-20";"2015-03-26";2345;1333;2;2;2.51;-4.4
4846;"CA-2017-160885";"2017-12-02";"2017-12-06";2354;546;2;4;2479.96;743.99
4847;"CA-2017-140298";"2017-05-11";"2017-05-17";2363;516;2;1;8.0;-7.0
4848;"CA-2017-140298";"2017-05-11";"2017-05-17";2363;507;2;2;6.85;2.14
4849;"CA-2017-140298";"2017-05-11";"2017-05-17";2363;186;2;2;74.42;-14.88
4850;"CA-2017-140298";"2017-05-11";"2017-05-17";2363;1553;2;2;5.25;0.59
4851;"CA-2017-128734";"2017-12-24";"2017-12-31";2375;595;2;3;842.38;105.3
4852;"CA-2017-128734";"2017-12-24";"2017-12-31";2375;1475;2;4;8.54;1.92
4853;"US-2015-138121";"2015-12-17";"2015-12-17";2390;1551;4;3;212.13;14.85
4854;"US-2015-138121";"2015-12-17";"2015-12-17";2390;318;4;9;546.66;136.67
4855;"US-2015-138121";"2015-12-17";"2015-12-17";2390;1159;4;2;142.36;38.44
4856;"US-2015-138121";"2015-12-17";"2015-12-17";2390;1021;4;3;302.94;48.47
4857;"US-2015-138121";"2015-12-17";"2015-12-17";2390;881;4;4;29.52;14.46
4858;"CA-2017-161333";"2017-02-02";"2017-02-07";2392;1432;2;4;46.8;16.38
4859;"CA-2017-161333";"2017-02-02";"2017-02-07";2392;980;2;4;139.04;38.93
4860;"CA-2017-161333";"2017-02-02";"2017-02-07";2392;442;2;2;86.26;29.33
4861;"CA-2017-105921";"2017-08-14";"2017-08-21";2407;470;2;3;418.3;5.23
4862;"CA-2015-148712";"2015-04-17";"2015-04-23";2416;1763;2;3;10.71;2.78
4863;"CA-2015-148712";"2015-04-17";"2015-04-23";2416;1049;2;13;62.3;21.02
4864;"CA-2015-148712";"2015-04-17";"2015-04-23";2416;824;2;1;99.6;36.85
4865;"CA-2016-136021";"2016-08-14";"2016-08-18";2424;1742;2;6;105.55;35.62
4866;"CA-2016-136021";"2016-08-14";"2016-08-18";2424;1426;2;3;15.54;7.61
4867;"CA-2016-155138";"2016-09-08";"2016-09-12";2425;1393;2;3;64.7;23.46
4868;"CA-2016-155138";"2016-09-08";"2016-09-12";2425;942;2;4;35.17;8.35
4869;"CA-2017-156720";"2017-12-30";"2018-01-03";2426;180;2;3;3.02;-0.6
4870;"US-2017-109582";"2017-09-12";"2017-09-17";2438;117;1;3;166.44;79.89
4871;"CA-2015-145485";"2015-11-05";"2015-11-05";2443;1109;4;4;62.8;15.7
4872;"CA-2016-158547";"2016-05-30";"2016-06-04";2444;1446;2;5;123.92;9.29
4873;"CA-2017-151008";"2017-09-07";"2017-09-08";2447;1405;3;4;126.56;47.46
4874;"CA-2017-151008";"2017-09-07";"2017-09-08";2447;1533;3;2;25.16;10.57
4875;"CA-2014-152562";"2014-11-01";"2014-11-08";2451;764;2;3;5.64;1.64
4876;"CA-2014-152562";"2014-11-01";"2014-11-08";2451;980;2;2;69.52;19.47
4877;"CA-2017-125913";"2017-01-16";"2017-01-16";2455;597;4;7;399.67;-14.99
4878;"CA-2017-125913";"2017-01-16";"2017-01-16";2455;7;4;4;27.92;8.1
4879;"CA-2014-112403";"2014-03-31";"2014-03-31";2458;939;4;1;0.85;-0.6
4880;"CA-2017-118402";"2017-09-29";"2017-10-04";2463;812;2;5;243.92;-54.88
4881;"CA-2015-142202";"2015-09-18";"2015-09-23";2493;824;1;9;717.12;152.39
4882;"US-2014-166310";"2014-09-21";"2014-09-23";2512;1531;3;2;8.54;-7.48
4883;"CA-2017-116113";"2017-10-02";"2017-10-06";2524;1314;1;2;10.16;3.45
4884;"CA-2016-101385";"2016-09-25";"2016-10-01";2538;289;2;4;16.56;6.96
4885;"CA-2017-168641";"2017-11-24";"2017-12-01";2545;1111;2;2;12.96;6.22
4886;"CA-2017-168641";"2017-11-24";"2017-12-01";2545;1210;2;2;321.57;-16.08
4887;"CA-2017-168641";"2017-11-24";"2017-12-01";2545;1361;2;2;167.96;78.94
4888;"CA-2017-168641";"2017-11-24";"2017-12-01";2545;700;2;9;16.38;7.37
4889;"CA-2014-101770";"2014-03-31";"2014-04-04";2546;941;2;1;1.87;-1.31
4890;"CA-2015-134922";"2015-11-07";"2015-11-11";2548;956;2;2;24.4;7.93
4891;"CA-2014-103331";"2014-08-26";"2014-09-01";2553;1027;2;1;3.38;1.55
4892;"CA-2014-103331";"2014-08-26";"2014-09-01";2553;1203;2;3;17.34;8.5
4893;"CA-2014-103331";"2014-08-26";"2014-09-01";2553;1475;2;4;10.68;4.06
4894;"CA-2014-149538";"2014-04-04";"2014-04-08";2565;1462;2;2;12.96;6.35
4895;"CA-2014-149538";"2014-04-04";"2014-04-08";2565;1713;2;3;19.44;9.33
4896;"CA-2014-149538";"2014-04-04";"2014-04-08";2565;1093;2;2;99.98;42.99
4897;"CA-2014-149538";"2014-04-04";"2014-04-08";2565;186;2;5;232.55;9.3
4898;"CA-2016-116547";"2016-01-10";"2016-01-17";2572;725;2;2;69.98;13.3
4899;"CA-2016-116547";"2016-01-10";"2016-01-17";2572;840;2;4;79.92;34.37
4900;"CA-2017-129357";"2017-05-14";"2017-05-19";2576;580;2;5;64.4;1.93
4901;"CA-2017-129357";"2017-05-14";"2017-05-19";2576;1670;2;9;440.19;206.89
4902;"US-2016-138408";"2016-11-18";"2016-11-21";2588;1752;1;4;1319.96;527.98
4903;"CA-2016-134691";"2016-11-14";"2016-11-18";2591;1198;2;2;2.3;-3.9
4904;"US-2014-138828";"2014-09-02";"2014-09-03";2602;964;3;3;14.94;7.02
4905;"US-2014-138828";"2014-09-02";"2014-09-03";2602;681;3;5;57.75;16.17
4906;"CA-2015-125066";"2015-12-14";"2015-12-18";2612;1180;2;2;56.3;15.76
4907;"CA-2015-125066";"2015-12-14";"2015-12-18";2612;1378;2;2;6.16;1.97
4908;"CA-2014-132451";"2014-09-26";"2014-09-27";2633;1371;3;3;19.44;9.33
4909;"CA-2014-132451";"2014-09-26";"2014-09-27";2633;2;3;3;585.55;73.19
4910;"CA-2014-160738";"2014-05-05";"2014-05-10";2641;46;2;2;45.25;3.96
4911;"CA-2017-147403";"2017-09-10";"2017-09-13";2666;1740;3;3;85.06;28.71
4912;"CA-2015-119102";"2015-05-23";"2015-05-27";2671;333;2;3;51.45;13.89
4913;"US-2016-153815";"2016-11-06";"2016-11-09";2680;117;3;2;88.77;31.07
4914;"US-2016-153815";"2016-11-06";"2016-11-09";2680;536;3;2;35.57;5.78
4915;"US-2016-153815";"2016-11-06";"2016-11-09";2680;1516;3;2;36.11;12.64
4916;"US-2016-153815";"2016-11-06";"2016-11-09";2680;207;3;2;207.98;-28.6
4917;"CA-2017-147333";"2017-12-14";"2017-12-20";2684;794;2;5;44.75;8.5
4918;"CA-2017-147333";"2017-12-14";"2017-12-20";2684;79;2;4;159.8;70.31
4919;"CA-2016-133550";"2016-07-31";"2016-08-06";2690;365;2;3;272.94;30.02
4920;"CA-2016-133550";"2016-07-31";"2016-08-06";2690;1444;2;1;118.99;33.32
4921;"CA-2016-133550";"2016-07-31";"2016-08-06";2690;302;2;4;635.96;165.35
4922;"CA-2016-133550";"2016-07-31";"2016-08-06";2690;1138;2;4;283.14;72.36
4923;"CA-2017-164042";"2017-05-23";"2017-05-27";2693;553;2;1;1.19;-1.96
4924;"CA-2017-164042";"2017-05-23";"2017-05-27";2693;1289;2;3;48.82;-11.59
4925;"CA-2017-164042";"2017-05-23";"2017-05-27";2693;1415;2;5;18.32;-46.72
4926;"CA-2017-164042";"2017-05-23";"2017-05-27";2693;1686;2;2;1.82;0.62
4927;"CA-2016-119935";"2016-11-10";"2016-11-14";2697;1550;2;2;37.3;17.16
4928;"CA-2014-132864";"2014-12-02";"2014-12-07";2721;262;2;5;119.8;29.95
4929;"CA-2015-109001";"2015-03-05";"2015-03-09";2722;939;2;3;2.56;-1.79
4930;"CA-2015-109001";"2015-03-05";"2015-03-09";2722;294;2;1;10.31;-1.29
4931;"CA-2015-109001";"2015-03-05";"2015-03-09";2722;1707;2;7;466.16;-93.23
4932;"CA-2015-155124";"2015-03-15";"2015-03-21";2743;1690;2;3;16.78;1.68
4933;"CA-2017-155824";"2017-03-10";"2017-03-15";2744;513;2;4;13.09;-10.04
4934;"CA-2017-155824";"2017-03-10";"2017-03-15";2744;1694;2;1;48.78;3.66
4935;"CA-2014-146283";"2014-09-08";"2014-09-15";2745;202;2;6;182.11;61.46
4936;"CA-2014-146283";"2014-09-08";"2014-09-15";2745;304;2;5;966.7;-13.81
4937;"CA-2014-146283";"2014-09-08";"2014-09-15";2745;753;2;2;17.9;6.27
4938;"CA-2017-159107";"2017-06-24";"2017-06-26";2759;1563;1;1;2.88;1.35
4939;"US-2015-124219";"2015-08-07";"2015-08-08";2769;87;3;4;28.4;13.06
4940;"CA-2016-122903";"2016-05-27";"2016-05-29";2776;978;1;3;314.55;150.98
4941;"CA-2016-122903";"2016-05-27";"2016-05-29";2776;552;1;3;144.12;69.18
4942;"CA-2016-122903";"2016-05-27";"2016-05-29";2776;440;1;5;3504.9;700.98
4943;"CA-2016-131968";"2016-11-11";"2016-11-15";2788;227;2;3;671.54;50.37
4944;"CA-2016-131968";"2016-11-11";"2016-11-15";2788;58;2;2;9.89;-6.92
4945;"US-2017-125647";"2017-09-23";"2017-09-28";2799;855;2;2;39.98;-9.0
4946;"US-2017-125647";"2017-09-23";"2017-09-28";2799;1371;2;4;20.74;7.26
4947;"US-2017-125647";"2017-09-23";"2017-09-28";2799;1694;2;6;73.18;-197.58
4948;"CA-2014-109491";"2014-02-20";"2014-02-26";2813;257;2;4;20.32;6.91
4949;"CA-2014-109491";"2014-02-20";"2014-02-26";2813;1127;2;3;62.31;22.43
4950;"CA-2017-167080";"2017-06-10";"2017-06-14";2818;177;2;5;8.4;4.2
4951;"US-2017-150595";"2017-05-22";"2017-05-26";2846;609;2;3;22.34;2.51
4952;"US-2017-150595";"2017-05-22";"2017-05-26";2846;163;2;2;1.59;-2.63
4953;"US-2017-150595";"2017-05-22";"2017-05-26";2846;207;2;2;181.99;-54.6
4954;"CA-2017-129707";"2017-04-25";"2017-04-29";2856;92;2;4;8.9;0.67
4955;"CA-2014-123323";"2014-11-07";"2014-11-12";2861;588;2;7;123.14;46.18
4956;"US-2017-103814";"2017-12-09";"2017-12-16";2866;519;2;9;143.86;48.55
4957;"CA-2017-105991";"2017-05-05";"2017-05-06";2870;862;3;3;89.99;-152.98
4958;"CA-2017-105991";"2017-05-05";"2017-05-06";2870;163;3;8;9.55;-7.32
4959;"CA-2017-105991";"2017-05-05";"2017-05-06";2870;141;3;9;21.24;7.43
4960;"CA-2014-113320";"2014-12-12";"2014-12-15";2871;159;1;3;9.24;4.44
4961;"CA-2014-113320";"2014-12-12";"2014-12-15";2871;25;1;3;8.94;0.63
4962;"CA-2014-113320";"2014-12-12";"2014-12-15";2871;709;1;3;12.54;4.51
4963;"CA-2015-121965";"2015-06-19";"2015-06-23";2872;512;2;3;186.69;87.74
4964;"CA-2015-121965";"2015-06-19";"2015-06-23";2872;1039;2;1;6.48;3.11
4965;"CA-2015-121965";"2015-06-19";"2015-06-23";2872;271;2;2;12.56;4.02
4966;"CA-2016-118969";"2016-10-02";"2016-10-03";2901;415;3;6;54.79;-40.18
4967;"CA-2017-106782";"2017-12-21";"2017-12-27";2905;338;2;1;375.34;18.77
4968;"CA-2015-102876";"2015-09-07";"2015-09-14";2913;632;2;3;4.92;-3.94
4969;"CA-2015-102876";"2015-09-07";"2015-09-14";2913;133;2;6;791.96;-131.99
4970;"CA-2015-102876";"2015-09-07";"2015-09-14";2913;199;2;1;9.52;-6.98
4971;"US-2014-147648";"2014-11-26";"2014-12-01";2924;1310;2;2;81.98;40.17
4972;"CA-2014-115084";"2014-10-18";"2014-10-22";2932;1705;2;6;605.34;145.28
4973;"CA-2017-169929";"2017-09-25";"2017-09-28";2937;750;3;5;39.9;10.37
4974;"CA-2014-130813";"2014-01-06";"2014-01-08";2938;596;1;3;19.44;9.33
4975;"US-2015-122910";"2015-05-12";"2015-05-16";2948;857;2;2;201.58;20.16
4976;"CA-2017-117436";"2017-06-08";"2017-06-14";2970;1257;2;2;10.36;5.08
4977;"CA-2014-124478";"2014-08-08";"2014-08-12";2978;1308;2;2;299.98;83.99
4978;"CA-2014-124478";"2014-08-08";"2014-08-12";2978;1009;2;6;53.88;22.63
4979;"CA-2014-124478";"2014-08-08";"2014-08-12";2978;156;2;3;38.34;17.25
4980;"CA-2014-124478";"2014-08-08";"2014-08-12";2978;931;2;3;167.54;37.23
4981;"CA-2014-124478";"2014-08-08";"2014-08-12";2978;1508;2;1;549.99;275.0
4982;"CA-2017-158722";"2017-10-20";"2017-10-26";2987;532;2;3;45.53;15.93
4983;"CA-2015-168529";"2015-10-08";"2015-10-12";2998;452;2;5;145.9;62.74
4984;"CA-2016-118759";"2016-11-14";"2016-11-17";3000;250;3;3;40.44;10.51
4985;"CA-2016-118759";"2016-11-14";"2016-11-17";3000;504;3;2;408.01;72.53
4986;"CA-2017-163125";"2017-10-09";"2017-10-11";3003;1689;1;3;254.06;-32.66
4987;"CA-2017-163125";"2017-10-09";"2017-10-11";3003;920;1;7;67.14;5.88
4988;"CA-2017-151071";"2017-04-25";"2017-04-29";3009;249;1;2;13.9;4.52
4989;"CA-2014-107818";"2014-09-08";"2014-09-14";3012;340;2;6;485.88;19.44
4990;"CA-2014-107818";"2014-09-08";"2014-09-14";3012;136;2;8;303.84;91.15
4991;"CA-2014-107818";"2014-09-08";"2014-09-14";3012;2;2;5;975.92;121.99
4992;"CA-2014-107818";"2014-09-08";"2014-09-14";3012;164;2;2;5.88;2.65
4993;"CA-2017-115175";"2017-08-07";"2017-08-12";3030;1060;2;5;244.55;114.94
4994;"US-2017-149510";"2017-12-03";"2017-12-10";3031;1402;2;6;28.78;-21.11
4995;"US-2017-149510";"2017-12-03";"2017-12-10";3031;290;2;3;45.22;4.52
4996;"US-2014-161613";"2014-12-01";"2014-12-03";3039;487;1;3;674.06;-19.26
4997;"CA-2016-145492";"2016-11-20";"2016-11-27";3041;403;2;12;39.0;11.31
4998;"CA-2017-160962";"2017-04-28";"2017-05-02";3043;48;2;2;6.85;0.77
4999;"CA-2017-160962";"2017-04-28";"2017-05-02";3043;413;2;1;8.38;0.73
5000;"CA-2015-111073";"2015-12-26";"2015-12-30";3062;1068;2;1;51.59;-15.48
5001;"CA-2015-163104";"2015-03-19";"2015-03-26";3068;797;2;2;11.96;5.86
5002;"CA-2016-129868";"2016-12-26";"2016-12-31";3071;544;2;3;53.97;15.11
5003;"CA-2016-129868";"2016-12-26";"2016-12-31";3071;493;2;3;902.71;33.85
5004;"CA-2016-129868";"2016-12-26";"2016-12-31";3071;1664;2;2;7.9;2.05
5005;"CA-2016-129868";"2016-12-26";"2016-12-31";3071;1340;2;3;146.35;-5.49
5006;"CA-2016-129868";"2016-12-26";"2016-12-31";3071;9;2;2;302.38;30.24
5007;"CA-2016-129868";"2016-12-26";"2016-12-31";3071;1477;2;2;17.76;4.97
5008;"CA-2015-144302";"2015-06-19";"2015-06-23";3085;486;2;2;5.79;-9.56
5009;"CA-2015-161830";"2015-09-24";"2015-09-26";3096;941;1;3;14.95;5.42
5010;"CA-2015-161830";"2015-09-24";"2015-09-26";3096;112;1;2;35.96;10.43
5011;"CA-2015-169278";"2015-05-21";"2015-05-25";3104;665;2;4;26.98;8.77
5012;"CA-2015-144722";"2015-03-16";"2015-03-23";3112;1582;2;1;43.13;18.11
5013;"CA-2016-139395";"2016-12-12";"2016-12-18";3118;1659;2;2;26.86;6.72
5014;"CA-2016-139395";"2016-12-12";"2016-12-18";3118;661;2;5;13.9;3.61
5015;"CA-2016-139395";"2016-12-12";"2016-12-18";3118;879;2;4;33.48;8.7
5016;"CA-2016-139395";"2016-12-12";"2016-12-18";3118;263;2;7;657.93;184.22
5017;"US-2017-169502";"2017-08-28";"2017-09-01";3120;1415;2;5;91.6;26.56
5018;"US-2017-169502";"2017-08-28";"2017-09-01";3120;620;2;3;21.81;5.89
5019;"CA-2017-121300";"2017-09-29";"2017-09-29";3126;1555;4;2;8.45;2.64
5020;"CA-2017-121300";"2017-09-29";"2017-09-29";3126;1243;4;4;21.25;7.44
5021;"CA-2017-121300";"2017-09-29";"2017-09-29";3126;1495;4;3;15.55;5.44
5022;"CA-2017-121300";"2017-09-29";"2017-09-29";3126;1648;4;2;344.22;-189.32
5023;"CA-2017-121300";"2017-09-29";"2017-09-29";3126;96;4;3;239.98;65.99
5024;"CA-2017-121300";"2017-09-29";"2017-09-29";3126;1193;4;1;63.69;-15.47
5025;"CA-2014-139598";"2014-12-26";"2014-12-31";3127;792;2;4;227.14;-42.59
5026;"CA-2014-139598";"2014-12-26";"2014-12-31";3127;267;2;2;81.55;8.16
5027;"CA-2014-139598";"2014-12-26";"2014-12-31";3127;1639;2;2;34.66;5.63
5028;"CA-2014-139598";"2014-12-26";"2014-12-31";3127;59;2;3;18.26;6.16
5029;"CA-2015-146948";"2015-07-16";"2015-07-20";3136;1563;2;4;11.52;5.41
5030;"CA-2015-146948";"2015-07-16";"2015-07-20";3136;956;2;9;137.25;63.14
5031;"CA-2015-146948";"2015-07-16";"2015-07-20";3136;252;2;1;150.98;43.78
5032;"CA-2017-166933";"2017-04-24";"2017-04-28";3140;916;2;1;1.81;0.65
5033;"CA-2017-102967";"2017-09-22";"2017-09-26";3143;250;2;5;67.4;17.52
5034;"US-2016-108497";"2016-06-14";"2016-06-14";3150;1542;4;5;599.17;35.25
5035;"CA-2017-136364";"2017-07-13";"2017-07-17";3164;1604;1;9;91.01;19.34
5036;"CA-2017-136364";"2017-07-13";"2017-07-17";3164;894;1;1;39.59;-7.26
5037;"CA-2014-150301";"2014-07-08";"2014-07-10";3177;423;3;1;63.88;10.65
5038;"US-2017-114657";"2017-11-16";"2017-11-21";3189;1724;2;4;52.44;24.12
5039;"CA-2017-114055";"2017-12-25";"2017-12-29";3190;1447;1;2;90.48;23.52
5040;"CA-2017-114055";"2017-12-25";"2017-12-29";3190;978;1;6;629.1;301.97
5041;"CA-2017-114055";"2017-12-25";"2017-12-29";3190;950;1;2;3.62;1.19
5042;"CA-2017-114055";"2017-12-25";"2017-12-29";3190;1677;1;2;96.08;46.12
5043;"US-2016-148901";"2016-05-14";"2016-05-19";3200;22;2;8;13.39;-9.82
5044;"US-2016-148901";"2016-05-14";"2016-05-19";3200;287;2;2;10.38;-7.61
5045;"US-2016-148901";"2016-05-14";"2016-05-19";3200;1682;2;2;4.77;0.42
5046;"US-2016-148901";"2016-05-14";"2016-05-19";3200;147;2;5;43.6;4.36
5047;"US-2016-148901";"2016-05-14";"2016-05-19";3200;1533;2;3;30.19;8.3
5048;"US-2016-148901";"2016-05-14";"2016-05-19";3200;1256;2;6;31.1;10.89
5049;"US-2016-148901";"2016-05-14";"2016-05-19";3200;1334;2;3;57.58;-44.15
5050;"US-2017-132206";"2017-06-16";"2017-06-21";3203;35;2;7;5.94;-8.9
5051;"CA-2017-132262";"2017-09-21";"2017-09-23";3235;208;3;2;79.98;26.39
5052;"CA-2017-132262";"2017-09-21";"2017-09-23";3235;795;3;2;71.98;15.12
5053;"US-2015-141684";"2015-06-29";"2015-07-04";3253;922;2;4;24.96;11.23
5054;"CA-2017-164378";"2017-07-15";"2017-07-18";3256;839;1;2;8.96;4.39
5055;"CA-2017-164378";"2017-07-15";"2017-07-18";3256;1429;1;6;664.15;88.55
5056;"CA-2017-164378";"2017-07-15";"2017-07-18";3256;717;1;2;41.9;8.8
5057;"CA-2017-164378";"2017-07-15";"2017-07-18";3256;445;1;3;7.83;3.6
5058;"CA-2017-164378";"2017-07-15";"2017-07-18";3256;1321;1;2;6.56;1.9
5059;"CA-2017-117653";"2017-10-19";"2017-10-23";3277;1211;2;1;91.28;-67.54
5060;"CA-2014-119151";"2014-11-25";"2014-11-29";3304;1051;1;3;275.95;-37.94
5061;"CA-2014-119151";"2014-11-25";"2014-11-29";3304;1300;1;4;1117.92;55.9
5062;"CA-2017-167661";"2017-10-05";"2017-10-10";3310;941;2;4;19.94;7.23
5063;"CA-2017-167661";"2017-10-05";"2017-10-10";3310;1154;2;2;61.96;27.88
5064;"CA-2017-167661";"2017-10-05";"2017-10-10";3310;1250;2;5;39.92;13.47
5065;"CA-2014-120278";"2014-11-07";"2014-11-12";3318;989;2;3;12.39;5.82
5066;"CA-2014-120278";"2014-11-07";"2014-11-12";3318;719;2;2;22.58;5.87
5067;"CA-2014-120278";"2014-11-07";"2014-11-12";3318;817;2;3;36.63;9.89
5068;"CA-2014-120278";"2014-11-07";"2014-11-12";3318;1296;2;6;245.88;68.85
5069;"CA-2016-150658";"2016-11-17";"2016-11-22";3323;564;2;3;10.78;3.37
5070;"CA-2014-133809";"2014-11-18";"2014-11-23";3327;1688;1;2;9.59;-2.08
5071;"CA-2014-133809";"2014-11-18";"2014-11-23";3327;1054;1;8;11.81;-8.66
5072;"CA-2015-135020";"2015-05-28";"2015-06-02";3340;1204;2;7;45.36;21.77
5073;"CA-2015-135020";"2015-05-28";"2015-06-02";3340;627;2;3;535.41;160.62
5074;"CA-2015-135020";"2015-05-28";"2015-06-02";3340;131;2;1;45.99;13.34
5075;"CA-2015-124044";"2015-07-23";"2015-07-26";3346;72;1;3;10.51;3.68
5076;"CA-2014-116757";"2014-06-30";"2014-07-04";3349;355;2;6;21.31;7.19
5077;"CA-2014-116757";"2014-06-30";"2014-07-04";3349;596;2;5;25.92;9.07
5078;"CA-2015-153906";"2015-03-16";"2015-03-20";3351;1586;2;2;85.9;2.58
5079;"CA-2017-117667";"2017-12-04";"2017-12-09";3354;936;2;4;255.97;-28.8
5080;"CA-2017-117667";"2017-12-04";"2017-12-09";3354;1660;2;5;23.92;8.67
5081;"CA-2017-117667";"2017-12-04";"2017-12-09";3354;935;2;3;13.39;3.18
5082;"CA-2017-117667";"2017-12-04";"2017-12-09";3354;1056;2;2;54.77;6.85
5083;"CA-2017-117667";"2017-12-04";"2017-12-09";3354;779;2;10;239.96;-10.28
5084;"CA-2017-154137";"2017-11-11";"2017-11-17";3360;755;2;1;35.48;0.0
5085;"CA-2015-156608";"2015-10-24";"2015-10-29";3362;564;2;4;3.59;-6.29
5086;"CA-2015-120320";"2015-03-05";"2015-03-09";3375;155;2;2;31.92;2.39
5087;"CA-2016-127698";"2016-12-01";"2016-12-01";3379;1197;4;9;863.93;86.39
5088;"US-2014-128685";"2014-04-04";"2014-04-05";3412;564;3;2;7.18;2.25
5089;"CA-2017-136511";"2017-03-23";"2017-03-25";3417;100;1;3;347.58;17.38
5090;"CA-2014-125542";"2014-12-05";"2014-12-07";3420;75;3;4;172.74;-30.23
5091;"CA-2014-125542";"2014-12-05";"2014-12-07";3420;512;3;7;348.49;117.61
5092;"CA-2015-144190";"2015-06-09";"2015-06-13";3437;52;2;2;12.96;6.22
5093;"CA-2017-131254";"2017-11-19";"2017-11-21";3439;261;3;6;1525.19;-2287.78
5094;"CA-2017-131254";"2017-11-19";"2017-11-21";3439;1730;3;5;13.04;3.91
5095;"CA-2017-131254";"2017-11-19";"2017-11-21";3439;1193;3;3;191.06;-46.4
5096;"CA-2017-163874";"2017-11-10";"2017-11-12";3444;796;1;3;26.35;9.55
5097;"CA-2017-100951";"2017-06-09";"2017-06-10";3451;654;3;5;720.76;54.06
5098;"US-2017-117331";"2017-10-21";"2017-10-28";3459;556;2;1;8.56;-6.56
5099;"CA-2017-107167";"2017-06-10";"2017-06-14";3465;1653;2;8;1347.52;84.22
5100;"CA-2014-169460";"2014-04-19";"2014-04-21";3478;1583;1;3;76.14;26.65
5101;"CA-2015-137708";"2015-11-22";"2015-11-25";3493;402;1;3;33.63;10.09
5102;"CA-2015-137708";"2015-11-22";"2015-11-25";3493;1538;1;10;42.8;19.26
5103;"CA-2015-137708";"2015-11-22";"2015-11-25";3493;532;1;2;37.94;18.21
5104;"CA-2015-147102";"2015-09-19";"2015-09-26";3496;1274;2;4;66.36;23.23
5105;"US-2017-136721";"2017-04-08";"2017-04-12";3500;693;2;3;306.9;79.79
5106;"US-2017-136721";"2017-04-08";"2017-04-12";3500;1323;2;2;273.96;71.23
5107;"US-2017-163790";"2017-11-02";"2017-11-04";3512;300;1;7;452.55;22.63
5108;"US-2017-163790";"2017-11-02";"2017-11-04";3512;1663;1;3;25.02;10.51
5109;"US-2017-163790";"2017-11-02";"2017-11-04";3512;947;1;3;5.58;0.17
5110;"US-2017-163790";"2017-11-02";"2017-11-04";3512;1662;1;6;590.35;206.62
5111;"US-2017-163790";"2017-11-02";"2017-11-04";3512;1450;1;5;8.8;4.22
5112;"US-2017-163790";"2017-11-02";"2017-11-04";3512;368;1;7;76.58;38.29
5113;"US-2015-152128";"2015-05-25";"2015-05-27";3518;1334;1;2;127.96;60.14
5114;"US-2015-152128";"2015-05-25";"2015-05-27";3518;1641;1;3;21.24;8.07
5115;"CA-2015-162166";"2015-09-08";"2015-09-11";3520;561;3;6;41.88;0.84
5116;"CA-2015-162166";"2015-09-08";"2015-09-11";3520;1555;3;5;26.4;11.88
5117;"CA-2016-153598";"2016-12-03";"2016-12-06";3525;1550;3;6;111.9;51.47
5118;"CA-2016-153598";"2016-12-03";"2016-12-06";3525;1752;3;5;1649.95;659.98
5119;"CA-2016-136049";"2016-12-23";"2016-12-28";3526;1229;2;3;5.55;-4.07
5120;"US-2017-107636";"2017-04-30";"2017-05-02";3527;1656;3;2;5.76;2.82
5121;"US-2014-131982";"2014-03-07";"2014-03-11";3539;897;1;2;107.65;33.64
5122;"CA-2014-106229";"2014-06-07";"2014-06-11";3552;863;1;3;268.94;-209.77
5123;"CA-2015-123155";"2015-03-09";"2015-03-12";3561;1067;3;3;359.88;22.49
5124;"CA-2015-123155";"2015-03-09";"2015-03-12";3561;602;3;5;113.52;29.8
5125;"CA-2015-163895";"2015-08-07";"2015-08-11";3563;989;2;1;3.3;1.12
5126;"CA-2017-134635";"2017-04-15";"2017-04-17";3570;243;1;3;79.14;36.4
5127;"CA-2016-134222";"2016-07-10";"2016-07-11";3583;244;4;6;44.86;-35.88
5128;"US-2016-158309";"2016-11-26";"2016-11-29";3607;694;3;4;3.74;-2.62
5129;"CA-2014-107573";"2014-12-12";"2014-12-17";3619;570;2;3;23.47;7.63
5130;"CA-2015-137526";"2015-01-13";"2015-01-17";3620;1685;2;9;464.85;92.97
5131;"CA-2015-137526";"2015-01-13";"2015-01-17";3620;392;2;4;77.6;38.02
5132;"CA-2015-137526";"2015-01-13";"2015-01-17";3620;568;2;3;70.01;24.5
5133;"CA-2014-149055";"2014-11-23";"2014-11-28";3624;1377;2;3;62.81;21.2
5134;"CA-2015-140025";"2015-04-07";"2015-04-11";3633;603;2;6;383.95;47.99
5135;"CA-2015-140025";"2015-04-07";"2015-04-11";3633;1304;2;8;463.25;-1181.28
5136;"US-2016-163258";"2016-12-29";"2017-01-02";3644;412;2;3;11.23;3.93
5137;"CA-2016-150000";"2016-04-08";"2016-04-14";3653;1242;2;4;17.92;8.6
5138;"CA-2017-123701";"2017-11-24";"2017-11-27";3659;987;3;4;27.76;9.99
5139;"US-2017-108700";"2017-05-19";"2017-05-23";3675;1585;2;6;38.02;13.78
5140;"CA-2017-103009";"2017-11-03";"2017-11-05";3676;1750;1;5;26.4;11.88
5141;"CA-2017-151218";"2017-06-20";"2017-06-23";3683;1492;3;1;4.46;0.33
5142;"CA-2017-116680";"2017-09-04";"2017-09-06";3696;1769;1;8;1478.27;92.39
5143;"CA-2017-116680";"2017-09-04";"2017-09-06";3696;809;1;6;13.34;4.34
5144;"CA-2017-132346";"2017-11-07";"2017-11-11";3697;702;2;7;100.94;33.31
5145;"CA-2015-141936";"2015-08-07";"2015-08-12";3711;114;2;3;19.15;6.46
5146;"CA-2017-132213";"2017-04-25";"2017-04-26";3716;476;3;5;67.92;6.79
5147;"CA-2017-132213";"2017-04-25";"2017-04-26";3716;611;3;9;42.05;5.26
5148;"CA-2014-159681";"2014-12-07";"2014-12-13";3720;1142;2;4;105.52;48.54
5149;"CA-2016-111409";"2016-09-18";"2016-09-22";3724;277;2;1;3.0;1.05
5150;"CA-2017-117401";"2017-05-18";"2017-05-22";3758;1229;1;7;43.19;20.73
5151;"CA-2017-117401";"2017-05-18";"2017-05-22";3758;347;1;5;114.95;2.3
5152;"CA-2017-117401";"2017-05-18";"2017-05-22";3758;1718;1;7;706.86;197.92
5153;"CA-2014-136861";"2014-09-05";"2014-09-07";3760;516;3;2;31.98;2.0
5154;"US-2017-111920";"2017-10-22";"2017-10-26";3778;1571;2;4;36.44;12.03
5155;"CA-2015-155054";"2015-06-13";"2015-06-19";3781;281;2;2;67.98;14.96
5156;"CA-2015-155054";"2015-06-13";"2015-06-19";3781;651;2;2;29.84;13.43
5157;"CA-2015-155054";"2015-06-13";"2015-06-19";3781;989;2;2;8.26;3.88
5158;"CA-2016-164896";"2016-11-07";"2016-11-12";3782;1445;2;2;12.9;6.32
5159;"US-2016-131891";"2016-07-29";"2016-07-31";3810;1679;3;3;2.21;-1.48
5160;"US-2015-103996";"2015-03-29";"2015-03-31";3863;1243;1;3;19.92;9.56
5161;"US-2015-103996";"2015-03-29";"2015-03-31";3863;1025;1;3;53.25;20.77
5162;"US-2015-103996";"2015-03-29";"2015-03-31";3863;1083;1;3;9.87;4.54
5163;"US-2015-103996";"2015-03-29";"2015-03-31";3863;190;1;6;212.64;99.94
5164;"US-2016-128678";"2016-09-15";"2016-09-20";3880;249;2;7;48.66;15.82
5165;"CA-2015-153038";"2015-12-18";"2015-12-25";3886;257;2;5;20.32;3.56
5166;"CA-2015-153038";"2015-12-18";"2015-12-25";3886;1318;2;8;18.43;5.99
5167;"CA-2015-153038";"2015-12-18";"2015-12-25";3886;802;2;8;55.94;18.88
5168;"CA-2015-146696";"2015-12-14";"2015-12-19";3914;801;2;2;8.1;2.73
5169;"CA-2014-107454";"2014-11-02";"2014-11-06";3937;1076;2;6;89.34;24.12
5170;"CA-2014-107454";"2014-11-02";"2014-11-06";3937;529;2;7;34.86;16.04
5171;"CA-2015-142454";"2015-08-15";"2015-08-19";3968;1369;2;3;70.26;18.97
5172;"CA-2015-142454";"2015-08-15";"2015-08-19";3968;1076;2;7;104.23;28.14
5173;"CA-2015-151589";"2015-12-27";"2015-12-30";3969;1105;3;2;239.9;71.97
5174;"CA-2015-151589";"2015-12-27";"2015-12-30";3969;1670;3;4;195.64;91.95
5175;"CA-2016-169215";"2016-07-14";"2016-07-18";3970;1150;1;9;29.61;13.32
5176;"CA-2016-163167";"2016-11-28";"2016-12-01";3978;1653;1;6;1263.3;315.83
5177;"CA-2016-163167";"2016-11-28";"2016-12-01";3978;338;1;3;1126.02;56.3
5178;"CA-2016-163167";"2016-11-28";"2016-12-01";3978;605;1;6;101.7;6.1
5179;"CA-2016-163167";"2016-11-28";"2016-12-01";3978;490;1;3;182.67;52.97
5180;"US-2017-130953";"2017-07-29";"2017-08-03";3985;1705;2;3;302.67;72.64
5181;"US-2017-130953";"2017-07-29";"2017-08-03";3985;34;2;2;137.62;60.55
5182;"US-2017-130953";"2017-07-29";"2017-08-03";3985;773;2;3;461.97;133.97
5183;"US-2017-130953";"2017-07-29";"2017-08-03";3985;1606;2;2;33.48;16.41
5184;"CA-2015-126557";"2015-07-12";"2015-07-17";4014;624;1;4;659.17;49.44
5185;"CA-2015-126557";"2015-07-12";"2015-07-17";4014;392;1;1;7.76;-2.13
5186;"CA-2015-126557";"2015-07-12";"2015-07-17";4014;555;1;3;6.91;0.69
5187;"CA-2015-126557";"2015-07-12";"2015-07-17";4014;567;1;2;1.93;-2.99
5188;"CA-2015-126557";"2015-07-12";"2015-07-17";4014;1221;1;7;537.54;53.75
5189;"CA-2015-126557";"2015-07-12";"2015-07-17";4014;945;1;2;148.48;16.7
5190;"CA-2015-126557";"2015-07-12";"2015-07-17";4014;490;1;9;383.61;-5.48
5191;"CA-2015-160171";"2015-10-19";"2015-10-24";4030;505;2;3;270.0;97.2
5192;"CA-2015-160171";"2015-10-19";"2015-10-24";4030;1754;2;5;1640.7;459.4
5193;"CA-2017-145219";"2017-12-24";"2017-12-25";4031;242;3;3;90.48;33.93
5194;"CA-2017-145219";"2017-12-24";"2017-12-25";4031;557;3;6;2879.95;1007.98
5195;"CA-2017-134152";"2017-05-27";"2017-05-31";4061;1424;2;3;31.44;7.86
5196;"CA-2017-134152";"2017-05-27";"2017-05-31";4061;1177;2;6;98.16;9.82
5197;"CA-2017-152856";"2017-09-08";"2017-09-10";4081;1125;1;4;116.83;33.59
5198;"US-2016-131114";"2016-12-09";"2016-12-13";4098;1612;1;4;19.04;-1.43
5199;"US-2016-131114";"2016-12-09";"2016-12-13";4098;1019;1;2;4.36;-11.76
5200;"US-2016-131114";"2016-12-09";"2016-12-13";4098;1413;1;3;20.57;1.54
5201;"CA-2017-124436";"2017-03-19";"2017-03-22";4112;1510;1;1;30.93;12.68
5202;"CA-2017-124436";"2017-03-19";"2017-03-22";4112;470;1;5;697.16;8.71
5203;"CA-2017-124436";"2017-03-19";"2017-03-22";4112;1136;1;2;14.62;5.12
5204;"CA-2014-121006";"2014-11-10";"2014-11-16";4136;627;2;3;535.41;160.62
5205;"CA-2014-121006";"2014-11-10";"2014-11-16";4136;734;2;3;62.94;11.96
5206;"CA-2014-121006";"2014-11-10";"2014-11-16";4136;523;2;3;563.94;112.79
5207;"CA-2014-121006";"2014-11-10";"2014-11-16";4136;497;2;3;15.84;7.13
5208;"CA-2014-121006";"2014-11-10";"2014-11-16";4136;720;2;3;12.84;5.78
5209;"CA-2014-121006";"2014-11-10";"2014-11-16";4136;1433;2;2;3.9;1.52
5210;"CA-2016-129238";"2016-01-31";"2016-02-04";4140;1696;2;5;56.7;27.78
5211;"CA-2016-129238";"2016-01-31";"2016-02-04";4140;1407;2;1;109.59;8.22
5212;"CA-2017-154123";"2017-11-20";"2017-11-25";4146;62;2;2;27.58;11.58
5213;"CA-2016-108350";"2016-06-06";"2016-06-09";4156;886;1;4;105.52;48.54
5214;"CA-2014-169803";"2014-04-06";"2014-04-12";4160;605;2;2;33.9;2.03
5215;"CA-2014-169803";"2014-04-06";"2014-04-12";4160;307;2;3;653.55;111.1
5216;"CA-2015-152681";"2015-01-17";"2015-01-22";4163;1454;2;2;6.68;2.0
5217;"CA-2015-137106";"2015-03-31";"2015-04-04";4164;12;2;5;79.96;27.99
5218;"CA-2017-126354";"2017-02-03";"2017-02-08";4179;1677;2;3;115.3;40.35
5219;"CA-2017-126354";"2017-02-03";"2017-02-08";4179;496;2;2;3.88;-2.59
5220;"CA-2017-142090";"2017-11-30";"2017-12-07";4183;98;2;7;1781.68;-653.28
5221;"CA-2017-142090";"2017-11-30";"2017-12-07";4183;325;2;3;383.98;81.59
5222;"CA-2015-113523";"2015-09-04";"2015-09-08";4185;1185;2;4;7.66;-6.12
5223;"CA-2017-131366";"2017-11-24";"2017-11-29";4190;1082;2;7;229.54;83.21
5224;"CA-2017-131366";"2017-11-24";"2017-11-29";4190;1017;2;2;89.99;-15.0
5225;"CA-2017-101728";"2017-08-19";"2017-08-23";4194;1198;2;2;2.3;-3.9
5226;"CA-2014-151379";"2014-12-16";"2014-12-20";4202;1101;2;5;114.2;52.53
5227;"CA-2015-158659";"2015-11-10";"2015-11-14";4204;30;1;5;714.3;207.15
5228;"CA-2014-159310";"2014-11-07";"2014-11-12";4213;620;2;7;40.71;3.56
5229;"CA-2014-159310";"2014-11-07";"2014-11-12";4213;1679;2;3;1.48;-2.21
5230;"CA-2014-159310";"2014-11-07";"2014-11-12";4213;1481;2;4;683.14;0.0
5231;"CA-2017-108539";"2017-03-21";"2017-03-23";4221;800;1;2;8.54;2.88
5232;"CA-2017-108539";"2017-03-21";"2017-03-23";4221;137;1;3;10.9;3.95
5233;"CA-2017-108539";"2017-03-21";"2017-03-23";4221;195;1;4;725.84;210.49
5234;"CA-2017-163531";"2017-06-26";"2017-06-30";4222;622;2;3;239.97;67.19
5235;"US-2014-121734";"2014-04-11";"2014-04-16";4245;1226;2;1;9.58;3.35
5236;"CA-2017-105851";"2017-03-13";"2017-03-20";4252;362;2;2;1332.5;-299.81
5237;"CA-2015-161214";"2015-10-05";"2015-10-08";4275;379;1;5;77.55;21.71
5238;"CA-2014-159800";"2014-11-28";"2014-12-01";4285;959;3;7;139.93;34.98
5239;"CA-2014-159800";"2014-11-28";"2014-12-01";4285;1026;3;3;43.68;11.79
5240;"CA-2015-130218";"2015-03-23";"2015-03-26";4286;561;3;4;27.92;0.56
5241;"CA-2015-130218";"2015-03-23";"2015-03-26";4286;286;3;4;31.56;14.2
5242;"CA-2016-130484";"2016-08-22";"2016-08-27";4290;796;2;8;26.35;-18.45
5243;"CA-2014-121573";"2014-11-03";"2014-11-07";4293;682;2;2;48.9;18.34
5244;"CA-2014-121573";"2014-11-03";"2014-11-07";4293;408;2;4;783.96;219.51
5245;"CA-2016-125164";"2016-11-10";"2016-11-14";4307;778;2;3;49.85;16.82
5246;"CA-2016-125164";"2016-11-10";"2016-11-14";4307;1511;2;1;20.37;7.38
5247;"CA-2017-125101";"2017-03-06";"2017-03-10";4309;521;1;2;67.78;16.95
5248;"CA-2015-112053";"2015-10-11";"2015-10-13";4316;1440;1;1;31.95;2.24
5249;"CA-2017-110884";"2017-03-07";"2017-03-12";4318;346;2;3;91.59;42.13
5250;"CA-2017-110884";"2017-03-07";"2017-03-12";4318;953;2;6;25.92;9.07
5251;"CA-2016-147123";"2016-12-10";"2016-12-12";4330;865;3;12;80.28;36.93
5252;"CA-2017-129490";"2017-09-26";"2017-09-30";4337;1576;2;4;419.14;-57.63
5253;"CA-2015-161627";"2015-07-06";"2015-07-11";4339;170;2;3;170.35;-17.04
5254;"US-2014-155817";"2014-10-03";"2014-10-09";4351;672;2;3;6.19;0.46
5255;"US-2014-155817";"2014-10-03";"2014-10-09";4351;1483;2;2;61.57;4.62
5256;"CA-2017-147228";"2017-09-09";"2017-09-14";4396;663;2;3;14.14;4.24
5257;"CA-2017-147228";"2017-09-09";"2017-09-14";4396;820;2;2;258.48;-3.23
5258;"CA-2017-147228";"2017-09-09";"2017-09-14";4396;1362;2;4;177.54;62.14
5259;"CA-2017-147228";"2017-09-09";"2017-09-14";4396;668;2;3;8.83;-1.99
5260;"CA-2015-105158";"2015-09-05";"2015-09-10";4425;610;2;3;36.84;17.31
5261;"CA-2015-105158";"2015-09-05";"2015-09-10";4425;159;2;2;6.16;2.96
5262;"CA-2014-140487";"2014-06-14";"2014-06-20";4437;1605;2;3;212.94;57.49
5263;"CA-2017-136063";"2017-12-15";"2017-12-19";4457;849;2;7;10.19;1.02
5264;"CA-2014-127558";"2014-11-15";"2014-11-18";4460;522;3;2;20.46;5.32
5265;"CA-2014-127558";"2014-11-15";"2014-11-18";4460;495;3;3;772.47;146.77
5266;"CA-2014-127558";"2014-11-15";"2014-11-18";4460;36;3;3;10.11;3.24
5267;"CA-2014-150490";"2014-08-05";"2014-08-11";4467;1355;2;2;45.98;12.87
5268;"CA-2014-150490";"2014-08-05";"2014-08-11";4467;1431;2;2;15.78;0.63
5269;"CA-2014-150490";"2014-08-05";"2014-08-11";4467;1177;2;1;16.36;1.64
5270;"CA-2015-120551";"2015-04-13";"2015-04-20";4468;560;2;3;17.43;8.02
5271;"CA-2014-107706";"2014-02-14";"2014-02-19";4478;1097;1;3;16.18;6.07
5272;"CA-2016-123414";"2016-08-21";"2016-08-27";4487;790;2;2;28.05;3.51
5273;"CA-2016-123414";"2016-08-21";"2016-08-27";4487;1302;2;4;9.22;3.34
5274;"CA-2014-134572";"2014-04-20";"2014-04-22";4493;1648;1;2;401.59;-131.95
5275;"CA-2014-134572";"2014-04-20";"2014-04-22";4493;402;1;5;44.84;5.61
5276;"CA-2014-134572";"2014-04-20";"2014-04-22";4493;492;1;5;744.1;-95.67
5277;"CA-2015-112130";"2015-05-03";"2015-05-07";4506;926;2;3;76.75;-9.59
5278;"CA-2015-112130";"2015-05-03";"2015-05-07";4506;50;2;6;844.12;-36.18
5279;"CA-2015-112130";"2015-05-03";"2015-05-07";4506;1671;2;3;27.55;-0.34
5280;"CA-2015-112130";"2015-05-03";"2015-05-07";4506;403;2;7;18.2;2.05
5281;"CA-2015-112130";"2015-05-03";"2015-05-07";4506;54;2;2;7.97;2.89
5282;"CA-2015-112130";"2015-05-03";"2015-05-07";4506;626;2;2;23.7;6.52
5283;"CA-2015-112130";"2015-05-03";"2015-05-07";4506;640;2;2;59.9;14.23
5284;"CA-2015-162887";"2015-11-07";"2015-11-09";4508;372;1;3;715.2;178.8
5285;"CA-2016-124681";"2016-07-18";"2016-07-23";4516;1675;1;3;15.58;3.31
5286;"US-2017-160465";"2017-07-21";"2017-07-26";4537;1702;2;6;210.56;-52.64
5287;"US-2017-160465";"2017-07-21";"2017-07-26";4537;1701;2;7;222.32;25.01
5288;"US-2017-160465";"2017-07-21";"2017-07-26";4537;242;2;3;33.93;-22.62
5289;"CA-2015-154886";"2015-11-08";"2015-11-12";4540;268;2;2;119.9;43.16
5290;"CA-2014-105165";"2014-09-07";"2014-09-10";4547;1571;3;3;21.86;3.55
5291;"CA-2014-105165";"2014-09-07";"2014-09-10";4547;1188;3;4;46.69;-2.92
5292;"CA-2014-105165";"2014-09-07";"2014-09-10";4547;660;3;1;200.8;-22.95
5293;"CA-2014-105165";"2014-09-07";"2014-09-10";4547;738;3;2;2.92;-4.82
5294;"CA-2014-105165";"2014-09-07";"2014-09-10";4547;1298;3;3;196.78;14.76
5295;"CA-2014-132227";"2014-11-04";"2014-11-10";4548;1319;2;4;52.06;18.87
5296;"CA-2016-113096";"2016-09-02";"2016-09-04";4551;336;3;3;46.53;12.1
5297;"US-2014-119081";"2014-09-12";"2014-09-19";4558;1236;2;2;40.56;12.98
5298;"US-2014-119081";"2014-09-12";"2014-09-19";4558;853;2;2;331.96;149.38
5299;"US-2014-119081";"2014-09-12";"2014-09-19";4558;1671;2;5;57.4;10.91
5300;"US-2014-119081";"2014-09-12";"2014-09-19";4558;1474;2;3;357.93;7.16
5301;"CA-2017-143567";"2017-11-02";"2017-11-05";4570;791;1;4;59.92;16.78
5302;"CA-2017-143567";"2017-11-02";"2017-11-05";4570;1490;1;9;2249.91;517.48
5303;"CA-2017-143567";"2017-11-02";"2017-11-05";4570;2;1;4;975.92;292.78
5304;"CA-2017-143567";"2017-11-02";"2017-11-05";4570;1285;1;2;5.32;2.61
5305;"CA-2017-136609";"2017-08-06";"2017-08-11";4592;1677;2;3;115.3;40.35
5306;"CA-2016-111696";"2016-05-08";"2016-05-10";4618;278;3;3;17.94;8.07
5307;"CA-2016-153157";"2016-09-11";"2016-09-14";4619;1299;3;5;224.75;62.93
5308;"US-2017-153633";"2017-11-13";"2017-11-18";4634;672;1;1;2.06;0.15
5309;"CA-2016-140564";"2016-12-05";"2016-12-10";4640;786;1;8;33.92;13.23
5310;"US-2017-144582";"2017-04-30";"2017-05-05";4643;349;2;7;43.37;-69.4
5311;"CA-2016-166226";"2016-11-18";"2016-11-22";4649;1320;2;1;67.84;18.32
5312;"CA-2016-166226";"2016-11-18";"2016-11-22";4649;900;2;1;61.19;6.12
5313;"CA-2014-153850";"2014-11-24";"2014-11-29";4670;1704;2;4;1502.38;-250.4
5314;"CA-2014-153850";"2014-11-24";"2014-11-29";4670;407;2;7;35.17;9.67
5315;"CA-2017-127782";"2017-11-02";"2017-11-06";4677;1046;2;4;859.2;-186.16
5316;"CA-2017-127782";"2017-11-02";"2017-11-06";4677;213;2;3;8.86;2.88
5317;"CA-2017-127782";"2017-11-02";"2017-11-06";4677;1558;2;3;20.14;1.26
5318;"CA-2017-127782";"2017-11-02";"2017-11-06";4677;1341;2;1;3.31;0.66
5319;"CA-2015-117800";"2015-09-21";"2015-09-26";4689;657;2;3;542.94;141.16
5320;"CA-2015-117800";"2015-09-21";"2015-09-26";4689;1350;2;2;589.9;147.48
5321;"CA-2014-156006";"2014-04-30";"2014-05-02";4694;1307;1;3;47.79;16.25
5322;"CA-2015-102015";"2015-09-12";"2015-09-18";4697;145;2;1;27.18;12.77
5323;"CA-2015-102015";"2015-09-12";"2015-09-18";4697;716;2;5;28.9;14.16
5324;"CA-2015-102015";"2015-09-12";"2015-09-18";4697;228;2;2;20.7;9.94
5325;"CA-2015-102015";"2015-09-12";"2015-09-18";4697;144;2;2;105.98;4.24
5326;"CA-2015-102015";"2015-09-12";"2015-09-18";4697;393;2;2;9.26;3.06
5327;"CA-2017-134439";"2017-09-18";"2017-09-23";4700;43;1;2;15.96;7.98
5328;"CA-2017-113474";"2017-03-30";"2017-03-31";4701;1655;3;2;325.86;149.9
5329;"CA-2017-108791";"2017-07-27";"2017-07-31";4702;566;2;8;543.92;135.98
5330;"CA-2017-108791";"2017-07-27";"2017-07-31";4702;1076;2;1;14.89;4.02
5331;"CA-2017-131037";"2017-08-22";"2017-08-23";4703;148;3;1;210.01;2.63
5332;"CA-2014-140403";"2014-10-10";"2014-10-10";4704;360;4;2;15.28;7.49
5333;"CA-2014-140403";"2014-10-10";"2014-10-10";4704;94;4;3;122.35;13.76
5334;"CA-2016-109722";"2016-12-05";"2016-12-07";4716;61;1;9;584.82;70.18
5335;"CA-2016-109722";"2016-12-05";"2016-12-07";4716;788;1;2;699.98;195.99
5336;"CA-2016-120005";"2016-03-03";"2016-03-03";4739;1326;4;3;35.28;12.0
5337;"CA-2016-120005";"2016-03-03";"2016-03-03";4739;1485;4;3;25.35;7.61
5338;"US-2014-107405";"2014-03-21";"2014-03-25";4742;1289;2;1;16.27;-3.86
5339;"CA-2014-160262";"2014-06-09";"2014-06-13";4743;1155;1;2;37.4;14.21
5340;"CA-2014-160262";"2014-06-09";"2014-06-13";4743;1142;1;3;79.14;36.4
5341;"CA-2014-160262";"2014-06-09";"2014-06-13";4743;672;1;7;18.06;4.7
5342;"CA-2014-146591";"2014-01-19";"2014-01-20";4749;896;3;5;181.47;-320.6
5343;"CA-2014-146591";"2014-01-19";"2014-01-20";4749;145;3;5;108.72;36.69
5344;"CA-2014-146591";"2014-01-19";"2014-01-20";4749;1117;3;4;56.06;19.62
5345;"CA-2014-146591";"2014-01-19";"2014-01-20";4749;997;3;10;32.34;-23.72
5346;"CA-2015-136469";"2015-07-11";"2015-07-12";4755;785;3;7;221.06;103.9
5347;"CA-2015-136469";"2015-07-11";"2015-07-12";4755;1046;3;2;716.0;193.32
5348;"CA-2015-136469";"2015-07-11";"2015-07-12";4755;597;3;4;199.84;-37.11
5349;"US-2017-139647";"2017-05-11";"2017-05-13";4757;862;3;7;209.98;-356.96
5350;"CA-2014-111192";"2014-07-30";"2014-08-05";4760;1322;2;8;1367.84;259.89
5351;"US-2016-100405";"2016-08-26";"2016-08-28";4762;128;1;2;8.26;3.8
5352;"CA-2016-128972";"2016-11-13";"2016-11-17";4763;303;2;4;30.36;13.05
5353;"CA-2017-166856";"2017-09-18";"2017-09-22";4768;1746;2;3;101.34;8.11
5354;"CA-2017-166856";"2017-09-18";"2017-09-22";4768;735;2;7;10.08;3.53
5355;"CA-2017-116946";"2017-12-19";"2017-12-23";4770;1114;2;7;102.02;-183.63
5356;"CA-2017-116946";"2017-12-19";"2017-12-23";4770;1012;2;2;78.26;-17.61
5357;"CA-2017-116946";"2017-12-19";"2017-12-23";4770;1337;2;5;13.36;4.01
5358;"CA-2017-122490";"2017-11-13";"2017-11-18";4788;695;2;3;8.64;4.23
5359;"CA-2017-122490";"2017-11-13";"2017-11-18";4788;296;2;3;344.91;10.35
5360;"CA-2017-122490";"2017-11-13";"2017-11-18";4788;1334;2;11;563.02;190.02
5361;"CA-2017-122490";"2017-11-13";"2017-11-18";4788;245;2;6;2404.7;150.29
5362;"CA-2015-132318";"2015-10-30";"2015-11-02";4793;1598;3;3;182.91;53.04
5363;"CA-2016-152408";"2016-05-15";"2016-05-21";4794;1198;2;3;13.78;4.48
5364;"CA-2016-111143";"2016-11-19";"2016-11-22";4800;1415;3;3;54.96;15.94
5365;"CA-2017-160934";"2017-01-15";"2017-01-19";4803;823;2;5;21.4;6.21
5366;"CA-2015-119508";"2015-12-04";"2015-12-09";4816;709;2;6;25.08;9.03
5367;"CA-2015-119508";"2015-12-04";"2015-12-09";4816;1040;2;5;16.9;6.25
5368;"US-2016-143280";"2016-02-22";"2016-02-26";4817;834;2;3;10.65;5.01
5369;"US-2016-143280";"2016-02-22";"2016-02-26";4817;1303;2;1;36.24;15.22
5370;"US-2016-143280";"2016-02-22";"2016-02-26";4817;455;2;5;445.96;55.75
5371;"CA-2017-138464";"2017-07-08";"2017-07-12";4834;736;2;4;13.12;4.33
5372;"CA-2017-138464";"2017-07-08";"2017-07-12";4834;450;2;3;18.24;6.2
5373;"CA-2017-138464";"2017-07-08";"2017-07-12";4834;10;2;3;86.38;30.23
5374;"CA-2017-138464";"2017-07-08";"2017-07-12";4834;1238;2;3;15.84;4.91
5375;"CA-2017-139304";"2017-01-29";"2017-02-02";4837;226;2;8;119.62;40.37
5376;"CA-2017-139304";"2017-01-29";"2017-02-02";4837;1413;2;1;8.57;2.23
5377;"CA-2017-139304";"2017-01-29";"2017-02-02";4837;1187;2;3;8.34;2.17
5378;"CA-2017-167003";"2017-05-23";"2017-05-29";4869;597;2;3;171.29;-6.42
5379;"CA-2017-138149";"2017-06-29";"2017-06-30";4889;1127;3;3;62.31;22.43
5380;"CA-2017-138149";"2017-06-29";"2017-06-30";4889;961;3;2;11.68;3.04
5381;"CA-2017-138149";"2017-06-29";"2017-06-30";4889;171;3;3;130.71;39.21
5382;"CA-2017-138149";"2017-06-29";"2017-06-30";4889;1070;3;5;895.92;302.37
5383;"CA-2016-109365";"2016-11-03";"2016-11-08";4898;888;2;3;314.55;150.98
5384;"CA-2016-109365";"2016-11-03";"2016-11-08";4898;1486;2;3;19.44;9.33
5385;"CA-2016-109365";"2016-11-03";"2016-11-08";4898;560;2;2;9.3;3.02
5386;"CA-2016-109365";"2016-11-03";"2016-11-08";4898;1651;2;3;116.28;56.98
5387;"CA-2016-109365";"2016-11-03";"2016-11-08";4898;137;2;12;43.58;15.8
5388;"CA-2016-109365";"2016-11-03";"2016-11-08";4898;1639;2;2;43.32;14.3
5389;"CA-2016-109365";"2016-11-03";"2016-11-08";4898;1102;2;7;15.26;5.04
5390;"US-2017-136679";"2017-11-14";"2017-11-18";4900;1180;2;2;45.04;4.5
5391;"US-2017-136679";"2017-11-14";"2017-11-18";4900;859;2;6;167.95;-27.29
5392;"CA-2016-123932";"2016-09-06";"2016-09-12";4905;167;2;2;329.58;37.08
5393;"CA-2016-123932";"2016-09-06";"2016-09-12";4905;1409;2;4;41.92;15.2
5394;"CA-2017-121741";"2017-12-26";"2017-12-26";4906;338;4;2;750.68;37.53
5395;"CA-2015-156755";"2015-01-12";"2015-01-18";4907;1537;2;3;465.18;120.95
5396;"CA-2015-115567";"2015-09-13";"2015-09-18";4919;965;2;7;1516.2;394.21
5397;"CA-2015-115567";"2015-09-13";"2015-09-18";4919;1161;2;4;199.96;16.0
5398;"CA-2015-106978";"2015-09-28";"2015-10-04";4920;726;2;3;4.51;0.85
5399;"CA-2015-106978";"2015-09-28";"2015-10-04";4920;735;2;2;1.08;-0.79
5400;"CA-2015-106978";"2015-09-28";"2015-10-04";4920;1292;2;1;12.54;4.23
5401;"CA-2015-114503";"2015-11-13";"2015-11-17";10;1706;2;6;84.96;6.37
5402;"CA-2016-131205";"2016-09-04";"2016-09-08";23;1450;2;3;5.28;2.53
5403;"CA-2016-131205";"2016-09-04";"2016-09-08";23;326;2;4;129.92;5.2
5404;"CA-2016-131205";"2016-09-04";"2016-09-08";23;99;2;6;113.94;54.69
5405;"CA-2016-131205";"2016-09-04";"2016-09-08";23;6;2;3;42.6;16.61
5406;"CA-2017-145737";"2017-09-15";"2017-09-20";55;1310;2;5;163.96;59.44
5407;"CA-2016-144400";"2016-02-23";"2016-02-27";71;191;2;3;57.58;21.59
5408;"US-2015-106495";"2015-06-15";"2015-06-17";74;1188;3;1;11.67;-0.73
5409;"CA-2017-136007";"2017-02-23";"2017-03-02";81;1004;2;5;71.96;25.19
5410;"CA-2017-136007";"2017-02-23";"2017-03-02";81;1178;2;5;8.4;0.34
5411;"CA-2016-161928";"2016-06-27";"2016-06-29";86;1418;1;2;201.58;12.6
5412;"CA-2015-168634";"2015-12-06";"2015-12-11";96;758;2;2;7.78;2.02
5413;"CA-2016-104150";"2016-08-03";"2016-08-05";116;1741;1;12;167.28;23.42
5414;"CA-2016-104150";"2016-08-03";"2016-08-05";116;145;1;3;81.54;38.32
5415;"CA-2017-104927";"2017-12-22";"2017-12-26";120;532;2;5;75.88;26.56
5416;"CA-2017-104927";"2017-12-22";"2017-12-26";120;722;2;5;6.33;-9.81
5417;"CA-2017-104927";"2017-12-22";"2017-12-26";120;581;2;5;25.92;9.07
5418;"CA-2017-107244";"2017-09-07";"2017-09-11";125;500;2;4;19.76;8.3
5419;"CA-2015-104241";"2015-01-04";"2015-01-09";126;696;2;14;192.22;69.2
5420;"CA-2016-168921";"2016-10-20";"2016-10-22";132;1255;3;3;19.3;6.03
5421;"CA-2017-126123";"2017-10-14";"2017-10-18";147;897;2;1;13.46;-23.55
5422;"CA-2017-161557";"2017-09-03";"2017-09-08";156;938;2;5;108.4;-105.69
5423;"CA-2017-116939";"2017-09-25";"2017-09-29";157;1073;2;5;177.55;47.94
5424;"US-2014-158400";"2014-10-25";"2014-10-28";160;913;3;4;49.41;18.53
5425;"CA-2017-145702";"2017-05-19";"2017-05-24";171;829;1;7;27.89;10.11
5426;"CA-2017-145702";"2017-05-19";"2017-05-24";171;265;1;3;314.35;-35.36
5427;"CA-2016-145261";"2016-12-18";"2016-12-21";177;1339;3;3;28.68;-7.17
5428;"CA-2016-145261";"2016-12-18";"2016-12-21";177;1281;3;4;15.94;5.18
5429;"CA-2016-145261";"2016-12-18";"2016-12-21";177;691;3;5;377.45;-264.22
5430;"CA-2016-145261";"2016-12-18";"2016-12-21";177;216;3;3;112.78;-8.46
5431;"CA-2016-145261";"2016-12-18";"2016-12-21";177;1693;3;2;11.65;3.79
5432;"CA-2016-145261";"2016-12-18";"2016-12-21";177;611;3;4;18.69;2.34
5433;"CA-2016-145261";"2016-12-18";"2016-12-21";177;242;3;4;45.24;-30.16
5434;"CA-2017-151211";"2017-08-17";"2017-08-23";180;1177;2;6;98.16;9.82
5435;"CA-2017-151211";"2017-08-17";"2017-08-23";180;235;2;3;102.93;48.38
5436;"CA-2017-131632";"2017-10-31";"2017-11-04";181;429;2;2;5.25;0.59
5437;"CA-2017-166919";"2017-11-23";"2017-11-27";193;1673;2;5;195.96;19.6
5438;"CA-2016-126165";"2016-05-05";"2016-05-07";196;1365;1;2;71.09;-1.78
5439;"US-2017-152492";"2017-07-06";"2017-07-06";201;1052;4;1;239.24;23.92
5440;"CA-2015-110548";"2015-05-04";"2015-05-08";204;1390;2;7;946.34;118.29
5441;"CA-2015-166604";"2015-05-15";"2015-05-20";205;1591;1;3;17.94;8.79
5442;"CA-2015-112214";"2015-08-05";"2015-08-11";206;1408;2;5;14.76;-11.44
5443;"CA-2015-112214";"2015-08-05";"2015-08-11";206;1480;2;1;1.36;-2.18
5444;"CA-2015-112214";"2015-08-05";"2015-08-11";206;1287;2;3;23.04;-4.9
5445;"CA-2015-112214";"2015-08-05";"2015-08-11";206;1133;2;7;33.49;-1.26
5446;"CA-2017-107552";"2017-05-05";"2017-05-05";221;579;4;1;6.68;3.21
5447;"CA-2014-108609";"2014-10-31";"2014-11-02";226;1268;1;8;1421.66;-734.53
5448;"CA-2014-141313";"2014-12-28";"2015-01-01";227;1740;2;4;141.76;66.63
5449;"CA-2014-141313";"2014-12-28";"2015-01-01";227;166;2;5;704.25;84.51
5450;"CA-2014-141313";"2014-12-28";"2015-01-01";227;1304;2;6;1737.18;503.78
5451;"US-2017-133361";"2017-05-14";"2017-05-17";230;449;3;5;74.0;37.0
5452;"US-2017-133361";"2017-05-14";"2017-05-17";230;1576;3;2;261.96;23.58
5453;"US-2017-133361";"2017-05-14";"2017-05-17";230;826;3;3;89.97;18.89
5454;"US-2017-133361";"2017-05-14";"2017-05-17";230;1543;3;5;37.2;9.3
5455;"US-2017-133361";"2017-05-14";"2017-05-17";230;164;3;5;14.7;6.62
5456;"US-2017-133361";"2017-05-14";"2017-05-17";230;764;3;2;3.76;1.09
5457;"CA-2017-142342";"2017-07-17";"2017-07-19";237;382;1;5;1194.17;210.74
5458;"CA-2017-142342";"2017-07-17";"2017-07-19";237;1273;1;2;10.56;0.0
5459;"CA-2017-142342";"2017-07-17";"2017-07-19";237;1710;1;5;57.9;28.95
5460;"CA-2017-142342";"2017-07-17";"2017-07-19";237;1297;1;5;32.4;15.55
5461;"CA-2017-157903";"2017-04-04";"2017-04-08";258;1105;2;4;383.84;47.98
5462;"CA-2017-104731";"2017-07-21";"2017-07-27";260;100;2;2;231.72;11.59
5463;"CA-2017-104731";"2017-07-21";"2017-07-27";260;374;2;3;14.94;7.17
5464;"CA-2017-104731";"2017-07-21";"2017-07-27";260;583;2;3;302.94;69.68
5465;"CA-2017-104731";"2017-07-21";"2017-07-27";260;1098;2;6;19.68;5.71
5466;"CA-2017-104731";"2017-07-21";"2017-07-27";260;215;2;5;8.8;3.87
5467;"CA-2017-104731";"2017-07-21";"2017-07-27";260;566;2;4;271.96;67.99
5468;"CA-2017-104731";"2017-07-21";"2017-07-27";260;1353;2;6;101.94;29.56
5469;"CA-2016-148096";"2016-08-16";"2016-08-19";261;1324;3;2;161.28;12.1
5470;"CA-2014-105270";"2014-11-11";"2014-11-18";273;1141;2;1;112.65;11.26
5471;"CA-2014-105270";"2014-11-11";"2014-11-18";273;82;2;3;30.48;7.92
5472;"CA-2017-126396";"2017-09-08";"2017-09-12";282;1025;1;6;85.2;20.24
5473;"CA-2014-115056";"2014-05-02";"2014-05-02";289;1019;4;3;26.14;1.96
5474;"CA-2017-138289";"2017-01-16";"2017-01-18";298;1764;1;7;56.07;25.23
5475;"CA-2017-138289";"2017-01-16";"2017-01-18";298;1705;1;3;302.67;72.64
5476;"CA-2017-138289";"2017-01-16";"2017-01-18";298;636;1;4;5443.96;2504.22
5477;"CA-2017-141425";"2017-11-02";"2017-11-06";308;292;1;2;384.59;-81.73
5478;"CA-2016-150007";"2016-09-11";"2016-09-16";321;1120;2;3;1.91;-3.24
5479;"CA-2016-150007";"2016-09-11";"2016-09-16";321;1417;2;2;6.0;2.1
5480;"CA-2014-128538";"2014-10-11";"2014-10-15";333;360;2;1;7.64;3.74
5481;"CA-2015-150749";"2015-03-29";"2015-04-03";334;661;1;2;5.56;1.45
5482;"CA-2017-149706";"2017-12-11";"2017-12-12";343;1127;3;7;116.31;23.26
5483;"US-2016-155404";"2016-09-22";"2016-09-28";347;1243;2;2;13.28;6.37
5484;"CA-2015-133977";"2015-09-06";"2015-09-08";353;1489;1;1;3.44;-2.53
5485;"CA-2017-106355";"2017-04-02";"2017-04-05";355;92;3;4;11.12;2.89
5486;"CA-2014-146731";"2014-11-03";"2014-11-08";358;519;2;9;143.86;48.55
5487;"CA-2014-146731";"2014-11-03";"2014-11-08";358;1061;2;2;3.49;1.18
5488;"CA-2016-163216";"2016-10-07";"2016-10-10";374;44;3;2;4.93;1.72
5489;"CA-2014-102652";"2014-04-06";"2014-04-12";378;1224;2;1;55.48;26.63
5490;"CA-2014-102652";"2014-04-06";"2014-04-12";378;1008;2;3;19.44;9.33
5491;"CA-2014-102652";"2014-04-06";"2014-04-12";378;435;2;7;33.11;12.91
5492;"CA-2014-102652";"2014-04-06";"2014-04-12";378;1717;2;2;91.96;15.63
5493;"CA-2015-151253";"2015-04-22";"2015-04-26";384;1382;2;3;64.14;16.68
5494;"CA-2015-151253";"2015-04-22";"2015-04-26";384;535;2;3;88.78;7.77
5495;"CA-2017-102379";"2017-12-02";"2017-12-06";401;940;2;5;179.9;44.98
5496;"CA-2017-102379";"2017-12-02";"2017-12-06";401;1562;2;9;1159.06;43.46
5497;"CA-2017-102379";"2017-12-02";"2017-12-06";401;232;2;1;39.99;-8.0
5498;"CA-2016-111976";"2016-03-08";"2016-03-12";438;749;2;2;5.98;-1.35
5499;"CA-2016-111976";"2016-03-08";"2016-03-12";438;1447;2;4;108.58;-25.33
5500;"CA-2014-152422";"2014-10-05";"2014-10-10";443;16;1;5;91.92;11.49
5501;"CA-2017-125472";"2017-05-30";"2017-05-31";449;1475;3;3;8.01;3.04
5502;"CA-2017-125472";"2017-05-30";"2017-05-31";449;854;3;1;3.89;1.87
5503;"CA-2017-125472";"2017-05-30";"2017-05-31";449;1048;3;2;241.96;33.87
5504;"CA-2017-115105";"2017-02-06";"2017-02-11";457;915;2;1;240.78;30.1
5505;"CA-2016-166912";"2016-01-15";"2016-01-17";458;1310;3;2;81.98;40.17
5506;"CA-2015-115924";"2015-09-14";"2015-09-18";469;1257;1;5;25.9;12.69
5507;"US-2016-146857";"2016-05-06";"2016-05-08";471;1115;1;1;54.48;15.25
5508;"CA-2015-137281";"2015-06-13";"2015-06-17";476;673;2;1;6.48;3.11
5509;"US-2017-124779";"2017-09-08";"2017-09-11";490;1340;3;5;213.43;-39.64
5510;"US-2017-124779";"2017-09-08";"2017-09-11";490;387;3;4;20.74;7.26
5511;"US-2017-124779";"2017-09-08";"2017-09-11";490;732;3;2;21.18;-11.65
5512;"US-2017-124779";"2017-09-08";"2017-09-11";490;376;3;5;45.92;15.5
5513;"US-2017-124779";"2017-09-08";"2017-09-11";490;1668;3;2;319.98;107.99
5514;"US-2017-124779";"2017-09-08";"2017-09-11";490;415;3;7;42.62;-68.19
5515;"CA-2016-154662";"2016-06-09";"2016-06-16";507;1769;2;3;692.94;173.24
5516;"CA-2017-161130";"2017-11-03";"2017-11-08";512;1077;2;2;361.38;27.1
5517;"CA-2015-120901";"2015-12-31";"2016-01-04";516;668;2;2;5.89;-1.32
5518;"CA-2015-120901";"2015-12-31";"2016-01-04";516;1102;2;2;3.49;0.57
5519;"CA-2015-120901";"2015-12-31";"2016-01-04";516;482;2;2;152.69;-26.72
5520;"CA-2017-117198";"2017-08-31";"2017-09-05";518;819;2;2;659.9;217.77
5521;"CA-2014-164749";"2014-03-23";"2014-03-26";527;472;3;3;9.91;3.22
5522;"CA-2016-165995";"2016-08-30";"2016-09-06";529;1247;2;5;339.96;42.5
5523;"CA-2016-165995";"2016-08-30";"2016-09-06";529;1326;2;4;47.04;15.99
5524;"CA-2015-149300";"2015-11-22";"2015-11-23";536;1742;3;3;32.99;-1.98
5525;"CA-2015-124107";"2015-10-09";"2015-10-12";560;1019;1;3;29.4;5.23
5526;"CA-2015-124107";"2015-10-09";"2015-10-12";560;1540;1;7;57.96;27.24
5527;"CA-2015-124107";"2015-10-09";"2015-10-12";560;158;1;3;29.16;8.46
5528;"CA-2015-124107";"2015-10-09";"2015-10-12";560;554;1;5;619.95;111.59
5529;"CA-2016-160535";"2016-11-25";"2016-11-30";593;1768;2;8;319.92;118.37
5530;"CA-2016-160535";"2016-11-25";"2016-11-30";593;166;2;4;563.4;67.61
5531;"CA-2017-151596";"2017-10-08";"2017-10-11";596;1284;3;1;42.76;11.12
5532;"CA-2017-160325";"2017-09-24";"2017-09-24";605;1488;4;3;437.85;131.36
5533;"CA-2017-160325";"2017-09-24";"2017-09-24";605;408;4;2;391.98;109.75
5534;"CA-2017-156139";"2016-12-31";"2017-01-06";610;1402;2;3;38.38;13.43
5535;"CA-2016-158211";"2016-01-04";"2016-01-08";615;951;2;6;104.58;-80.18
5536;"CA-2016-158211";"2016-01-04";"2016-01-08";615;611;2;1;4.67;0.58
5537;"CA-2016-141551";"2016-09-24";"2016-09-30";624;169;2;1;6.48;3.11
5538;"CA-2016-141551";"2016-09-24";"2016-09-30";624;1185;2;1;6.38;2.93
5539;"US-2016-116442";"2016-12-15";"2016-12-22";625;1408;2;2;14.76;4.28
5540;"CA-2016-142398";"2016-04-12";"2016-04-16";628;642;2;1;13.21;4.62
5541;"CA-2016-142398";"2016-04-12";"2016-04-16";628;1708;2;7;638.29;-31.91
5542;"CA-2016-142895";"2016-07-21";"2016-07-26";630;1145;2;5;363.92;0.0
5543;"CA-2016-142895";"2016-07-21";"2016-07-26";630;1092;2;3;6.26;2.04
5544;"CA-2015-142475";"2015-12-03";"2015-12-07";640;1662;2;6;590.35;206.62
5545;"CA-2014-149524";"2014-01-14";"2014-01-15";644;1010;3;4;61.96;-53.29
5546;"US-2015-109015";"2015-09-06";"2015-09-12";647;1390;2;2;337.98;101.39
5547;"US-2015-109015";"2015-09-06";"2015-09-12";647;1558;2;1;8.39;2.1
5548;"CA-2015-126725";"2015-11-17";"2015-11-21";651;1055;2;3;36.6;15.37
5549;"CA-2015-126725";"2015-11-17";"2015-11-21";651;870;2;2;225.57;2.82
5550;"CA-2015-126725";"2015-11-17";"2015-11-21";651;1514;2;5;32.4;15.55
5551;"CA-2015-126725";"2015-11-17";"2015-11-21";651;1649;2;7;777.21;54.4
5552;"CA-2015-126725";"2015-11-17";"2015-11-21";651;1683;2;4;80.96;29.15
5553;"CA-2015-126725";"2015-11-17";"2015-11-21";651;812;2;5;304.9;6.1
5554;"CA-2015-126725";"2015-11-17";"2015-11-21";651;1723;2;4;415.97;52.0
5555;"CA-2014-146864";"2014-12-22";"2014-12-26";680;1765;2;4;216.4;56.26
5556;"CA-2016-148208";"2016-01-22";"2016-01-27";681;140;2;3;55.18;15.86
5557;"CA-2016-148208";"2016-01-22";"2016-01-27";681;131;2;4;110.38;-20.24
5558;"CA-2015-125710";"2015-10-08";"2015-10-13";686;1352;2;2;3.44;0.56
5559;"CA-2015-119634";"2015-08-11";"2015-08-16";697;1383;2;3;46.15;12.11
5560;"CA-2016-101161";"2016-10-13";"2016-10-20";701;883;2;3;82.26;33.73
5561;"CA-2016-101161";"2016-10-13";"2016-10-20";701;1281;2;5;24.9;11.45
5562;"CA-2016-101161";"2016-10-13";"2016-10-20";701;1279;2;2;37.94;18.21
5563;"CA-2016-101161";"2016-10-13";"2016-10-20";701;1498;2;3;99.87;23.97
5564;"CA-2016-101161";"2016-10-13";"2016-10-20";701;987;2;5;34.7;12.49
5565;"CA-2017-154074";"2017-08-31";"2017-09-02";705;27;1;7;149.73;43.42
5566;"CA-2017-154074";"2017-08-31";"2017-09-02";705;89;1;2;569.57;7.12
5567;"CA-2016-157791";"2016-12-23";"2016-12-28";714;468;1;4;1999.96;899.98
5568;"CA-2016-125661";"2016-11-24";"2016-11-26";721;859;3;5;139.96;-22.74
5569;"CA-2016-125661";"2016-11-24";"2016-11-26";721;475;3;3;40.75;15.28
5570;"CA-2017-122175";"2017-05-12";"2017-05-14";740;1468;1;5;87.4;34.96
5571;"CA-2017-122175";"2017-05-12";"2017-05-14";740;1729;1;2;17.0;4.42
5572;"CA-2017-122175";"2017-05-12";"2017-05-14";740;534;1;2;6.16;2.96
5573;"CA-2017-122175";"2017-05-12";"2017-05-14";740;1666;1;5;42.85;15.43
5574;"CA-2014-130869";"2014-11-17";"2014-11-21";743;141;2;3;7.08;2.48
5575;"CA-2017-131282";"2017-02-05";"2017-02-08";747;1166;1;5;7.12;0.71
5576;"CA-2017-131282";"2017-02-05";"2017-02-08";747;320;1;4;243.99;-426.99
5577;"CA-2017-152660";"2017-12-04";"2017-12-09";759;1483;2;2;61.57;4.62
5578;"CA-2017-161046";"2017-03-05";"2017-03-05";766;1731;4;6;234.36;112.49
5579;"CA-2017-161046";"2017-03-05";"2017-03-05";766;321;4;2;262.24;78.67
5580;"CA-2017-161046";"2017-03-05";"2017-03-05";766;96;4;3;299.97;125.99
5581;"CA-2017-161046";"2017-03-05";"2017-03-05";766;816;4;4;42.68;19.63
5582;"CA-2015-108532";"2015-08-29";"2015-09-02";771;1177;2;7;114.52;11.45
5583;"CA-2015-108532";"2015-08-29";"2015-09-02";771;1399;2;2;131.98;35.63
5584;"CA-2016-129308";"2016-07-07";"2016-07-13";772;1333;2;5;9.42;-7.85
5585;"CA-2016-129308";"2016-07-07";"2016-07-13";772;1269;2;1;59.99;-13.0
5586;"CA-2016-129308";"2016-07-07";"2016-07-13";772;1596;2;2;10.08;3.28
5587;"CA-2014-141726";"2014-07-20";"2014-07-22";774;462;3;3;43.02;15.49
5588;"CA-2014-141726";"2014-07-20";"2014-07-22";774;54;3;4;19.92;9.76
5589;"CA-2014-141726";"2014-07-20";"2014-07-22";774;551;3;2;8.7;3.16
5590;"CA-2014-141726";"2014-07-20";"2014-07-22";774;1376;3;1;104.85;50.33
5591;"CA-2014-166891";"2014-10-04";"2014-10-06";781;1576;3;5;589.41;-6.55
5592;"CA-2015-147879";"2015-05-07";"2015-05-12";783;1727;2;2;45.68;21.01
5593;"US-2017-107888";"2017-11-16";"2017-11-19";790;1498;3;1;33.29;7.99
5594;"US-2017-107888";"2017-11-16";"2017-11-19";790;1299;3;3;107.88;10.79
5595;"US-2017-107888";"2017-11-16";"2017-11-19";790;351;3;2;139.92;23.79
5596;"US-2017-107888";"2017-11-16";"2017-11-19";790;1619;3;6;73.68;34.63
5597;"CA-2016-143714";"2016-05-23";"2016-05-27";792;1762;2;3;122.38;-24.48
5598;"CA-2016-143714";"2016-05-23";"2016-05-27";792;972;2;2;10.37;3.63
5599;"CA-2016-143714";"2016-05-23";"2016-05-27";792;1761;2;1;6.29;-4.2
5600;"CA-2016-143714";"2016-05-23";"2016-05-27";792;1367;2;4;8399.98;1120.0
5601;"CA-2017-166695";"2017-05-20";"2017-05-24";803;1736;2;1;343.2;38.61
5602;"CA-2017-166695";"2017-05-20";"2017-05-24";803;852;2;1;6.98;3.35
5603;"CA-2017-166695";"2017-05-20";"2017-05-24";803;88;2;8;518.27;-97.18
5604;"CA-2017-143035";"2017-10-03";"2017-10-05";804;554;1;3;371.97;66.95
5605;"CA-2017-143035";"2017-10-03";"2017-10-05";804;917;1;3;6.63;3.12
5606;"CA-2017-143035";"2017-10-03";"2017-10-05";804;135;1;4;83.92;21.82
5607;"CA-2016-121020";"2016-10-24";"2016-10-31";853;1063;2;3;239.98;18.0
5608;"CA-2014-131541";"2014-07-28";"2014-07-28";873;1201;4;7;48.94;16.52
5609;"CA-2014-131541";"2014-07-28";"2014-07-28";873;1391;4;6;129.89;12.99
5610;"CA-2014-131541";"2014-07-28";"2014-07-28";873;138;4;5;14.32;5.19
5611;"CA-2017-110443";"2017-11-21";"2017-11-25";883;1713;2;8;51.84;24.88
5612;"CA-2017-110443";"2017-11-21";"2017-11-25";883;1755;2;1;1039.99;104.0
5613;"CA-2017-110443";"2017-11-21";"2017-11-25";883;242;2;5;150.8;56.55
5614;"CA-2015-135580";"2015-12-30";"2016-01-03";915;1105;2;3;287.88;35.99
5615;"CA-2015-135580";"2015-12-30";"2016-01-03";915;67;2;3;271.44;122.15
5616;"CA-2015-135580";"2015-12-30";"2016-01-03";915;628;2;6;2548.56;286.71
5617;"CA-2015-135580";"2015-12-30";"2016-01-03";915;787;2;3;74.94;14.24
5618;"CA-2015-135580";"2015-12-30";"2016-01-03";915;1101;2;3;68.52;31.52
5619;"CA-2016-108875";"2016-09-24";"2016-10-01";924;792;2;9;511.06;-95.82
5620;"CA-2016-108875";"2016-09-24";"2016-10-01";924;427;2;2;21.44;7.5
5621;"CA-2017-113453";"2017-10-21";"2017-10-28";943;864;2;3;71.38;-4.46
5622;"CA-2017-113453";"2017-10-21";"2017-10-28";943;877;2;2;329.99;-77.0
5623;"CA-2015-101154";"2015-09-18";"2015-09-21";945;39;3;4;443.92;8.88
5624;"CA-2016-101525";"2016-05-01";"2016-05-04";951;935;1;2;11.16;4.35
5625;"CA-2016-101525";"2016-05-01";"2016-05-04";951;1601;1;3;19.44;9.33
5626;"CA-2016-101525";"2016-05-01";"2016-05-04";951;1725;1;2;109.92;53.86
5627;"CA-2016-133697";"2016-10-20";"2016-10-24";962;66;1;1;56.69;-14.58
5628;"CA-2016-133697";"2016-10-20";"2016-10-24";962;286;1;4;25.25;7.89
5629;"CA-2016-133697";"2016-10-20";"2016-10-24";962;1251;1;7;51.02;15.94
5630;"US-2016-113677";"2016-11-13";"2016-11-19";966;529;2;3;14.94;6.87
5631;"US-2016-113677";"2016-11-13";"2016-11-19";966;1738;2;4;2279.96;592.79
5632;"US-2017-167402";"2017-01-13";"2017-01-18";982;1400;1;3;212.94;53.24
5633;"US-2017-167402";"2017-01-13";"2017-01-18";982;362;1;5;4164.05;83.28
5634;"US-2017-167402";"2017-01-13";"2017-01-18";982;1703;1;6;209.94;54.58
5635;"US-2017-167402";"2017-01-13";"2017-01-18";982;1256;1;5;32.4;15.55
5636;"CA-2015-105571";"2015-11-07";"2015-11-11";986;1045;2;5;1345.49;-1031.54
5637;"CA-2015-105571";"2015-11-07";"2015-11-11";986;322;2;9;16.15;-12.92
5638;"CA-2016-101742";"2016-09-23";"2016-09-28";994;480;1;7;10.53;3.68
5639;"CA-2016-165561";"2016-11-24";"2016-11-28";995;1485;2;3;25.35;7.61
5640;"CA-2014-166716";"2014-08-20";"2014-08-25";1000;1249;1;2;421.37;-6.02
5641;"CA-2017-117632";"2017-05-12";"2017-05-18";1037;1049;2;4;19.17;6.47
5642;"CA-2017-117632";"2017-05-12";"2017-05-18";1037;597;2;5;285.48;-10.71
5643;"CA-2017-117632";"2017-05-12";"2017-05-18";1037;771;2;1;7.77;2.1
5644;"CA-2017-117632";"2017-05-12";"2017-05-18";1037;1474;2;2;238.62;4.77
5645;"CA-2017-139080";"2017-01-23";"2017-01-28";1046;1719;2;6;86.35;8.64
5646;"CA-2017-139080";"2017-01-23";"2017-01-28";1046;714;2;1;6.48;3.11
5647;"CA-2017-139080";"2017-01-23";"2017-01-28";1046;724;2;4;25.92;12.44
5648;"CA-2017-139080";"2017-01-23";"2017-01-28";1046;1054;2;5;19.68;6.89
5649;"CA-2014-166086";"2014-05-07";"2014-05-12";1081;514;2;4;872.32;244.25
5650;"CA-2014-166086";"2014-05-07";"2014-05-12";1081;633;2;3;8.64;2.51
5651;"CA-2014-166086";"2014-05-07";"2014-05-12";1081;1568;2;2;194.25;-38.85
5652;"CA-2014-166086";"2014-05-07";"2014-05-12";1081;182;2;3;16.14;7.91
5653;"CA-2017-151484";"2017-04-20";"2017-04-23";1098;1343;3;3;42.41;9.54
5654;"CA-2017-151484";"2017-04-20";"2017-04-23";1098;85;3;1;332.7;33.27
5655;"CA-2017-151484";"2017-04-20";"2017-04-23";1098;27;3;3;51.34;5.78
5656;"CA-2017-151484";"2017-04-20";"2017-04-23";1098;1463;3;2;51.97;10.39
5657;"US-2014-138835";"2014-09-10";"2014-09-14";1118;567;2;2;9.64;4.72
5658;"CA-2016-127985";"2016-04-01";"2016-04-05";1122;215;1;4;7.04;3.1
5659;"CA-2016-113292";"2016-03-18";"2016-03-20";1136;1258;1;3;871.8;87.18
5660;"CA-2016-163804";"2016-12-02";"2016-12-08";1162;1732;2;6;72.42;23.9
5661;"CA-2016-163804";"2016-12-02";"2016-12-08";1162;857;2;5;629.95;176.39
5662;"CA-2016-163804";"2016-12-02";"2016-12-08";1162;85;2;5;2079.4;582.23
5663;"CA-2016-143609";"2016-12-11";"2016-12-13";1163;129;3;5;403.92;25.25
5664;"CA-2017-150623";"2017-04-10";"2017-04-14";1170;1464;2;5;286.15;71.54
5665;"CA-2017-150623";"2017-04-10";"2017-04-14";1170;96;2;1;99.99;42.0
5666;"CA-2015-129322";"2015-08-08";"2015-08-10";1171;1334;1;7;447.86;210.49
5667;"CA-2015-129322";"2015-08-08";"2015-08-10";1171;831;1;2;113.92;33.04
5668;"CA-2015-129322";"2015-08-08";"2015-08-10";1171;1627;1;2;39.66;11.9
5669;"CA-2014-114314";"2014-10-11";"2014-10-15";1177;1261;2;4;8.92;3.92
5670;"CA-2014-114314";"2014-10-11";"2014-10-15";1177;3;2;1;7.31;3.44
5671;"CA-2016-135636";"2016-10-08";"2016-10-13";1184;815;2;5;387.72;-67.85
5672;"CA-2016-115224";"2016-12-08";"2016-12-11";1185;594;1;2;352.38;81.05
5673;"CA-2016-115224";"2016-12-08";"2016-12-11";1185;13;1;3;34.05;9.53
5674;"CA-2014-104402";"2014-06-17";"2014-06-23";1189;1742;2;3;65.97;31.01
5675;"US-2017-105830";"2016-12-31";"2017-01-02";1191;1012;3;4;156.51;-35.22
5676;"US-2017-147886";"2017-03-28";"2017-03-31";1234;1378;3;7;21.56;6.9
5677;"US-2017-147886";"2017-03-28";"2017-03-31";1234;123;3;7;795.48;7.95
5678;"US-2017-147886";"2017-03-28";"2017-03-31";1234;344;3;3;20.04;9.62
5679;"US-2017-147886";"2017-03-28";"2017-03-31";1234;587;3;4;26.72;12.83
5680;"US-2017-147886";"2017-03-28";"2017-03-31";1234;929;3;2;532.72;53.27
5681;"US-2017-147886";"2017-03-28";"2017-03-31";1234;732;3;1;26.48;10.06
5682;"US-2017-147886";"2017-03-28";"2017-03-31";1234;1625;3;2;12.96;6.35
5683;"CA-2015-147529";"2015-02-07";"2015-02-11";1256;503;2;2;12.96;6.35
5684;"CA-2015-147529";"2015-02-07";"2015-02-11";1256;512;2;5;311.15;146.24
5685;"CA-2016-160941";"2016-07-21";"2016-07-26";1259;889;2;1;3.15;1.51
5686;"CA-2016-160941";"2016-07-21";"2016-07-26";1259;1361;2;5;419.9;197.35
5687;"CA-2017-140627";"2017-12-23";"2017-12-27";1275;219;2;3;218.35;-54.59
5688;"CA-2017-140627";"2017-12-23";"2017-12-27";1275;898;2;7;12.26;1.07
5689;"CA-2017-140627";"2017-12-23";"2017-12-27";1275;469;2;4;72.7;19.08
5690;"CA-2017-104913";"2017-11-18";"2017-11-22";1282;1388;2;5;74.95;36.73
5691;"CA-2017-102197";"2017-12-20";"2017-12-26";1284;784;2;3;34.02;16.67
5692;"CA-2017-102197";"2017-12-20";"2017-12-26";1284;530;2;3;50.35;17.62
5693;"CA-2017-102197";"2017-12-20";"2017-12-26";1284;893;2;5;279.9;137.15
5694;"CA-2016-127138";"2016-03-12";"2016-03-15";1288;487;1;3;770.35;77.04
5695;"CA-2016-127138";"2016-03-12";"2016-03-15";1288;614;1;4;30.56;14.97
5696;"CA-2016-127138";"2016-03-12";"2016-03-15";1288;1446;1;5;154.9;40.27
5697;"CA-2016-130288";"2016-11-26";"2016-11-30";1291;1363;1;2;313.18;-120.05
5698;"US-2016-139087";"2016-07-17";"2016-07-22";1297;1186;1;3;12.82;4.17
5699;"US-2016-139087";"2016-07-17";"2016-07-22";1297;892;1;2;20.78;-4.68
5700;"US-2016-139087";"2016-07-17";"2016-07-22";1297;168;1;2;69.52;17.38
5701;"US-2016-139087";"2016-07-17";"2016-07-22";1297;527;1;7;87.71;41.22
5702;"US-2016-139087";"2016-07-17";"2016-07-22";1297;1597;1;5;24.75;10.89
5703;"US-2016-139087";"2016-07-17";"2016-07-22";1297;1749;1;3;428.4;89.96
5704;"US-2016-139087";"2016-07-17";"2016-07-22";1297;1341;1;3;12.42;4.47
5705;"CA-2016-149783";"2016-09-04";"2016-09-07";1318;1506;1;2;31.74;8.33
5706;"CA-2016-149783";"2016-09-04";"2016-09-07";1318;1115;1;2;87.17;8.72
5707;"CA-2015-109337";"2015-11-21";"2015-11-23";1324;1773;1;2;83.9;22.65
5708;"CA-2015-109337";"2015-11-21";"2015-11-23";1324;700;1;6;10.92;4.91
5709;"CA-2017-144750";"2017-08-21";"2017-08-21";1333;601;4;1;83.88;29.36
5710;"CA-2017-139717";"2017-08-24";"2017-08-26";1351;1462;1;2;10.37;3.76
5711;"CA-2017-139717";"2017-08-24";"2017-08-26";1351;1718;1;8;646.27;64.63
5712;"CA-2014-108903";"2014-10-03";"2014-10-03";1371;918;4;3;142.49;-3.56
5713;"CA-2014-108903";"2014-10-03";"2014-10-03";1371;214;4;5;14.48;4.89
5714;"CA-2014-108903";"2014-10-03";"2014-10-03";1371;1703;4;2;55.98;4.2
5715;"CA-2017-115777";"2017-08-19";"2017-08-24";1380;1420;2;3;19.44;9.33
5716;"CA-2017-133207";"2017-11-27";"2017-12-03";1383;1719;2;4;57.57;5.76
5717;"US-2017-154872";"2017-05-14";"2017-05-18";1391;1674;2;1;24.78;7.75
5718;"US-2017-154872";"2017-05-14";"2017-05-18";1391;1072;2;2;5.04;1.76
5719;"US-2017-154872";"2017-05-14";"2017-05-18";1391;1460;2;5;58.17;-46.54
5720;"US-2017-132381";"2017-08-22";"2017-08-24";1408;656;3;2;314.53;-83.88
5721;"CA-2014-134621";"2014-12-21";"2014-12-28";1415;688;2;2;18.24;-14.59
5722;"CA-2015-103933";"2015-09-25";"2015-09-27";1422;1219;3;9;899.91;395.96
5723;"CA-2017-148810";"2017-06-26";"2017-07-01";1427;1708;2;3;273.55;-13.68
5724;"CA-2017-148810";"2017-06-26";"2017-07-01";1427;319;2;6;13.87;4.68
5725;"CA-2017-143574";"2017-06-29";"2017-07-02";1428;1386;3;2;25.16;8.55
5726;"CA-2017-143574";"2017-06-29";"2017-07-02";1428;522;3;3;30.69;7.98
5727;"CA-2017-143574";"2017-06-29";"2017-07-02";1428;1328;3;9;638.82;185.26
5728;"CA-2017-142671";"2017-11-10";"2017-11-14";1438;1748;1;5;11.52;-7.68
5729;"CA-2017-144848";"2017-04-04";"2017-04-05";1441;426;3;2;119.02;33.33
5730;"CA-2017-144848";"2017-04-04";"2017-04-05";1441;292;3;1;240.37;7.21
5731;"CA-2017-144848";"2017-04-04";"2017-04-05";1441;1757;3;1;41.22;11.13
5732;"CA-2017-125745";"2017-06-30";"2017-07-04";1454;1055;2;2;19.52;5.37
5733;"CA-2014-120432";"2014-08-24";"2014-08-26";1478;1729;1;3;25.5;6.63
5734;"CA-2016-148516";"2016-08-07";"2016-08-11";1480;404;2;3;179.97;86.39
5735;"CA-2016-165820";"2016-09-26";"2016-09-30";1481;1053;2;2;12.96;6.22
5736;"CA-2014-151162";"2014-12-05";"2014-12-09";1487;1067;2;2;179.94;-44.99
5737;"CA-2014-151162";"2014-12-05";"2014-12-09";1487;1695;2;1;36.74;-9.18
5738;"CA-2014-151162";"2014-12-05";"2014-12-09";1487;1693;2;3;17.47;5.68
5739;"CA-2014-151162";"2014-12-05";"2014-12-09";1487;545;2;4;29.94;-23.95
5740;"CA-2014-151162";"2014-12-05";"2014-12-09";1487;1310;2;3;98.38;35.66
5741;"CA-2015-158939";"2015-11-26";"2015-12-01";1489;776;2;1;599.99;234.0
5742;"CA-2014-100090";"2014-07-08";"2014-07-12";1498;740;2;3;502.49;-87.94
5743;"CA-2016-128223";"2016-06-14";"2016-06-14";1503;1769;4;7;1293.49;80.84
5744;"CA-2015-166947";"2015-06-05";"2015-06-10";1508;523;2;9;1522.64;169.18
5745;"CA-2017-161459";"2017-11-25";"2017-11-29";1515;1437;1;5;39.96;3.5
5746;"US-2014-126340";"2014-11-08";"2014-11-14";1521;768;2;3;333.58;25.02
5747;"CA-2016-143441";"2016-11-05";"2016-11-05";1549;345;4;1;11.84;4.44
5748;"CA-2017-161102";"2017-07-31";"2017-08-03";1554;1238;3;7;36.96;11.46
5749;"CA-2017-161102";"2017-07-31";"2017-08-03";1554;46;3;2;56.56;15.27
5750;"CA-2016-136301";"2016-03-13";"2016-03-15";1572;1294;1;3;4912.59;196.5
5751;"CA-2016-136301";"2016-03-13";"2016-03-15";1572;960;1;2;28.28;7.35
5752;"CA-2016-100944";"2016-09-24";"2016-09-28";1576;1141;2;5;563.24;56.32
5753;"CA-2015-114048";"2015-12-14";"2015-12-18";1583;11;2;3;29.22;12.86
5754;"CA-2017-153080";"2017-05-22";"2017-05-25";1587;1534;1;7;68.46;25.33
5755;"CA-2014-138513";"2014-05-23";"2014-05-27";1590;53;2;2;12.96;6.22
5756;"CA-2015-156510";"2015-09-25";"2015-09-29";1592;49;2;1;6.7;2.21
5757;"CA-2015-156510";"2015-09-25";"2015-09-29";1592;1368;2;2;10.76;5.16
5758;"CA-2016-124100";"2016-03-31";"2016-04-06";1593;318;2;6;328.0;54.67
5759;"CA-2017-133095";"2017-06-04";"2017-06-04";1598;1120;4;3;9.54;4.39
5760;"CA-2017-133095";"2017-06-04";"2017-06-04";1598;913;4;7;108.08;54.04
5761;"CA-2015-134201";"2015-04-10";"2015-04-16";1603;434;2;3;14.67;6.01
5762;"CA-2015-134201";"2015-04-10";"2015-04-16";1603;1073;2;4;142.04;38.35
5763;"CA-2017-112984";"2017-09-16";"2017-09-18";1617;507;1;6;20.54;6.42
5764;"CA-2017-123085";"2017-03-03";"2017-03-08";1621;170;2;3;170.35;-17.04
5765;"CA-2017-123085";"2017-03-03";"2017-03-08";1621;1392;2;8;1049.44;440.76
5766;"CA-2014-111871";"2014-03-18";"2014-03-21";1627;1542;1;10;1198.33;70.49
5767;"CA-2015-146255";"2015-03-07";"2015-03-10";1659;1544;3;3;587.97;170.51
5768;"CA-2015-146255";"2015-03-07";"2015-03-10";1659;699;3;2;69.28;33.25
5769;"CA-2015-146255";"2015-03-07";"2015-03-10";1659;79;3;3;119.85;52.73
5770;"CA-2017-162033";"2017-03-26";"2017-04-02";1665;726;2;2;3.76;1.32
5771;"CA-2017-162033";"2017-03-26";"2017-04-02";1665;1025;2;3;53.25;20.77
5772;"CA-2015-142433";"2015-04-20";"2015-04-25";1692;183;2;3;117.46;44.05
5773;"US-2017-163300";"2017-09-15";"2017-09-21";1694;56;2;3;184.75;-20.78
5774;"US-2017-163300";"2017-09-15";"2017-09-21";1694;411;2;7;369.54;32.34
5775;"US-2017-163300";"2017-09-15";"2017-09-21";1694;1050;2;7;2357.49;884.06
5776;"CA-2016-113845";"2016-11-20";"2016-11-25";1710;900;2;4;244.77;24.48
5777;"CA-2016-113845";"2016-11-20";"2016-11-25";1710;705;2;5;39.72;4.47
5778;"CA-2016-113845";"2016-11-20";"2016-11-25";1710;454;2;2;289.57;10.86
5779;"CA-2017-122364";"2017-09-24";"2017-09-29";1711;1735;2;3;506.28;177.2
5780;"CA-2017-122364";"2017-09-24";"2017-09-29";1711;1046;2;3;859.2;75.18
5781;"CA-2015-115693";"2015-12-10";"2015-12-15";1714;1180;2;2;56.3;15.76
5782;"CA-2017-167640";"2017-03-06";"2017-03-10";1716;1152;2;2;206.38;23.22
5783;"CA-2017-167640";"2017-03-06";"2017-03-10";1716;1310;2;7;286.93;140.6
5784;"CA-2017-167640";"2017-03-06";"2017-03-10";1716;1302;2;4;11.52;5.64
5785;"CA-2017-167640";"2017-03-06";"2017-03-10";1716;565;2;6;23.88;8.12
5786;"CA-2015-121405";"2015-03-30";"2015-04-04";1721;1447;2;5;180.96;13.57
5787;"CA-2014-152443";"2014-05-21";"2014-05-26";1726;1296;2;6;245.88;68.85
5788;"CA-2014-152443";"2014-05-21";"2014-05-26";1726;1647;2;3;17.94;8.79
5789;"CA-2014-152443";"2014-05-21";"2014-05-26";1726;629;2;7;447.86;219.45
5790;"CA-2014-169684";"2014-10-20";"2014-10-23";1747;793;3;3;98.35;-24.59
5791;"CA-2014-169684";"2014-10-20";"2014-10-23";1747;1211;3;3;328.59;-147.87
5792;"CA-2015-162047";"2015-11-03";"2015-11-05";1749;1562;3;10;1448.82;209.27
5793;"CA-2017-121398";"2017-12-25";"2017-12-29";1753;1334;2;3;153.55;51.82
5794;"CA-2016-134516";"2016-09-20";"2016-09-25";1759;967;2;1;98.39;-11.07
5795;"CA-2016-134516";"2016-09-20";"2016-09-25";1759;1531;2;2;17.09;1.07
5796;"CA-2015-130554";"2015-04-07";"2015-04-09";1764;308;3;3;11.74;1.03
5797;"US-2017-153948";"2017-11-06";"2017-11-06";1770;605;4;1;16.95;1.02
5798;"US-2017-153948";"2017-11-06";"2017-11-06";1770;1638;4;4;41.4;19.87
5799;"US-2017-153948";"2017-11-06";"2017-11-06";1770;1697;4;5;26.4;12.67
5800;"US-2017-153948";"2017-11-06";"2017-11-06";1770;1696;4;4;45.36;22.23
5801;"US-2017-153948";"2017-11-06";"2017-11-06";1770;902;4;3;59.94;28.17
5802;"US-2016-142251";"2016-10-31";"2016-11-04";1785;437;1;6;32.06;11.22
5803;"CA-2016-125850";"2016-01-22";"2016-01-28";1794;472;2;5;20.65;9.5
5804;"CA-2016-125850";"2016-01-22";"2016-01-28";1794;1714;2;3;44.4;22.2
5805;"CA-2014-131247";"2014-03-30";"2014-04-04";1811;188;2;2;205.67;-12.1
5806;"CA-2014-138072";"2014-12-30";"2015-01-03";1812;1468;2;2;27.97;6.99
5807;"CA-2015-149993";"2015-03-19";"2015-03-20";1813;1102;3;5;10.9;3.6
5808;"CA-2017-129028";"2017-04-01";"2017-04-03";1828;122;3;3;127.95;21.75
5809;"CA-2015-158421";"2015-09-21";"2015-09-26";1831;39;2;8;887.84;17.76
5810;"CA-2015-158421";"2015-09-21";"2015-09-26";1831;738;2;2;14.6;6.86
5811;"CA-2015-158421";"2015-09-21";"2015-09-26";1831;247;2;3;113.73;32.98
5812;"CA-2015-158421";"2015-09-21";"2015-09-26";1831;1325;2;5;629.95;176.39
5813;"CA-2015-158421";"2015-09-21";"2015-09-26";1831;926;2;2;63.96;6.4
5814;"CA-2015-158421";"2015-09-21";"2015-09-26";1831;1743;2;4;23.92;11.72
5815;"CA-2015-158421";"2015-09-21";"2015-09-26";1831;339;2;7;85.96;24.07
5816;"CA-2015-158421";"2015-09-21";"2015-09-26";1831;874;2;4;1690.04;422.51
5817;"CA-2017-150420";"2017-06-03";"2017-06-08";1837;1518;2;10;1099.5;362.84
5818;"CA-2017-157112";"2017-04-23";"2017-04-26";1844;187;3;1;5.34;1.87
5819;"CA-2017-157112";"2017-04-23";"2017-04-26";1844;343;3;5;11.76;-7.84
5820;"US-2015-164966";"2015-07-30";"2015-08-01";1850;921;3;6;155.88;38.97
5821;"CA-2017-139444";"2017-09-09";"2017-09-15";1873;44;2;4;9.86;3.45
5822;"CA-2014-154893";"2014-12-21";"2014-12-27";1875;372;2;3;572.16;35.76
5823;"CA-2014-154893";"2014-12-21";"2014-12-27";1875;304;2;6;1325.76;149.15
5824;"CA-2016-161025";"2016-12-03";"2016-12-09";1876;1645;2;4;772.68;108.18
5825;"CA-2017-151981";"2017-08-06";"2017-08-12";1885;136;2;6;227.88;68.36
5826;"CA-2017-151981";"2017-08-06";"2017-08-12";1885;774;2;8;24.64;11.83
5827;"CA-2017-151981";"2017-08-06";"2017-08-12";1885;1435;2;5;824.95;247.49
5828;"CA-2014-128209";"2014-11-17";"2014-11-22";1914;1372;2;10;4007.84;-50.1
5829;"CA-2014-128209";"2014-11-17";"2014-11-22";1914;1045;2;3;2152.78;726.56
5830;"CA-2016-126795";"2016-06-13";"2016-06-16";1918;266;1;2;33.57;11.75
5831;"CA-2017-161774";"2017-05-14";"2017-05-15";1920;1665;3;2;76.86;26.9
5832;"CA-2017-161774";"2017-05-14";"2017-05-15";1920;1437;3;1;7.99;0.7
5833;"CA-2017-161774";"2017-05-14";"2017-05-15";1920;1760;3;3;47.95;16.18
5834;"CA-2017-161774";"2017-05-14";"2017-05-15";1920;1042;3;5;46.2;5.78
5835;"CA-2017-161774";"2017-05-14";"2017-05-15";1920;1099;3;5;899.43;-12.85
5836;"CA-2017-151190";"2017-06-27";"2017-07-01";1921;865;2;3;20.07;9.23
5837;"CA-2015-135489";"2015-09-19";"2015-09-22";1930;12;1;14;279.86;134.33
5838;"CA-2015-134075";"2015-12-12";"2015-12-16";1951;654;2;2;360.38;93.7
5839;"CA-2015-134075";"2015-12-12";"2015-12-16";1951;1479;2;3;166.5;21.65
5840;"US-2015-161347";"2015-09-13";"2015-09-19";1978;1255;2;1;2.41;-2.01
5841;"CA-2014-163748";"2014-10-14";"2014-10-18";1993;468;2;5;1999.96;624.99
5842;"CA-2014-163748";"2014-10-14";"2014-10-18";1993;1664;2;4;3.16;-8.53
5843;"US-2016-156692";"2016-08-13";"2016-08-13";1995;795;4;2;71.98;15.12
5844;"US-2016-156692";"2016-08-13";"2016-08-13";1995;1570;4;2;17.34;4.68
5845;"CA-2015-109862";"2015-10-25";"2015-10-30";2008;1231;2;5;291.1;75.69
5846;"CA-2015-109862";"2015-10-25";"2015-10-30";2008;302;2;1;158.99;41.34
5847;"CA-2017-127117";"2017-04-14";"2017-04-19";2026;1076;2;5;74.45;20.1
5848;"US-2014-143707";"2014-03-01";"2014-03-05";2042;765;2;3;5.94;1.6
5849;"CA-2015-147011";"2015-06-18";"2015-06-22";2049;648;2;4;13.63;3.58
5850;"CA-2016-140130";"2016-10-31";"2016-11-05";2056;1519;2;3;332.94;9.99
5851;"CA-2016-140130";"2016-10-31";"2016-11-05";2056;1458;2;3;12.39;3.47
5852;"CA-2016-140130";"2016-10-31";"2016-11-05";2056;1429;2;3;368.97;81.17
5853;"CA-2016-140130";"2016-10-31";"2016-11-05";2056;206;2;2;21.96;6.15
5854;"CA-2017-121027";"2017-08-18";"2017-08-22";2060;342;2;9;1496.16;224.42
5855;"CA-2017-121027";"2017-08-18";"2017-08-22";2060;869;2;2;843.9;371.32
5856;"US-2015-114741";"2015-12-06";"2015-12-10";2074;542;2;3;14.94;6.87
5857;"US-2015-114741";"2015-12-06";"2015-12-10";2074;1360;2;5;1325.85;238.65
5858;"US-2017-157224";"2017-09-14";"2017-09-18";2113;948;1;9;56.7;26.08
5859;"CA-2017-168179";"2017-11-02";"2017-11-07";2114;353;2;3;19.44;9.33
5860;"US-2015-159513";"2015-04-02";"2015-04-09";2137;1715;2;3;71.98;24.29
5861;"CA-2014-110611";"2014-10-06";"2014-10-13";2154;410;2;5;83.92;-13.64
5862;"US-2015-163279";"2015-03-22";"2015-03-26";2163;546;2;3;1487.98;186.0
5863;"US-2015-163279";"2015-03-22";"2015-03-26";2163;1717;2;2;91.96;15.63
5864;"US-2015-163279";"2015-03-22";"2015-03-26";2163;969;2;4;105.52;48.54
5865;"US-2016-132577";"2016-11-22";"2016-11-27";2173;1373;2;6;4.49;-6.73
5866;"US-2016-132577";"2016-11-22";"2016-11-27";2173;1092;2;1;2.09;0.68
5867;"US-2016-132577";"2016-11-22";"2016-11-27";2173;1331;2;2;24.03;-0.6
5868;"US-2016-132577";"2016-11-22";"2016-11-27";2173;1553;2;9;23.62;2.66
5869;"US-2016-132577";"2016-11-22";"2016-11-27";2173;1257;2;6;6.22;-9.63
5870;"CA-2017-133263";"2017-03-31";"2017-04-02";2179;104;1;4;64.12;30.78
5871;"CA-2017-133263";"2017-03-31";"2017-04-02";2179;557;1;5;2999.95;1439.98
5872;"CA-2017-133263";"2017-03-31";"2017-04-02";2179;547;1;1;34.54;17.27
5873;"CA-2016-105081";"2016-12-25";"2016-12-30";2189;1029;2;5;1747.25;629.01
5874;"CA-2016-105081";"2016-12-25";"2016-12-30";2189;701;2;3;698.35;52.38
5875;"CA-2017-121083";"2017-07-09";"2017-07-15";2213;1506;2;6;119.04;48.81
5876;"CA-2017-121083";"2017-07-09";"2017-07-15";2213;1152;2;2;257.98;74.81
5877;"CA-2017-121083";"2017-07-09";"2017-07-15";2213;1012;2;4;195.64;3.91
5878;"CA-2017-121083";"2017-07-09";"2017-07-15";2213;1725;2;5;274.8;134.65
5879;"CA-2017-122077";"2017-05-19";"2017-05-25";2219;1711;2;4;13.22;4.3
5880;"CA-2017-122077";"2017-05-19";"2017-05-25";2219;1197;2;1;95.99;9.6
5881;"US-2017-142188";"2017-09-11";"2017-09-11";2230;1745;4;5;79.96;-17.99
5882;"US-2017-142188";"2017-09-11";"2017-09-11";2230;1254;4;5;1471.96;459.99
5883;"US-2017-142188";"2017-09-11";"2017-09-11";2230;599;4;11;71.28;34.21
5884;"US-2017-142188";"2017-09-11";"2017-09-11";2230;596;4;3;19.44;9.33
5885;"US-2017-142188";"2017-09-11";"2017-09-11";2230;520;4;2;177.57;8.88
5886;"CA-2015-133445";"2015-10-05";"2015-10-09";2234;1153;2;4;291.17;-14.56
5887;"CA-2015-133445";"2015-10-05";"2015-10-09";2234;1227;2;1;66.29;-103.86
5888;"US-2017-116897";"2017-05-27";"2017-05-29";2262;1529;3;3;302.38;22.68
5889;"US-2017-116897";"2017-05-27";"2017-05-29";2262;482;3;5;477.15;28.63
5890;"US-2017-116897";"2017-05-27";"2017-05-29";2262;1156;3;4;35.0;14.7
5891;"CA-2016-141957";"2016-07-21";"2016-07-21";2267;984;4;2;99.49;8.71
5892;"CA-2016-141957";"2016-07-21";"2016-07-21";2267;40;4;1;66.69;4.17
5893;"CA-2016-141957";"2016-07-21";"2016-07-21";2267;909;4;7;11.09;-8.13
5894;"CA-2016-141957";"2016-07-21";"2016-07-21";2267;1712;4;2;18.66;1.4
5895;"CA-2017-101322";"2017-12-28";"2017-12-31";2270;170;3;6;340.7;-34.07
5896;"US-2017-108014";"2017-11-19";"2017-11-25";2278;556;2;7;59.91;-45.93
5897;"CA-2015-133536";"2015-03-28";"2015-03-30";2282;614;1;3;22.92;11.23
5898;"US-2016-115952";"2016-10-06";"2016-10-06";2289;203;4;5;28.85;14.43
5899;"CA-2017-152226";"2017-05-12";"2017-05-16";2291;1107;2;2;5.9;1.99
5900;"CA-2015-126739";"2015-11-01";"2015-11-03";2301;1153;1;4;327.56;21.84
5901;"CA-2015-151785";"2015-03-05";"2015-03-10";2304;907;2;6;7.1;2.49
5902;"CA-2015-116484";"2015-11-20";"2015-11-26";2313;1751;2;2;63.82;9.57
5903;"CA-2014-111773";"2014-06-29";"2014-07-03";2328;1157;2;3;13.92;4.87
5904;"CA-2015-138331";"2015-08-07";"2015-08-12";2331;975;2;10;106.8;10.68
5905;"CA-2014-147900";"2014-09-23";"2014-09-28";2335;1734;2;9;28.8;10.08
5906;"CA-2015-157434";"2015-04-29";"2015-05-04";2337;829;1;2;7.97;2.89
5907;"CA-2015-143980";"2015-12-25";"2015-12-29";2341;1176;2;2;414.96;124.49
5908;"US-2017-153255";"2017-09-03";"2017-09-07";2350;1542;1;2;239.67;14.1
5909;"CA-2015-107678";"2015-04-21";"2015-04-28";2352;351;2;3;209.88;35.68
5910;"CA-2015-107678";"2015-04-21";"2015-04-28";2352;263;2;5;469.95;131.59
5911;"CA-2015-107678";"2015-04-21";"2015-04-28";2352;87;2;3;21.3;9.8
5912;"CA-2015-107678";"2015-04-21";"2015-04-28";2352;361;2;2;191.96;51.83
5913;"CA-2017-141117";"2017-10-02";"2017-10-08";2353;1353;2;7;95.14;10.7
5914;"CA-2017-141117";"2017-10-02";"2017-10-08";2353;997;2;7;22.64;-16.6
5915;"CA-2017-141117";"2017-10-02";"2017-10-08";2353;386;2;6;39.07;4.4
5916;"CA-2017-141117";"2017-10-02";"2017-10-08";2353;896;2;6;217.76;-384.72
5917;"CA-2016-113425";"2016-11-21";"2016-11-21";2360;1328;4;2;113.57;12.78
5918;"CA-2017-105193";"2017-03-25";"2017-03-31";2393;260;2;5;11.05;2.98
5919;"CA-2014-104178";"2014-08-25";"2014-08-29";2410;817;2;4;48.84;13.19
5920;"CA-2014-104178";"2014-08-25";"2014-08-29";2410;1256;2;4;25.92;12.44
5921;"CA-2014-104178";"2014-08-25";"2014-08-29";2410;272;2;5;95.1;30.43
5922;"CA-2014-104178";"2014-08-25";"2014-08-29";2410;1536;2;1;6.28;2.64
5923;"CA-2016-157259";"2016-12-24";"2016-12-28";2419;1756;2;9;799.56;207.89
5924;"US-2017-148866";"2017-09-19";"2017-09-24";2421;1507;2;5;32.4;15.55
5925;"CA-2016-166625";"2016-04-14";"2016-04-17";2422;934;3;2;25.06;11.78
5926;"CA-2017-158169";"2017-08-12";"2017-08-15";2446;696;3;4;54.92;19.77
5927;"CA-2017-158169";"2017-08-12";"2017-08-15";2446;1016;3;3;542.94;152.02
5928;"CA-2014-159121";"2014-07-26";"2014-08-01";2450;966;2;7;111.93;34.7
5929;"CA-2014-116673";"2014-12-15";"2014-12-19";2459;1378;1;2;6.16;1.97
5930;"CA-2016-158001";"2016-08-23";"2016-08-27";2471;308;2;6;29.34;7.92
5931;"CA-2016-158001";"2016-08-23";"2016-08-27";2471;19;2;5;1040.8;281.02
5932;"CA-2016-158001";"2016-08-23";"2016-08-27";2471;648;2;5;21.3;8.73
5933;"CA-2017-117324";"2017-12-08";"2017-12-13";2479;650;2;4;27.52;12.66
5934;"CA-2017-117324";"2017-12-08";"2017-12-13";2479;1051;2;4;459.92;41.39
5935;"CA-2017-117324";"2017-12-08";"2017-12-13";2479;346;2;2;61.06;28.09
5936;"CA-2017-117324";"2017-12-08";"2017-12-13";2479;1258;2;3;1089.75;305.13
5937;"CA-2017-117324";"2017-12-08";"2017-12-13";2479;918;2;3;178.11;32.06
5938;"US-2016-111528";"2016-12-30";"2016-12-30";2486;114;4;1;6.38;2.15
5939;"US-2016-111528";"2016-12-30";"2016-12-30";2486;858;4;4;481.32;125.14
5940;"US-2017-106796";"2017-05-12";"2017-05-19";2488;823;2;3;10.27;1.16
5941;"CA-2017-143378";"2017-09-19";"2017-09-25";2496;896;2;2;72.59;-128.24
5942;"CA-2017-143378";"2017-09-19";"2017-09-25";2496;234;2;8;409.22;61.38
5943;"CA-2017-143378";"2017-09-19";"2017-09-25";2496;861;2;3;23.83;6.55
5944;"CA-2017-143378";"2017-09-19";"2017-09-25";2496;622;2;3;191.98;19.2
5945;"CA-2016-115483";"2016-07-14";"2016-07-18";2510;1725;1;5;219.84;79.69
5946;"CA-2016-124016";"2016-09-23";"2016-09-26";2515;560;1;7;12.2;-9.76
5947;"CA-2016-124016";"2016-09-23";"2016-09-26";2515;1156;1;4;28.0;7.7
5948;"CA-2016-124016";"2016-09-23";"2016-09-26";2515;745;1;3;11.95;4.03
5949;"CA-2016-163776";"2016-07-19";"2016-07-25";2517;1642;2;5;504.9;126.23
5950;"CA-2016-163776";"2016-07-19";"2016-07-25";2517;436;2;1;8.6;4.04
5951;"CA-2016-163776";"2016-07-19";"2016-07-25";2517;1310;2;6;245.94;120.51
5952;"CA-2016-163776";"2016-07-19";"2016-07-25";2517;485;2;4;87.92;0.88
5953;"CA-2016-163776";"2016-07-19";"2016-07-25";2517;1460;2;2;77.56;35.68
5954;"CA-2016-163776";"2016-07-19";"2016-07-25";2517;1510;2;6;185.58;76.09
5955;"CA-2016-160220";"2016-10-20";"2016-10-26";2518;25;2;7;20.86;1.46
5956;"CA-2016-160220";"2016-10-20";"2016-10-26";2518;621;2;2;191.98;51.83
5957;"CA-2016-160220";"2016-10-20";"2016-10-26";2518;739;2;6;125.7;35.2
5958;"CA-2016-133935";"2016-09-18";"2016-09-22";2523;967;2;9;885.53;-99.62
5959;"CA-2016-133935";"2016-09-18";"2016-09-22";2523;1069;2;9;368.91;180.77
5960;"CA-2016-133935";"2016-09-18";"2016-09-22";2523;245;2;2;801.57;50.1
5961;"CA-2015-120621";"2015-03-21";"2015-03-26";2535;243;2;14;295.46;96.02
5962;"CA-2015-120621";"2015-03-21";"2015-03-26";2535;1385;2;3;12.84;-9.85
5963;"CA-2015-120621";"2015-03-21";"2015-03-26";2535;47;2;4;962.08;156.34
5964;"CA-2016-125017";"2016-02-06";"2016-02-11";2549;432;2;4;132.22;-18.18
5965;"CA-2015-112305";"2015-11-20";"2015-11-25";2562;1676;2;2;13.98;6.01
5966;"CA-2015-112305";"2015-11-20";"2015-11-25";2562;1408;2;3;22.14;6.42
5967;"CA-2015-112305";"2015-11-20";"2015-11-25";2562;1015;2;6;119.04;30.95
5968;"CA-2017-161067";"2017-09-03";"2017-09-06";2563;846;1;2;5.56;2.22
5969;"CA-2017-161067";"2017-09-03";"2017-09-06";2563;488;1;2;181.76;-8.08
5970;"CA-2017-161067";"2017-09-03";"2017-09-06";2563;1705;1;1;90.8;14.12
5971;"CA-2017-161067";"2017-09-03";"2017-09-06";2563;1376;1;4;419.4;201.31
5972;"US-2015-118906";"2015-03-10";"2015-03-10";2568;671;4;6;89.82;25.15
5973;"CA-2015-103716";"2015-04-30";"2015-05-06";2569;562;2;5;19.8;1.73
5974;"CA-2015-103716";"2015-04-30";"2015-05-06";2569;681;2;3;34.65;9.7
5975;"CA-2015-138674";"2015-11-14";"2015-11-17";2571;1259;3;4;159.97;29.99
5976;"CA-2015-138674";"2015-11-14";"2015-11-17";2571;1590;3;3;91.18;4.56
5977;"CA-2015-138674";"2015-11-14";"2015-11-17";2571;165;3;5;8.72;2.29
5978;"US-2016-113985";"2016-12-02";"2016-12-07";2614;1123;2;3;104.18;33.86
5979;"US-2016-113985";"2016-12-02";"2016-12-07";2614;1552;2;3;14.52;5.66
5980;"US-2016-113985";"2016-12-02";"2016-12-07";2614;1071;2;3;59.7;26.87
5981;"US-2016-113985";"2016-12-02";"2016-12-07";2614;913;2;2;24.7;9.26
5982;"CA-2017-167542";"2017-08-13";"2017-08-20";2618;669;2;3;17.54;5.92
5983;"CA-2017-100825";"2017-09-09";"2017-09-14";2619;1498;2;3;99.87;23.97
5984;"CA-2017-113873";"2017-11-13";"2017-11-19";2631;583;2;3;206.0;-27.26
5985;"CA-2017-113873";"2017-11-13";"2017-11-19";2631;1215;2;4;61.79;6.18
5986;"CA-2016-159016";"2016-03-10";"2016-03-11";2634;1126;3;8;4158.91;363.9
5987;"CA-2016-159016";"2016-03-10";"2016-03-11";2634;1006;3;5;14.9;7.15
5988;"CA-2017-111262";"2017-10-28";"2017-11-01";2659;1177;1;2;26.18;-3.27
5989;"CA-2017-111262";"2017-10-28";"2017-11-01";2659;457;1;3;15.55;5.44
5990;"CA-2017-111262";"2017-10-28";"2017-11-01";2659;146;1;2;24.0;-2.7
5991;"US-2015-138093";"2015-12-10";"2015-12-16";2696;657;2;3;542.94;141.16
5992;"US-2015-138093";"2015-12-10";"2015-12-16";2696;1697;2;5;26.4;12.67
5993;"US-2015-138093";"2015-12-10";"2015-12-16";2696;643;2;1;134.99;36.45
5994;"US-2015-138093";"2015-12-10";"2015-12-16";2696;1472;2;9;27.36;9.3
5995;"CA-2017-135937";"2017-02-20";"2017-02-27";2706;1379;2;9;386.91;-185.72
5996;"CA-2017-135937";"2017-02-20";"2017-02-27";2706;375;2;2;68.7;16.32
5997;"CA-2017-135937";"2017-02-20";"2017-02-27";2706;1285;2;5;10.64;3.86
5998;"CA-2017-135937";"2017-02-20";"2017-02-27";2706;926;2;2;51.17;-6.4
5999;"CA-2017-135937";"2017-02-20";"2017-02-27";2706;1240;2;1;31.99;4.8
6000;"CA-2017-135937";"2017-02-20";"2017-02-27";2706;768;2;3;333.58;25.02
6001;"CA-2014-133543";"2014-12-22";"2014-12-26";2708;569;2;4;11.76;3.18
6002;"CA-2014-100678";"2014-04-18";"2014-04-22";2715;1312;2;3;227.98;28.5
6003;"CA-2014-100678";"2014-04-18";"2014-04-22";2715;512;2;3;149.35;50.41
6004;"CA-2014-100678";"2014-04-18";"2014-04-22";2715;499;2;3;317.06;-18.12
6005;"CA-2014-100678";"2014-04-18";"2014-04-22";2715;177;2;2;2.69;1.01
6006;"CA-2017-113908";"2017-06-03";"2017-06-09";2726;784;2;4;45.36;22.23
6007;"CA-2017-113908";"2017-06-03";"2017-06-09";2726;1724;2;6;78.66;36.18
6008;"CA-2017-113908";"2017-06-03";"2017-06-09";2726;707;2;2;384.77;-115.43
6009;"CA-2017-129581";"2017-12-11";"2017-12-18";2729;1586;2;3;128.85;3.87
6010;"CA-2014-107524";"2014-03-02";"2014-03-08";2735;172;2;5;36.4;17.47
6011;"CA-2014-107524";"2014-03-02";"2014-03-08";2735;284;2;2;11.36;5.34
6012;"CA-2015-105613";"2015-10-18";"2015-10-22";2738;1598;2;6;73.16;-186.57
6013;"CA-2015-105613";"2015-10-18";"2015-10-22";2738;1556;2;3;27.7;3.46
6014;"CA-2016-112060";"2016-12-04";"2016-12-09";2751;978;2;1;104.85;50.33
6015;"CA-2017-115805";"2017-07-31";"2017-07-31";2765;635;4;1;36.79;4.14
6016;"CA-2014-107811";"2014-04-29";"2014-05-03";2771;787;2;5;99.92;-1.25
6017;"CA-2014-107811";"2014-04-29";"2014-05-03";2771;595;2;2;561.58;70.2
6018;"US-2017-113992";"2017-12-14";"2017-12-19";2812;4;2;4;974.99;-97.5
6019;"CA-2014-129147";"2014-11-02";"2014-11-06";2826;97;2;3;19.24;-13.47
6020;"CA-2014-129147";"2014-11-02";"2014-11-06";2826;384;2;7;50.23;-10.05
6021;"CA-2014-129147";"2014-11-02";"2014-11-06";2826;1263;2;6;539.96;-107.99
6022;"CA-2016-118514";"2016-02-03";"2016-02-10";2827;965;2;4;866.4;225.26
6023;"CA-2017-137498";"2017-09-09";"2017-09-14";2828;1697;1;9;47.52;22.81
6024;"CA-2017-137498";"2017-09-09";"2017-09-14";2828;1235;1;5;243.92;-15.25
6025;"CA-2017-137498";"2017-09-09";"2017-09-14";2828;1098;1;2;6.56;1.9
6026;"CA-2016-152331";"2016-06-26";"2016-06-30";2837;260;2;3;5.3;0.46
6027;"CA-2014-124856";"2014-09-29";"2014-10-03";2838;1317;1;2;77.52;37.98
6028;"CA-2014-124856";"2014-09-29";"2014-10-03";2838;948;1;3;18.9;8.69
6029;"CA-2014-124856";"2014-09-29";"2014-10-03";2838;229;1;4;117.36;36.38
6030;"CA-2014-124856";"2014-09-29";"2014-10-03";2838;1537;1;9;1395.54;362.84
6031;"CA-2016-113733";"2016-12-08";"2016-12-12";2864;1672;2;3;16.56;-2.48
6032;"CA-2016-113733";"2016-12-08";"2016-12-12";2864;602;2;3;68.11;17.88
6033;"CA-2016-113733";"2016-12-08";"2016-12-12";2864;478;2;2;249.58;31.2
6034;"US-2016-131912";"2016-10-29";"2016-11-01";2875;895;1;1;11.74;3.82
6035;"CA-2016-105277";"2016-12-04";"2016-12-08";2889;496;2;3;15.53;5.82
6036;"CA-2017-141572";"2017-05-28";"2017-05-31";2892;1510;1;8;247.44;101.45
6037;"CA-2017-103506";"2017-07-23";"2017-07-27";2915;653;2;4;41.4;19.87
6038;"CA-2017-119011";"2017-08-20";"2017-08-25";2916;1299;2;3;107.88;10.79
6039;"CA-2017-119011";"2017-08-20";"2017-08-25";2916;154;2;6;226.56;63.44
6040;"CA-2017-119011";"2017-08-20";"2017-08-25";2916;1151;2;3;17.22;5.17
6041;"CA-2017-108000";"2017-01-12";"2017-01-16";2920;1033;2;1;9.78;4.89
6042;"US-2017-128832";"2017-04-24";"2017-04-27";2921;859;3;2;69.98;4.9
6043;"CA-2014-137092";"2014-10-20";"2014-10-22";2923;346;1;1;24.42;7.94
6044;"CA-2014-137092";"2014-10-20";"2014-10-22";2923;1123;1;1;8.68;-14.76
6045;"CA-2014-137092";"2014-10-20";"2014-10-22";2923;1767;1;1;3.81;1.24
6046;"CA-2014-137092";"2014-10-20";"2014-10-22";2923;1653;1;3;505.32;31.58
6047;"CA-2014-137092";"2014-10-20";"2014-10-22";2923;366;1;4;319.97;71.99
6048;"US-2014-109456";"2014-10-16";"2014-10-17";2941;404;4;3;179.97;86.39
6049;"US-2014-109456";"2014-10-16";"2014-10-17";2941;1106;4;3;14.35;5.02
6050;"CA-2014-124730";"2014-11-26";"2014-11-26";2942;695;4;4;11.52;5.64
6051;"CA-2014-124730";"2014-11-26";"2014-11-26";2942;653;4;9;93.15;44.71
6052;"CA-2014-124730";"2014-11-26";"2014-11-26";2942;800;4;4;17.09;5.77
6053;"CA-2014-124730";"2014-11-26";"2014-11-26";2942;182;4;3;12.91;4.68
6054;"CA-2014-124730";"2014-11-26";"2014-11-26";2942;391;4;4;279.96;78.39
6055;"CA-2016-152765";"2016-06-15";"2016-06-18";2945;1674;3;7;173.49;54.22
6056;"CA-2016-157364";"2016-11-19";"2016-11-21";2954;528;3;2;18.48;6.01
6057;"CA-2014-112837";"2014-09-11";"2014-09-16";2968;122;2;3;127.95;21.75
6058;"CA-2014-140732";"2014-11-11";"2014-11-13";2980;811;1;4;123.92;55.76
6059;"CA-2014-140732";"2014-11-11";"2014-11-13";2980;758;1;2;7.78;2.02
6060;"CA-2014-140732";"2014-11-11";"2014-11-13";2980;622;1;9;575.93;57.59
6061;"CA-2016-152247";"2016-11-07";"2016-11-12";2993;245;2;4;1603.14;100.2
6062;"CA-2015-145828";"2015-10-05";"2015-10-07";2997;373;3;3;53.04;-4.64
6063;"CA-2017-149944";"2017-11-12";"2017-11-16";3004;613;1;2;76.12;22.07
6064;"CA-2017-149944";"2017-11-12";"2017-11-16";3004;999;1;3;18.24;9.12
6065;"CA-2017-144498";"2017-05-06";"2017-05-06";3010;346;4;5;122.12;39.69
6066;"CA-2017-144498";"2017-05-06";"2017-05-06";3010;116;4;4;627.17;70.56
6067;"CA-2017-144498";"2017-05-06";"2017-05-06";3010;778;4;11;68.54;-52.55
6068;"CA-2016-146318";"2016-01-22";"2016-01-27";3017;540;2;2;12.96;6.22
6069;"CA-2015-161711";"2015-11-28";"2015-12-03";3021;1066;2;8;62.24;29.25
6070;"CA-2015-161711";"2015-11-28";"2015-12-03";3021;469;2;3;68.16;27.95
6071;"CA-2014-101147";"2014-12-02";"2014-12-04";3025;804;3;1;2.39;-6.34
6072;"CA-2014-103989";"2014-03-19";"2014-03-21";3038;1737;3;2;170.24;53.2
6073;"CA-2014-103989";"2014-03-19";"2014-03-21";3038;1663;3;3;20.02;5.5
6074;"CA-2014-103989";"2014-03-19";"2014-03-21";3038;760;3;3;4.99;1.37
6075;"CA-2014-103989";"2014-03-19";"2014-03-21";3038;1411;3;5;33.57;-25.74
6076;"CA-2014-103989";"2014-03-19";"2014-03-21";3038;963;3;3;26.16;1.96
6077;"CA-2014-103989";"2014-03-19";"2014-03-21";3038;1107;3;4;11.81;3.99
6078;"CA-2014-103989";"2014-03-19";"2014-03-21";3038;643;3;3;323.98;28.35
6079;"CA-2017-129910";"2017-03-30";"2017-04-03";3089;139;2;1;59.76;16.73
6080;"CA-2017-143756";"2017-12-02";"2017-12-05";3101;1087;3;2;701.96;168.47
6081;"CA-2017-148138";"2017-09-29";"2017-10-03";3105;926;2;2;51.17;-6.4
6082;"CA-2014-149594";"2014-09-15";"2014-09-19";3111;383;2;4;103.94;16.89
6083;"CA-2017-145660";"2017-12-01";"2017-12-03";3122;818;3;2;7.71;1.74
6084;"CA-2014-103744";"2014-02-23";"2014-02-27";3130;881;2;3;4.43;-6.86
6085;"CA-2014-103744";"2014-02-23";"2014-02-27";3130;759;2;3;6.94;2.34
6086;"CA-2015-134992";"2015-09-22";"2015-09-26";3132;1013;1;2;47.98;11.04
6087;"CA-2015-134992";"2015-09-22";"2015-09-26";3132;1111;1;5;32.4;15.55
6088;"CA-2017-115070";"2017-04-10";"2017-04-14";3147;1378;1;5;12.32;1.85
6089;"CA-2016-141523";"2016-12-19";"2016-12-24";3157;991;1;2;3.52;1.02
6090;"CA-2016-141523";"2016-12-19";"2016-12-24";3157;1385;1;3;34.25;11.56
6091;"CA-2014-133305";"2014-07-11";"2014-07-15";3158;1149;2;5;18.28;6.4
6092;"CA-2014-133305";"2014-07-11";"2014-07-15";3158;610;2;4;49.12;23.09
6093;"CA-2015-138954";"2015-11-15";"2015-11-17";3173;781;3;6;119.04;35.71
6094;"CA-2015-138954";"2015-11-15";"2015-11-17";3173;1245;3;6;34.94;11.79
6095;"CA-2015-138954";"2015-11-15";"2015-11-17";3173;65;3;3;70.95;20.58
6096;"CA-2017-161088";"2017-05-25";"2017-05-29";3187;651;2;2;29.84;13.43
6097;"CA-2015-101868";"2015-06-09";"2015-06-16";3191;1680;2;5;72.6;-8.17
6098;"CA-2015-101868";"2015-06-09";"2015-06-16";3191;1620;2;5;64.2;-42.8
6099;"CA-2016-132479";"2016-09-24";"2016-09-26";3201;21;3;7;442.37;-729.91
6100;"CA-2014-164742";"2014-10-13";"2014-10-18";3213;60;1;1;18.94;9.47
6101;"CA-2014-164742";"2014-10-13";"2014-10-18";3213;967;1;2;245.98;27.06
6102;"CA-2017-150602";"2017-02-09";"2017-02-14";3217;1238;1;4;21.12;6.55
6103;"CA-2017-121580";"2017-05-29";"2017-06-04";3222;43;2;1;7.98;3.99
6104;"CA-2017-121580";"2017-05-29";"2017-06-04";3222;1747;2;2;465.16;120.94
6105;"CA-2017-121580";"2017-05-29";"2017-06-04";3222;760;2;3;6.24;2.62
6106;"CA-2017-121580";"2017-05-29";"2017-06-04";3222;1123;2;1;43.41;19.97
6107;"CA-2014-101266";"2014-08-27";"2014-08-30";3241;437;1;2;13.36;6.41
6108;"CA-2016-122063";"2016-12-03";"2016-12-07";3246;1119;2;1;29.98;8.09
6109;"CA-2016-122063";"2016-12-03";"2016-12-07";3246;573;2;2;581.96;104.75
6110;"CA-2017-109099";"2017-10-06";"2017-10-11";3267;1310;2;1;40.99;20.09
6111;"CA-2014-123225";"2014-07-11";"2014-07-14";3269;1420;3;2;10.37;3.63
6112;"CA-2014-123225";"2014-07-11";"2014-07-14";3269;1130;3;4;575.97;43.2
6113;"US-2016-127334";"2016-12-15";"2016-12-21";3308;1115;2;2;87.17;8.72
6114;"US-2016-127334";"2016-12-15";"2016-12-21";3308;493;2;3;564.2;-304.67
6115;"CA-2015-108119";"2015-11-01";"2015-11-08";3328;691;2;2;301.96;45.29
6116;"CA-2016-169887";"2016-10-22";"2016-10-22";3329;1770;4;3;101.94;30.58
6117;"CA-2016-169887";"2016-10-22";"2016-10-22";3329;1599;4;3;8.34;2.25
6118;"CA-2016-169887";"2016-10-22";"2016-10-22";3329;905;4;1;6.68;3.21
6119;"CA-2014-148614";"2014-01-20";"2014-01-25";3365;14;2;2;19.3;5.79
6120;"CA-2014-148614";"2014-01-20";"2014-01-25";3365;866;2;2;19.36;9.29
6121;"CA-2015-132948";"2015-03-27";"2015-04-03";3366;1721;2;5;83.7;3.35
6122;"CA-2016-133319";"2016-09-05";"2016-09-11";3369;1461;2;4;192.16;92.24
6123;"CA-2014-134103";"2014-01-30";"2014-02-04";3374;296;2;2;229.94;6.9
6124;"CA-2014-134103";"2014-01-30";"2014-02-04";3374;638;2;2;10.56;4.75
6125;"CA-2016-123512";"2016-06-17";"2016-06-19";3377;1725;3;4;219.84;107.72
6126;"CA-2016-123512";"2016-06-17";"2016-06-19";3377;1248;3;6;22.5;10.8
6127;"CA-2016-123512";"2016-06-17";"2016-06-19";3377;1542;3;2;239.67;14.1
6128;"CA-2016-114895";"2016-11-21";"2016-11-28";3378;1625;2;2;12.96;6.35
6129;"CA-2014-103660";"2014-08-25";"2014-08-30";3381;1130;2;7;1007.94;75.6
6130;"CA-2017-107986";"2017-12-13";"2017-12-13";3387;413;4;3;31.44;8.49
6131;"CA-2017-107314";"2017-11-30";"2017-12-03";3411;1753;3;3;25.83;9.56
6132;"CA-2015-110289";"2015-10-29";"2015-11-02";3422;221;2;4;210.84;103.31
6133;"CA-2015-110289";"2015-10-29";"2015-11-02";3422;437;2;5;33.4;16.03
6134;"US-2015-113593";"2015-04-18";"2015-04-20";3436;1483;3;3;115.44;30.01
6135;"CA-2014-127614";"2014-02-11";"2014-02-15";3467;142;2;2;17.46;8.21
6136;"CA-2014-127614";"2014-02-11";"2014-02-15";3467;740;2;6;1256.22;75.37
6137;"CA-2014-127614";"2014-02-11";"2014-02-15";3467;424;2;3;234.45;103.16
6138;"CA-2016-113551";"2016-08-18";"2016-08-20";3469;1409;3;8;83.84;30.39
6139;"CA-2016-113551";"2016-08-18";"2016-08-20";3469;1228;3;1;2.07;-3.41
6140;"US-2015-139675";"2015-03-13";"2015-03-18";3480;619;1;8;327.76;91.77
6141;"US-2015-139675";"2015-03-13";"2015-03-18";3480;160;1;4;915.14;102.95
6142;"CA-2014-100762";"2014-11-24";"2014-11-29";3485;43;2;2;15.96;7.98
6143;"CA-2014-100762";"2014-11-24";"2014-11-29";3485;1461;2;3;144.12;69.18
6144;"CA-2014-100762";"2014-11-24";"2014-11-29";3485;590;2;2;196.62;96.34
6145;"CA-2014-100762";"2014-11-24";"2014-11-29";3485;136;2;4;151.92;45.58
6146;"CA-2017-120019";"2017-02-16";"2017-02-21";3487;1388;2;1;14.99;7.35
6147;"CA-2017-120019";"2017-02-16";"2017-02-21";3487;1645;2;3;579.51;81.13
6148;"CA-2017-162712";"2017-06-18";"2017-06-20";3505;924;1;3;74.35;23.24
6149;"CA-2015-125696";"2015-10-02";"2015-10-06";3541;1054;2;5;7.38;-5.41
6150;"CA-2017-140872";"2017-06-03";"2017-06-10";3555;1573;2;2;110.4;-4.14
6151;"CA-2017-140872";"2017-06-03";"2017-06-10";3555;111;2;2;241.57;0.0
6152;"CA-2017-140872";"2017-06-03";"2017-06-10";3555;1578;2;7;24.47;1.84
6153;"CA-2017-140872";"2017-06-03";"2017-06-10";3555;857;2;5;503.96;50.4
6154;"CA-2017-140872";"2017-06-03";"2017-06-10";3555;1121;2;3;15.55;5.44
6155;"CA-2017-140872";"2017-06-03";"2017-06-10";3555;495;2;1;205.99;-2.57
6156;"CA-2017-140872";"2017-06-03";"2017-06-10";3555;403;2;2;5.2;0.59
6157;"CA-2017-140872";"2017-06-03";"2017-06-10";3555;801;2;3;4.55;-3.49
6158;"CA-2016-162187";"2016-12-11";"2016-12-11";3567;1211;4;3;328.59;-147.87
6159;"CA-2016-162187";"2016-12-11";"2016-12-11";3567;715;4;4;387.14;24.2
6160;"CA-2016-162187";"2016-12-11";"2016-12-11";3567;1576;4;5;458.43;-137.53
6161;"CA-2016-162187";"2016-12-11";"2016-12-11";3567;1485;4;2;13.52;1.69
6162;"CA-2016-162187";"2016-12-11";"2016-12-11";3567;600;4;5;64.96;-4.06
6163;"US-2015-160857";"2015-05-08";"2015-05-15";3575;1357;2;3;19.44;9.33
6164;"US-2015-160857";"2015-05-08";"2015-05-15";3575;827;2;7;2799.94;1014.98
6165;"US-2015-160857";"2015-05-08";"2015-05-15";3575;423;2;2;127.76;21.29
6166;"US-2015-160857";"2015-05-08";"2015-05-15";3575;1474;2;3;357.93;7.16
6167;"US-2015-160857";"2015-05-08";"2015-05-15";3575;732;2;3;79.44;30.19
6168;"CA-2017-127656";"2017-07-11";"2017-07-17";3579;871;2;4;30.32;11.82
6169;"US-2014-106299";"2014-08-02";"2014-08-08";3580;875;2;2;838.38;226.36
6170;"US-2014-106299";"2014-08-02";"2014-08-08";3580;1634;2;2;21.2;9.12
6171;"US-2014-106299";"2014-08-02";"2014-08-08";3580;1104;2;5;26.7;12.55
6172;"CA-2017-154676";"2017-08-05";"2017-08-08";3587;1220;3;9;151.06;7.55
6173;"CA-2014-154095";"2014-12-02";"2014-12-07";3591;445;2;6;15.66;7.2
6174;"CA-2014-154095";"2014-12-02";"2014-12-07";3591;1119;2;8;239.84;64.76
6175;"CA-2014-154095";"2014-12-02";"2014-12-07";3591;1517;2;3;146.82;73.41
6176;"CA-2014-154095";"2014-12-02";"2014-12-07";3591;647;2;3;60.72;23.68
6177;"CA-2017-162173";"2017-10-26";"2017-11-01";3602;1075;2;7;251.58;113.21
6178;"CA-2017-162173";"2017-10-26";"2017-11-01";3602;597;2;5;356.85;60.66
6179;"CA-2015-146465";"2015-11-20";"2015-11-24";3609;417;2;9;24.19;7.56
6180;"CA-2016-159639";"2016-11-27";"2016-12-02";3628;1037;2;3;31.56;10.41
6181;"US-2017-162068";"2017-12-28";"2017-12-31";3629;982;1;2;1.19;-0.99
6182;"US-2014-163797";"2014-04-08";"2014-04-13";3630;1275;2;8;49.79;-11.83
6183;"US-2015-126977";"2015-09-17";"2015-09-23";3635;828;2;4;67.8;1.36
6184;"US-2015-126977";"2015-09-17";"2015-09-23";3635;117;2;2;110.96;53.26
6185;"US-2015-126977";"2015-09-17";"2015-09-23";3635;819;2;2;659.9;217.77
6186;"US-2015-126977";"2015-09-17";"2015-09-23";3635;391;2;3;209.97;58.79
6187;"US-2015-126977";"2015-09-17";"2015-09-23";3635;1372;2;5;2003.92;-25.05
6188;"US-2015-126977";"2015-09-17";"2015-09-23";3635;103;2;6;4228.7;158.58
6189;"US-2015-126977";"2015-09-17";"2015-09-23";3635;65;2;4;94.6;27.43
6190;"US-2015-126977";"2015-09-17";"2015-09-23";3635;933;2;2;199.76;8.88
6191;"US-2015-126977";"2015-09-17";"2015-09-23";3635;157;2;7;87.71;41.22
6192;"US-2015-126977";"2015-09-17";"2015-09-23";3635;25;2;5;14.9;1.04
6193;"US-2015-155369";"2015-04-19";"2015-04-25";3649;813;2;4;310.39;-512.15
6194;"US-2015-155369";"2015-04-19";"2015-04-25";3649;105;2;2;19.57;-52.83
6195;"US-2015-129553";"2015-07-27";"2015-08-02";3650;1095;2;3;29.97;0.3
6196;"CA-2016-151561";"2016-09-01";"2016-09-07";3654;234;2;3;191.82;61.38
6197;"CA-2016-151561";"2016-09-01";"2016-09-07";3654;576;2;3;10.95;3.29
6198;"CA-2016-151561";"2016-09-01";"2016-09-07";3654;1303;2;2;72.48;30.44
6199;"CA-2016-151561";"2016-09-01";"2016-09-07";3654;424;2;6;468.9;206.32
6200;"CA-2017-140186";"2017-09-29";"2017-10-02";3657;568;3;2;46.67;16.34
6201;"CA-2017-140186";"2017-09-29";"2017-10-02";3657;106;3;1;51.75;15.53
6202;"CA-2017-140186";"2017-09-29";"2017-10-02";3657;105;3;2;97.84;25.44
6203;"CA-2017-140186";"2017-09-29";"2017-10-02";3657;1145;3;1;72.78;0.0
6204;"CA-2017-140186";"2017-09-29";"2017-10-02";3657;608;3;7;35.0;16.8
6205;"CA-2017-148320";"2017-11-03";"2017-11-08";3668;1647;2;6;35.88;17.58
6206;"CA-2014-135993";"2014-05-28";"2014-06-02";3670;1672;2;4;27.6;2.21
6207;"CA-2014-135993";"2014-05-28";"2014-06-02";3670;384;2;6;57.41;5.74
6208;"CA-2017-105130";"2017-11-21";"2017-11-25";3677;1511;2;2;40.74;14.77
6209;"CA-2017-105130";"2017-11-21";"2017-11-25";3677;569;2;4;11.76;3.18
6210;"CA-2016-129126";"2016-12-14";"2016-12-19";3692;1759;2;2;23.12;7.8
6211;"CA-2016-129126";"2016-12-14";"2016-12-19";3692;333;2;1;17.15;4.63
6212;"CA-2016-129126";"2016-12-14";"2016-12-19";3692;138;2;6;21.48;10.53
6213;"CA-2016-129126";"2016-12-14";"2016-12-19";3692;1065;2;2;5.76;2.82
6214;"CA-2016-129126";"2016-12-14";"2016-12-19";3692;1232;2;2;14.62;6.73
6215;"CA-2016-118332";"2016-12-16";"2016-12-23";3693;870;2;5;563.92;7.05
6216;"CA-2014-168305";"2014-11-01";"2014-11-08";3699;1041;2;5;21.4;9.63
6217;"CA-2014-168305";"2014-11-01";"2014-11-08";3699;1714;2;3;44.4;22.2
6218;"CA-2015-141250";"2015-01-19";"2015-01-23";3705;1159;2;4;199.3;-8.54
6219;"CA-2015-141250";"2015-01-19";"2015-01-23";3705;1200;2;1;102.44;-13.17
6220;"CA-2016-149685";"2016-10-08";"2016-10-15";3708;1277;2;6;60.14;20.3
6221;"CA-2014-148782";"2014-11-02";"2014-11-07";3719;535;2;3;88.78;7.77
6222;"CA-2015-104486";"2015-05-01";"2015-05-06";3721;790;2;2;35.06;10.52
6223;"CA-2015-104486";"2015-05-01";"2015-05-06";3721;223;2;3;37.32;10.45
6224;"CA-2017-128328";"2017-08-05";"2017-08-09";3733;1714;2;9;133.2;66.6
6225;"CA-2017-128328";"2017-08-05";"2017-08-09";3733;531;2;2;79.78;29.52
6226;"CA-2017-128328";"2017-08-05";"2017-08-09";3733;266;2;6;125.88;60.42
6227;"CA-2015-121783";"2015-11-10";"2015-11-14";3737;11;2;3;29.22;12.86
6228;"CA-2015-121783";"2015-11-10";"2015-11-14";3737;244;2;3;74.76;34.39
6229;"CA-2015-121783";"2015-11-10";"2015-11-14";3737;1508;2;1;549.99;275.0
6230;"CA-2015-121783";"2015-11-10";"2015-11-14";3737;1360;2;3;795.51;143.19
6231;"CA-2015-121783";"2015-11-10";"2015-11-14";3737;677;2;2;715.64;178.91
6232;"CA-2014-126683";"2014-09-29";"2014-10-01";3752;1363;1;9;2348.82;399.3
6233;"CA-2014-126683";"2014-09-29";"2014-10-01";3752;159;1;2;6.16;2.96
6234;"CA-2015-130253";"2015-12-14";"2015-12-18";3755;1314;2;3;15.24;5.18
6235;"US-2015-110261";"2015-12-19";"2015-12-23";3762;1399;1;3;158.38;13.86
6236;"CA-2016-161158";"2016-05-09";"2016-05-13";3775;873;2;5;8.0;3.44
6237;"CA-2017-163818";"2017-10-04";"2017-10-08";3777;840;2;1;19.98;8.59
6238;"CA-2015-150441";"2015-08-13";"2015-08-17";3822;939;1;4;11.36;5.57
6239;"CA-2015-111780";"2015-12-25";"2015-12-30";3824;337;1;3;17.94;8.07
6240;"CA-2015-111780";"2015-12-25";"2015-12-30";3824;930;1;3;12.6;6.17
6241;"CA-2015-111780";"2015-12-25";"2015-12-30";3824;689;1;5;1199.96;224.99
6242;"US-2014-118997";"2014-04-08";"2014-04-12";3830;1776;2;8;1215.92;316.14
6243;"CA-2015-149909";"2015-11-13";"2015-11-17";3842;552;2;2;96.08;46.12
6244;"CA-2015-149909";"2015-11-13";"2015-11-17";3842;1421;2;3;50.97;13.25
6245;"CA-2015-149909";"2015-11-13";"2015-11-17";3842;1251;2;7;63.77;28.7
6246;"CA-2017-146346";"2017-06-17";"2017-06-20";3849;812;3;3;146.35;-32.93
6247;"CA-2017-146458";"2017-11-19";"2017-11-22";3865;1321;1;7;22.96;6.66
6248;"CA-2014-117765";"2014-09-07";"2014-09-13";3868;705;2;2;19.86;5.76
6249;"CA-2014-117765";"2014-09-07";"2014-09-13";3868;329;2;2;161.96;45.35
6250;"CA-2014-117765";"2014-09-07";"2014-09-13";3868;104;2;2;32.06;15.39
6251;"CA-2014-117765";"2014-09-07";"2014-09-13";3868;1379;2;5;429.9;111.77
6252;"CA-2016-103107";"2016-07-04";"2016-07-04";3872;1523;4;3;71.98;9.0
6253;"CA-2016-103107";"2016-07-04";"2016-07-04";3872;1108;4;3;177.48;19.97
6254;"CA-2016-103107";"2016-07-04";"2016-07-04";3872;257;4;5;25.4;8.64
6255;"US-2016-146066";"2016-08-21";"2016-08-23";3873;691;1;9;815.29;-339.71
6256;"CA-2017-104822";"2017-10-20";"2017-10-20";3876;1058;4;5;24.55;12.03
6257;"CA-2017-161578";"2017-12-16";"2017-12-21";3877;437;1;2;13.36;6.41
6258;"CA-2014-154837";"2014-08-23";"2014-08-27";3883;349;1;2;49.57;17.35
6259;"CA-2015-119550";"2015-12-26";"2015-12-31";3889;1771;2;3;275.06;-90.38
6260;"CA-2014-141299";"2014-06-03";"2014-06-07";3892;614;1;2;15.28;7.49
6261;"US-2017-116652";"2017-09-15";"2017-09-19";3918;417;2;1;2.69;0.84
6262;"US-2017-116652";"2017-09-15";"2017-09-19";3918;1115;2;2;108.96;30.51
6263;"US-2017-116652";"2017-09-15";"2017-09-19";3918;861;2;10;99.3;41.71
6264;"US-2017-116652";"2017-09-15";"2017-09-19";3918;1145;2;3;218.35;0.0
6265;"CA-2014-164315";"2014-04-02";"2014-04-08";3920;1446;2;5;154.9;40.27
6266;"CA-2014-164315";"2014-04-02";"2014-04-08";3920;1308;2;7;1049.93;293.98
6267;"CA-2014-164315";"2014-04-02";"2014-04-08";3920;1618;2;3;15.84;7.13
6268;"CA-2017-139437";"2017-07-03";"2017-07-08";3929;485;2;4;87.92;0.88
6269;"CA-2015-149650";"2015-10-24";"2015-10-27";3931;899;3;8;454.27;-73.82
6270;"CA-2016-161543";"2016-05-10";"2016-05-16";3939;1572;2;2;11.96;5.86
6271;"CA-2016-146157";"2016-11-21";"2016-11-26";3940;281;2;3;81.58;2.04
6272;"CA-2016-146157";"2016-11-21";"2016-11-26";3940;250;2;2;21.57;1.62
6273;"CA-2016-146157";"2016-11-21";"2016-11-26";3940;552;2;1;38.43;13.45
6274;"CA-2017-126550";"2017-03-29";"2017-04-02";3943;1501;1;5;81.4;21.16
6275;"CA-2015-163440";"2015-03-22";"2015-03-24";3956;204;3;2;15.98;1.2
6276;"CA-2016-154235";"2016-09-24";"2016-09-28";3959;122;2;3;127.95;21.75
6277;"CA-2014-141152";"2014-09-16";"2014-09-19";3973;655;3;1;33.55;12.58
6278;"CA-2014-124079";"2014-12-13";"2014-12-17";3975;249;2;2;5.21;-4.17
6279;"CA-2014-124079";"2014-12-13";"2014-12-17";3975;1116;2;3;87.96;7.7
6280;"CA-2015-111206";"2015-07-18";"2015-07-22";3982;1588;2;4;519.96;176.79
6281;"CA-2016-136686";"2016-12-12";"2016-12-16";3992;290;2;3;56.52;15.83
6282;"CA-2016-136686";"2016-12-12";"2016-12-16";3992;234;2;6;383.64;122.76
6283;"US-2017-169551";"2017-07-07";"2017-07-09";4019;819;3;2;527.92;85.79
6284;"US-2017-169551";"2017-07-07";"2017-07-09";4019;1676;3;3;16.78;4.82
6285;"US-2017-169551";"2017-07-07";"2017-07-09";4019;1492;3;3;13.39;1.0
6286;"US-2017-169551";"2017-07-07";"2017-07-09";4019;201;3;2;683.99;-114.0
6287;"US-2017-169551";"2017-07-07";"2017-07-09";4019;283;3;3;15.55;5.44
6288;"US-2017-169551";"2017-07-07";"2017-07-09";4019;634;3;3;87.21;-45.35
6289;"CA-2015-156328";"2015-11-30";"2015-12-05";4023;1108;2;3;177.48;19.97
6290;"US-2016-106600";"2016-04-08";"2016-04-11";4024;1400;3;5;354.9;88.73
6291;"CA-2015-115392";"2015-10-01";"2015-10-04";4029;1311;1;5;22.45;10.33
6292;"CA-2015-115392";"2015-10-01";"2015-10-04";4029;478;1;2;311.98;93.59
6293;"CA-2015-162607";"2015-05-12";"2015-05-18";4033;645;2;3;14.59;4.92
6294;"CA-2015-153752";"2015-12-06";"2015-12-11";4035;1084;1;6;173.94;50.44
6295;"CA-2014-155593";"2014-11-03";"2014-11-08";4046;1466;2;3;11.64;3.38
6296;"CA-2017-103352";"2017-11-27";"2017-11-30";4054;1411;1;6;107.42;36.26
6297;"CA-2017-103352";"2017-11-27";"2017-11-30";4054;955;1;3;6.99;2.03
6298;"CA-2017-102155";"2017-07-13";"2017-07-17";4070;1513;2;2;13.56;6.24
6299;"CA-2017-102155";"2017-07-13";"2017-07-17";4070;654;2;2;360.38;93.7
6300;"US-2014-117968";"2014-08-05";"2014-08-07";4071;504;1;5;1133.35;294.67
6301;"US-2014-117968";"2014-08-05";"2014-08-07";4071;1547;1;2;4.56;2.01
6302;"US-2014-117968";"2014-08-05";"2014-08-07";4071;1457;1;3;79.47;22.25
6303;"CA-2015-132815";"2015-09-19";"2015-09-22";4087;481;1;2;22.96;11.25
6304;"CA-2017-112431";"2017-10-12";"2017-10-14";4106;209;1;2;5.88;1.59
6305;"CA-2017-112431";"2017-10-12";"2017-10-14";4106;428;1;12;435.84;130.75
6306;"US-2017-147998";"2017-05-19";"2017-05-24";4115;1129;2;5;133.12;49.92
6307;"US-2014-161305";"2014-06-06";"2014-06-12";4117;802;2;2;13.98;4.72
6308;"CA-2015-146675";"2015-04-16";"2015-04-20";4121;1680;2;3;43.56;-4.9
6309;"CA-2015-146675";"2015-04-16";"2015-04-20";4121;885;2;4;1439.97;485.99
6310;"CA-2015-159779";"2015-09-25";"2015-09-29";4123;235;2;2;68.62;32.25
6311;"CA-2015-153794";"2015-09-11";"2015-09-16";4129;136;2;7;265.86;79.76
6312;"CA-2017-123022";"2017-09-03";"2017-09-08";4144;1312;2;3;284.97;85.49
6313;"CA-2017-123022";"2017-09-03";"2017-09-08";4144;713;2;5;82.56;28.9
6314;"CA-2017-144680";"2017-03-31";"2017-04-02";4166;646;3;5;33.62;-90.77
6315;"CA-2015-103835";"2015-09-24";"2015-09-28";4186;1304;2;4;1158.12;335.85
6316;"CA-2015-103835";"2015-09-24";"2015-09-28";4186;649;2;3;14.91;4.62
6317;"CA-2017-136000";"2017-09-22";"2017-09-25";4188;1606;1;3;40.18;14.56
6318;"CA-2016-143924";"2016-07-28";"2016-08-03";4198;630;2;2;109.92;53.86
6319;"CA-2016-143924";"2016-07-28";"2016-08-03";4198;679;2;7;20.44;9.2
6320;"CA-2016-155383";"2016-12-17";"2016-12-22";4200;379;2;3;46.53;13.03
6321;"US-2016-124163";"2016-09-25";"2016-09-30";4208;1170;2;11;68.64;17.16
6322;"US-2016-124163";"2016-09-25";"2016-09-30";4208;129;2;2;201.96;50.49
6323;"US-2016-124163";"2016-09-25";"2016-09-30";4208;1472;2;1;3.04;1.03
6324;"US-2016-124163";"2016-09-25";"2016-09-30";4208;511;2;5;499.95;174.98
6325;"CA-2015-142139";"2015-08-31";"2015-09-05";4241;1403;2;4;20.96;6.81
6326;"US-2017-141698";"2017-04-15";"2017-04-21";4243;1733;2;4;20.74;7.26
6327;"US-2014-107993";"2014-11-25";"2014-11-30";4247;1571;2;7;51.02;8.29
6328;"CA-2016-142405";"2016-06-11";"2016-06-15";4250;1588;2;3;389.97;132.59
6329;"CA-2016-142405";"2016-06-11";"2016-06-15";4250;270;2;14;53.98;17.54
6330;"CA-2016-142405";"2016-06-11";"2016-06-15";4250;669;2;2;14.62;6.87
6331;"CA-2014-169852";"2014-10-21";"2014-10-26";4272;175;2;3;36.36;12.27
6332;"US-2014-105151";"2014-03-30";"2014-03-31";4298;1687;3;5;10.5;2.94
6333;"US-2014-112991";"2014-12-10";"2014-12-14";4301;581;2;4;25.92;12.44
6334;"US-2014-112991";"2014-12-10";"2014-12-14";4301;870;2;3;338.35;4.23
6335;"CA-2017-127922";"2017-10-27";"2017-11-03";4312;638;2;2;8.45;2.64
6336;"CA-2017-127922";"2017-10-27";"2017-11-03";4312;1635;2;2;15.84;5.54
6337;"CA-2014-165764";"2014-11-03";"2014-11-07";4315;1595;2;3;410.35;-51.29
6338;"CA-2014-165764";"2014-11-03";"2014-11-07";4315;1480;2;7;14.3;-10.49
6339;"CA-2014-165764";"2014-11-03";"2014-11-07";4315;148;2;6;945.04;-299.26
6340;"CA-2014-165764";"2014-11-03";"2014-11-07";4315;600;2;2;25.98;-1.62
6341;"CA-2017-120719";"2017-03-23";"2017-03-26";4331;249;3;5;34.76;11.3
6342;"CA-2014-123316";"2014-10-13";"2014-10-17";4398;586;2;3;7.75;2.81
6343;"US-2016-128909";"2016-10-09";"2016-10-11";4402;335;1;4;332.83;-24.96
6344;"US-2016-128909";"2016-10-09";"2016-10-11";4402;1739;1;4;19.14;5.98
6345;"CA-2014-110065";"2014-08-05";"2014-08-11";4414;1547;2;7;15.96;7.02
6346;"CA-2014-110065";"2014-08-05";"2014-08-11";4414;1276;2;1;135.99;36.72
6347;"CA-2016-133802";"2016-03-14";"2016-03-20";4418;142;2;6;41.9;14.14
6348;"CA-2017-160017";"2017-09-28";"2017-10-02";4429;353;2;2;10.37;3.63
6349;"CA-2016-124590";"2016-11-12";"2016-11-16";4434;487;2;2;449.37;-12.84
6350;"CA-2016-124590";"2016-11-12";"2016-11-16";4434;2;2;9;1537.07;0.0
6351;"CA-2016-124590";"2016-11-12";"2016-11-16";4434;463;2;6;16.75;5.44
6352;"CA-2016-124590";"2016-11-12";"2016-11-16";4434;34;2;2;110.1;33.03
6353;"CA-2016-124590";"2016-11-12";"2016-11-16";4434;1249;2;7;1474.8;-21.07
6354;"CA-2015-150196";"2015-07-02";"2015-07-03";4446;1713;3;3;19.44;9.33
6355;"CA-2016-101168";"2016-12-25";"2017-01-01";4452;1238;2;4;21.12;6.55
6356;"CA-2017-145772";"2017-06-03";"2017-06-07";4454;821;2;1;3.91;1.27
6357;"CA-2017-145772";"2017-06-03";"2017-06-07";4454;1739;2;2;11.96;5.38
6358;"CA-2017-145772";"2017-06-03";"2017-06-07";4454;794;2;5;44.75;8.5
6359;"CA-2014-145800";"2014-05-30";"2014-06-05";4458;20;2;3;355.46;-184.84
6360;"CA-2017-159954";"2017-09-10";"2017-09-14";4462;1524;2;1;2.78;1.36
6361;"CA-2015-103135";"2015-07-24";"2015-07-28";4465;464;2;6;90.06;41.43
6362;"CA-2015-103135";"2015-07-24";"2015-07-28";4465;1272;2;14;279.86;64.37
6363;"CA-2015-103135";"2015-07-24";"2015-07-28";4465;464;2;9;135.09;62.14
6364;"CA-2015-103135";"2015-07-24";"2015-07-28";4465;7;2;3;20.94;6.07
6365;"CA-2016-166275";"2016-10-24";"2016-10-24";4472;584;4;1;199.99;86.0
6366;"US-2014-123519";"2014-12-14";"2014-12-21";4473;819;2;1;263.96;42.89
6367;"US-2014-123519";"2014-12-14";"2014-12-21";4473;1222;2;1;136.53;-52.34
6368;"US-2014-123519";"2014-12-14";"2014-12-21";4473;1098;2;1;2.62;0.3
6369;"CA-2015-154900";"2015-02-25";"2015-03-01";4474;783;2;1;3.15;1.51
6370;"CA-2015-134943";"2015-12-05";"2015-12-06";4485;682;3;5;152.8;76.4
6371;"CA-2017-157966";"2017-03-13";"2017-03-13";4489;1586;4;1;34.36;-7.3
6372;"CA-2017-157966";"2017-03-13";"2017-03-13";4489;279;4;3;15.55;5.64
6373;"CA-2017-157966";"2017-03-13";"2017-03-13";4489;557;4;2;959.98;335.99
6374;"CA-2017-157966";"2017-03-13";"2017-03-13";4489;1574;4;1;89.77;-2.56
6375;"CA-2017-157966";"2017-03-13";"2017-03-13";4489;1543;4;5;29.76;1.86
6376;"CA-2017-157966";"2017-03-13";"2017-03-13";4489;1778;4;2;209.99;9.0
6377;"CA-2017-157966";"2017-03-13";"2017-03-13";4489;1295;4;4;19.46;2.19
6378;"CA-2017-100111";"2017-09-20";"2017-09-26";4501;38;2;3;59.97;20.39
6379;"CA-2017-100111";"2017-09-20";"2017-09-26";4501;231;2;3;104.85;28.31
6380;"CA-2017-100111";"2017-09-20";"2017-09-26";4501;245;2;5;2254.41;375.74
6381;"CA-2017-100111";"2017-09-20";"2017-09-26";4501;1126;2;2;1299.66;350.91
6382;"CA-2017-100111";"2017-09-20";"2017-09-26";4501;439;2;11;2888.13;609.72
6383;"CA-2017-100111";"2017-09-20";"2017-09-26";4501;165;2;2;4.36;1.79
6384;"CA-2017-100111";"2017-09-20";"2017-09-26";4501;161;2;1;80.99;8.1
6385;"CA-2017-100111";"2017-09-20";"2017-09-26";4501;650;2;2;13.76;6.33
6386;"CA-2017-100111";"2017-09-20";"2017-09-26";4501;13;2;4;45.4;12.71
6387;"CA-2017-100111";"2017-09-20";"2017-09-26";4501;428;2;2;72.64;21.79
6388;"CA-2017-100111";"2017-09-20";"2017-09-26";4501;1737;2;2;212.8;95.76
6389;"CA-2017-100111";"2017-09-20";"2017-09-26";4501;1021;2;3;272.65;18.18
6390;"CA-2014-169257";"2014-06-06";"2014-06-12";4504;1456;2;2;62.02;22.48
6391;"CA-2014-169257";"2014-06-06";"2014-06-12";4504;217;2;1;1.37;-0.91
6392;"CA-2016-148852";"2016-05-26";"2016-05-31";4509;1305;2;3;371.98;116.24
6393;"CA-2016-148852";"2016-05-26";"2016-05-31";4509;488;2;6;484.7;-84.82
6394;"CA-2016-148852";"2016-05-26";"2016-05-31";4509;894;2;4;211.17;23.76
6395;"CA-2016-148852";"2016-05-26";"2016-05-31";4509;704;2;7;45.36;21.77
6396;"CA-2016-148852";"2016-05-26";"2016-05-31";4509;474;2;3;5.94;0.0
6397;"CA-2017-151176";"2017-02-13";"2017-02-20";4510;1763;2;3;10.71;2.78
6398;"CA-2017-151176";"2017-02-13";"2017-02-20";4510;845;2;3;25.02;6.51
6399;"CA-2015-146290";"2015-05-04";"2015-05-11";4511;544;2;7;125.93;35.26
6400;"CA-2016-133669";"2016-10-21";"2016-10-27";4517;1673;2;8;235.15;-47.03
6401;"CA-2017-116953";"2017-04-24";"2017-04-25";4518;543;3;10;552.0;34.5
6402;"CA-2015-100657";"2015-11-02";"2015-11-07";4524;1340;2;2;109.76;8.54
6403;"CA-2014-163447";"2014-12-27";"2014-12-31";4571;490;2;14;767.21;161.97
6404;"US-2016-112970";"2016-11-14";"2016-11-15";4580;1098;3;3;9.84;2.85
6405;"US-2017-104661";"2017-01-15";"2017-01-18";4581;97;3;1;4.28;-6.63
6406;"US-2017-104661";"2017-01-15";"2017-01-18";4581;1534;3;8;62.59;13.3
6407;"US-2017-104661";"2017-01-15";"2017-01-18";4581;212;3;2;47.98;14.4
6408;"US-2016-155180";"2016-01-22";"2016-01-29";4585;1427;2;4;26.34;9.22
6409;"CA-2016-117919";"2016-08-27";"2016-08-29";4589;1654;1;5;79.92;27.97
6410;"CA-2016-117919";"2016-08-27";"2016-08-29";4589;1706;1;1;14.16;1.06
6411;"CA-2014-145541";"2014-12-14";"2014-12-21";4596;1613;2;4;6999.96;2239.99
6412;"CA-2016-117912";"2016-02-04";"2016-02-08";4606;1009;2;2;14.37;3.95
6413;"US-2014-165589";"2014-02-18";"2014-02-18";4609;1533;4;5;25.16;-11.32
6414;"CA-2016-127236";"2016-03-29";"2016-04-02";4611;1169;2;4;158.38;-36.95
6415;"CA-2016-127236";"2016-03-29";"2016-04-02";4611;332;2;5;299.98;-167.99
6416;"CA-2017-104010";"2017-04-23";"2017-04-25";4654;206;3;5;54.9;15.37
6417;"CA-2015-141012";"2015-06-09";"2015-06-11";4666;1702;1;3;140.38;8.77
6418;"CA-2015-141012";"2015-06-09";"2015-06-11";4666;1756;1;4;355.36;92.39
6419;"US-2014-134187";"2014-11-04";"2014-11-11";4678;209;2;1;2.94;0.79
6420;"CA-2016-117408";"2016-08-31";"2016-09-06";4714;791;2;2;23.97;2.4
6421;"US-2017-107384";"2017-12-04";"2017-12-08";4718;1600;2;5;399.95;143.98
6422;"US-2017-107384";"2017-12-04";"2017-12-08";4718;1749;2;1;142.8;29.99
6423;"US-2017-107384";"2017-12-04";"2017-12-08";4718;777;2;5;8.8;2.55
6424;"CA-2016-103919";"2016-10-03";"2016-10-07";4726;441;2;5;38.08;-29.51
6425;"CA-2016-163328";"2016-11-04";"2016-11-06";4727;532;1;1;15.18;5.31
6426;"CA-2016-163328";"2016-11-04";"2016-11-06";4727;590;1;8;629.18;228.08
6427;"CA-2016-163328";"2016-11-04";"2016-11-06";4727;1615;1;3;650.35;-97.55
6428;"CA-2016-163328";"2016-11-04";"2016-11-06";4727;1654;1;3;47.95;16.78
6429;"CA-2016-163328";"2016-11-04";"2016-11-06";4727;1576;1;1;104.78;-14.41
6430;"CA-2016-163328";"2016-11-04";"2016-11-06";4727;1589;1;7;17.58;-4.18
6431;"CA-2017-143112";"2017-10-05";"2017-10-09";4758;1629;2;4;5199.96;1351.99
6432;"CA-2017-143112";"2017-10-05";"2017-10-09";4758;967;2;2;221.38;2.46
6433;"CA-2017-143112";"2017-10-05";"2017-10-09";4758;1291;2;4;87.8;43.9
6434;"CA-2014-155796";"2014-11-11";"2014-11-15";4761;127;1;4;521.96;-250.54
6435;"CA-2014-155796";"2014-11-11";"2014-11-15";4761;1528;1;2;23.97;7.79
6436;"CA-2015-153878";"2015-04-25";"2015-04-30";4779;1115;2;5;272.4;76.27
6437;"CA-2015-153878";"2015-04-25";"2015-04-30";4779;681;2;5;57.75;16.17
6438;"CA-2015-119942";"2015-04-05";"2015-04-07";4786;529;3;6;23.9;7.77
6439;"CA-2016-146766";"2016-11-04";"2016-11-04";4795;433;4;4;192.8;55.91
6440;"US-2017-119816";"2017-03-04";"2017-03-06";4804;963;1;1;8.72;0.65
6441;"US-2017-119816";"2017-03-04";"2017-03-06";4804;968;1;1;2.46;0.86
6442;"US-2017-119816";"2017-03-04";"2017-03-06";4804;106;1;5;103.5;-77.63
6443;"CA-2015-135510";"2015-09-05";"2015-09-12";4809;1772;2;4;67.96;12.23
6444;"CA-2014-113880";"2014-03-01";"2014-03-05";4831;1693;2;3;17.47;5.68
6445;"CA-2014-113880";"2014-03-01";"2014-03-05";4831;37;2;6;634.12;-172.12
6446;"CA-2016-151092";"2016-08-06";"2016-08-13";4836;411;2;4;211.17;18.48
6447;"CA-2014-103191";"2014-09-22";"2014-09-27";4840;1074;2;3;331.54;-82.88
6448;"CA-2014-165806";"2014-04-07";"2014-04-07";4845;911;4;3;200.97;50.24
6449;"CA-2014-165806";"2014-04-07";"2014-04-07";4845;460;4;9;58.32;27.99
6450;"CA-2017-105333";"2017-11-30";"2017-12-04";4859;211;2;3;269.49;5.39
6451;"CA-2017-105333";"2017-11-30";"2017-12-04";4859;1700;2;3;546.06;163.82
6452;"CA-2017-105333";"2017-11-30";"2017-12-04";4859;1698;2;4;83.56;1.67
6453;"CA-2014-130449";"2014-09-06";"2014-09-09";4860;330;3;8;58.48;27.49
6454;"CA-2014-130449";"2014-09-06";"2014-09-09";4860;7;3;6;41.88;12.15
6455;"CA-2014-151897";"2014-06-06";"2014-06-10";4870;527;2;10;100.24;33.83
6456;"CA-2015-151624";"2015-09-08";"2015-09-14";4876;1475;2;8;21.36;8.12
6457;"CA-2016-125080";"2016-10-21";"2016-10-26";4877;1416;2;2;661.18;-231.41
6458;"CA-2016-121748";"2016-10-24";"2016-10-28";4878;1208;1;2;359.98;21.6
6459;"CA-2016-121748";"2016-10-24";"2016-10-28";4878;868;1;4;100.0;21.0
6460;"CA-2017-128265";"2017-11-17";"2017-11-22";4879;85;1;3;1247.64;349.34
6461;"CA-2014-120852";"2014-12-20";"2014-12-25";4883;1177;2;5;65.44;-8.18
6462;"CA-2014-120852";"2014-12-20";"2014-12-25";4883;258;2;2;19.43;-49.55
6463;"US-2015-156496";"2015-08-10";"2015-08-16";4884;354;2;4;133.47;15.02
6464;"US-2015-156496";"2015-08-10";"2015-08-16";4884;855;2;7;139.94;-31.49
6465;"US-2015-156496";"2015-08-10";"2015-08-16";4884;979;2;4;438.37;38.36
6466;"CA-2014-167927";"2014-01-20";"2014-01-26";4892;1520;2;5;29.7;13.37
6467;"CA-2014-167927";"2014-01-20";"2014-01-26";4892;772;2;3;14.73;4.86
6468;"CA-2014-167927";"2014-01-20";"2014-01-26";4892;851;2;3;43.92;12.74
6469;"CA-2014-167927";"2014-01-20";"2014-01-26";4892;1498;2;2;66.58;15.98
6470;"CA-2014-167927";"2014-01-20";"2014-01-26";4892;34;2;4;247.72;93.58
6471;"CA-2014-167927";"2014-01-20";"2014-01-26";4892;365;2;3;272.94;30.02
6472;"CA-2014-167927";"2014-01-20";"2014-01-26";4892;5;2;1;13.98;4.05
6473;"CA-2015-155586";"2015-12-12";"2015-12-16";4895;1251;1;4;36.44;16.4
6474;"CA-2015-155586";"2015-12-12";"2015-12-16";4895;878;1;4;15.52;7.45
6475;"CA-2015-155586";"2015-12-12";"2015-12-16";4895;260;1;1;2.21;0.6
6476;"CA-2017-160724";"2017-05-05";"2017-05-10";4911;742;2;3;34.5;15.53
6477;"CA-2017-119809";"2017-08-18";"2017-08-25";4913;30;2;7;1000.02;290.01
6478;"CA-2017-119809";"2017-08-18";"2017-08-25";4913;813;2;9;2793.53;942.82
6479;"CA-2014-126802";"2014-12-29";"2015-01-05";4916;1316;2;3;38.98;-50.67
6480;"CA-2016-167682";"2016-04-03";"2016-04-09";4928;1469;2;4;259.96;124.78
6481;"CA-2016-167682";"2016-04-03";"2016-04-09";4928;55;2;4;71.12;22.05
6482;"CA-2014-138100";"2014-09-15";"2014-09-20";2;748;2;2;14.56;6.26
6483;"CA-2014-138100";"2014-09-15";"2014-09-20";2;964;2;3;14.94;7.02
6484;"CA-2017-100230";"2017-12-11";"2017-12-15";14;1702;2;2;116.98;29.25
6485;"CA-2017-100230";"2017-12-11";"2017-12-15";14;1290;2;3;17.94;8.07
6486;"CA-2017-100230";"2017-12-11";"2017-12-15";14;226;2;1;14.95;5.05
6487;"CA-2016-114601";"2016-08-26";"2016-09-02";17;633;2;3;8.64;2.51
6488;"CA-2016-114601";"2016-08-26";"2016-09-02";17;678;2;3;479.97;163.19
6489;"CA-2016-114601";"2016-08-26";"2016-09-02";17;990;2;4;447.84;98.52
6490;"CA-2016-114601";"2016-08-26";"2016-09-02";17;391;2;3;209.97;58.79
6491;"CA-2016-114601";"2016-08-26";"2016-09-02";17;981;2;2;11.56;5.66
6492;"CA-2017-157196";"2017-11-05";"2017-11-09";24;747;2;2;12.96;6.22
6493;"CA-2017-153822";"2017-09-19";"2017-09-25";42;175;2;4;18.18;-13.94
6494;"CA-2017-153822";"2017-09-19";"2017-09-25";42;1350;2;2;471.92;29.5
6495;"CA-2017-153822";"2017-09-19";"2017-09-25";42;458;2;2;89.58;4.48
6496;"CA-2017-153822";"2017-09-19";"2017-09-25";42;1431;2;2;12.62;-2.52
6497;"CA-2015-158323";"2015-11-30";"2015-12-03";68;1531;3;2;17.09;1.07
6498;"CA-2015-100734";"2015-09-15";"2015-09-20";80;446;2;2;147.18;-29.44
6499;"CA-2015-100734";"2015-09-15";"2015-09-20";80;110;2;4;3.58;-2.86
6500;"CA-2014-114181";"2014-05-10";"2014-05-14";103;935;1;5;22.32;5.3
6501;"CA-2014-114181";"2014-05-10";"2014-05-14";103;862;1;7;349.97;-216.98
6502;"CA-2014-103058";"2014-07-23";"2014-07-24";108;1161;3;2;99.98;8.0
6503;"CA-2016-105732";"2016-09-13";"2016-09-18";110;1095;2;3;29.97;0.3
6504;"CA-2016-105732";"2016-09-13";"2016-09-18";110;119;2;14;1336.44;387.57
6505;"CA-2016-105732";"2016-09-13";"2016-09-18";110;984;2;6;373.08;100.73
6506;"CA-2016-105732";"2016-09-13";"2016-09-18";110;1112;2;2;378.0;136.08
6507;"CA-2016-105732";"2016-09-13";"2016-09-18";110;571;2;3;17.61;8.45
6508;"CA-2016-105732";"2016-09-13";"2016-09-18";110;1485;2;2;16.9;5.07
6509;"CA-2016-105732";"2016-09-13";"2016-09-18";110;1278;2;5;149.95;41.99
6510;"CA-2016-105732";"2016-09-13";"2016-09-18";110;1302;2;5;14.4;7.06
6511;"CA-2016-105732";"2016-09-13";"2016-09-18";110;757;2;3;40.74;0.41
6512;"CA-2015-166800";"2015-11-19";"2015-11-26";113;771;2;4;31.08;8.39
6513;"CA-2017-108287";"2017-12-18";"2017-12-20";118;777;3;9;12.67;1.43
6514;"CA-2017-142909";"2017-12-22";"2017-12-25";120;1211;1;2;182.55;-135.09
6515;"CA-2014-158281";"2014-09-02";"2014-09-07";135;1370;2;3;559.71;-121.27
6516;"CA-2016-133368";"2016-01-14";"2016-01-20";139;1800;2;8;315.78;31.58
6517;"CA-2016-133368";"2016-01-14";"2016-01-20";139;1439;2;2;89.57;32.47
6518;"CA-2014-122070";"2014-04-22";"2014-04-24";158;989;1;3;9.91;3.35
6519;"CA-2014-122070";"2014-04-22";"2014-04-24";158;1267;1;8;247.84;121.44
6520;"CA-2015-161795";"2015-12-21";"2015-12-23";166;764;1;2;3.01;0.34
6521;"CA-2017-112004";"2017-09-25";"2017-09-28";172;1474;3;2;190.9;-42.95
6522;"CA-2017-112004";"2017-09-25";"2017-09-28";172;1410;3;5;8.6;-6.3
6523;"CA-2017-107958";"2017-07-02";"2017-07-05";179;1270;3;4;5.23;-8.11
6524;"CA-2017-107958";"2017-07-02";"2017-07-05";179;248;3;5;163.96;59.44
6525;"CA-2015-139780";"2015-12-31";"2016-01-02";208;1028;1;8;116.4;52.38
6526;"CA-2016-138282";"2016-05-19";"2016-05-23";209;1628;2;8;87.84;23.72
6527;"CA-2014-102330";"2014-12-29";"2015-01-03";217;1465;2;4;319.97;36.0
6528;"CA-2014-102330";"2014-12-29";"2015-01-03";217;184;2;6;88.8;44.4
6529;"CA-2016-123946";"2016-09-12";"2016-09-17";235;1785;2;4;1059.12;307.14
6530;"CA-2016-123946";"2016-09-12";"2016-09-17";235;757;2;5;67.9;0.68
6531;"CA-2016-123946";"2016-09-12";"2016-09-17";235;1244;2;3;11.34;5.22
6532;"CA-2016-123946";"2016-09-12";"2016-09-17";235;1672;2;3;20.7;1.66
6533;"CA-2017-143021";"2017-11-19";"2017-11-19";269;1365;4;3;79.97;-29.32
6534;"CA-2017-143021";"2017-11-19";"2017-11-19";269;1078;4;7;58.41;18.25
6535;"CA-2014-124737";"2014-08-23";"2014-08-27";270;752;2;9;223.06;69.71
6536;"CA-2014-124737";"2014-08-23";"2014-08-27";270;581;2;6;31.1;10.89
6537;"CA-2014-124737";"2014-08-23";"2014-08-27";270;155;2;9;143.64;10.77
6538;"CA-2014-124737";"2014-08-23";"2014-08-27";270;215;2;3;4.22;1.27
6539;"CA-2014-124737";"2014-08-23";"2014-08-27";270;1729;2;1;6.8;0.51
6540;"CA-2014-124737";"2014-08-23";"2014-08-27";270;1793;2;3;15.55;5.44
6541;"US-2014-115189";"2014-12-30";"2015-01-03";280;573;1;3;523.76;-192.05
6542;"US-2014-115189";"2014-12-30";"2015-01-03";280;391;1;6;251.96;-50.39
6543;"CA-2015-139374";"2015-09-10";"2015-09-14";281;1099;2;1;179.89;-2.57
6544;"CA-2017-149468";"2017-05-20";"2017-05-20";286;713;4;2;41.28;19.81
6545;"US-2015-136987";"2015-04-11";"2015-04-14";295;969;1;2;52.76;24.27
6546;"US-2015-136987";"2015-04-11";"2015-04-14";295;1668;1;4;639.97;215.99
6547;"CA-2016-157588";"2016-07-14";"2016-07-19";300;106;2;1;51.75;15.53
6548;"CA-2016-157588";"2016-07-14";"2016-07-19";300;1245;2;5;36.4;17.11
6549;"CA-2017-118724";"2017-07-21";"2017-07-25";307;1077;1;9;1626.19;121.96
6550;"CA-2017-118724";"2017-07-21";"2017-07-25";307;1450;1;2;3.52;1.69
6551;"CA-2016-114209";"2016-05-21";"2016-05-26";338;550;2;9;82.66;31.0
6552;"CA-2015-123113";"2015-11-23";"2015-11-27";359;798;1;3;17.94;4.49
6553;"CA-2015-123113";"2015-11-23";"2015-11-27";359;1754;1;8;2625.12;735.03
6554;"CA-2017-103443";"2017-12-17";"2017-12-23";366;1515;2;2;124.36;27.36
6555;"CA-2017-103443";"2017-12-17";"2017-12-23";366;1228;2;3;24.82;8.38
6556;"CA-2017-103443";"2017-12-17";"2017-12-23";366;40;2;2;166.72;41.68
6557;"CA-2015-144519";"2015-11-13";"2015-11-17";372;541;2;7;63.98;21.75
6558;"CA-2015-144519";"2015-11-13";"2015-11-17";372;1247;2;5;339.96;42.5
6559;"CA-2016-169838";"2016-11-25";"2016-11-29";396;1807;2;8;160.0;62.4
6560;"CA-2016-169838";"2016-11-25";"2016-11-29";396;287;2;1;17.3;8.3
6561;"CA-2016-169838";"2016-11-25";"2016-11-29";396;470;2;9;1568.61;329.41
6562;"US-2017-118941";"2017-08-12";"2017-08-12";398;81;4;5;219.9;59.37
6563;"US-2017-118941";"2017-08-12";"2017-08-12";398;89;4;5;1779.9;373.78
6564;"US-2017-118941";"2017-08-12";"2017-08-12";398;611;4;3;17.52;5.26
6565;"CA-2017-158561";"2017-11-11";"2017-11-16";400;1304;1;5;1158.12;130.29
6566;"CA-2014-147543";"2014-07-06";"2014-07-12";402;1052;2;2;478.48;47.85
6567;"US-2016-134369";"2016-09-16";"2016-09-22";408;1462;2;2;12.96;6.35
6568;"CA-2015-120677";"2015-05-31";"2015-06-04";411;1184;2;8;2567.84;770.35
6569;"CA-2015-121699";"2015-08-10";"2015-08-14";412;1000;2;5;64.75;29.14
6570;"CA-2016-105746";"2016-12-30";"2017-01-01";435;2;3;1;170.79;0.0
6571;"CA-2015-116260";"2015-07-06";"2015-07-12";478;661;2;4;11.12;2.89
6572;"CA-2014-141355";"2014-09-25";"2014-09-30";481;1571;2;2;14.58;2.37
6573;"CA-2014-165568";"2014-02-15";"2014-02-19";485;800;2;5;21.36;7.21
6574;"CA-2014-167724";"2014-04-13";"2014-04-18";495;1779;2;3;7.83;3.6
6575;"CA-2015-145835";"2015-05-13";"2015-05-18";498;608;1;4;16.0;5.6
6576;"CA-2015-145835";"2015-05-13";"2015-05-18";498;768;1;2;222.38;16.68
6577;"CA-2016-162348";"2016-11-10";"2016-11-15";503;1557;2;1;9.98;2.79
6578;"CA-2017-151799";"2017-12-14";"2017-12-18";505;493;2;2;526.58;-52.66
6579;"CA-2017-151799";"2017-12-14";"2017-12-18";505;1563;2;6;17.28;8.12
6580;"CA-2017-151799";"2017-12-14";"2017-12-18";505;1413;2;3;25.71;6.68
6581;"CA-2017-151799";"2017-12-14";"2017-12-18";505;70;2;1;73.85;2.22
6582;"CA-2017-151799";"2017-12-14";"2017-12-18";505;776;2;2;1199.98;467.99
6583;"CA-2014-155390";"2014-12-06";"2014-12-11";514;1142;2;2;42.21;13.72
6584;"CA-2017-165715";"2017-12-02";"2017-12-08";520;847;2;1;32.78;2.46
6585;"CA-2015-108588";"2015-01-05";"2015-01-10";522;1427;2;2;13.17;4.61
6586;"CA-2015-108588";"2015-01-05";"2015-01-10";522;802;2;2;17.48;8.22
6587;"CA-2015-108588";"2015-01-05";"2015-01-10";522;1260;2;3;59.52;15.48
6588;"US-2015-130491";"2015-02-08";"2015-02-11";535;193;3;2;5.76;1.73
6589;"US-2015-130491";"2015-02-08";"2015-02-11";535;444;3;1;5.81;1.8
6590;"US-2015-130491";"2015-02-08";"2015-02-11";535;1532;3;2;9.54;4.29
6591;"CA-2017-151183";"2017-10-14";"2017-10-19";546;315;2;4;46.36;15.3
6592;"CA-2017-121706";"2017-02-26";"2017-03-02";550;267;2;7;356.79;99.9
6593;"CA-2016-142615";"2016-11-20";"2016-11-24";553;1741;2;2;27.88;3.9
6594;"CA-2017-165155";"2017-09-21";"2017-09-23";556;1332;3;1;15.51;3.88
6595;"CA-2016-105473";"2016-04-16";"2016-04-18";573;1287;1;3;28.8;0.86
6596;"US-2017-149006";"2017-12-06";"2017-12-08";580;525;1;1;10.68;2.88
6597;"CA-2015-136658";"2015-09-10";"2015-09-17";591;1472;2;2;6.08;2.07
6598;"CA-2016-108364";"2016-12-19";"2016-12-24";594;735;2;5;1.8;-2.88
6599;"CA-2014-137911";"2014-10-09";"2014-10-15";598;117;2;2;88.77;31.07
6600;"CA-2014-146990";"2014-11-07";"2014-11-08";599;1545;3;3;30.18;13.88
6601;"CA-2014-146990";"2014-11-07";"2014-11-08";599;907;3;4;5.92;2.84
6602;"CA-2015-148180";"2015-07-26";"2015-07-31";601;1015;2;5;99.2;25.79
6603;"CA-2015-148180";"2015-07-26";"2015-07-31";601;567;2;6;23.14;8.39
6604;"CA-2017-161851";"2017-04-15";"2017-04-17";604;1172;3;3;15.57;-11.94
6605;"CA-2017-137365";"2017-11-30";"2017-12-03";606;109;1;3;95.98;-10.8
6606;"CA-2015-158491";"2015-06-04";"2015-06-09";608;1752;1;3;989.97;395.99
6607;"CA-2015-158491";"2015-06-04";"2015-06-09";608;1564;1;2;119.98;35.99
6608;"CA-2016-154767";"2016-06-28";"2016-06-30";609;34;1;4;275.24;121.11
6609;"CA-2016-154767";"2016-06-28";"2016-06-30";609;1438;1;2;7.96;3.74
6610;"CA-2016-154767";"2016-06-28";"2016-06-30";609;686;1;2;61.96;27.88
6611;"CA-2016-154767";"2016-06-28";"2016-06-30";609;1301;1;2;8.74;2.27
6612;"CA-2016-154767";"2016-06-28";"2016-06-30";609;1340;1;2;121.96;20.73
6613;"CA-2014-101462";"2014-04-20";"2014-04-25";622;1528;2;4;59.92;27.56
6614;"CA-2017-154760";"2017-01-09";"2017-01-13";631;320;2;3;274.49;-228.74
6615;"CA-2016-149965";"2016-06-20";"2016-06-25";638;1383;2;3;57.69;23.65
6616;"CA-2016-149965";"2016-06-20";"2016-06-25";638;1672;2;1;6.9;0.55
6617;"US-2017-112347";"2017-12-02";"2017-12-06";643;504;2;5;906.68;68.0
6618;"US-2017-112347";"2017-12-02";"2017-12-06";643;1339;2;6;57.36;-14.34
6619;"US-2017-112347";"2017-12-02";"2017-12-06";643;1652;2;2;49.62;4.96
6620;"US-2017-112347";"2017-12-02";"2017-12-06";643;1642;2;8;242.35;-363.53
6621;"US-2017-112347";"2017-12-02";"2017-12-06";643;908;2;8;36.62;-24.42
6622;"US-2017-112347";"2017-12-02";"2017-12-06";643;30;2;1;114.29;12.86
6623;"CA-2016-101791";"2016-05-27";"2016-05-31";652;654;2;9;1297.37;97.3
6624;"CA-2016-101791";"2016-05-27";"2016-05-31";652;852;2;2;5.58;-1.68
6625;"CA-2016-101791";"2016-05-27";"2016-05-31";652;1189;2;3;25.18;-33.36
6626;"CA-2017-135069";"2017-04-10";"2017-04-14";657;1598;2;4;195.1;21.95
6627;"CA-2014-107769";"2014-10-28";"2014-11-01";667;1152;2;2;257.98;74.81
6628;"US-2016-163461";"2016-06-18";"2016-06-21";676;1665;3;2;76.86;26.9
6629;"CA-2016-123358";"2016-04-10";"2016-04-17";687;464;2;4;48.03;15.61
6630;"CA-2016-123358";"2016-04-10";"2016-04-17";687;1721;2;9;150.66;6.03
6631;"CA-2016-123358";"2016-04-10";"2016-04-17";687;1645;2;3;579.51;81.13
6632;"CA-2016-123358";"2016-04-10";"2016-04-17";687;1396;2;3;113.76;44.37
6633;"CA-2015-156734";"2015-06-18";"2015-06-20";692;457;3;4;20.74;7.26
6634;"CA-2015-156734";"2015-06-18";"2015-06-20";692;50;3;4;643.14;56.27
6635;"CA-2015-156734";"2015-06-18";"2015-06-20";692;1480;3;3;6.13;-4.49
6636;"CA-2015-161452";"2015-04-05";"2015-04-11";712;769;2;3;892.22;89.22
6637;"CA-2016-113656";"2016-01-23";"2016-01-29";753;1666;2;7;59.99;21.6
6638;"CA-2016-139941";"2016-06-12";"2016-06-17";755;1575;2;3;52.56;18.4
6639;"CA-2015-100146";"2015-05-14";"2015-05-19";762;1249;2;3;722.35;81.26
6640;"CA-2015-100146";"2015-05-14";"2015-05-19";762;1235;2;2;97.57;-6.1
6641;"CA-2015-100146";"2015-05-14";"2015-05-19";762;619;2;3;122.91;34.41
6642;"CA-2015-100146";"2015-05-14";"2015-05-19";762;332;2;5;509.96;42.0
6643;"CA-2017-146185";"2017-09-15";"2017-09-19";780;1506;2;2;31.74;8.33
6644;"CA-2016-131380";"2016-03-28";"2016-03-31";785;1796;1;1;5.98;2.93
6645;"CA-2016-131380";"2016-03-28";"2016-03-31";785;485;1;4;87.92;0.88
6646;"US-2017-160836";"2017-09-11";"2017-09-16";813;758;2;2;1.56;-4.2
6647;"US-2017-160836";"2017-09-11";"2017-09-16";813;1200;2;5;512.19;-65.85
6648;"US-2017-160836";"2017-09-11";"2017-09-16";813;1505;2;3;10.27;3.21
6649;"CA-2017-144225";"2017-09-30";"2017-10-02";814;1395;1;3;164.88;80.79
6650;"CA-2017-123071";"2017-12-03";"2017-12-06";818;1135;3;2;10.37;3.63
6651;"CA-2015-161445";"2015-09-07";"2015-09-09";821;81;1;4;140.74;12.31
6652;"CA-2015-119480";"2015-01-09";"2015-01-13";834;1354;2;5;51.55;24.23
6653;"CA-2015-119480";"2015-01-09";"2015-01-13";834;1382;2;2;42.76;11.12
6654;"CA-2015-119480";"2015-01-09";"2015-01-13";834;1115;2;3;163.44;45.76
6655;"CA-2015-119480";"2015-01-09";"2015-01-13";834;241;2;3;106.32;49.97
6656;"CA-2017-144596";"2017-11-06";"2017-11-10";843;1740;2;9;318.96;149.91
6657;"CA-2014-166961";"2014-12-27";"2014-12-31";847;913;2;3;37.06;13.9
6658;"CA-2014-166961";"2014-12-27";"2014-12-31";847;333;2;3;51.45;13.89
6659;"CA-2014-166961";"2014-12-27";"2014-12-31";847;1692;2;3;7.86;3.62
6660;"CA-2014-166961";"2014-12-27";"2014-12-31";847;1628;2;1;10.98;2.96
6661;"US-2015-123918";"2015-10-15";"2015-10-15";856;905;4;1;5.34;1.87
6662;"US-2015-123918";"2015-10-15";"2015-10-15";856;744;4;6;131.38;-95.25
6663;"CA-2016-112256";"2016-07-23";"2016-07-28";878;845;2;2;13.34;1.0
6664;"CA-2016-112256";"2016-07-23";"2016-07-28";878;1520;2;4;4.75;-8.32
6665;"CA-2016-112256";"2016-07-23";"2016-07-28";878;81;2;5;175.92;15.39
6666;"CA-2016-112256";"2016-07-23";"2016-07-28";878;1039;2;1;5.18;1.81
6667;"CA-2016-112256";"2016-07-23";"2016-07-28";878;1187;2;2;4.45;0.33
6668;"CA-2017-110821";"2017-08-07";"2017-08-08";881;70;3;2;118.16;-25.11
6669;"CA-2017-110821";"2017-08-07";"2017-08-08";881;120;3;3;119.45;-13.44
6670;"CA-2017-122028";"2017-08-18";"2017-08-25";882;1226;2;3;10.78;-7.91
6671;"CA-2016-134789";"2016-04-08";"2016-04-15";886;842;2;4;159.92;31.98
6672;"CA-2016-134789";"2016-04-08";"2016-04-15";886;279;2;4;25.92;12.7
6673;"CA-2016-134789";"2016-04-08";"2016-04-15";886;608;2;6;30.0;14.4
6674;"CA-2016-158610";"2016-09-19";"2016-09-22";895;168;3;2;69.52;17.38
6675;"CA-2017-100902";"2017-11-17";"2017-11-21";899;477;2;5;431.16;107.79
6676;"CA-2017-100902";"2017-11-17";"2017-11-21";899;1809;2;7;268.24;93.88
6677;"CA-2014-125731";"2014-09-10";"2014-09-16";914;769;2;5;1487.04;148.7
6678;"CA-2014-125731";"2014-09-10";"2014-09-16";914;878;2;7;21.73;7.6
6679;"US-2017-166037";"2017-01-28";"2017-02-01";925;1259;2;9;449.91;157.47
6680;"CA-2017-140494";"2017-03-10";"2017-03-15";931;1085;1;4;111.96;21.27
6681;"CA-2015-147816";"2015-09-24";"2015-09-26";934;1291;1;2;35.12;13.17
6682;"CA-2017-137414";"2017-10-02";"2017-10-06";937;1773;2;11;369.16;32.3
6683;"CA-2017-137414";"2017-10-02";"2017-10-06";937;559;2;2;17.46;5.94
6684;"US-2017-118598";"2017-11-16";"2017-11-16";949;1728;4;6;119.94;6.0
6685;"CA-2016-144309";"2016-12-10";"2016-12-16";955;31;2;5;679.96;220.99
6686;"CA-2014-103492";"2014-10-10";"2014-10-15";971;564;2;1;0.9;-1.57
6687;"CA-2014-103492";"2014-10-10";"2014-10-15";971;1226;2;5;11.98;-19.17
6688;"CA-2014-103492";"2014-10-10";"2014-10-15";971;643;2;7;755.94;66.15
6689;"CA-2014-103492";"2014-10-10";"2014-10-15";971;1308;2;6;719.95;72.0
6690;"CA-2015-145457";"2015-03-24";"2015-03-27";979;1527;1;5;46.9;13.13
6691;"CA-2016-133613";"2016-06-17";"2016-06-22";989;1098;2;3;9.84;2.85
6692;"CA-2016-133613";"2016-06-17";"2016-06-22";989;763;2;3;566.97;153.08
6693;"CA-2016-133613";"2016-06-17";"2016-06-22";989;1438;2;2;7.96;3.74
6694;"CA-2014-124618";"2014-05-02";"2014-05-04";1012;689;1;2;479.98;90.0
6695;"US-2017-123204";"2017-07-21";"2017-07-27";1017;1578;2;4;17.48;4.54
6696;"US-2017-126053";"2017-12-05";"2017-12-08";1028;889;3;3;9.45;4.54
6697;"US-2017-126053";"2017-12-05";"2017-12-08";1028;135;3;2;41.96;10.91
6698;"CA-2014-109302";"2014-08-12";"2014-08-16";1033;928;2;7;196.21;98.11
6699;"CA-2014-141005";"2014-08-15";"2014-08-18";1050;266;3;3;62.94;30.21
6700;"CA-2015-139164";"2015-06-23";"2015-06-28";1051;312;2;3;143.98;9.0
6701;"CA-2015-139164";"2015-06-23";"2015-06-28";1051;950;2;3;5.43;1.79
6702;"CA-2015-139164";"2015-06-23";"2015-06-28";1051;1276;2;2;217.58;19.04
6703;"CA-2017-111269";"2017-06-16";"2017-06-18";1055;220;1;5;23.92;1.79
6704;"CA-2017-111269";"2017-06-16";"2017-06-18";1055;366;1;6;479.95;107.99
6705;"CA-2017-135111";"2017-12-28";"2018-01-02";1068;1257;2;5;25.9;12.69
6706;"CA-2017-135111";"2017-12-28";"2018-01-02";1068;1803;2;1;2.48;0.87
6707;"CA-2016-108196";"2016-11-25";"2016-12-02";1079;1810;2;3;59.98;12.0
6708;"CA-2016-108196";"2016-11-25";"2016-12-02";1079;1252;2;5;4499.99;-6599.98
6709;"CA-2016-108196";"2016-11-25";"2016-12-02";1079;548;2;2;456.59;-304.39
6710;"US-2017-115609";"2017-11-02";"2017-11-07";1080;646;2;5;168.1;43.71
6711;"CA-2017-119655";"2017-04-20";"2017-04-24";1093;489;2;4;36.56;18.28
6712;"CA-2017-119655";"2017-04-20";"2017-04-24";1093;266;2;7;146.86;70.49
6713;"CA-2017-146493";"2017-06-01";"2017-06-05";1100;997;2;5;53.9;25.87
6714;"CA-2015-156153";"2015-05-31";"2015-06-02";1105;180;1;6;7.56;0.3
6715;"CA-2016-119018";"2016-11-04";"2016-11-08";1106;1781;2;6;38.88;18.66
6716;"CA-2016-119018";"2016-11-04";"2016-11-08";1106;1565;2;1;4.18;1.31
6717;"CA-2016-119018";"2016-11-04";"2016-11-08";1106;567;2;2;7.71;2.8
6718;"CA-2015-112144";"2015-06-28";"2015-07-02";1111;483;2;4;621.76;46.63
6719;"CA-2015-112144";"2015-06-28";"2015-07-02";1111;1107;2;2;5.9;1.99
6720;"CA-2017-141201";"2017-12-09";"2017-12-11";1128;634;1;3;148.26;15.7
6721;"CA-2016-162943";"2016-07-24";"2016-07-26";1131;870;1;2;253.76;31.02
6722;"CA-2016-110975";"2016-12-25";"2016-12-30";1132;487;2;3;866.65;173.33
6723;"CA-2016-110975";"2016-12-25";"2016-12-30";1132;1363;2;2;313.18;-120.05
6724;"CA-2017-107629";"2017-12-14";"2017-12-14";1140;1506;4;6;95.23;25.0
6725;"CA-2017-107629";"2017-12-14";"2017-12-14";1140;1177;4;3;39.26;-4.91
6726;"CA-2017-107629";"2017-12-14";"2017-12-14";1140;358;4;3;56.33;-26.76
6727;"CA-2015-101889";"2015-12-27";"2015-12-31";1145;1540;2;3;19.87;6.71
6728;"CA-2015-101889";"2015-12-27";"2015-12-31";1145;660;2;9;1548.99;-464.7
6729;"CA-2016-158778";"2016-09-05";"2016-09-09";1152;874;2;3;887.27;-63.38
6730;"CA-2016-158778";"2016-09-05";"2016-09-09";1152;1265;2;3;7.87;0.59
6731;"CA-2016-158778";"2016-09-05";"2016-09-09";1152;173;2;2;71.25;-19.34
6732;"CA-2017-104885";"2017-03-02";"2017-03-08";1178;1696;2;6;68.04;33.34
6733;"CA-2017-104885";"2017-03-02";"2017-03-08";1178;1227;2;2;441.96;101.65
6734;"CA-2017-104885";"2017-03-02";"2017-03-08";1178;1540;2;7;57.96;27.24
6735;"CA-2017-104885";"2017-03-02";"2017-03-08";1178;1260;2;3;59.52;15.48
6736;"CA-2017-147844";"2017-05-02";"2017-05-06";1213;650;2;5;34.4;15.82
6737;"CA-2017-147844";"2017-05-02";"2017-05-06";1213;1260;2;3;59.52;15.48
6738;"CA-2017-147844";"2017-05-02";"2017-05-06";1213;1443;2;5;15.7;7.07
6739;"CA-2014-109134";"2014-11-05";"2014-11-10";1217;1337;2;6;20.04;8.82
6740;"CA-2015-124933";"2015-12-26";"2015-12-30";1222;1740;1;6;212.64;99.94
6741;"US-2016-106313";"2016-08-22";"2016-08-26";1227;673;2;3;19.44;9.33
6742;"US-2014-143721";"2014-11-23";"2014-11-26";1255;933;1;2;155.37;-35.51
6743;"CA-2015-139738";"2015-09-25";"2015-09-29";1267;1355;2;7;128.74;12.87
6744;"CA-2017-165099";"2017-12-11";"2017-12-13";1301;1792;3;2;1.39;-3.76
6745;"US-2014-115196";"2014-09-09";"2014-09-13";1309;1755;2;2;1299.99;-572.0
6746;"US-2014-137155";"2014-11-01";"2014-11-05";1310;1238;2;6;31.68;9.82
6747;"US-2014-137155";"2014-11-01";"2014-11-05";1310;1262;2;3;167.94;82.29
6748;"US-2014-137155";"2014-11-01";"2014-11-05";1310;310;2;3;533.94;154.84
6749;"CA-2017-155159";"2017-11-25";"2017-11-29";1321;830;1;9;48.87;23.95
6750;"CA-2015-109337";"2015-11-21";"2015-11-23";1324;1392;1;3;393.54;165.29
6751;"CA-2015-109337";"2015-11-21";"2015-11-23";1324;1664;1;5;19.75;5.14
6752;"CA-2017-142643";"2017-10-15";"2017-10-20";1334;469;2;1;22.72;9.32
6753;"CA-2017-142643";"2017-10-15";"2017-10-20";1334;346;2;5;152.65;70.22
6754;"CA-2014-141649";"2014-09-30";"2014-09-30";1340;405;4;6;795.41;59.66
6755;"CA-2015-142734";"2015-04-16";"2015-04-21";1355;170;2;2;127.76;2.84
6756;"CA-2015-169299";"2015-08-24";"2015-08-26";1373;24;3;3;7.15;0.72
6757;"CA-2017-100636";"2017-06-26";"2017-06-30";1378;219;2;3;272.94;0.0
6758;"US-2017-117450";"2017-09-04";"2017-09-08";1381;644;2;2;10.37;3.63
6759;"US-2017-117450";"2017-09-04";"2017-09-08";1381;318;2;2;97.18;6.07
6760;"CA-2017-102974";"2017-09-19";"2017-09-24";1397;1423;2;3;16.74;4.85
6761;"CA-2017-102974";"2017-09-19";"2017-09-24";1397;1712;2;2;23.32;6.06
6762;"CA-2017-102974";"2017-09-19";"2017-09-24";1397;510;2;5;149.95;31.49
6763;"CA-2015-112522";"2015-10-10";"2015-10-17";1401;1454;2;3;8.02;1.0
6764;"CA-2017-154466";"2017-01-01";"2017-01-02";1420;735;3;2;3.6;1.73
6765;"CA-2015-104871";"2015-03-30";"2015-04-03";1432;1576;2;4;366.74;-110.02
6766;"US-2016-140158";"2016-10-04";"2016-10-08";1435;1701;2;3;119.1;34.54
6767;"US-2016-140158";"2016-10-04";"2016-10-08";1435;557;2;9;5399.91;2591.96
6768;"US-2016-140158";"2016-10-04";"2016-10-08";1435;688;2;1;30.4;13.98
6769;"CA-2017-160899";"2017-08-11";"2017-08-13";1437;1123;1;11;477.51;219.65
6770;"CA-2016-127243";"2016-11-28";"2016-12-04";1448;423;2;7;347.8;-24.84
6771;"CA-2016-127243";"2016-11-28";"2016-12-04";1448;1289;2;2;32.54;-7.73
6772;"CA-2016-127243";"2016-11-28";"2016-12-04";1448;1489;2;2;6.89;-5.05
6773;"CA-2016-127243";"2016-11-28";"2016-12-04";1448;1309;2;8;12.67;2.69
6774;"CA-2016-127243";"2016-11-28";"2016-12-04";1448;763;2;3;340.18;-73.71
6775;"CA-2017-168389";"2017-12-11";"2017-12-17";1456;88;2;1;64.78;-12.15
6776;"CA-2017-168389";"2017-12-11";"2017-12-17";1456;476;2;1;13.58;1.36
6777;"CA-2017-168389";"2017-12-11";"2017-12-17";1456;347;2;4;73.57;-16.55
6778;"CA-2017-168389";"2017-12-11";"2017-12-17";1456;401;2;6;721.88;-420.0
6779;"CA-2014-133158";"2014-08-19";"2014-08-21";1465;1123;1;2;69.46;22.57
6780;"CA-2014-133158";"2014-08-19";"2014-08-21";1465;432;1;7;289.24;26.03
6781;"CA-2016-164399";"2016-11-12";"2016-11-15";1471;1643;3;3;674.35;-8.43
6782;"CA-2016-164399";"2016-11-12";"2016-11-15";1471;1247;3;3;203.98;25.5
6783;"CA-2016-164924";"2016-07-10";"2016-07-10";1495;1798;4;3;341.99;-319.19
6784;"CA-2014-129938";"2014-12-15";"2014-12-17";1499;1193;1;7;445.8;-108.27
6785;"CA-2015-128125";"2015-03-31";"2015-04-05";1500;1550;2;3;22.38;-7.83
6786;"CA-2015-128125";"2015-03-31";"2015-04-05";1500;248;2;3;98.38;35.66
6787;"CA-2016-145548";"2016-11-11";"2016-11-16";1512;895;2;3;35.23;11.45
6788;"CA-2016-145548";"2016-11-11";"2016-11-16";1512;578;2;3;55.01;17.19
6789;"CA-2016-145548";"2016-11-11";"2016-11-16";1512;1193;2;3;245.65;8.19
6790;"CA-2016-145548";"2016-11-11";"2016-11-16";1512;461;2;3;92.94;25.09
6791;"CA-2016-145548";"2016-11-11";"2016-11-16";1512;1389;2;2;36.0;6.48
6792;"CA-2016-145548";"2016-11-11";"2016-11-16";1512;1103;2;3;28.14;7.88
6793;"US-2016-150357";"2016-10-10";"2016-10-14";1537;217;2;3;4.1;-2.73
6794;"US-2016-150357";"2016-10-10";"2016-10-14";1537;580;2;2;20.61;-4.38
6795;"CA-2017-133102";"2017-08-17";"2017-08-24";1563;258;2;4;38.86;-99.1
6796;"CA-2017-133102";"2017-08-17";"2017-08-24";1563;1189;2;2;16.78;-22.24
6797;"CA-2017-133102";"2017-08-17";"2017-08-24";1563;1375;2;4;74.59;-2.13
6798;"CA-2017-133102";"2017-08-17";"2017-08-24";1563;1454;2;3;8.02;1.0
6799;"CA-2017-133102";"2017-08-17";"2017-08-24";1563;1496;2;2;5.55;-1.04
6800;"US-2016-119046";"2016-06-02";"2016-06-06";1575;412;2;3;11.23;3.93
6801;"US-2016-119046";"2016-06-02";"2016-06-06";1575;182;2;12;51.65;18.72
6802;"US-2016-119046";"2016-06-02";"2016-06-06";1575;1545;2;3;30.18;13.88
6803;"CA-2014-139542";"2014-10-25";"2014-10-29";1613;1581;2;3;40.78;0.51
6804;"CA-2015-169656";"2015-08-13";"2015-08-16";1620;594;3;3;422.86;15.86
6805;"CA-2017-147410";"2017-09-04";"2017-09-08";1625;1653;2;2;421.1;105.28
6806;"CA-2015-109113";"2015-12-19";"2015-12-23";1629;914;2;2;25.49;4.78
6807;"CA-2016-116764";"2016-08-27";"2016-09-02";1641;1799;2;4;9.22;3.34
6808;"CA-2016-136595";"2016-09-05";"2016-09-07";1642;1343;3;3;21.2;-11.66
6809;"US-2017-128398";"2017-05-02";"2017-05-05";1643;531;1;4;159.56;59.04
6810;"CA-2017-168942";"2017-08-01";"2017-08-05";1650;984;1;3;186.54;50.37
6811;"US-2015-159499";"2015-11-21";"2015-11-23";1656;712;1;5;16.52;5.37
6812;"US-2015-159499";"2015-11-21";"2015-11-23";1656;1188;1;2;23.34;-1.46
6813;"US-2015-159499";"2015-11-21";"2015-11-23";1656;1320;1;6;325.63;28.49
6814;"CA-2016-152730";"2016-05-30";"2016-06-04";1660;857;2;1;125.99;35.28
6815;"CA-2016-152730";"2016-05-30";"2016-06-04";1660;1371;2;7;45.36;21.77
6816;"CA-2016-152730";"2016-05-30";"2016-06-04";1660;209;2;5;14.7;3.97
6817;"CA-2016-152730";"2016-05-30";"2016-06-04";1660;978;2;6;629.1;301.97
6818;"CA-2016-152730";"2016-05-30";"2016-06-04";1660;661;2;2;5.56;1.45
6819;"CA-2016-152730";"2016-05-30";"2016-06-04";1660;223;2;4;49.76;13.93
6820;"CA-2016-152730";"2016-05-30";"2016-06-04";1660;1057;2;5;47.4;21.33
6821;"CA-2016-152730";"2016-05-30";"2016-06-04";1660;324;2;3;364.74;109.42
6822;"CA-2016-139997";"2016-07-01";"2016-07-03";1661;1171;3;5;1499.95;449.99
6823;"CA-2015-141754";"2015-12-20";"2015-12-25";1664;669;2;2;11.7;3.95
6824;"US-2016-119298";"2016-11-25";"2016-11-28";1678;1523;3;2;59.98;17.99
6825;"CA-2016-162236";"2016-11-04";"2016-11-06";1690;100;1;2;185.38;-34.76
6826;"CA-2016-162236";"2016-11-04";"2016-11-06";1690;425;1;10;876.3;-292.1
6827;"CA-2016-162236";"2016-11-04";"2016-11-06";1690;46;1;2;45.25;3.96
6828;"CA-2017-127397";"2017-02-24";"2017-02-28";1702;819;2;5;1319.8;214.47
6829;"CA-2017-127397";"2017-02-24";"2017-02-28";1702;752;2;5;123.92;38.73
6830;"CA-2015-108672";"2015-09-10";"2015-09-16";1708;55;2;6;106.68;33.07
6831;"CA-2016-138968";"2016-03-15";"2016-03-16";1723;874;3;4;1352.03;84.5
6832;"CA-2016-138968";"2016-03-15";"2016-03-16";1723;939;3;2;4.54;1.65
6833;"CA-2017-107517";"2017-02-05";"2017-02-09";1724;945;2;5;371.2;41.76
6834;"CA-2017-107517";"2017-02-05";"2017-02-09";1724;1754;2;5;1640.7;459.4
6835;"CA-2017-160801";"2017-09-19";"2017-09-19";1729;515;4;3;4.84;-3.39
6836;"CA-2014-100916";"2014-10-21";"2014-10-26";1734;832;2;1;2.84;0.88
6837;"CA-2014-100916";"2014-10-21";"2014-10-26";1734;1043;2;4;591.32;112.35
6838;"CA-2014-100916";"2014-10-21";"2014-10-26";1734;132;2;5;194.7;9.74
6839;"CA-2014-114790";"2014-03-11";"2014-03-13";1754;1165;1;3;14.94;7.02
6840;"CA-2014-114790";"2014-03-11";"2014-03-13";1754;408;1;3;587.97;164.63
6841;"CA-2014-114790";"2014-03-11";"2014-03-13";1754;670;1;2;32.96;14.17
6842;"CA-2014-114790";"2014-03-11";"2014-03-13";1754;105;1;3;146.76;38.16
6843;"CA-2015-112711";"2015-07-12";"2015-07-18";1772;1221;2;4;307.17;30.72
6844;"CA-2017-134796";"2017-06-25";"2017-07-01";1779;945;2;2;148.48;16.7
6845;"CA-2015-103093";"2015-02-03";"2015-02-07";1782;1540;2;9;74.52;35.02
6846;"CA-2015-132136";"2015-03-08";"2015-03-12";1783;399;2;3;8.57;-14.57
6847;"CA-2014-138737";"2014-12-07";"2014-12-10";1791;555;3;3;8.64;2.42
6848;"CA-2015-121552";"2015-03-22";"2015-03-27";1799;1644;2;4;19.56;5.48
6849;"CA-2016-106915";"2016-11-26";"2016-12-02";1806;935;2;4;17.86;4.24
6850;"US-2017-143175";"2017-08-03";"2017-08-06";1809;1498;1;3;99.87;23.97
6851;"CA-2016-137337";"2016-03-08";"2016-03-12";1832;1123;2;2;69.46;22.57
6852;"CA-2016-137337";"2016-03-08";"2016-03-12";1832;279;2;2;12.96;6.35
6853;"CA-2016-137337";"2016-03-08";"2016-03-12";1832;6;2;8;113.6;44.3
6854;"CA-2017-162880";"2017-12-25";"2017-12-29";1838;567;2;1;3.86;1.4
6855;"US-2017-145597";"2017-11-02";"2017-11-05";1846;476;3;4;54.34;5.43
6856;"CA-2017-118122";"2017-11-17";"2017-11-24";1847;249;2;2;13.9;4.52
6857;"CA-2017-159282";"2017-10-16";"2017-10-21";1856;473;2;5;599.99;-479.99
6858;"CA-2014-144414";"2014-06-17";"2014-06-21";1857;636;2;3;3266.38;1061.57
6859;"CA-2014-144414";"2014-06-17";"2014-06-21";1857;509;2;5;17.9;8.95
6860;"CA-2014-144414";"2014-06-17";"2014-06-21";1857;760;2;3;6.24;2.62
6861;"CA-2017-141138";"2017-11-10";"2017-11-16";1860;86;2;7;111.79;43.6
6862;"CA-2015-164567";"2015-06-15";"2015-06-19";1867;263;2;3;225.58;22.56
6863;"CA-2015-161767";"2015-11-20";"2015-11-24";1869;1791;2;2;479.99;56.0
6864;"US-2017-168613";"2017-10-08";"2017-10-14";1880;66;2;2;145.76;3.24
6865;"CA-2014-141901";"2014-08-09";"2014-08-14";1887;337;2;1;5.98;2.69
6866;"CA-2017-134418";"2017-09-15";"2017-09-20";1896;289;2;3;12.42;5.22
6867;"CA-2016-106243";"2016-09-30";"2016-10-04";1900;1212;2;5;523.92;-26.2
6868;"US-2014-135881";"2014-05-23";"2014-05-27";1913;19;2;1;208.16;56.2
6869;"US-2014-135881";"2014-05-23";"2014-05-27";1913;1559;2;2;5.04;0.15
6870;"US-2014-135881";"2014-05-23";"2014-05-27";1913;1311;2;5;17.96;5.84
6871;"CA-2016-106460";"2016-02-19";"2016-02-22";1917;190;1;2;70.88;33.31
6872;"CA-2015-123141";"2015-11-14";"2015-11-19";1937;361;2;3;230.35;20.16
6873;"CA-2015-123141";"2015-11-14";"2015-11-19";1937;304;2;4;883.84;99.43
6874;"CA-2017-137001";"2017-06-10";"2017-06-13";1946;1687;1;7;14.7;4.12
6875;"CA-2017-123036";"2017-09-10";"2017-09-17";1953;728;2;2;259.9;-56.31
6876;"CA-2017-123036";"2017-09-10";"2017-09-17";1953;124;2;4;37.06;8.8
6877;"US-2016-147711";"2016-09-03";"2016-09-08";1974;669;1;8;58.48;27.49
6878;"US-2016-147711";"2016-09-03";"2016-09-08";1974;683;1;2;12.76;5.87
6879;"US-2016-147711";"2016-09-03";"2016-09-08";1974;1408;1;2;14.76;4.28
6880;"US-2016-147711";"2016-09-03";"2016-09-08";1974;1051;1;3;344.94;31.04
6881;"CA-2016-104276";"2016-11-27";"2016-12-03";1975;1379;2;7;331.02;-114.35
6882;"CA-2016-104276";"2016-11-27";"2016-12-03";1975;1488;2;1;116.76;14.6
6883;"US-2017-160143";"2017-03-31";"2017-04-07";1990;301;2;3;29.7;8.02
6884;"CA-2015-165162";"2015-05-14";"2015-05-21";1994;1300;2;4;1117.92;55.9
6885;"US-2017-141677";"2017-03-26";"2017-03-30";2012;754;2;3;32.23;2.42
6886;"US-2017-141677";"2017-03-26";"2017-03-30";2012;1115;2;8;87.17;-226.64
6887;"US-2017-141677";"2017-03-26";"2017-03-30";2012;1154;2;3;74.35;23.24
6888;"US-2017-141677";"2017-03-26";"2017-03-30";2012;776;2;5;2399.96;569.99
6889;"US-2017-141677";"2017-03-26";"2017-03-30";2012;795;2;5;143.96;1.8
6890;"CA-2015-129917";"2015-10-02";"2015-10-03";2031;1325;3;5;503.96;50.4
6891;"CA-2015-129917";"2015-10-02";"2015-10-03";2031;1606;3;4;53.57;19.42
6892;"CA-2015-129917";"2015-10-02";"2015-10-03";2031;1054;3;3;11.81;4.13
6893;"CA-2014-122217";"2014-11-24";"2014-11-29";2036;1342;2;5;111.15;48.91
6894;"CA-2017-166184";"2017-03-24";"2017-03-27";2052;1124;3;1;469.99;136.3
6895;"CA-2017-166184";"2017-03-24";"2017-03-27";2052;1292;3;3;47.01;22.09
6896;"US-2017-135013";"2017-07-24";"2017-07-24";2053;557;4;5;2399.96;839.99
6897;"CA-2015-103072";"2015-09-27";"2015-09-30";2054;747;1;4;25.92;12.44
6898;"CA-2015-103072";"2015-09-27";"2015-09-30";2054;1195;1;5;16.4;4.76
6899;"CA-2014-143168";"2014-10-18";"2014-10-23";2067;1225;1;1;1.34;0.47
6900;"CA-2014-143168";"2014-10-18";"2014-10-23";2067;924;1;2;61.96;27.88
6901;"CA-2016-124527";"2016-11-16";"2016-11-17";2080;230;3;5;8.32;2.81
6902;"CA-2014-131947";"2014-09-17";"2014-09-22";2088;179;2;10;55.92;16.78
6903;"CA-2014-131947";"2014-09-17";"2014-09-22";2088;686;2;6;148.7;46.47
6904;"CA-2014-131947";"2014-09-17";"2014-09-22";2088;1804;2;5;29.93;-21.95
6905;"CA-2014-131947";"2014-09-17";"2014-09-22";2088;1545;2;5;40.24;13.08
6906;"CA-2014-131947";"2014-09-17";"2014-09-22";2088;1088;2;3;38.26;4.78
6907;"CA-2014-131947";"2014-09-17";"2014-09-22";2088;1286;2;2;5.25;0.46
6908;"CA-2016-116526";"2016-09-01";"2016-09-05";2090;909;2;5;26.4;12.67
6909;"CA-2016-116526";"2016-09-01";"2016-09-05";2090;798;2;2;11.96;2.99
6910;"CA-2016-116526";"2016-09-01";"2016-09-05";2090;881;2;4;29.52;14.46
6911;"CA-2016-116526";"2016-09-01";"2016-09-05";2090;282;2;4;376.74;71.16
6912;"CA-2016-116526";"2016-09-01";"2016-09-05";2090;84;2;1;8.78;2.28
6913;"CA-2016-116526";"2016-09-01";"2016-09-05";2090;270;2;5;24.1;11.09
6914;"CA-2017-142125";"2017-10-21";"2017-10-27";2103;72;2;5;21.9;10.51
6915;"CA-2017-142125";"2017-10-21";"2017-10-27";2103;496;2;6;38.82;19.41
6916;"CA-2017-117443";"2017-12-23";"2017-12-25";2105;903;1;4;175.87;63.75
6917;"CA-2017-117443";"2017-12-23";"2017-12-25";2105;287;1;4;13.84;-22.14
6918;"CA-2014-150203";"2014-12-05";"2014-12-07";2106;354;3;6;250.26;72.58
6919;"CA-2016-163937";"2016-01-10";"2016-01-13";2109;649;1;5;24.85;7.7
6920;"CA-2017-121293";"2017-07-25";"2017-07-28";2131;283;1;4;20.74;7.26
6921;"CA-2017-121293";"2017-07-25";"2017-07-28";2131;61;1;5;259.92;-25.99
6922;"CA-2017-121293";"2017-07-25";"2017-07-28";2131;1769;1;1;138.59;-34.65
6923;"CA-2017-121293";"2017-07-25";"2017-07-28";2131;1782;1;3;37.75;4.25
6924;"CA-2017-121293";"2017-07-25";"2017-07-28";2131;271;1;4;20.1;3.01
6925;"CA-2017-143294";"2017-06-02";"2017-06-08";2140;344;2;2;10.69;3.74
6926;"CA-2015-127481";"2015-12-12";"2015-12-15";2145;183;1;2;97.88;48.94
6927;"CA-2015-127481";"2015-12-12";"2015-12-15";2145;674;1;5;32.4;15.88
6928;"CA-2016-157161";"2016-07-16";"2016-07-20";2148;1546;1;9;60.12;28.86
6929;"CA-2016-157161";"2016-07-16";"2016-07-20";2148;586;1;2;6.46;3.17
6930;"CA-2016-157161";"2016-07-16";"2016-07-20";2148;1590;1;2;75.98;18.24
6931;"CA-2016-157161";"2016-07-16";"2016-07-20";2148;270;1;5;24.1;11.09
6932;"CA-2016-157161";"2016-07-16";"2016-07-20";2148;1543;1;3;22.32;5.58
6933;"CA-2016-157161";"2016-07-16";"2016-07-20";2148;107;1;5;10.2;4.79
6934;"CA-2017-119494";"2017-11-09";"2017-11-13";2181;514;2;3;523.39;52.34
6935;"CA-2016-106950";"2016-09-02";"2016-09-06";2187;1489;2;5;17.22;-12.63
6936;"CA-2016-106950";"2016-09-02";"2016-09-06";2187;869;2;3;1012.68;303.8
6937;"CA-2016-106950";"2016-09-02";"2016-09-06";2187;148;2;3;472.52;-149.63
6938;"CA-2016-106950";"2016-09-02";"2016-09-06";2187;450;2;4;19.46;3.4
6939;"CA-2016-106950";"2016-09-02";"2016-09-06";2187;1494;2;9;309.46;34.81
6940;"CA-2016-106950";"2016-09-02";"2016-09-06";2187;513;2;7;22.91;-17.57
6941;"US-2017-135503";"2017-12-10";"2017-12-15";2207;1408;2;2;14.76;4.28
6942;"US-2016-155103";"2016-12-02";"2016-12-07";2210;1395;2;1;54.96;26.93
6943;"US-2016-155103";"2016-12-02";"2016-12-07";2210;895;2;3;35.23;11.45
6944;"US-2016-155103";"2016-12-02";"2016-12-07";2210;1592;2;3;415.18;134.93
6945;"US-2017-123862";"2017-01-07";"2017-01-09";2211;286;1;1;7.89;3.55
6946;"US-2017-123862";"2017-01-07";"2017-01-09";2211;1782;1;7;110.11;31.93
6947;"US-2017-123862";"2017-01-07";"2017-01-09";2211;1289;1;3;61.02;0.61
6948;"US-2017-123862";"2017-01-07";"2017-01-09";2211;5;1;11;153.78;44.6
6949;"CA-2016-163594";"2016-04-12";"2016-04-14";2216;908;3;3;36.62;13.73
6950;"CA-2016-163594";"2016-04-12";"2016-04-14";2216;88;3;3;194.35;-36.44
6951;"CA-2016-163594";"2016-04-12";"2016-04-14";2216;1121;3;3;19.44;9.33
6952;"CA-2017-169474";"2017-02-04";"2017-02-09";2222;1019;2;3;32.67;8.49
6953;"CA-2017-136651";"2017-04-23";"2017-04-25";2223;1732;1;2;24.14;7.97
6954;"CA-2017-136651";"2017-04-23";"2017-04-25";2223;422;1;6;92.88;30.19
6955;"CA-2017-136651";"2017-04-23";"2017-04-25";2223;1163;1;7;66.36;26.54
6956;"CA-2017-141103";"2017-07-30";"2017-08-06";2224;1004;2;5;89.95;43.18
6957;"CA-2015-105844";"2015-10-25";"2015-10-27";2229;781;1;4;79.36;23.81
6958;"CA-2015-141740";"2015-11-01";"2015-11-05";2235;1708;2;2;205.16;13.68
6959;"US-2015-153374";"2015-02-09";"2015-02-13";2244;511;1;6;479.95;89.99
6960;"CA-2014-142951";"2014-10-08";"2014-10-08";2252;1534;4;3;23.47;4.99
6961;"CA-2014-105872";"2014-05-30";"2014-06-06";2254;588;2;4;70.37;26.39
6962;"CA-2016-123176";"2016-09-27";"2016-09-29";2259;393;1;3;13.89;4.58
6963;"CA-2016-123176";"2016-09-27";"2016-09-29";2259;1572;1;3;17.94;8.79
6964;"CA-2016-129728";"2016-05-30";"2016-06-06";2266;1189;2;8;167.84;11.75
6965;"CA-2015-120446";"2015-11-16";"2015-11-18";2274;323;3;3;18.9;8.69
6966;"CA-2015-104115";"2015-06-12";"2015-06-16";2287;126;2;2;55.98;4.2
6967;"CA-2015-118843";"2015-09-13";"2015-09-20";2288;1521;2;7;69.93;31.47
6968;"CA-2015-118843";"2015-09-13";"2015-09-20";2288;906;2;3;129.93;12.99
6969;"CA-2016-116918";"2016-10-01";"2016-10-06";2314;992;1;8;30.98;5.03
6970;"CA-2016-116918";"2016-10-01";"2016-10-06";2314;564;1;4;5.39;-4.49
6971;"CA-2016-158043";"2016-01-31";"2016-02-04";2317;780;1;2;23.36;11.68
6972;"CA-2015-113152";"2015-12-25";"2015-12-30";2332;382;2;2;449.57;56.2
6973;"CA-2015-113152";"2015-12-25";"2015-12-30";2332;869;2;2;843.9;371.32
6974;"US-2015-150231";"2015-03-16";"2015-03-20";2336;1646;1;3;17.52;6.31
6975;"CA-2014-163468";"2014-11-18";"2014-11-21";2343;482;3;5;381.72;-66.8
6976;"CA-2014-163468";"2014-11-18";"2014-11-21";2343;270;3;3;2.89;-4.92
6977;"CA-2014-163468";"2014-11-18";"2014-11-21";2343;1642;3;6;424.12;-30.29
6978;"CA-2014-163468";"2014-11-18";"2014-11-21";2343;1531;3;2;8.54;-7.48
6979;"CA-2014-163468";"2014-11-18";"2014-11-21";2343;425;3;4;292.1;-175.26
6980;"CA-2017-155936";"2017-06-22";"2017-06-29";2349;801;2;3;3.04;-5.01
6981;"CA-2014-120670";"2014-11-02";"2014-11-06";2355;1219;2;10;799.92;239.98
6982;"CA-2015-137925";"2015-11-30";"2015-12-04";2377;1400;2;12;681.41;42.59
6983;"CA-2015-137925";"2015-11-30";"2015-12-04";2377;1027;2;7;23.66;10.88
6984;"US-2017-163657";"2017-09-02";"2017-09-06";2380;1043;2;2;236.53;-2.96
6985;"US-2017-163657";"2017-09-02";"2017-09-06";2380;412;2;5;18.72;6.55
6986;"US-2017-161935";"2017-07-14";"2017-07-18";2394;736;2;5;13.12;2.13
6987;"US-2017-161935";"2017-07-14";"2017-07-18";2394;1284;2;7;239.46;17.96
6988;"US-2017-161935";"2017-07-14";"2017-07-18";2394;336;2;5;62.04;4.65
6989;"US-2017-161935";"2017-07-14";"2017-07-18";2394;788;2;9;1889.95;-377.99
6990;"US-2017-161935";"2017-07-14";"2017-07-18";2394;981;2;2;9.25;3.35
6991;"US-2017-167920";"2017-12-09";"2017-12-12";2397;838;1;2;1399.98;629.99
6992;"US-2017-167920";"2017-12-09";"2017-12-12";2397;1499;1;2;5.76;2.65
6993;"US-2017-167920";"2017-12-09";"2017-12-12";2397;359;1;1;15.14;0.61
6994;"US-2017-167920";"2017-12-09";"2017-12-12";2397;993;1;5;146.45;48.33
6995;"US-2017-167920";"2017-12-09";"2017-12-12";2397;163;1;4;15.92;7.48
6996;"US-2017-167920";"2017-12-09";"2017-12-12";2397;1494;1;5;214.9;62.32
6997;"US-2017-167920";"2017-12-09";"2017-12-12";2397;895;1;2;29.36;13.51
6998;"US-2015-142811";"2015-04-02";"2015-04-07";2400;1291;2;5;87.8;32.93
6999;"CA-2017-128853";"2017-04-21";"2017-04-23";2406;129;3;9;908.82;227.21
7000;"CA-2017-139353";"2017-10-28";"2017-10-30";2408;1760;1;3;47.95;16.18
7001;"CA-2017-139353";"2017-10-28";"2017-10-30";2408;446;1;2;147.18;-29.44
7002;"CA-2017-139353";"2017-10-28";"2017-10-30";2408;1463;1;3;77.95;15.59
7003;"CA-2016-167416";"2016-05-12";"2016-05-17";2423;388;2;5;54.9;26.9
7004;"CA-2017-151225";"2017-10-27";"2017-10-29";2430;1719;3;5;71.96;7.2
7005;"CA-2017-151225";"2017-10-27";"2017-10-29";2430;20;3;1;189.58;9.48
7006;"CA-2015-107685";"2015-11-30";"2015-12-02";2434;1168;1;4;25.92;12.44
7007;"CA-2015-107685";"2015-11-30";"2015-12-02";2434;1683;1;4;80.96;29.15
7008;"US-2016-117541";"2016-11-14";"2016-11-20";2445;1173;2;4;19.92;6.57
7009;"US-2016-117541";"2016-11-14";"2016-11-20";2445;1083;2;5;16.45;7.57
7010;"CA-2014-106054";"2014-01-06";"2014-01-07";2449;648;3;3;12.78;5.24
7011;"US-2016-100461";"2016-01-08";"2016-01-12";2453;175;2;7;106.05;49.84
7012;"US-2016-100461";"2016-01-08";"2016-01-12";2453;127;2;6;1565.88;407.13
7013;"US-2017-138086";"2017-04-16";"2017-04-20";2466;1808;2;3;40.74;12.22
7014;"CA-2017-104906";"2017-02-13";"2017-02-17";2472;1206;2;3;17.94;8.79
7015;"CA-2014-113964";"2014-09-23";"2014-09-30";2481;203;2;4;18.46;6.92
7016;"CA-2017-139787";"2017-09-19";"2017-09-23";2489;1641;2;5;35.4;13.45
7017;"CA-2017-159506";"2017-11-27";"2017-12-02";2497;853;2;3;497.94;224.07
7018;"CA-2017-159506";"2017-11-27";"2017-12-02";2497;1142;2;6;158.28;72.81
7019;"US-2014-127978";"2014-03-03";"2014-03-08";2498;561;2;8;44.67;-10.05
7020;"US-2014-127978";"2014-03-03";"2014-03-08";2498;896;2;5;302.45;-199.62
7021;"US-2014-127978";"2014-03-03";"2014-03-08";2498;1726;2;3;15.12;4.91
7022;"CA-2017-111220";"2017-09-02";"2017-09-08";2501;1786;2;2;5.59;-15.09
7023;"CA-2017-111220";"2017-09-02";"2017-09-08";2501;608;2;4;16.0;5.6
7024;"CA-2014-121769";"2014-04-08";"2014-04-12";2506;1648;2;1;172.11;-94.66
7025;"CA-2016-110492";"2016-02-12";"2016-02-14";2508;163;3;4;15.92;7.48
7026;"CA-2016-110492";"2016-02-12";"2016-02-14";2508;887;3;6;1350.12;175.52
7027;"CA-2015-106208";"2015-12-10";"2015-12-15";2536;1396;2;7;53.09;-108.83
7028;"CA-2017-159156";"2017-11-13";"2017-11-16";2581;1529;3;5;629.95;163.79
7029;"CA-2015-159590";"2015-07-18";"2015-07-21";2585;555;3;2;5.76;1.61
7030;"CA-2017-123687";"2017-05-26";"2017-05-29";2595;580;3;2;25.76;0.77
7031;"CA-2017-123687";"2017-05-26";"2017-05-29";2595;1691;3;3;208.44;62.53
7032;"CA-2016-123337";"2016-09-16";"2016-09-22";2613;1578;2;4;17.48;4.54
7033;"CA-2016-123337";"2016-09-16";"2016-09-22";2613;998;2;2;273.67;-12.88
7034;"CA-2014-120096";"2014-07-04";"2014-07-07";2627;1430;3;2;32.43;3.24
7035;"CA-2014-120096";"2014-07-04";"2014-07-07";2627;1224;3;4;177.54;62.14
7036;"CA-2014-140396";"2014-11-20";"2014-11-25";2642;1387;2;4;25.92;12.44
7037;"CA-2014-140396";"2014-11-20";"2014-11-25";2642;953;2;3;12.96;4.54
7038;"CA-2014-140396";"2014-11-20";"2014-11-25";2642;768;2;6;833.94;216.82
7039;"CA-2014-140396";"2014-11-20";"2014-11-25";2642;1710;2;3;34.74;17.37
7040;"CA-2017-128944";"2017-06-19";"2017-06-21";2645;1581;1;9;122.33;1.53
7041;"CA-2017-128944";"2017-06-19";"2017-06-21";2645;1329;1;3;38.78;7.27
7042;"CA-2017-128944";"2017-06-19";"2017-06-21";2645;657;1;6;760.12;-43.44
7043;"CA-2017-158120";"2017-11-17";"2017-11-21";2646;982;2;7;4.16;-3.47
7044;"CA-2017-158120";"2017-11-17";"2017-11-21";2646;1775;2;3;19.61;6.62
7045;"CA-2016-137743";"2016-07-30";"2016-08-04";2651;448;2;2;1036.62;51.83
7046;"CA-2016-137743";"2016-07-30";"2016-08-04";2651;1359;2;4;9.25;3.12
7047;"US-2017-158526";"2017-12-29";"2018-01-01";2653;762;1;3;258.75;77.63
7048;"US-2017-158526";"2017-12-29";"2018-01-01";2653;1249;1;1;300.98;87.28
7049;"US-2017-158526";"2017-12-29";"2018-01-01";2653;1425;1;1;34.58;10.03
7050;"US-2017-158526";"2017-12-29";"2018-01-01";2653;934;1;1;12.53;5.89
7051;"US-2017-158526";"2017-12-29";"2018-01-01";2653;499;1;8;1207.84;314.04
7052;"CA-2014-152233";"2014-10-05";"2014-10-06";2655;1259;3;2;99.98;34.99
7053;"CA-2015-133242";"2015-06-18";"2015-06-24";2657;642;2;2;33.02;15.85
7054;"CA-2015-133242";"2015-06-18";"2015-06-24";2657;478;2;3;467.97;140.39
7055;"CA-2015-133242";"2015-06-18";"2015-06-24";2657;287;2;2;34.6;16.61
7056;"CA-2015-133242";"2015-06-18";"2015-06-24";2657;887;2;2;450.04;58.51
7057;"CA-2015-133242";"2015-06-18";"2015-06-24";2657;1236;2;3;60.84;19.47
7058;"CA-2015-132633";"2015-02-03";"2015-02-05";2662;801;1;3;12.14;4.1
7059;"CA-2014-163223";"2014-03-21";"2014-03-25";2670;955;2;4;9.32;2.7
7060;"CA-2014-163223";"2014-03-21";"2014-03-25";2670;1082;2;3;122.97;60.26
7061;"CA-2014-163223";"2014-03-21";"2014-03-25";2670;1499;2;5;14.4;6.62
7062;"CA-2014-163223";"2014-03-21";"2014-03-25";2670;1560;2;7;3499.93;909.98
7063;"CA-2017-118864";"2017-06-15";"2017-06-19";2675;1067;1;1;119.96;7.5
7064;"CA-2016-157742";"2016-12-29";"2016-12-31";2691;1710;1;3;27.79;10.42
7065;"CA-2014-133592";"2014-12-31";"2015-01-07";2702;129;2;6;605.88;151.47
7066;"CA-2014-133592";"2014-12-31";"2015-01-07";2702;841;2;2;341.96;78.65
7067;"CA-2014-133592";"2014-12-31";"2015-01-07";2702;869;2;4;1687.8;742.63
7068;"CA-2014-133592";"2014-12-31";"2015-01-07";2702;745;2;3;14.94;7.02
7069;"CA-2014-133592";"2014-12-31";"2015-01-07";2702;1670;2;4;195.64;91.95
7070;"CA-2016-140046";"2016-07-28";"2016-08-03";2710;1726;2;3;18.9;8.69
7071;"CA-2016-109666";"2016-04-19";"2016-04-26";2719;1157;2;2;9.28;3.25
7072;"CA-2016-109666";"2016-04-19";"2016-04-26";2719;206;2;5;54.9;15.37
7073;"CA-2016-109666";"2016-04-19";"2016-04-26";2719;940;2;2;71.96;17.99
7074;"CA-2016-109666";"2016-04-19";"2016-04-26";2719;1466;2;2;7.76;2.25
7075;"CA-2016-109666";"2016-04-19";"2016-04-26";2719;296;2;4;459.88;13.8
7076;"CA-2016-109666";"2016-04-19";"2016-04-26";2719;1137;2;2;3.28;1.48
7077;"CA-2016-109666";"2016-04-19";"2016-04-26";2719;585;2;2;25.98;0.78
7078;"CA-2015-154823";"2015-08-21";"2015-08-25";2723;1316;2;1;25.98;-3.9
7079;"CA-2015-154823";"2015-08-21";"2015-08-25";2723;357;2;3;598.46;-42.75
7080;"CA-2015-154823";"2015-08-21";"2015-08-25";2723;97;2;2;12.83;-8.98
7081;"CA-2017-140802";"2017-04-21";"2017-04-23";2725;1214;3;4;20.74;7.26
7082;"CA-2017-140802";"2017-04-21";"2017-04-23";2725;38;3;3;47.98;8.4
7083;"CA-2017-126718";"2017-04-29";"2017-05-04";2757;697;2;1;4.91;2.41
7084;"CA-2017-105326";"2017-08-20";"2017-08-27";2760;1514;2;4;25.92;12.44
7085;"CA-2017-154088";"2017-11-12";"2017-11-17";2784;587;2;5;26.72;9.35
7086;"CA-2016-124583";"2016-09-01";"2016-09-03";2786;156;1;1;12.78;5.75
7087;"US-2016-157490";"2016-10-06";"2016-10-07";2787;1581;3;5;67.96;0.85
7088;"US-2016-157490";"2016-10-06";"2016-10-07";2787;1250;3;4;11.98;-9.18
7089;"US-2016-157490";"2016-10-06";"2016-10-07";2787;651;3;4;17.9;-14.92
7090;"US-2016-157490";"2016-10-06";"2016-10-07";2787;1805;3;6;703.71;-938.28
7091;"CA-2015-150770";"2015-05-03";"2015-05-06";2793;349;3;2;49.57;17.35
7092;"CA-2015-150770";"2015-05-03";"2015-05-06";2793;134;3;4;339.96;122.39
7093;"CA-2015-150770";"2015-05-03";"2015-05-06";2793;1731;3;2;62.5;21.87
7094;"CA-2015-150770";"2015-05-03";"2015-05-06";2793;280;3;3;8.82;2.56
7095;"CA-2016-107146";"2016-06-17";"2016-06-19";2807;252;3;4;483.14;54.35
7096;"CA-2016-143476";"2016-09-11";"2016-09-13";2817;337;3;2;9.57;2.99
7097;"CA-2016-143476";"2016-09-11";"2016-09-13";2817;1793;3;4;20.74;7.26
7098;"CA-2016-143476";"2016-09-11";"2016-09-13";2817;700;3;2;2.91;0.91
7099;"CA-2016-101693";"2016-06-25";"2016-06-27";2832;1345;1;2;32.71;-26.17
7100;"CA-2016-101693";"2016-06-25";"2016-06-27";2832;194;1;2;85.25;-6.09
7101;"CA-2017-169439";"2017-09-09";"2017-09-13";2834;432;2;2;66.11;-9.09
7102;"CA-2017-169439";"2017-09-09";"2017-09-13";2834;607;2;5;25.92;3.89
7103;"CA-2014-117478";"2014-09-21";"2014-09-24";2855;738;3;3;6.57;-5.04
7104;"CA-2014-126277";"2014-09-13";"2014-09-18";2860;809;1;3;2.5;-2.0
7105;"US-2015-136749";"2015-12-25";"2015-12-27";2862;785;1;5;157.9;74.21
7106;"US-2015-136749";"2015-12-25";"2015-12-27";2862;1717;1;6;275.88;46.9
7107;"CA-2016-144092";"2016-11-05";"2016-11-07";2876;221;1;3;158.13;77.48
7108;"CA-2016-144092";"2016-11-05";"2016-11-07";2876;1159;1;2;113.89;9.97
7109;"CA-2016-144092";"2016-11-05";"2016-11-07";2876;1389;1;4;72.0;12.96
7110;"CA-2015-137974";"2015-04-16";"2015-04-18";2881;634;3;9;523.26;125.58
7111;"CA-2015-137974";"2015-04-16";"2015-04-18";2881;1595;3;7;1196.86;119.69
7112;"CA-2015-137974";"2015-04-16";"2015-04-18";2881;489;3;1;9.14;4.57
7113;"CA-2015-137974";"2015-04-16";"2015-04-18";2881;23;3;2;569.64;148.11
7114;"CA-2017-120222";"2017-04-25";"2017-05-02";2884;682;2;3;73.34;27.5
7115;"CA-2017-120222";"2017-04-25";"2017-05-02";2884;205;2;3;19.05;8.76
7116;"CA-2017-163860";"2017-12-28";"2018-01-01";2894;733;2;2;2.96;-1.41
7117;"CA-2017-163860";"2017-12-28";"2018-01-01";2894;329;2;2;113.37;-3.24
7118;"CA-2017-163860";"2017-12-28";"2018-01-01";2894;1243;2;3;7.97;-2.39
7119;"CA-2017-163860";"2017-12-28";"2018-01-01";2894;1225;2;5;1.68;-2.69
7120;"CA-2016-103709";"2016-09-08";"2016-09-15";2900;255;2;2;261.74;65.44
7121;"CA-2016-103709";"2016-09-08";"2016-09-15";2900;1335;2;8;34.24;15.41
7122;"CA-2016-103709";"2016-09-08";"2016-09-15";2900;1543;2;2;14.88;3.72
7123;"CA-2017-109183";"2017-12-04";"2017-12-09";2911;1801;2;2;649.0;-272.58
7124;"CA-2015-115420";"2015-04-25";"2015-05-02";2917;816;2;2;21.34;9.82
7125;"US-2017-165869";"2017-07-31";"2017-08-05";2936;91;2;6;155.88;54.56
7126;"US-2017-165869";"2017-07-31";"2017-08-05";2936;72;2;4;17.52;8.41
7127;"CA-2016-109827";"2016-12-25";"2017-01-01";2960;1119;2;2;47.97;4.2
7128;"CA-2016-109827";"2016-12-25";"2017-01-01";2960;617;2;2;100.8;21.42
7129;"CA-2016-109827";"2016-12-25";"2017-01-01";2960;1146;2;3;45.12;-7.9
7130;"CA-2016-109827";"2016-12-25";"2017-01-01";2960;1351;2;2;269.97;-386.96
7131;"CA-2016-109827";"2016-12-25";"2017-01-01";2960;26;2;1;35.45;-24.1
7132;"US-2016-102239";"2016-05-05";"2016-05-06";2962;371;3;2;5.73;2.0
7133;"US-2016-102239";"2016-05-05";"2016-05-06";2962;1643;3;6;1685.88;320.32
7134;"US-2016-117037";"2016-05-17";"2016-05-20";2972;1532;3;8;30.53;9.54
7135;"US-2016-117037";"2016-05-17";"2016-05-20";2972;977;3;3;22.61;-10.17
7136;"US-2016-117037";"2016-05-17";"2016-05-20";2972;1150;3;3;7.9;2.47
7137;"US-2016-117037";"2016-05-17";"2016-05-20";2972;1759;3;1;2.89;-4.77
7138;"CA-2015-130974";"2015-11-27";"2015-11-29";2981;860;1;4;446.07;0.0
7139;"CA-2015-130974";"2015-11-27";"2015-11-29";2981;737;1;5;154.9;69.71
7140;"CA-2015-130974";"2015-11-27";"2015-11-29";2981;1806;1;3;38.97;4.68
7141;"CA-2015-130974";"2015-11-27";"2015-11-29";2981;1322;1;1;170.98;32.49
7142;"CA-2015-130974";"2015-11-27";"2015-11-29";2981;1588;1;2;259.98;88.39
7143;"CA-2015-130974";"2015-11-27";"2015-11-29";2981;519;1;3;59.94;28.17
7144;"CA-2015-130974";"2015-11-27";"2015-11-29";2981;344;1;6;40.08;19.24
7145;"CA-2017-122945";"2017-11-16";"2017-11-22";3011;1100;2;3;17.31;5.19
7146;"CA-2016-118899";"2016-03-22";"2016-03-22";3018;1119;4;7;167.89;14.69
7147;"CA-2017-154949";"2017-10-15";"2017-10-19";3019;1058;2;3;14.73;7.22
7148;"US-2016-157840";"2016-12-20";"2016-12-23";3028;1513;1;5;33.9;15.59
7149;"CA-2015-145394";"2015-11-16";"2015-11-20";3040;1582;2;2;34.5;-15.53
7150;"CA-2015-145394";"2015-11-16";"2015-11-20";3040;1465;2;3;239.98;27.0
7151;"CA-2015-145394";"2015-11-16";"2015-11-20";3040;754;2;2;21.49;1.61
7152;"US-2017-146213";"2017-09-09";"2017-09-14";3045;1240;2;4;159.96;51.19
7153;"US-2017-128447";"2017-11-10";"2017-11-17";3054;10;2;1;28.79;10.08
7154;"US-2017-128447";"2017-11-10";"2017-11-17";3054;1139;2;5;400.8;112.22
7155;"CA-2015-168809";"2015-08-25";"2015-08-25";3060;1783;4;5;7.88;-3.94
7156;"CA-2015-168809";"2015-08-25";"2015-08-25";3060;99;4;1;3.8;-6.08
7157;"CA-2015-168809";"2015-08-25";"2015-08-25";3060;1441;4;2;20.1;-16.59
7158;"US-2015-129637";"2015-12-17";"2015-12-22";3061;1098;2;5;13.12;1.48
7159;"US-2015-129637";"2015-12-17";"2015-12-22";3061;538;2;2;41.55;-19.74
7160;"US-2015-129637";"2015-12-17";"2015-12-22";3061;887;2;1;180.02;-15.75
7161;"CA-2017-113075";"2017-09-02";"2017-09-06";3064;605;2;3;40.68;-7.12
7162;"CA-2014-132787";"2014-09-19";"2014-09-23";3067;152;2;6;92.52;24.98
7163;"CA-2016-162383";"2016-09-05";"2016-09-11";3075;490;2;2;85.25;-1.22
7164;"CA-2016-162383";"2016-09-05";"2016-09-11";3075;1054;2;6;8.86;-6.49
7165;"CA-2016-162383";"2016-09-05";"2016-09-11";3075;651;2;2;8.95;-7.46
7166;"CA-2014-167199";"2014-01-06";"2014-01-10";3084;904;2;1;6.54;3.01
7167;"CA-2014-167199";"2014-01-06";"2014-01-10";3084;1275;2;4;31.12;0.31
7168;"CA-2014-167199";"2014-01-06";"2014-01-10";3084;763;2;4;755.96;204.11
7169;"CA-2014-167199";"2014-01-06";"2014-01-10";3084;116;2;2;391.98;113.67
7170;"CA-2014-167199";"2014-01-06";"2014-01-10";3084;251;2;2;5.48;1.48
7171;"CA-2014-167199";"2014-01-06";"2014-01-10";3084;320;2;2;609.98;274.49
7172;"CA-2014-167199";"2014-01-06";"2014-01-10";3084;160;2;9;2573.82;746.41
7173;"CA-2014-124807";"2014-07-12";"2014-07-15";3094;264;1;4;23.84;3.28
7174;"CA-2014-124807";"2014-07-12";"2014-07-15";3094;829;1;9;35.86;13.0
7175;"CA-2014-126333";"2014-12-23";"2014-12-28";3103;1387;2;1;5.18;1.81
7176;"CA-2016-165827";"2016-11-04";"2016-11-09";3110;1037;2;6;50.5;8.21
7177;"CA-2015-128013";"2015-08-09";"2015-08-16";3113;1461;2;3;144.12;69.18
7178;"CA-2015-128013";"2015-08-09";"2015-08-16";3113;1337;2;3;10.02;4.41
7179;"US-2017-162670";"2017-12-23";"2017-12-28";3115;1091;1;2;44.96;20.68
7180;"US-2017-162670";"2017-12-23";"2017-12-28";3115;446;1;4;367.96;14.72
7181;"US-2017-162670";"2017-12-23";"2017-12-28";3115;1435;1;3;494.97;148.49
7182;"US-2017-162670";"2017-12-23";"2017-12-28";3115;379;1;4;62.04;17.37
7183;"CA-2017-152135";"2017-03-16";"2017-03-18";3119;945;1;8;445.44;-81.66
7184;"CA-2014-118276";"2014-12-29";"2015-01-02";3135;1658;2;3;8.74;-4.8
7185;"CA-2017-121125";"2017-05-30";"2017-06-03";3141;1772;2;1;13.59;-0.34
7186;"CA-2017-121125";"2017-05-30";"2017-06-03";3141;373;2;2;35.36;-3.09
7187;"CA-2017-121125";"2017-05-30";"2017-06-03";3141;1544;2;1;156.79;17.64
7188;"CA-2017-127712";"2017-08-31";"2017-09-05";3142;1466;2;2;6.21;0.7
7189;"CA-2014-137274";"2014-03-29";"2014-04-02";3144;98;2;3;890.84;-152.72
7190;"CA-2014-116785";"2014-04-26";"2014-04-30";3148;1726;2;2;12.6;5.8
7191;"CA-2014-116785";"2014-04-26";"2014-04-30";3148;823;2;5;21.4;6.21
7192;"US-2017-141558";"2017-03-11";"2017-03-16";3152;1765;2;1;43.28;3.25
7193;"US-2017-141558";"2017-03-11";"2017-03-16";3152;1068;2;3;154.76;-46.43
7194;"US-2017-141558";"2017-03-11";"2017-03-16";3152;1313;2;5;776.85;-181.27
7195;"US-2014-164763";"2014-03-17";"2014-03-21";3155;1019;2;3;32.67;8.49
7196;"US-2014-164763";"2014-03-17";"2014-03-21";3155;1734;2;4;16.0;7.68
7197;"US-2014-164763";"2014-03-17";"2014-03-21";3155;503;2;2;12.96;6.35
7198;"CA-2017-115448";"2017-11-11";"2017-11-14";3181;536;3;5;88.92;14.45
7199;"CA-2017-100580";"2017-08-13";"2017-08-20";3204;464;2;3;36.02;11.71
7200;"CA-2017-163209";"2017-05-03";"2017-05-07";3208;429;2;7;22.96;6.66
7201;"CA-2017-163209";"2017-05-03";"2017-05-07";3208;884;2;4;25.92;12.44
7202;"CA-2017-156363";"2017-10-22";"2017-10-28";3218;1635;2;4;31.68;11.09
7203;"CA-2017-156363";"2017-10-22";"2017-10-28";3218;147;2;5;32.7;-6.54
7204;"CA-2017-152079";"2017-01-20";"2017-01-21";3221;695;3;5;11.52;4.18
7205;"CA-2015-136224";"2015-05-31";"2015-05-31";3234;823;4;3;10.27;1.16
7206;"US-2016-121013";"2016-09-05";"2016-09-10";3245;1416;2;3;1652.94;314.06
7207;"US-2016-121013";"2016-09-05";"2016-09-10";3245;1277;2;2;25.06;11.78
7208;"CA-2014-144029";"2014-05-26";"2014-05-31";3252;935;2;3;13.39;3.18
7209;"CA-2014-144029";"2014-05-26";"2014-05-31";3252;1099;2;2;359.77;-5.14
7210;"CA-2014-144029";"2014-05-26";"2014-05-31";3252;1284;2;3;102.62;7.7
7211;"US-2014-147774";"2014-01-20";"2014-01-26";3259;1070;2;1;67.19;-51.52
7212;"CA-2017-112172";"2017-06-10";"2017-06-14";3265;1207;1;3;14.13;0.71
7213;"CA-2016-165673";"2016-05-15";"2016-05-19";3270;1380;1;4;15.23;5.52
7214;"CA-2017-100097";"2017-11-26";"2017-11-29";3273;1391;1;5;135.3;37.88
7215;"CA-2017-100097";"2017-11-26";"2017-11-29";3273;1346;1;5;979.95;264.59
7216;"CA-2014-162089";"2014-03-30";"2014-04-01";3287;921;3;7;127.3;-9.09
7217;"CA-2014-162089";"2014-03-30";"2014-04-01";3287;974;3;7;251.94;88.18
7218;"CA-2014-162089";"2014-03-30";"2014-04-01";3287;299;3;5;335.72;113.31
7219;"US-2015-145121";"2015-10-02";"2015-10-06";3296;182;2;5;26.9;13.18
7220;"CA-2015-110765";"2015-10-16";"2015-10-20";3297;877;1;3;824.97;214.49
7221;"CA-2015-166338";"2015-12-06";"2015-12-07";3306;58;3;3;14.83;-10.38
7222;"CA-2015-134257";"2015-03-16";"2015-03-19";3332;213;1;2;7.38;3.39
7223;"CA-2015-134257";"2015-03-16";"2015-03-19";3332;590;1;5;491.55;240.86
7224;"CA-2014-138709";"2014-07-04";"2014-07-09";3336;694;2;5;15.6;7.64
7225;"CA-2014-138709";"2014-07-04";"2014-07-09";3336;708;2;3;21.84;10.92
7226;"CA-2017-103415";"2017-12-03";"2017-12-08";3373;1772;2;2;13.59;-14.27
7227;"CA-2016-138667";"2016-12-27";"2016-12-30";3386;868;1;2;40.0;0.5
7228;"CA-2017-138618";"2017-12-01";"2017-12-08";3396;1526;2;2;10.37;3.63
7229;"CA-2017-133067";"2017-05-04";"2017-05-10";3405;1795;2;2;2.2;-1.54
7230;"CA-2017-167626";"2017-09-03";"2017-09-07";3406;617;2;2;100.8;21.42
7231;"CA-2016-114748";"2016-10-09";"2016-10-14";3409;777;2;1;1.41;0.16
7232;"CA-2014-151967";"2014-10-22";"2014-10-26";3419;1316;2;4;129.92;10.39
7233;"CA-2015-101126";"2015-02-10";"2015-02-14";3421;1215;1;5;77.24;7.72
7234;"CA-2016-132066";"2016-10-16";"2016-10-20";3425;20;2;1;142.18;-37.92
7235;"CA-2014-111899";"2014-05-04";"2014-05-05";3430;1686;3;6;5.47;1.85
7236;"CA-2014-111899";"2014-05-04";"2014-05-05";3430;1455;3;2;37.84;2.84
7237;"CA-2017-139402";"2017-12-09";"2017-12-13";3445;1759;2;3;13.01;-9.97
7238;"CA-2017-139402";"2017-12-09";"2017-12-13";3445;888;2;5;419.4;146.79
7239;"CA-2016-147473";"2016-05-30";"2016-06-03";3511;1507;2;6;38.88;18.66
7240;"CA-2014-150581";"2014-04-08";"2014-04-12";3514;511;2;4;399.96;139.99
7241;"CA-2014-150581";"2014-04-08";"2014-04-12";3514;484;2;1;99.59;2.49
7242;"CA-2015-136805";"2015-05-23";"2015-05-27";3517;879;1;9;75.33;19.59
7243;"CA-2015-136805";"2015-05-23";"2015-05-27";3517;1112;1;5;850.5;245.7
7244;"CA-2014-117464";"2014-07-22";"2014-07-24";3530;1031;1;3;170.35;19.16
7245;"CA-2014-117464";"2014-07-22";"2014-07-24";3530;65;1;10;236.5;68.59
7246;"CA-2014-117464";"2014-07-22";"2014-07-24";3530;1052;1;3;717.72;71.77
7247;"CA-2014-117464";"2014-07-22";"2014-07-24";3530;555;1;4;11.52;3.23
7248;"CA-2015-138485";"2015-02-27";"2015-03-01";3534;684;1;9;538.92;80.84
7249;"CA-2016-162110";"2016-07-18";"2016-07-22";3535;197;2;1;55.99;3.5
7250;"CA-2014-142510";"2014-12-22";"2014-12-29";3547;1317;2;4;124.03;44.96
7251;"CA-2014-142510";"2014-12-22";"2014-12-29";3547;651;2;6;17.9;-31.33
7252;"CA-2014-142510";"2014-12-22";"2014-12-29";3547;274;2;1;132.16;9.91
7253;"CA-2016-125094";"2016-11-05";"2016-11-09";3549;1789;2;4;479.72;52.77
7254;"CA-2017-121195";"2017-12-24";"2017-12-27";3559;274;3;2;264.32;19.82
7255;"CA-2017-150609";"2017-04-30";"2017-05-04";3586;560;2;5;23.24;7.55
7256;"CA-2017-140508";"2017-09-18";"2017-09-21";3608;29;3;4;114.85;35.89
7257;"CA-2017-161970";"2017-09-22";"2017-09-27";3614;1794;2;3;17.94;6.46
7258;"CA-2017-161970";"2017-09-22";"2017-09-27";3614;1204;2;2;12.96;6.22
7259;"US-2017-101518";"2017-11-03";"2017-11-08";3615;1581;2;3;40.78;0.51
7260;"US-2014-111353";"2014-11-29";"2014-12-06";3617;157;2;2;25.06;11.78
7261;"CA-2017-122056";"2017-06-13";"2017-06-17";3665;1264;2;7;181.86;50.92
7262;"CA-2016-160136";"2016-11-03";"2016-11-09";3674;1203;2;2;9.25;3.35
7263;"CA-2016-153101";"2016-09-08";"2016-09-08";3681;1211;4;1;146.04;-12.78
7264;"CA-2017-163069";"2017-08-18";"2017-08-21";3684;743;1;3;9.91;1.24
7265;"CA-2016-166282";"2016-04-16";"2016-04-22";3688;1744;2;7;123.09;40.0
7266;"CA-2016-166282";"2016-04-16";"2016-04-22";3688;942;2;4;35.17;8.35
7267;"US-2015-134558";"2015-12-19";"2015-12-24";3707;493;1;4;1053.16;-105.32
7268;"US-2015-134558";"2015-12-19";"2015-12-24";3707;1490;1;9;2249.91;517.48
7269;"US-2015-134558";"2015-12-19";"2015-12-24";3707;1206;1;5;29.9;14.65
7270;"CA-2016-138597";"2016-12-18";"2016-12-21";3714;523;3;3;563.94;112.79
7271;"US-2017-101784";"2017-07-06";"2017-07-11";3725;173;2;3;122.14;-13.74
7272;"US-2015-156797";"2015-08-11";"2015-08-15";3736;543;2;2;138.0;34.5
7273;"US-2015-156797";"2015-08-11";"2015-08-15";3736;220;2;2;11.96;3.11
7274;"CA-2016-147683";"2016-11-13";"2016-11-17";3741;1162;2;2;19.54;7.23
7275;"CA-2015-125563";"2015-04-11";"2015-04-17";3761;469;2;3;54.53;14.31
7276;"CA-2015-125563";"2015-04-11";"2015-04-17";3761;269;2;2;67.36;10.1
7277;"CA-2014-126963";"2014-06-15";"2014-06-15";3765;1727;4;2;36.54;11.88
7278;"CA-2017-128965";"2017-04-17";"2017-04-22";3769;1193;2;3;218.35;-19.11
7279;"CA-2017-128965";"2017-04-17";"2017-04-22";3769;1065;2;8;23.04;11.29
7280;"CA-2017-128965";"2017-04-17";"2017-04-22";3769;414;2;11;274.89;46.73
7281;"CA-2017-128965";"2017-04-17";"2017-04-22";3769;1102;2;5;10.9;3.6
7282;"CA-2017-128965";"2017-04-17";"2017-04-22";3769;1022;2;2;7.38;3.47
7283;"CA-2017-128965";"2017-04-17";"2017-04-22";3769;1079;2;3;28.14;13.51
7284;"CA-2017-156237";"2017-09-14";"2017-09-15";3770;729;3;2;241.17;-168.82
7285;"CA-2017-156237";"2017-09-14";"2017-09-15";3770;1784;3;8;127.94;4.8
7286;"CA-2017-156237";"2017-09-14";"2017-09-15";3770;908;3;4;18.31;-12.21
7287;"CA-2017-156237";"2017-09-14";"2017-09-15";3770;66;3;2;113.37;-29.15
7288;"CA-2017-156237";"2017-09-14";"2017-09-15";3770;1773;3;1;12.59;-18.04
7289;"CA-2017-156237";"2017-09-14";"2017-09-15";3770;496;3;2;3.88;-2.59
7290;"US-2014-120740";"2014-04-15";"2014-04-15";3771;358;4;4;187.76;76.98
7291;"US-2014-120740";"2014-04-15";"2014-04-15";3771;558;4;2;106.96;31.02
7292;"CA-2017-109211";"2017-04-04";"2017-04-10";3784;475;2;1;16.98;8.49
7293;"US-2016-152373";"2016-09-05";"2016-09-11";3787;132;2;3;93.46;-17.52
7294;"CA-2016-140438";"2016-12-24";"2016-12-27";3800;1399;1;3;197.97;53.45
7295;"CA-2015-162782";"2015-02-21";"2015-02-27";3806;261;2;2;2541.98;1270.99
7296;"CA-2016-109652";"2016-04-10";"2016-04-15";3816;786;2;4;13.57;3.22
7297;"US-2017-106145";"2017-09-26";"2017-09-26";3834;813;4;3;931.18;314.27
7298;"US-2017-106145";"2017-09-26";"2017-09-26";3834;87;4;3;17.04;5.54
7299;"US-2017-106145";"2017-09-26";"2017-09-26";3834;1290;4;6;35.88;16.15
7300;"US-2017-106145";"2017-09-26";"2017-09-26";3834;1378;4;3;9.24;2.96
7301;"US-2017-106145";"2017-09-26";"2017-09-26";3834;1548;4;6;71.88;33.06
7302;"CA-2016-109953";"2016-07-14";"2016-07-18";3855;237;2;4;30.8;10.16
7303;"CA-2016-109953";"2016-07-14";"2016-07-18";3855;1639;2;7;151.62;50.03
7304;"CA-2016-109953";"2016-07-14";"2016-07-18";3855;131;2;3;110.38;12.42
7305;"US-2014-144078";"2014-11-25";"2014-11-29";3862;1803;2;3;7.44;2.6
7306;"US-2014-144078";"2014-11-25";"2014-11-29";3862;504;2;4;725.34;54.4
7307;"US-2014-144078";"2014-11-25";"2014-11-29";3862;68;2;5;539.92;47.24
7308;"US-2016-104815";"2016-09-03";"2016-09-07";3879;1622;2;4;198.74;0.0
7309;"CA-2014-125682";"2014-11-22";"2014-11-25";3885;1348;3;2;9.96;4.88
7310;"CA-2017-157672";"2017-10-05";"2017-10-07";3898;531;3;2;63.82;13.56
7311;"US-2016-144351";"2016-11-14";"2016-11-18";3910;1278;2;3;89.97;25.19
7312;"CA-2017-131653";"2017-01-29";"2017-02-05";3927;575;2;2;5.22;2.4
7313;"CA-2016-151974";"2016-09-22";"2016-09-29";3933;472;2;5;16.52;5.37
7314;"CA-2014-157546";"2014-07-20";"2014-07-22";3935;59;3;3;22.83;10.73
7315;"CA-2014-157546";"2014-07-20";"2014-07-22";3935;226;3;6;89.71;30.28
7316;"CA-2014-161249";"2014-08-09";"2014-08-13";3936;941;2;5;9.35;-6.54
7317;"CA-2014-161249";"2014-08-09";"2014-08-13";3936;947;2;3;4.46;-0.95
7318;"CA-2017-127474";"2017-02-03";"2017-02-07";3950;1376;1;5;419.4;146.79
7319;"CA-2017-127474";"2017-02-03";"2017-02-07";3950;1479;1;1;22.2;-26.09
7320;"CA-2017-127474";"2017-02-03";"2017-02-07";3950;1310;1;2;65.58;23.77
7321;"CA-2017-127474";"2017-02-03";"2017-02-07";3950;884;1;1;5.18;1.81
7322;"CA-2015-148964";"2015-05-26";"2015-05-31";3957;647;2;1;20.24;7.89
7323;"CA-2016-140382";"2016-06-23";"2016-06-25";3958;519;1;1;19.98;9.39
7324;"CA-2016-140382";"2016-06-23";"2016-06-25";3958;773;1;7;862.34;97.01
7325;"CA-2016-140382";"2016-06-23";"2016-06-25";3958;330;1;3;21.93;10.31
7326;"CA-2016-140382";"2016-06-23";"2016-06-25";3958;1369;1;4;93.68;25.29
7327;"CA-2015-139248";"2015-07-25";"2015-07-30";3963;1790;2;5;623.96;39.0
7328;"CA-2014-148425";"2014-11-30";"2014-12-04";3974;1679;2;9;6.64;-4.43
7329;"CA-2016-145009";"2016-12-05";"2016-12-08";3979;542;1;3;11.95;3.88
7330;"CA-2016-139381";"2016-04-18";"2016-04-22";3990;419;2;4;203.92;55.06
7331;"CA-2015-167255";"2015-09-27";"2015-09-29";4002;460;1;2;12.96;6.22
7332;"CA-2015-167255";"2015-09-27";"2015-09-29";4002;183;1;3;146.82;73.41
7333;"CA-2015-167255";"2015-09-27";"2015-09-29";4002;379;1;1;15.51;4.34
7334;"CA-2015-109386";"2015-11-08";"2015-11-13";4009;577;1;5;27.9;6.98
7335;"CA-2015-109386";"2015-11-08";"2015-11-13";4009;136;1;7;265.86;79.76
7336;"CA-2015-109386";"2015-11-08";"2015-11-13";4009;1515;1;3;186.54;41.04
7337;"CA-2015-109386";"2015-11-08";"2015-11-13";4009;1447;1;5;226.2;58.81
7338;"CA-2015-109386";"2015-11-08";"2015-11-13";4009;626;1;3;44.43;18.66
7339;"CA-2014-133830";"2014-12-05";"2014-12-10";4013;608;2;3;15.0;7.2
7340;"CA-2014-133830";"2014-12-05";"2014-12-10";4013;1619;2;4;49.12;23.09
7341;"CA-2014-133830";"2014-12-05";"2014-12-10";4013;164;2;9;26.46;11.91
7342;"CA-2016-144764";"2016-09-02";"2016-09-08";4016;1780;2;3;1362.9;-19.47
7343;"CA-2016-144764";"2016-09-02";"2016-09-08";4016;485;2;2;35.17;-8.35
7344;"CA-2016-144764";"2016-09-02";"2016-09-08";4016;3;2;5;29.24;9.87
7345;"US-2017-151127";"2017-05-22";"2017-05-25";4018;1641;3;7;49.56;18.83
7346;"CA-2016-101980";"2016-08-19";"2016-08-20";4052;722;3;5;25.32;9.18
7347;"CA-2016-101980";"2016-08-19";"2016-08-20";4052;1592;3;2;276.78;89.95
7348;"CA-2016-101980";"2016-08-19";"2016-08-20";4052;682;3;6;146.69;55.01
7349;"CA-2017-104108";"2017-12-02";"2017-12-09";4062;1472;2;5;12.16;2.13
7350;"US-2016-159093";"2016-05-09";"2016-05-14";4072;1764;2;4;32.04;14.42
7351;"US-2017-128951";"2017-07-15";"2017-07-17";4074;53;3;2;12.96;6.22
7352;"US-2017-128951";"2017-07-15";"2017-07-17";4074;573;3;3;872.94;157.13
7353;"US-2017-128951";"2017-07-15";"2017-07-17";4074;962;3;3;179.94;50.38
7354;"CA-2014-106726";"2014-12-06";"2014-12-08";4077;654;3;7;1261.33;327.95
7355;"CA-2014-133354";"2014-02-22";"2014-02-24";4107;353;3;3;19.44;9.33
7356;"CA-2017-145807";"2017-02-09";"2017-02-13";4118;792;2;5;354.9;17.75
7357;"CA-2014-130421";"2014-03-03";"2014-03-07";4133;1209;2;3;176.77;-459.61
7358;"US-2014-131275";"2014-03-18";"2014-03-24";4138;1360;2;7;1856.19;334.11
7359;"US-2014-131275";"2014-03-18";"2014-03-24";4138;473;2;4;1279.97;415.99
7360;"US-2014-131275";"2014-03-18";"2014-03-24";4138;1479;2;2;111.0;14.43
7361;"US-2016-126452";"2016-08-21";"2016-08-28";4158;1555;2;9;47.52;21.38
7362;"US-2016-126452";"2016-08-21";"2016-08-28";4158;1168;2;2;12.96;6.22
7363;"US-2016-126452";"2016-08-21";"2016-08-28";4158;1344;2;9;2887.06;180.44
7364;"US-2016-126452";"2016-08-21";"2016-08-28";4158;1502;2;2;31.98;-8.0
7365;"US-2016-126452";"2016-08-21";"2016-08-28";4158;134;2;3;254.97;91.79
7366;"US-2016-126452";"2016-08-21";"2016-08-28";4158;347;2;5;91.96;-20.69
7367;"US-2016-126452";"2016-08-21";"2016-08-28";4158;690;2;2;12.67;4.75
7368;"CA-2017-107132";"2017-06-26";"2017-06-30";4167;1451;2;3;68.52;31.52
7369;"CA-2017-107132";"2017-06-26";"2017-06-30";4167;627;2;4;713.88;214.16
7370;"CA-2017-107132";"2017-06-26";"2017-06-30";4167;667;2;5;28.4;8.24
7371;"CA-2017-107132";"2017-06-26";"2017-06-30";4167;629;2;2;102.37;37.11
7372;"CA-2016-101651";"2016-12-24";"2016-12-30";4170;284;2;7;39.76;18.69
7373;"CA-2016-101651";"2016-12-24";"2016-12-30";4170;1536;2;7;43.96;18.46
7374;"CA-2015-113740";"2015-08-24";"2015-08-28";4177;649;1;3;14.91;4.62
7375;"CA-2017-153843";"2017-03-13";"2017-03-15";4180;1513;3;4;27.12;12.48
7376;"CA-2017-153843";"2017-03-13";"2017-03-15";4180;1747;3;2;465.16;120.94
7377;"CA-2017-153843";"2017-03-13";"2017-03-15";4180;913;3;2;30.88;15.44
7378;"CA-2017-115119";"2017-10-26";"2017-10-30";4189;1460;2;7;81.44;-65.15
7379;"CA-2017-115119";"2017-10-26";"2017-10-30";4189;78;2;1;61.54;-13.33
7380;"CA-2015-162761";"2015-10-09";"2015-10-13";4192;1646;2;8;37.38;7.48
7381;"CA-2015-162761";"2015-10-09";"2015-10-13";4192;226;2;2;11.21;-8.6
7382;"CA-2015-162761";"2015-10-09";"2015-10-13";4192;694;2;2;1.87;-1.31
7383;"US-2017-141509";"2017-09-29";"2017-10-01";4195;1015;3;5;99.2;25.79
7384;"CA-2014-154781";"2014-11-21";"2014-11-26";4196;1312;2;1;94.99;28.5
7385;"CA-2014-154781";"2014-11-21";"2014-11-26";4196;1083;2;2;6.58;3.03
7386;"CA-2016-112277";"2016-09-10";"2016-09-15";4206;945;2;7;519.68;58.46
7387;"CA-2016-152457";"2016-09-12";"2016-09-18";4207;1451;2;3;68.52;31.52
7388;"CA-2017-145443";"2017-08-10";"2017-08-15";4210;1740;1;5;177.2;83.28
7389;"CA-2016-153661";"2016-01-30";"2016-01-31";4218;319;3;9;26.01;12.22
7390;"CA-2016-153661";"2016-01-30";"2016-01-31";4218;199;3;2;50.78;17.77
7391;"CA-2016-153661";"2016-01-30";"2016-01-31";4218;521;3;9;305.01;76.25
7392;"US-2016-114013";"2016-03-13";"2016-03-15";4224;1422;1;3;449.1;-643.71
7393;"US-2016-114013";"2016-03-13";"2016-03-15";4224;1802;1;2;126.08;-28.37
7394;"US-2016-114013";"2016-03-13";"2016-03-15";4224;913;1;5;23.16;-15.44
7395;"US-2016-114013";"2016-03-13";"2016-03-15";4224;1074;1;5;552.56;-138.14
7396;"US-2016-114013";"2016-03-13";"2016-03-15";4224;1592;1;1;51.9;-41.52
7397;"US-2016-114013";"2016-03-13";"2016-03-15";4224;1354;1;5;41.24;13.92
7398;"US-2016-114013";"2016-03-13";"2016-03-15";4224;591;1;3;539.91;-116.98
7399;"US-2016-114013";"2016-03-13";"2016-03-15";4224;1312;1;5;379.96;47.5
7400;"US-2016-114013";"2016-03-13";"2016-03-15";4224;304;1;2;386.68;-5.52
7401;"CA-2014-150329";"2014-10-10";"2014-10-14";4239;879;2;7;46.87;3.52
7402;"CA-2015-120782";"2015-04-28";"2015-05-01";4240;261;3;3;3812.97;1906.49
7403;"CA-2015-120782";"2015-04-28";"2015-05-01";4240;1176;3;1;186.73;41.5
7404;"CA-2016-130442";"2016-12-16";"2016-12-19";4260;1026;3;3;34.94;3.06
7405;"CA-2016-128811";"2016-09-12";"2016-09-16";4267;496;2;4;20.7;7.76
7406;"CA-2016-128811";"2016-09-12";"2016-09-16";4267;1630;2;3;11.07;5.2
7407;"CA-2016-128811";"2016-09-12";"2016-09-16";4267;463;2;3;10.47;4.82
7408;"CA-2015-162544";"2015-12-16";"2015-12-19";4282;1650;3;1;4.98;2.34
7409;"CA-2014-116190";"2014-07-26";"2014-08-01";4284;1666;2;3;25.71;9.26
7410;"CA-2014-116190";"2014-07-26";"2014-08-01";4284;157;2;13;162.89;76.56
7411;"CA-2014-116190";"2014-07-26";"2014-08-01";4284;1448;2;2;67.88;18.33
7412;"CA-2015-153535";"2015-05-20";"2015-05-24";4287;800;2;4;6.41;-4.91
7413;"CA-2015-153535";"2015-05-20";"2015-05-24";4287;976;2;4;163.14;20.39
7414;"CA-2017-125381";"2017-04-25";"2017-04-27";4296;795;1;3;107.97;22.67
7415;"CA-2017-139493";"2017-09-13";"2017-09-19";4297;565;2;5;15.92;2.79
7416;"CA-2016-144337";"2016-08-01";"2016-08-05";4299;115;1;2;19.65;6.63
7417;"CA-2014-115889";"2014-11-02";"2014-11-06";4314;195;2;2;362.92;105.25
7418;"CA-2014-115889";"2014-11-02";"2014-11-06";4314;1084;2;2;46.38;5.22
7419;"CA-2017-168172";"2017-08-06";"2017-08-10";4321;790;2;4;70.12;21.04
7420;"CA-2014-124247";"2014-12-16";"2014-12-21";4324;1087;2;5;1403.92;70.2
7421;"CA-2017-105669";"2017-09-17";"2017-09-22";4336;1350;1;6;1415.76;88.49
7422;"CA-2017-105669";"2017-09-17";"2017-09-22";4336;666;1;5;5.8;-10.15
7423;"CA-2017-105669";"2017-09-17";"2017-09-22";4336;1193;1;5;318.43;-77.33
7424;"CA-2017-105669";"2017-09-17";"2017-09-22";4336;128;1;3;9.91;3.22
7425;"CA-2017-100615";"2017-04-20";"2017-04-24";4340;748;2;5;14.56;-6.19
7426;"CA-2017-100615";"2017-04-20";"2017-04-24";4340;113;2;2;15.76;3.55
7427;"CA-2017-100615";"2017-04-20";"2017-04-24";4340;499;2;3;317.06;-18.12
7428;"CA-2017-122987";"2017-08-16";"2017-08-16";4341;734;4;4;67.14;-0.84
7429;"CA-2017-122987";"2017-08-16";"2017-08-16";4341;651;4;3;13.43;-11.19
7430;"CA-2017-156391";"2017-09-26";"2017-09-28";4355;846;3;1;2.22;0.56
7431;"CA-2014-159625";"2014-11-23";"2014-11-28";4357;1033;2;3;23.47;8.8
7432;"US-2016-154256";"2016-06-23";"2016-06-27";4359;1630;1;7;25.83;12.14
7433;"CA-2014-163412";"2014-12-20";"2014-12-23";4369;1159;1;3;192.19;36.3
7434;"CA-2017-154102";"2017-02-06";"2017-02-13";4383;1739;2;5;29.9;13.46
7435;"CA-2017-149076";"2017-01-14";"2017-01-19";4394;1674;2;5;154.9;69.71
7436;"CA-2017-166926";"2017-12-01";"2017-12-08";4397;1328;2;2;141.96;41.17
7437;"CA-2017-166926";"2017-12-01";"2017-12-08";4397;1739;2;7;41.86;18.84
7438;"US-2017-101840";"2017-02-06";"2017-02-12";4403;1759;2;4;46.24;15.61
7439;"US-2017-101840";"2017-02-06";"2017-02-12";4403;247;2;6;227.46;65.96
7440;"CA-2015-149636";"2015-01-06";"2015-01-12";4406;586;2;2;1.94;-1.36
7441;"CA-2015-149636";"2015-01-06";"2015-01-12";4406;1148;2;5;29.6;9.25
7442;"CA-2017-112844";"2017-11-13";"2017-11-16";4412;1685;1;3;154.95;30.99
7443;"CA-2017-112844";"2017-11-13";"2017-11-16";4412;147;1;4;43.6;12.21
7444;"CA-2016-149349";"2016-11-12";"2016-11-13";4420;1057;3;6;22.75;-8.53
7445;"CA-2014-119466";"2014-12-15";"2014-12-21";4421;1531;2;2;8.54;-7.48
7446;"CA-2015-156923";"2015-02-16";"2015-02-20";4423;278;2;6;35.88;16.15
7447;"CA-2017-169362";"2017-10-12";"2017-10-15";4430;414;3;2;39.98;-1.5
7448;"CA-2016-152800";"2016-04-13";"2016-04-15";4432;107;3;3;6.12;2.88
7449;"CA-2017-100412";"2017-12-22";"2017-12-26";4441;423;2;2;141.96;35.49
7450;"CA-2017-164756";"2017-09-18";"2017-09-22";4455;1670;2;5;244.55;114.94
7451;"CA-2017-164756";"2017-09-18";"2017-09-22";4455;167;2;2;411.98;119.47
7452;"CA-2017-164756";"2017-09-18";"2017-09-22";4455;1314;2;4;20.32;6.91
7453;"CA-2017-164756";"2017-09-18";"2017-09-22";4455;1168;2;4;25.92;12.44
7454;"CA-2017-164756";"2017-09-18";"2017-09-22";4455;136;2;3;113.94;34.18
7455;"CA-2017-164756";"2017-09-18";"2017-09-22";4455;222;2;7;50.96;24.46
7456;"CA-2017-164756";"2017-09-18";"2017-09-22";4455;384;2;8;95.68;26.79
7457;"CA-2014-124464";"2014-07-14";"2014-07-20";4464;539;2;1;39.48;11.05
7458;"US-2016-163538";"2016-08-26";"2016-08-30";4466;966;2;3;47.97;14.87
7459;"CA-2015-163965";"2015-11-20";"2015-11-27";4475;188;2;3;290.35;-36.29
7460;"CA-2015-163965";"2015-11-20";"2015-11-27";4475;369;2;4;62.88;-50.3
7461;"CA-2015-163965";"2015-11-20";"2015-11-27";4475;963;2;2;17.44;1.31
7462;"CA-2015-163965";"2015-11-20";"2015-11-27";4475;270;2;5;7.23;-5.78
7463;"CA-2014-164182";"2014-07-14";"2014-07-18";4479;848;2;2;41.58;4.68
7464;"CA-2014-164182";"2014-07-14";"2014-07-18";4479;1784;2;2;31.98;1.2
7465;"CA-2014-164182";"2014-07-14";"2014-07-18";4479;1728;2;2;23.99;-13.99
7466;"CA-2014-164182";"2014-07-14";"2014-07-18";4479;1787;2;1;13.49;-2.25
7467;"CA-2016-164490";"2016-09-05";"2016-09-10";4488;420;1;2;9.25;3.35
7468;"US-2017-165358";"2017-07-18";"2017-07-23";4498;1151;2;2;9.18;1.15
7469;"US-2017-165358";"2017-07-18";"2017-07-23";4498;423;2;4;198.74;-14.2
7470;"US-2017-165358";"2017-07-18";"2017-07-23";4498;1668;2;5;599.97;70.0
7471;"CA-2017-100237";"2017-10-15";"2017-10-19";4514;1646;2;2;11.68;4.2
7472;"US-2017-134642";"2017-02-25";"2017-03-01";4527;328;2;5;231.92;5.8
7473;"US-2017-134642";"2017-02-25";"2017-03-01";4527;967;2;2;196.78;-22.14
7474;"CA-2016-140249";"2016-09-27";"2016-10-03";4542;1704;2;2;1001.58;125.2
7475;"CA-2017-145429";"2017-07-21";"2017-07-25";4544;530;2;3;50.35;17.62
7476;"CA-2017-145429";"2017-07-21";"2017-07-25";4544;1141;2;2;225.3;22.53
7477;"CA-2017-145429";"2017-07-21";"2017-07-25";4544;1775;2;2;16.34;7.68
7478;"CA-2014-134726";"2014-11-02";"2014-11-07";4545;1399;1;1;52.79;4.62
7479;"CA-2014-134726";"2014-11-02";"2014-11-07";4545;943;1;2;41.94;15.1
7480;"CA-2016-129847";"2016-09-02";"2016-09-04";4559;1788;3;2;84.27;-75.84
7481;"CA-2017-145037";"2017-09-02";"2017-09-07";4566;1593;1;3;146.82;73.41
7482;"CA-2017-145037";"2017-09-02";"2017-09-07";4566;902;1;4;79.92;37.56
7483;"CA-2017-145037";"2017-09-02";"2017-09-07";4566;963;1;1;10.9;2.83
7484;"CA-2017-162096";"2017-11-10";"2017-11-10";4573;746;4;3;7.8;2.11
7485;"CA-2017-148985";"2017-11-11";"2017-11-15";4574;559;1;4;34.92;11.87
7486;"US-2016-166660";"2016-01-30";"2016-02-01";4578;1114;1;1;48.58;7.77
7487;"US-2016-166660";"2016-01-30";"2016-02-01";4578;1271;1;4;435.17;-59.84
7488;"US-2017-120147";"2017-03-30";"2017-03-30";4598;167;4;1;164.79;18.54
7489;"US-2017-120147";"2017-03-30";"2017-03-30";4598;1472;4;2;6.08;2.07
7490;"CA-2014-124394";"2014-10-17";"2014-10-22";4600;1161;1;3;119.98;-18.0
7491;"CA-2014-124394";"2014-10-17";"2014-10-22";4600;997;1;5;10.78;-17.25
7492;"CA-2014-168473";"2014-12-26";"2015-01-01";4602;926;2;6;191.88;19.19
7493;"CA-2016-118689";"2016-10-02";"2016-10-09";4626;476;2;2;33.96;9.51
7494;"CA-2016-118689";"2016-10-02";"2016-10-09";4626;1254;2;2;735.98;331.19
7495;"CA-2016-118689";"2016-10-02";"2016-10-09";4626;1367;2;5;17499.95;8399.98
7496;"CA-2016-118689";"2016-10-02";"2016-10-09";4626;600;2;2;32.48;4.87
7497;"CA-2017-124205";"2017-09-15";"2017-09-19";4628;793;2;2;81.96;0.0
7498;"CA-2017-124205";"2017-09-15";"2017-09-19";4628;949;2;6;395.94;102.94
7499;"CA-2017-124205";"2017-09-15";"2017-09-19";4628;1574;2;4;512.96;143.63
7500;"CA-2017-124205";"2017-09-15";"2017-09-19";4628;1163;2;5;47.4;18.96
7501;"CA-2017-121048";"2017-07-14";"2017-07-18";4633;116;2;3;470.38;52.92
7502;"CA-2017-121048";"2017-07-14";"2017-07-18";4633;216;2;3;140.97;19.74
7503;"CA-2017-121048";"2017-07-14";"2017-07-18";4633;407;2;3;18.84;7.91
7504;"CA-2017-121048";"2017-07-14";"2017-07-18";4633;112;2;4;71.92;20.86
7505;"CA-2017-121048";"2017-07-14";"2017-07-18";4633;658;2;3;276.69;49.8
7506;"CA-2017-121048";"2017-07-14";"2017-07-18";4633;809;2;2;4.45;1.45
7507;"CA-2017-155740";"2017-07-30";"2017-08-02";4644;629;3;4;76.78;-53.74
7508;"CA-2016-157217";"2016-07-19";"2016-07-21";4648;1588;3;3;389.97;132.59
7509;"CA-2016-157217";"2016-07-19";"2016-07-21";4648;1787;3;2;35.98;4.5
7510;"CA-2015-110345";"2015-03-09";"2015-03-11";4660;901;1;2;4.61;1.67
7511;"US-2017-104437";"2017-01-27";"2017-01-31";4664;1657;2;3;137.94;35.86
7512;"CA-2017-128783";"2017-09-07";"2017-09-07";4668;1391;4;5;135.3;37.88
7513;"CA-2017-128783";"2017-09-07";"2017-09-07";4668;602;4;4;113.52;46.54
7514;"CA-2014-148369";"2014-09-23";"2014-09-27";4674;1524;2;4;11.12;5.45
7515;"CA-2016-152520";"2016-07-08";"2016-07-12";4676;644;2;2;12.96;6.22
7516;"CA-2016-108224";"2016-05-14";"2016-05-14";4680;350;4;7;185.53;48.7
7517;"CA-2015-140557";"2015-09-07";"2015-09-11";4705;603;2;7;559.93;167.98
7518;"CA-2016-121377";"2016-05-28";"2016-06-02";4707;1046;2;1;286.4;25.06
7519;"US-2016-109260";"2016-09-26";"2016-10-01";4708;1208;2;3;431.98;-75.6
7520;"CA-2017-118892";"2017-08-17";"2017-08-22";4723;440;1;9;4416.17;-630.88
7521;"CA-2016-119515";"2016-08-14";"2016-08-16";4730;1420;3;3;15.55;5.44
7522;"CA-2016-110009";"2016-09-08";"2016-09-13";4732;442;2;1;43.13;14.66
7523;"CA-2016-155978";"2016-08-01";"2016-08-01";4747;16;4;2;45.96;13.79
7524;"CA-2016-155978";"2016-08-01";"2016-08-01";4747;1126;4;2;1039.73;90.98
7525;"CA-2016-113978";"2016-09-25";"2016-09-29";4766;1074;2;3;331.54;-82.88
7526;"CA-2016-113978";"2016-09-25";"2016-09-29";4766;359;2;2;24.22;-4.84
7527;"CA-2016-113978";"2016-09-25";"2016-09-29";4766;677;2;1;286.26;17.89
7528;"CA-2017-133487";"2017-05-06";"2017-05-09";4782;419;1;3;152.94;41.29
7529;"CA-2015-116876";"2015-02-14";"2015-02-21";4785;1704;2;1;625.99;187.8
7530;"CA-2015-116876";"2015-02-14";"2015-02-21";4785;1795;2;9;26.42;9.58
7531;"CA-2017-108035";"2017-11-29";"2017-12-03";4789;1583;2;5;101.52;19.04
7532;"CA-2017-108035";"2017-11-29";"2017-12-03";4789;2;2;2;390.37;48.8
7533;"CA-2017-141439";"2017-11-26";"2017-12-01";4806;304;2;3;828.6;240.29
7534;"CA-2017-141439";"2017-11-26";"2017-12-01";4806;974;2;2;89.98;43.19
7535;"CA-2017-141439";"2017-11-26";"2017-12-01";4806;696;2;2;27.46;9.89
7536;"CA-2017-141439";"2017-11-26";"2017-12-01";4806;1124;2;4;1879.96;545.19
7537;"CA-2017-141439";"2017-11-26";"2017-12-01";4806;1379;2;3;257.94;67.06
7538;"CA-2015-137113";"2015-12-01";"2015-12-05";4810;1012;1;3;146.73;2.93
7539;"CA-2015-137113";"2015-12-01";"2015-12-05";4810;492;1;9;1913.4;401.81
7540;"CA-2015-137113";"2015-12-01";"2015-12-05";4810;1204;1;5;32.4;15.55
7541;"CA-2015-137113";"2015-12-01";"2015-12-05";4810;245;1;5;2003.92;125.25
7542;"CA-2017-104850";"2017-06-13";"2017-06-19";4812;1193;2;4;291.14;-25.47
7543;"CA-2016-120369";"2016-10-28";"2016-10-28";4821;1797;4;5;756.8;75.68
7544;"CA-2015-166583";"2015-06-26";"2015-06-30";4827;1366;2;3;971.88;109.34
7545;"US-2017-115301";"2017-07-29";"2017-08-02";4839;328;2;2;115.96;25.51
7546;"US-2017-166394";"2017-09-04";"2017-09-06";4856;971;1;6;14.82;6.97
7547;"CA-2014-109932";"2014-12-09";"2014-12-11";4862;381;3;3;237.1;20.75
7548;"CA-2014-109932";"2014-12-09";"2014-12-11";4862;187;3;2;10.69;3.74
7549;"CA-2014-105417";"2014-01-07";"2014-01-12";4866;1509;2;7;10.43;-18.25
7550;"CA-2014-105417";"2014-01-07";"2014-01-12";4866;234;2;3;76.73;-53.71
7551;"US-2015-165512";"2015-05-24";"2015-05-26";4867;1185;1;6;7.66;-13.02
7552;"US-2015-165512";"2015-05-24";"2015-05-26";4867;967;1;7;602.65;-163.58
7553;"CA-2016-165330";"2016-12-11";"2016-12-11";4888;1795;4;2;5.87;2.13
7554;"CA-2016-165330";"2016-12-11";"2016-12-11";4888;354;4;2;83.42;24.19
7555;"CA-2016-165330";"2016-12-11";"2016-12-11";4888;1721;4;3;50.22;2.01
7556;"CA-2016-165330";"2016-12-11";"2016-12-11";4888;860;4;7;892.14;111.52
7557;"CA-2016-165330";"2016-12-11";"2016-12-11";4888;988;4;9;122.69;39.87
7558;"CA-2016-165330";"2016-12-11";"2016-12-11";4888;651;4;3;35.81;11.19
7559;"CA-2016-165330";"2016-12-11";"2016-12-11";4888;1193;4;5;363.92;-31.84
7560;"CA-2016-165330";"2016-12-11";"2016-12-11";4888;510;4;4;119.96;25.19
7561;"CA-2016-165330";"2016-12-11";"2016-12-11";4888;1712;4;2;23.32;6.06
7562;"CA-2016-165330";"2016-12-11";"2016-12-11";4888;369;4;5;209.6;68.12
7563;"CA-2015-154291";"2015-07-25";"2015-07-29";4908;863;2;2;358.58;39.44
7564;"CA-2015-154291";"2015-07-25";"2015-07-29";4908;368;2;9;98.46;49.23
7565;"CA-2015-129532";"2015-12-08";"2015-12-12";4909;723;2;4;236.0;40.12
7566;"CA-2015-129532";"2015-12-08";"2015-12-12";4909;39;2;2;221.96;4.44
7567;"CA-2015-130365";"2015-04-25";"2015-04-29";4918;1340;2;3;128.06;-23.78
7568;"CA-2015-130365";"2015-04-25";"2015-04-29";4918;1074;2;2;221.02;-55.26
7569;"CA-2017-115322";"2017-05-11";"2017-05-16";4924;851;1;3;43.92;12.74
7570;"CA-2014-143210";"2014-12-01";"2014-12-03";20;772;3;2;9.82;3.24
7571;"CA-2014-143210";"2014-12-01";"2014-12-03";20;1602;3;2;271.9;78.85
7572;"CA-2015-110863";"2015-11-17";"2015-11-24";21;1785;2;5;1323.9;383.93
7573;"CA-2015-110863";"2015-11-17";"2015-11-24";21;241;2;3;106.32;49.97
7574;"CA-2014-152905";"2014-02-18";"2014-02-24";25;1431;2;2;12.62;-2.52
7575;"CA-2016-140935";"2016-11-10";"2016-11-12";27;1014;3;2;341.96;54.71
7576;"CA-2016-140935";"2016-11-10";"2016-11-12";27;1707;3;2;221.98;62.15
7577;"CA-2017-107174";"2017-11-06";"2017-11-13";34;428;2;3;108.96;32.69
7578;"CA-2017-107174";"2017-11-06";"2017-11-13";34;524;2;2;449.57;-73.05
7579;"CA-2017-107174";"2017-11-06";"2017-11-13";34;573;2;7;2036.86;366.63
7580;"CA-2014-169061";"2014-03-05";"2014-03-08";44;1060;1;2;97.82;45.98
7581;"CA-2014-169061";"2014-03-05";"2014-03-08";44;1228;1;6;49.63;16.75
7582;"CA-2014-169061";"2014-03-05";"2014-03-08";44;609;1;2;18.62;5.4
7583;"CA-2014-169061";"2014-03-05";"2014-03-08";44;325;1;3;479.97;177.59
7584;"CA-2014-169061";"2014-03-05";"2014-03-08";44;74;1;3;59.52;15.48
7585;"CA-2015-144043";"2015-05-10";"2015-05-15";51;1188;2;4;46.69;-2.92
7586;"CA-2017-126634";"2017-03-30";"2017-04-01";53;977;1;5;94.2;39.56
7587;"CA-2016-134544";"2016-03-17";"2016-03-19";85;593;1;2;84.78;-20.14
7588;"CA-2017-125269";"2017-04-24";"2017-04-30";100;219;2;1;72.78;-18.2
7589;"CA-2017-125269";"2017-04-24";"2017-04-30";100;1078;2;5;10.43;-18.25
7590;"CA-2015-153738";"2015-09-20";"2015-09-22";109;1333;3;6;37.68;16.96
7591;"CA-2014-158470";"2014-04-19";"2014-04-23";121;169;1;11;71.28;34.21
7592;"CA-2014-158470";"2014-04-19";"2014-04-23";121;422;1;3;58.05;26.7
7593;"CA-2015-169572";"2015-09-06";"2015-09-12";136;1179;2;9;46.62;21.45
7594;"CA-2015-164084";"2015-09-07";"2015-09-12";137;950;2;4;7.24;2.39
7595;"CA-2015-164084";"2015-09-07";"2015-09-12";137;1344;2;2;481.18;-120.29
7596;"CA-2015-164084";"2015-09-07";"2015-09-12";137;1389;2;5;90.0;16.2
7597;"CA-2015-164084";"2015-09-07";"2015-09-12";137;1369;2;3;70.26;18.97
7598;"US-2017-146822";"2017-06-09";"2017-06-14";141;115;2;4;49.12;23.09
7599;"CA-2015-113222";"2015-11-09";"2015-11-09";146;371;4;3;10.74;5.16
7600;"CA-2015-136728";"2015-09-13";"2015-09-17";150;318;1;4;170.07;-12.15
7601;"CA-2015-136728";"2015-09-13";"2015-09-17";150;1033;1;1;7.82;2.93
7602;"CA-2015-115399";"2015-12-19";"2015-12-22";151;1065;3;3;6.91;2.51
7603;"CA-2014-157644";"2014-12-31";"2015-01-01";161;323;3;3;18.9;8.69
7604;"CA-2014-157644";"2014-12-31";"2015-01-01";161;315;3;3;34.77;11.47
7605;"CA-2016-144015";"2016-06-26";"2016-06-26";167;922;4;2;12.48;5.62
7606;"CA-2016-144015";"2016-06-26";"2016-06-26";167;509;4;5;17.9;8.95
7607;"CA-2016-144015";"2016-06-26";"2016-06-26";167;100;4;2;231.72;11.59
7608;"CA-2016-147109";"2016-12-17";"2016-12-21";169;1573;2;3;165.6;-6.21
7609;"CA-2016-147109";"2016-12-17";"2016-12-21";169;1111;2;10;51.84;18.14
7610;"CA-2017-125451";"2017-10-23";"2017-10-24";173;1018;3;1;2.22;0.67
7611;"CA-2017-125451";"2017-10-23";"2017-10-24";173;830;3;8;43.44;21.29
7612;"CA-2017-125451";"2017-10-23";"2017-10-24";173;698;3;3;637.9;-127.58
7613;"CA-2017-125451";"2017-10-23";"2017-10-24";173;1788;3;2;210.68;50.56
7614;"CA-2017-125451";"2017-10-23";"2017-10-24";173;1156;3;4;35.0;14.7
7615;"CA-2017-125451";"2017-10-23";"2017-10-24";173;1379;3;4;240.74;-13.76
7616;"CA-2016-135594";"2016-06-30";"2016-07-03";176;794;1;7;50.12;-0.63
7617;"CA-2016-144148";"2016-07-31";"2016-08-05";211;352;2;7;863.13;-32.37
7618;"CA-2014-131387";"2014-04-28";"2014-04-30";215;1160;3;5;1679.96;126.0
7619;"CA-2015-158918";"2015-12-20";"2015-12-25";219;1041;1;4;17.12;7.7
7620;"CA-2014-131800";"2014-12-30";"2015-01-04";246;722;2;7;35.45;12.85
7621;"CA-2014-131800";"2014-12-30";"2015-01-04";246;1819;2;3;122.94;30.74
7622;"US-2015-107944";"2015-03-23";"2015-03-25";249;1011;3;3;239.97;86.39
7623;"US-2015-107944";"2015-03-23";"2015-03-25";249;1117;3;11;192.72;92.51
7624;"CA-2015-138457";"2015-09-13";"2015-09-17";254;513;2;4;13.09;-10.04
7625;"CA-2015-151470";"2015-09-20";"2015-09-26";255;1257;2;11;45.58;16.52
7626;"CA-2016-104311";"2016-05-02";"2016-05-06";319;1072;2;2;5.04;1.76
7627;"CA-2016-104311";"2016-05-02";"2016-05-06";319;1273;2;3;12.67;-3.17
7628;"CA-2016-104311";"2016-05-02";"2016-05-06";319;1431;2;3;18.94;-3.79
7629;"CA-2016-143154";"2016-12-02";"2016-12-08";329;1573;2;3;165.6;-6.21
7630;"US-2016-164196";"2016-11-11";"2016-11-17";342;1584;2;6;2678.94;241.1
7631;"CA-2014-101392";"2014-12-07";"2014-12-13";345;1483;2;7;269.36;70.03
7632;"US-2017-129224";"2017-03-17";"2017-03-23";348;1065;2;2;4.61;1.67
7633;"CA-2014-146500";"2014-08-30";"2014-09-04";357;926;2;3;95.94;9.59
7634;"CA-2014-146500";"2014-08-30";"2014-09-04";357;801;2;5;25.3;11.89
7635;"CA-2016-116603";"2016-07-17";"2016-07-22";361;16;2;2;45.96;13.79
7636;"CA-2017-106824";"2017-07-07";"2017-07-11";364;890;2;3;5.94;0.12
7637;"CA-2016-120824";"2016-06-12";"2016-06-16";373;1103;1;9;67.54;6.75
7638;"CA-2016-120824";"2016-06-12";"2016-06-16";373;1615;1;2;379.37;-119.23
7639;"CA-2016-120824";"2016-06-12";"2016-06-16";373;1625;1;3;15.55;5.64
7640;"CA-2016-120824";"2016-06-12";"2016-06-16";373;1450;1;8;11.26;3.94
7641;"CA-2016-120824";"2016-06-12";"2016-06-16";373;559;1;2;6.98;-4.54
7642;"CA-2016-120824";"2016-06-12";"2016-06-16";373;1497;1;4;64.38;-160.96
7643;"CA-2014-101427";"2014-12-26";"2014-12-30";379;1205;2;3;8.02;1.1
7644;"CA-2016-139934";"2016-12-18";"2016-12-20";380;384;3;7;66.98;6.7
7645;"CA-2016-100993";"2016-02-05";"2016-02-10";386;232;2;4;159.97;-31.99
7646;"CA-2016-100993";"2016-02-05";"2016-02-10";386;470;2;4;557.73;6.97
7647;"CA-2016-100993";"2016-02-05";"2016-02-10";386;984;2;3;186.54;50.37
7648;"CA-2016-100993";"2016-02-05";"2016-02-10";386;416;2;3;14.73;7.22
7649;"CA-2014-169642";"2014-07-27";"2014-07-30";388;1074;1;2;276.28;0.0
7650;"CA-2015-115168";"2015-06-05";"2015-06-09";393;983;2;2;10.56;4.75
7651;"CA-2015-107083";"2015-11-21";"2015-11-27";394;114;2;5;7.98;-13.17
7652;"CA-2015-107083";"2015-11-21";"2015-11-27";394;1819;2;3;24.59;-67.62
7653;"CA-2015-107083";"2015-11-21";"2015-11-27";394;35;2;2;1.7;-2.54
7654;"CA-2015-107083";"2015-11-21";"2015-11-27";394;1205;2;2;5.34;0.73
7655;"CA-2016-123050";"2016-04-04";"2016-04-08";405;731;1;3;89.97;37.79
7656;"CA-2016-123050";"2016-04-04";"2016-04-08";405;336;1;2;31.02;8.07
7657;"CA-2016-123050";"2016-04-04";"2016-04-08";405;432;1;2;82.64;7.44
7658;"CA-2016-149335";"2016-07-25";"2016-07-25";406;743;4;9;37.17;11.15
7659;"CA-2016-167241";"2016-08-15";"2016-08-22";415;1079;2;4;37.52;18.01
7660;"CA-2016-167241";"2016-08-15";"2016-08-22";415;543;2;3;165.6;10.35
7661;"CA-2016-167241";"2016-08-15";"2016-08-22";415;1133;2;3;17.94;3.05
7662;"CA-2016-167241";"2016-08-15";"2016-08-22";415;335;2;3;312.03;43.68
7663;"US-2017-105935";"2017-01-26";"2017-01-31";426;1160;2;7;2939.93;764.38
7664;"US-2017-105935";"2017-01-26";"2017-01-31";426;150;2;4;62.72;24.46
7665;"CA-2017-124716";"2017-03-27";"2017-03-31";429;1758;2;3;11.94;5.97
7666;"CA-2017-124716";"2017-03-27";"2017-03-31";429;316;2;2;110.96;53.26
7667;"CA-2017-124716";"2017-03-27";"2017-03-31";429;1428;2;2;45.68;21.01
7668;"CA-2014-152254";"2014-06-30";"2014-06-30";437;316;4;7;310.69;108.74
7669;"CA-2015-110814";"2015-12-05";"2015-12-09";444;784;1;2;22.68;11.11
7670;"CA-2015-110814";"2015-12-05";"2015-12-09";444;1340;1;3;164.65;12.81
7671;"CA-2015-110814";"2015-12-05";"2015-12-09";444;951;1;5;232.4;78.44
7672;"CA-2017-146192";"2017-04-22";"2017-04-26";448;887;2;3;675.06;87.76
7673;"CA-2016-165918";"2016-09-10";"2016-09-14";454;642;2;3;39.62;13.87
7674;"CA-2016-165918";"2016-09-10";"2016-09-14";454;1069;2;2;81.98;40.17
7675;"CA-2016-165918";"2016-09-10";"2016-09-14";454;1520;2;3;14.26;4.46
7676;"CA-2016-165918";"2016-09-10";"2016-09-14";454;1630;2;2;7.38;3.47
7677;"CA-2017-145338";"2017-01-29";"2017-02-01";456;24;3;2;4.77;0.48
7678;"CA-2014-109904";"2014-07-14";"2014-07-17";474;798;1;3;17.94;4.49
7679;"CA-2015-145758";"2015-10-30";"2015-10-30";486;1822;4;4;1035.8;269.31
7680;"CA-2017-114804";"2017-10-17";"2017-10-19";491;411;1;1;52.79;4.62
7681;"CA-2016-159891";"2016-01-31";"2016-02-06";500;1292;2;8;125.36;58.92
7682;"CA-2016-159891";"2016-01-31";"2016-02-06";500;261;2;1;1270.99;635.5
7683;"CA-2014-103219";"2014-11-09";"2014-11-13";506;1358;2;9;56.52;21.48
7684;"CA-2017-169012";"2017-07-10";"2017-07-14";511;1786;2;3;41.91;10.9
7685;"CA-2015-141565";"2015-09-20";"2015-09-24";515;446;2;4;294.37;-58.87
7686;"CA-2015-141565";"2015-09-20";"2015-09-24";515;548;2;6;1369.76;-913.18
7687;"CA-2016-134110";"2016-11-17";"2016-11-18";517;1380;3;4;15.23;5.52
7688;"CA-2016-134110";"2016-11-17";"2016-11-18";517;1192;3;3;67.18;6.72
7689;"CA-2017-105543";"2017-11-24";"2017-11-24";526;1498;4;1;33.29;7.99
7690;"CA-2017-135419";"2017-11-03";"2017-11-09";532;1776;2;4;486.37;36.48
7691;"CA-2017-135587";"2017-12-07";"2017-12-12";540;447;2;4;52.0;23.4
7692;"CA-2017-135587";"2017-12-07";"2017-12-12";540;1139;2;4;320.64;89.78
7693;"CA-2017-155642";"2017-05-18";"2017-05-22";555;435;2;1;1.89;-0.99
7694;"CA-2017-155642";"2017-05-18";"2017-05-22";555;977;2;3;22.61;-10.17
7695;"CA-2017-121678";"2017-11-16";"2017-11-20";566;645;1;1;1.82;-1.4
7696;"CA-2015-165813";"2015-03-20";"2015-03-22";571;817;1;3;29.3;2.56
7697;"CA-2017-114370";"2017-03-14";"2017-03-17";579;1652;1;2;49.62;4.96
7698;"CA-2017-128076";"2017-02-02";"2017-02-07";588;1778;2;2;239.98;39.0
7699;"CA-2017-128076";"2017-02-02";"2017-02-07";588;422;2;2;30.96;10.06
7700;"CA-2017-128076";"2017-02-02";"2017-02-07";588;923;2;2;210.58;12.63
7701;"CA-2017-132199";"2017-05-03";"2017-05-08";589;608;2;2;8.0;2.8
7702;"CA-2017-132199";"2017-05-03";"2017-05-08";589;484;2;5;373.47;-112.04
7703;"CA-2017-132199";"2017-05-03";"2017-05-08";589;588;2;4;26.39;-17.59
7704;"CA-2014-162992";"2014-12-19";"2014-12-21";600;623;3;4;211.17;15.84
7705;"CA-2014-162992";"2014-12-19";"2014-12-21";600;1488;3;5;583.8;72.98
7706;"CA-2014-162992";"2014-12-19";"2014-12-21";600;443;3;5;22.55;8.79
7707;"CA-2014-162992";"2014-12-19";"2014-12-21";600;330;3;2;14.62;6.87
7708;"CA-2017-135377";"2017-12-13";"2017-12-18";607;332;2;3;287.98;7.2
7709;"CA-2016-150483";"2016-05-31";"2016-06-04";629;724;2;2;10.37;3.63
7710;"CA-2016-150483";"2016-05-31";"2016-06-04";629;1153;2;3;191.08;-38.22
7711;"CA-2016-150483";"2016-05-31";"2016-06-04";629;1811;2;4;18.5;6.7
7712;"CA-2016-150483";"2016-05-31";"2016-06-04";629;1814;2;3;32.06;-12.83
7713;"CA-2017-156664";"2017-12-18";"2017-12-23";633;606;2;2;130.11;13.01
7714;"CA-2017-156664";"2017-12-18";"2017-12-23";633;196;2;3;4.82;1.75
7715;"CA-2017-156664";"2017-12-18";"2017-12-23";633;1255;2;3;7.24;-6.03
7716;"US-2014-148194";"2014-05-04";"2014-05-07";634;702;3;4;57.68;19.03
7717;"US-2014-148194";"2014-05-04";"2014-05-07";634;692;3;7;12.18;3.9
7718;"US-2014-143581";"2014-08-19";"2014-08-23";635;296;2;3;344.91;10.35
7719;"CA-2014-107398";"2014-08-25";"2014-08-30";645;249;2;8;20.86;-16.68
7720;"CA-2014-107398";"2014-08-25";"2014-08-30";645;1120;2;3;2.86;-2.29
7721;"CA-2014-107398";"2014-08-25";"2014-08-30";645;551;2;4;6.53;-4.57
7722;"CA-2016-156748";"2016-11-30";"2016-12-06";656;207;2;3;389.97;35.1
7723;"CA-2016-156748";"2016-11-30";"2016-12-06";656;792;2;7;496.86;24.84
7724;"CA-2016-156748";"2016-11-30";"2016-12-06";656;650;2;2;13.76;6.33
7725;"CA-2017-117513";"2017-03-03";"2017-03-08";672;597;2;7;399.67;-14.99
7726;"CA-2014-151946";"2014-06-04";"2014-06-09";673;852;2;2;13.96;6.7
7727;"CA-2014-151946";"2014-06-04";"2014-06-09";673;356;2;2;353.57;-44.2
7728;"CA-2014-151946";"2014-06-04";"2014-06-09";673;758;2;4;15.56;4.05
7729;"CA-2014-151946";"2014-06-04";"2014-06-09";673;1122;2;2;56.96;21.08
7730;"CA-2014-121629";"2014-11-28";"2014-12-02";684;929;2;5;998.85;-199.77
7731;"CA-2015-137302";"2015-04-26";"2015-05-01";699;530;2;3;50.35;17.62
7732;"CA-2015-137302";"2015-04-26";"2015-05-01";699;1723;2;3;311.98;39.0
7733;"CA-2015-137302";"2015-04-26";"2015-05-01";699;74;2;3;59.52;15.48
7734;"CA-2015-137302";"2015-04-26";"2015-05-01";699;1375;2;3;63.94;6.39
7735;"CA-2016-127194";"2016-12-10";"2016-12-16";702;314;2;9;62.82;29.53
7736;"CA-2014-109897";"2014-08-12";"2014-08-16";706;1122;2;3;85.44;31.61
7737;"CA-2014-109897";"2014-08-12";"2014-08-16";706;1471;2;8;806.34;50.4
7738;"CA-2014-167997";"2014-01-26";"2014-01-29";711;508;3;2;141.96;39.75
7739;"CA-2014-167997";"2014-01-26";"2014-01-29";711;1104;3;2;10.68;5.02
7740;"CA-2017-122112";"2017-09-25";"2017-09-29";716;614;2;4;24.45;8.86
7741;"US-2016-164945";"2016-11-22";"2016-11-27";720;530;2;8;134.27;47.0
7742;"CA-2017-102610";"2017-11-04";"2017-11-08";730;774;2;2;4.93;1.72
7743;"CA-2017-102610";"2017-11-04";"2017-11-08";730;1520;2;2;3.56;-2.97
7744;"CA-2017-102610";"2017-11-04";"2017-11-08";730;1745;2;9;143.93;-32.38
7745;"CA-2017-102610";"2017-11-04";"2017-11-08";730;208;2;3;95.98;15.6
7746;"US-2016-116365";"2016-01-03";"2016-01-08";732;1447;2;5;180.96;13.57
7747;"US-2016-116365";"2016-01-03";"2016-01-08";732;1573;2;3;165.6;-6.21
7748;"US-2016-116365";"2016-01-03";"2016-01-08";732;1146;2;2;30.08;-5.26
7749;"CA-2015-135853";"2015-12-11";"2015-12-14";738;742;3;2;23.0;10.35
7750;"CA-2015-135853";"2015-12-11";"2015-12-14";738;1471;3;1;125.99;31.5
7751;"CA-2015-135853";"2015-12-11";"2015-12-14";738;914;3;11;175.23;61.33
7752;"CA-2015-121188";"2015-08-28";"2015-09-04";745;760;2;2;4.16;1.75
7753;"CA-2015-121188";"2015-08-28";"2015-09-04";745;1004;2;3;43.18;15.11
7754;"CA-2015-121188";"2015-08-28";"2015-09-04";745;1228;2;5;41.36;13.96
7755;"CA-2015-121188";"2015-08-28";"2015-09-04";745;340;2;9;728.82;29.15
7756;"CA-2015-121188";"2015-08-28";"2015-09-04";745;454;2;2;307.67;28.96
7757;"CA-2015-121188";"2015-08-28";"2015-09-04";745;627;2;5;892.35;267.71
7758;"US-2017-102904";"2017-11-13";"2017-11-20";751;563;2;8;239.92;23.99
7759;"CA-2015-113040";"2015-08-27";"2015-08-31";770;1185;2;1;5.1;1.66
7760;"CA-2014-161634";"2014-11-14";"2014-11-20";782;714;2;5;32.4;15.55
7761;"US-2017-155866";"2017-11-17";"2017-11-21";796;358;2;4;187.76;76.98
7762;"US-2017-155866";"2017-11-17";"2017-11-21";796;1053;2;6;38.88;18.66
7763;"US-2014-163146";"2014-05-16";"2014-05-20";807;1146;2;3;56.4;3.38
7764;"CA-2016-158260";"2016-11-04";"2016-11-08";810;1736;2;2;686.4;77.22
7765;"CA-2016-157707";"2016-10-10";"2016-10-12";824;252;3;1;120.78;13.59
7766;"CA-2016-157707";"2016-10-10";"2016-10-12";824;1728;3;1;15.99;-3.0
7767;"CA-2016-157707";"2016-10-10";"2016-10-12";824;1813;3;3;90.88;-190.85
7768;"CA-2015-109190";"2015-10-23";"2015-10-28";836;688;2;1;6.08;-10.34
7769;"CA-2015-109190";"2015-10-23";"2015-10-28";836;1668;2;3;479.98;161.99
7770;"CA-2015-109190";"2015-10-23";"2015-10-28";836;1580;2;8;60.74;20.5
7771;"CA-2016-145135";"2016-11-26";"2016-11-28";850;1482;3;2;13.36;6.41
7772;"CA-2016-145135";"2016-11-26";"2016-11-28";850;959;3;3;59.97;14.99
7773;"CA-2016-163951";"2016-12-30";"2017-01-02";862;1458;3;5;16.52;1.65
7774;"CA-2017-150469";"2017-01-26";"2017-01-30";867;907;2;8;11.84;5.68
7775;"CA-2017-102204";"2017-05-01";"2017-05-06";869;440;2;5;2803.92;0.0
7776;"CA-2017-102204";"2017-05-01";"2017-05-06";869;98;2;4;933.26;-458.15
7777;"CA-2017-102204";"2017-05-01";"2017-05-06";869;1678;2;2;3.33;0.42
7778;"US-2015-144771";"2015-10-02";"2015-10-04";875;373;3;3;53.04;-4.64
7779;"US-2015-144771";"2015-10-02";"2015-10-04";875;62;3;1;11.03;3.03
7780;"CA-2015-127754";"2015-07-26";"2015-07-31";902;520;2;3;266.35;13.32
7781;"CA-2016-118129";"2016-12-19";"2016-12-21";920;1610;1;5;303.92;-30.39
7782;"CA-2017-145765";"2017-05-28";"2017-06-02";932;134;2;4;271.97;54.39
7783;"CA-2017-145765";"2017-05-28";"2017-06-02";932;1214;2;3;15.55;5.44
7784;"CA-2017-145765";"2017-05-28";"2017-06-02";932;1673;2;5;195.96;19.6
7785;"CA-2017-121489";"2017-08-21";"2017-08-25";933;1274;1;2;33.18;11.61
7786;"CA-2017-121489";"2017-08-21";"2017-08-25";933;482;1;6;572.58;34.35
7787;"CA-2017-121489";"2017-08-21";"2017-08-25";933;329;1;6;388.7;38.87
7788;"CA-2017-149699";"2017-12-22";"2017-12-24";938;1312;3;5;474.95;142.49
7789;"CA-2017-162936";"2017-08-18";"2017-08-22";941;315;2;2;23.18;7.65
7790;"CA-2017-146164";"2017-12-22";"2017-12-26";950;256;2;2;31.16;7.79
7791;"CA-2017-146164";"2017-12-22";"2017-12-26";950;698;2;2;607.52;97.2
7792;"US-2016-114230";"2016-11-27";"2016-12-01";954;223;2;4;39.81;3.98
7793;"CA-2014-144974";"2014-09-26";"2014-09-30";970;93;2;6;41.38;3.1
7794;"CA-2014-144974";"2014-09-26";"2014-09-30";970;732;2;1;21.18;4.77
7795;"CA-2014-144974";"2014-09-26";"2014-09-30";970;163;2;5;5.97;-4.58
7796;"CA-2015-133585";"2015-03-01";"2015-03-04";972;915;3;6;1228.0;-36.12
7797;"CA-2015-133585";"2015-03-01";"2015-03-04";972;1425;3;2;55.33;6.22
7798;"US-2014-112949";"2014-06-20";"2014-06-27";973;1450;2;2;3.52;1.69
7799;"US-2014-112949";"2014-06-20";"2014-06-27";973;1138;2;6;471.9;155.73
7800;"US-2017-105998";"2017-11-03";"2017-11-05";996;470;3;12;1673.18;20.91
7801;"US-2017-105998";"2017-11-03";"2017-11-05";996;79;3;5;199.75;87.89
7802;"US-2014-112795";"2014-08-23";"2014-08-28";998;279;1;3;19.44;9.53
7803;"CA-2016-162159";"2016-09-16";"2016-09-18";999;194;3;2;121.78;30.45
7804;"CA-2015-128958";"2015-01-24";"2015-01-28";1004;736;2;5;13.12;2.13
7805;"CA-2017-159149";"2017-02-17";"2017-02-19";1005;880;3;4;438.34;-87.67
7806;"CA-2017-159149";"2017-02-17";"2017-02-19";1005;1816;3;6;175.44;52.63
7807;"CA-2017-159149";"2017-02-17";"2017-02-19";1005;125;3;1;89.07;-17.03
7808;"CA-2017-161592";"2017-04-06";"2017-04-10";1036;953;2;5;8.1;-5.94
7809;"US-2014-169390";"2014-02-07";"2014-02-10";1039;600;1;4;64.96;9.74
7810;"CA-2017-148992";"2017-11-23";"2017-11-27";1048;1482;2;2;10.69;3.74
7811;"CA-2016-133816";"2016-05-10";"2016-05-13";1062;546;1;2;743.99;-124.0
7812;"CA-2017-127096";"2017-09-15";"2017-09-17";1066;493;1;1;300.9;11.28
7813;"CA-2016-118073";"2016-08-12";"2016-08-16";1073;425;2;7;562.29;-255.59
7814;"US-2016-141264";"2016-08-13";"2016-08-19";1084;1209;2;1;58.92;-153.2
7815;"US-2016-141264";"2016-08-13";"2016-08-19";1084;100;2;2;185.38;-34.76
7816;"US-2014-137869";"2014-03-28";"2014-04-02";1089;1268;2;4;1184.72;106.62
7817;"US-2014-137869";"2014-03-28";"2014-04-02";1089;107;2;3;6.12;2.88
7818;"US-2016-144057";"2016-05-09";"2016-05-13";1094;627;2;6;856.66;107.08
7819;"CA-2017-137582";"2017-09-04";"2017-09-08";1101;1054;2;3;11.81;4.13
7820;"CA-2017-161655";"2017-05-13";"2017-05-18";1107;1129;1;9;299.52;149.76
7821;"CA-2017-152436";"2017-12-08";"2017-12-10";1108;381;1;6;592.74;160.04
7822;"CA-2017-117114";"2017-10-31";"2017-11-05";1116;641;2;3;9.91;3.22
7823;"CA-2017-117114";"2017-10-31";"2017-11-05";1116;302;2;4;508.77;38.16
7824;"CA-2016-101672";"2016-10-03";"2016-10-07";1124;1060;2;2;97.82;45.98
7825;"CA-2016-101672";"2016-10-03";"2016-10-07";1124;1335;2;2;8.56;3.85
7826;"CA-2016-101672";"2016-10-03";"2016-10-07";1124;160;2;4;915.14;102.95
7827;"CA-2016-101672";"2016-10-03";"2016-10-07";1124;534;2;2;6.16;2.96
7828;"CA-2015-136700";"2015-12-06";"2015-12-11";1143;839;1;2;8.96;4.39
7829;"US-2017-148551";"2017-01-12";"2017-01-16";1146;548;2;5;760.98;-1141.47
7830;"CA-2014-100972";"2014-11-19";"2014-11-24";1166;1362;1;3;166.44;79.89
7831;"CA-2015-143882";"2015-06-26";"2015-06-30";1167;118;2;9;43.06;15.61
7832;"CA-2017-115882";"2017-09-14";"2017-09-17";1181;752;3;3;74.35;23.24
7833;"CA-2017-115882";"2017-09-14";"2017-09-17";1181;1209;3;4;942.78;94.28
7834;"CA-2017-145779";"2017-05-06";"2017-05-10";1186;243;2;4;84.42;27.44
7835;"CA-2017-133074";"2017-09-21";"2017-09-25";1187;43;2;7;55.86;27.93
7836;"CA-2017-128363";"2017-08-13";"2017-08-18";1202;1785;2;2;423.65;47.66
7837;"CA-2017-128363";"2017-08-13";"2017-08-18";1202;213;2;5;14.76;4.8
7838;"CA-2017-128363";"2017-08-13";"2017-08-18";1202;842;2;1;31.98;0.0
7839;"CA-2017-128363";"2017-08-13";"2017-08-18";1202;1487;2;2;1.58;0.48
7840;"CA-2017-128363";"2017-08-13";"2017-08-18";1202;999;2;5;24.32;9.12
7841;"CA-2017-128363";"2017-08-13";"2017-08-18";1202;1045;2;6;1614.58;-1237.85
7842;"CA-2017-128363";"2017-08-13";"2017-08-18";1202;258;2;7;272.05;30.61
7843;"CA-2017-167017";"2017-11-23";"2017-11-25";1204;438;3;2;4.36;0.17
7844;"CA-2015-117884";"2015-03-22";"2015-03-22";1206;1698;4;9;150.41;-33.84
7845;"CA-2015-117884";"2015-03-22";"2015-03-22";1206;181;4;7;447.94;89.59
7846;"CA-2014-139423";"2014-11-01";"2014-11-05";1224;613;2;2;76.12;22.07
7847;"CA-2015-102316";"2015-03-01";"2015-03-03";1230;56;1;3;184.75;-20.78
7848;"CA-2015-102316";"2015-03-01";"2015-03-03";1230;204;1;2;15.98;1.2
7849;"CA-2014-156244";"2014-08-12";"2014-08-16";1235;1107;2;1;2.95;1.0
7850;"CA-2014-156244";"2014-08-12";"2014-08-16";1235;1496;2;2;5.55;-1.04
7851;"CA-2014-156244";"2014-08-12";"2014-08-16";1235;1164;2;6;211.25;15.84
7852;"CA-2014-156244";"2014-08-12";"2014-08-16";1235;602;2;7;158.93;41.72
7853;"CA-2014-156244";"2014-08-12";"2014-08-16";1235;920;2;5;47.96;4.2
7854;"CA-2014-156244";"2014-08-12";"2014-08-16";1235;1781;2;6;31.1;10.89
7855;"CA-2015-145324";"2015-11-15";"2015-11-19";1238;305;2;2;39.96;14.39
7856;"CA-2016-123540";"2016-04-02";"2016-04-06";1242;701;1;5;1454.9;378.27
7857;"US-2017-118535";"2017-02-11";"2017-02-15";1245;451;2;2;20.7;9.94
7858;"US-2017-132220";"2017-11-12";"2017-11-16";1250;1476;2;6;62.35;-10.91
7859;"CA-2016-120082";"2016-03-25";"2016-03-27";1258;781;1;3;59.52;17.86
7860;"CA-2017-168403";"2017-09-09";"2017-09-15";1263;1786;2;1;11.18;0.84
7861;"CA-2017-168403";"2017-09-09";"2017-09-15";1263;674;2;6;31.1;11.28
7862;"CA-2017-152310";"2017-08-12";"2017-08-19";1268;1761;2;6;100.7;37.76
7863;"CA-2017-152310";"2017-08-12";"2017-08-19";1268;1194;2;5;174.95;12.25
7864;"CA-2017-152310";"2017-08-12";"2017-08-19";1268;256;2;3;46.74;11.69
7865;"CA-2017-152310";"2017-08-12";"2017-08-19";1268;247;2;8;242.62;27.3
7866;"CA-2017-152310";"2017-08-12";"2017-08-19";1268;1665;2;4;192.16;92.24
7867;"CA-2017-152310";"2017-08-12";"2017-08-19";1268;1171;2;1;299.99;90.0
7868;"CA-2015-112767";"2015-08-02";"2015-08-06";1272;1568;2;4;277.5;-188.7
7869;"CA-2016-134334";"2016-02-14";"2016-02-15";1278;215;3;6;10.56;4.65
7870;"CA-2016-134334";"2016-02-14";"2016-02-15";1278;656;3;3;550.43;-47.18
7871;"CA-2016-134334";"2016-02-14";"2016-02-15";1278;1608;3;3;7.98;2.07
7872;"CA-2016-134334";"2016-02-14";"2016-02-15";1278;1532;3;1;4.77;2.15
7873;"CA-2017-100622";"2017-11-03";"2017-11-07";1281;579;2;2;10.69;3.74
7874;"CA-2017-100622";"2017-11-03";"2017-11-07";1281;1703;2;2;55.98;4.2
7875;"CA-2017-100622";"2017-11-03";"2017-11-07";1281;1480;2;2;4.09;-3.0
7876;"CA-2017-100622";"2017-11-03";"2017-11-07";1281;285;2;2;959.98;311.99
7877;"CA-2016-168543";"2016-07-03";"2016-07-07";1289;1718;2;7;706.86;197.92
7878;"CA-2017-133046";"2017-07-27";"2017-08-01";1299;216;1;5;234.95;32.89
7879;"CA-2017-133046";"2017-07-27";"2017-08-01";1299;1495;1;2;12.96;6.22
7880;"CA-2017-133046";"2017-07-27";"2017-08-01";1299;1403;1;4;26.2;12.05
7881;"CA-2017-133046";"2017-07-27";"2017-08-01";1299;664;1;3;23.88;10.51
7882;"CA-2016-106621";"2016-09-29";"2016-10-01";1345;1064;1;4;10.5;1.18
7883;"CA-2017-128769";"2017-09-07";"2017-09-12";1346;419;2;2;81.57;7.14
7884;"CA-2015-132465";"2015-09-11";"2015-09-15";1362;1645;1;4;772.68;108.18
7885;"CA-2015-132465";"2015-09-11";"2015-09-15";1362;38;1;1;19.99;6.8
7886;"CA-2015-132465";"2015-09-11";"2015-09-15";1362;1802;1;1;78.8;1.58
7887;"CA-2015-132465";"2015-09-11";"2015-09-15";1362;1788;1;2;210.68;50.56
7888;"CA-2014-119977";"2014-10-08";"2014-10-13";1365;737;1;4;123.92;55.76
7889;"CA-2016-151498";"2016-04-21";"2016-04-24";1367;230;3;5;8.32;2.81
7890;"CA-2015-126669";"2015-11-07";"2015-11-13";1379;833;2;2;76.64;26.82
7891;"CA-2017-118003";"2017-12-04";"2017-12-10";1384;488;2;3;302.94;18.18
7892;"CA-2017-118003";"2017-12-04";"2017-12-10";1384;318;2;3;182.22;45.56
7893;"CA-2017-118003";"2017-12-04";"2017-12-10";1384;1806;2;1;12.99;1.56
7894;"CA-2017-157350";"2017-08-26";"2017-09-01";1392;383;2;5;64.96;-43.85
7895;"CA-2016-162390";"2016-12-06";"2016-12-12";1395;689;2;2;479.98;90.0
7896;"CA-2016-162390";"2016-12-06";"2016-12-12";1395;64;2;13;222.35;77.82
7897;"CA-2016-162390";"2016-12-06";"2016-12-12";1395;1592;2;7;968.74;314.84
7898;"CA-2017-163671";"2017-12-24";"2017-12-30";1399;491;2;3;21.31;7.99
7899;"CA-2017-139822";"2017-09-15";"2017-09-21";1410;1539;2;2;59.98;10.8
7900;"CA-2017-139822";"2017-09-15";"2017-09-21";1410;1215;2;2;38.62;10.81
7901;"CA-2015-129217";"2015-05-10";"2015-05-10";1417;1355;4;2;36.78;3.68
7902;"CA-2015-129217";"2015-05-10";"2015-05-10";1417;297;4;5;70.97;-191.62
7903;"CA-2016-138583";"2016-05-24";"2016-05-28";1418;987;2;3;16.66;3.33
7904;"CA-2016-138478";"2016-10-21";"2016-10-26";1419;1607;1;3;4535.98;1644.29
7905;"CA-2016-138478";"2016-10-21";"2016-10-26";1419;1743;1;6;35.88;17.58
7906;"CA-2016-138478";"2016-10-21";"2016-10-26";1419;1381;1;3;113.22;29.44
7907;"CA-2014-100881";"2014-03-28";"2014-04-01";1431;364;2;3;302.38;22.68
7908;"CA-2016-160241";"2016-11-29";"2016-12-04";1436;1797;1;4;242.18;-302.72
7909;"CA-2016-119074";"2016-03-27";"2016-03-31";1447;1319;2;2;32.54;15.94
7910;"CA-2016-119074";"2016-03-27";"2016-03-31";1447;1557;2;4;39.92;11.18
7911;"CA-2016-119074";"2016-03-27";"2016-03-31";1447;1636;2;1;20.24;8.7
7912;"CA-2016-146325";"2016-12-14";"2016-12-17";1449;250;3;10;134.8;35.05
7913;"CA-2016-146325";"2016-12-14";"2016-12-17";1449;173;3;2;81.42;-9.16
7914;"CA-2016-128706";"2016-02-27";"2016-03-02";1473;1636;2;2;16.19;-6.88
7915;"CA-2016-104633";"2016-06-12";"2016-06-16";1492;1507;2;2;12.96;6.22
7916;"CA-2016-102813";"2016-07-02";"2016-07-03";1494;1526;3;8;41.47;14.52
7917;"CA-2016-102813";"2016-07-02";"2016-07-03";1494;616;3;5;528.43;0.0
7918;"CA-2016-166380";"2016-05-30";"2016-06-03";1509;458;2;2;111.98;26.88
7919;"CA-2016-166380";"2016-05-30";"2016-06-03";1509;141;2;9;26.55;12.74
7920;"CA-2016-137652";"2016-08-28";"2016-08-30";1510;1748;3;8;18.43;-12.29
7921;"US-2017-106551";"2017-07-22";"2017-07-27";1534;523;2;4;526.34;-75.19
7922;"CA-2015-106257";"2015-04-13";"2015-04-17";1539;591;1;2;479.92;41.99
7923;"CA-2015-106257";"2015-04-13";"2015-04-17";1539;691;1;2;241.57;-15.1
7924;"CA-2015-148705";"2015-03-12";"2015-03-18";1547;783;2;2;5.04;1.76
7925;"CA-2015-142930";"2015-11-28";"2015-12-02";1548;601;2;4;335.52;117.43
7926;"CA-2016-118311";"2016-10-24";"2016-10-28";1560;505;2;5;450.0;162.0
7927;"CA-2016-149916";"2016-12-22";"2016-12-24";1561;1684;1;1;11.56;3.76
7928;"CA-2016-149916";"2016-12-22";"2016-12-24";1561;287;1;4;55.36;19.38
7929;"US-2017-167570";"2017-12-08";"2017-12-15";1568;56;2;4;215.54;-58.5
7930;"CA-2017-152499";"2017-01-22";"2017-01-25";1579;1553;1;3;7.87;0.89
7931;"CA-2017-152499";"2017-01-22";"2017-01-25";1579;1244;1;5;15.12;4.91
7932;"CA-2017-124744";"2017-06-21";"2017-06-25";1610;893;2;8;447.84;219.44
7933;"CA-2017-124744";"2017-06-21";"2017-06-25";1610;694;2;2;6.24;3.06
7934;"CA-2017-124744";"2017-06-21";"2017-06-25";1610;58;2;5;82.4;40.38
7935;"CA-2014-105648";"2014-03-03";"2014-03-07";1622;1363;2;3;626.35;-23.49
7936;"CA-2016-142594";"2016-12-01";"2016-12-06";1623;470;1;3;366.01;-47.06
7937;"CA-2016-142594";"2016-12-01";"2016-12-06";1623;47;1;3;901.95;297.64
7938;"CA-2016-142594";"2016-12-01";"2016-12-06";1623;1342;1;5;111.15;48.91
7939;"CA-2016-142594";"2016-12-01";"2016-12-06";1623;1657;1;3;137.94;35.86
7940;"CA-2015-109603";"2015-01-26";"2015-02-01";1639;1451;2;8;182.72;84.05
7941;"CA-2017-149720";"2017-06-04";"2017-06-07";1653;1604;1;6;30.34;-17.44
7942;"CA-2017-133620";"2017-11-13";"2017-11-18";1654;402;2;1;11.21;3.36
7943;"CA-2015-163237";"2015-08-07";"2015-08-09";1655;1277;1;2;25.06;11.78
7944;"CA-2015-163237";"2015-08-07";"2015-08-09";1655;1435;1;3;494.97;148.49
7945;"CA-2017-132437";"2017-09-08";"2017-09-13";1658;1501;1;4;65.12;16.93
7946;"US-2016-131058";"2016-12-27";"2016-12-31";1662;695;2;7;20.16;9.88
7947;"CA-2017-167549";"2017-07-25";"2017-07-27";1666;1031;3;6;298.12;-4.26
7948;"CA-2016-126284";"2016-09-20";"2016-09-24";1669;1606;2;5;83.7;41.01
7949;"CA-2015-140718";"2015-07-02";"2015-07-04";1707;571;3;2;9.39;3.29
7950;"CA-2015-140718";"2015-07-02";"2015-07-04";1707;270;3;2;2.89;-2.31
7951;"CA-2015-140718";"2015-07-02";"2015-07-04";1707;840;3;10;159.84;45.95
7952;"CA-2015-140718";"2015-07-02";"2015-07-04";1707;945;3;1;74.24;8.35
7953;"CA-2015-104059";"2015-06-13";"2015-06-15";1712;706;1;1;3.42;0.3
7954;"CA-2016-147256";"2016-10-17";"2016-10-21";1715;1233;1;7;1927.59;751.76
7955;"CA-2016-147256";"2016-10-17";"2016-10-21";1715;1213;1;3;449.97;220.49
7956;"CA-2017-144456";"2017-09-08";"2017-09-09";1717;1399;3;3;158.38;13.86
7957;"CA-2017-144456";"2017-09-08";"2017-09-09";1717;152;3;5;61.68;5.4
7958;"CA-2015-138492";"2015-05-15";"2015-05-22";1722;326;2;2;51.97;-10.39
7959;"CA-2014-153808";"2014-04-06";"2014-04-10";1733;1219;1;3;299.97;131.99
7960;"CA-2014-153808";"2014-04-06";"2014-04-10";1733;1455;1;3;70.95;18.45
7961;"CA-2016-168557";"2016-09-19";"2016-09-23";1735;22;2;2;8.93;3.12
7962;"CA-2017-104318";"2017-05-13";"2017-05-18";1738;101;2;2;20.77;2.34
7963;"CA-2017-126676";"2017-09-29";"2017-10-01";1752;1285;3;3;7.98;3.91
7964;"CA-2015-136147";"2015-11-13";"2015-11-18";1774;1085;2;5;111.96;-1.4
7965;"CA-2015-136147";"2015-11-13";"2015-11-18";1774;897;2;6;121.1;-100.92
7966;"CA-2016-146150";"2016-02-14";"2016-02-19";1775;1381;2;7;264.18;68.69
7967;"US-2015-115343";"2015-09-22";"2015-09-25";1784;495;3;3;617.98;-7.72
7968;"CA-2016-112578";"2016-12-29";"2017-01-02";1786;1280;2;2;27.96;7.27
7969;"CA-2016-112578";"2016-12-29";"2017-01-02";1786;822;2;1;14.03;4.07
7970;"CA-2014-138128";"2014-12-09";"2014-12-15";1792;885;2;4;1079.98;126.0
7971;"CA-2014-138128";"2014-12-09";"2014-12-15";1792;156;2;3;30.67;9.59
7972;"CA-2017-113572";"2017-11-07";"2017-11-11";1797;1820;2;4;7.88;2.52
7973;"CA-2017-134194";"2017-12-25";"2018-01-01";1819;909;2;3;3.17;-5.07
7974;"CA-2017-134194";"2017-12-25";"2018-01-01";1819;1260;2;2;31.74;2.38
7975;"CA-2017-134194";"2017-12-25";"2018-01-01";1819;1530;2;7;44.69;5.03
7976;"CA-2017-134194";"2017-12-25";"2018-01-01";1819;588;2;9;39.58;-59.37
7977;"CA-2015-126186";"2015-09-11";"2015-09-12";1821;237;3;4;24.64;4.0
7978;"CA-2015-149566";"2015-12-05";"2015-12-10";1824;973;2;4;12.6;6.05
7979;"CA-2015-149566";"2015-12-05";"2015-12-10";1824;447;2;3;39.0;17.55
7980;"CA-2014-111934";"2014-05-05";"2014-05-07";1835;241;3;1;35.44;16.66
7981;"CA-2014-111934";"2014-05-05";"2014-05-07";1835;1520;3;2;11.88;5.35
7982;"CA-2017-131807";"2017-10-05";"2017-10-10";1845;1068;2;3;206.35;5.16
7983;"CA-2017-131807";"2017-10-05";"2017-10-10";1845;1181;2;5;72.9;26.97
7984;"CA-2017-131807";"2017-10-05";"2017-10-10";1845;1664;2;4;15.8;4.11
7985;"CA-2017-131807";"2017-10-05";"2017-10-10";1845;185;2;5;14.9;6.85
7986;"CA-2017-131807";"2017-10-05";"2017-10-10";1845;1271;2;4;435.17;-59.84
7987;"CA-2014-114125";"2014-07-09";"2014-07-13";1848;1133;2;4;23.92;4.07
7988;"CA-2014-114125";"2014-07-09";"2014-07-13";1848;142;2;6;41.9;14.14
7989;"CA-2014-114125";"2014-07-09";"2014-07-13";1848;1302;2;1;2.88;1.41
7990;"CA-2015-131352";"2015-10-08";"2015-10-13";1861;210;2;3;72.78;-70.96
7991;"US-2014-155544";"2014-03-21";"2014-03-25";1874;1153;2;3;218.38;-10.92
7992;"US-2014-155544";"2014-03-21";"2014-03-25";1874;696;2;3;32.95;6.59
7993;"US-2014-155544";"2014-03-21";"2014-03-25";1874;449;2;5;59.2;22.2
7994;"CA-2015-169733";"2015-10-22";"2015-10-26";1890;223;1;1;9.95;1.0
7995;"US-2017-123834";"2017-07-21";"2017-07-25";1894;1365;2;4;124.4;-21.33
7996;"CA-2014-168312";"2014-03-01";"2014-03-07";1928;1569;2;3;376.51;-43.03
7997;"CA-2014-168312";"2014-03-01";"2014-03-07";1928;1464;2;3;137.35;8.58
7998;"CA-2016-169334";"2016-10-21";"2016-10-24";1932;1332;1;9;111.67;6.98
7999;"CA-2014-124723";"2014-08-05";"2014-08-12";1935;1029;2;2;489.23;41.93
8000;"CA-2017-126928";"2017-09-17";"2017-09-23";1942;13;2;3;34.05;9.53
8001;"CA-2017-126928";"2017-09-17";"2017-09-23";1942;1826;2;4;480.0;225.6
8002;"US-2017-167318";"2017-07-26";"2017-08-01";1947;616;2;3;362.35;45.29
8003;"US-2017-167318";"2017-07-26";"2017-08-01";1947;1752;2;5;1649.95;659.98
8004;"CA-2016-145611";"2016-09-20";"2016-09-24";1952;1138;2;5;393.25;129.77
8005;"CA-2015-157343";"2015-06-07";"2015-06-11";1964;1454;2;3;8.02;1.0
8006;"CA-2015-157343";"2015-06-07";"2015-06-11";1964;1420;2;5;25.92;9.07
8007;"CA-2015-157343";"2015-06-07";"2015-06-11";1964;908;2;4;18.31;-12.21
8008;"CA-2015-162376";"2015-11-22";"2015-11-25";1965;1760;1;3;59.94;28.17
8009;"CA-2015-162376";"2015-11-22";"2015-11-25";1965;48;1;4;17.12;4.96
8010;"CA-2016-114944";"2016-01-30";"2016-02-04";1966;189;2;4;156.51;52.82
8011;"CA-2017-140480";"2017-07-08";"2017-07-12";1968;1703;2;5;174.95;45.49
8012;"CA-2017-140480";"2017-07-08";"2017-07-12";1968;743;2;7;28.91;8.67
8013;"CA-2017-140480";"2017-07-08";"2017-07-12";1968;1784;2;2;39.98;9.2
8014;"CA-2017-140480";"2017-07-08";"2017-07-12";1968;602;2;5;141.9;58.18
8015;"CA-2017-140480";"2017-07-08";"2017-07-12";1968;1189;2;4;83.92;5.87
8016;"CA-2015-122168";"2015-08-21";"2015-08-26";1984;24;2;12;35.76;10.01
8017;"CA-2015-122168";"2015-08-21";"2015-08-26";1984;80;2;3;17.52;8.23
8018;"CA-2015-156118";"2015-12-08";"2015-12-12";1986;1218;2;3;15.7;5.1
8019;"CA-2016-146437";"2016-01-28";"2016-02-01";1988;74;1;2;39.68;10.32
8020;"CA-2016-118500";"2016-11-17";"2016-11-18";2004;301;3;5;49.5;13.37
8021;"CA-2014-129189";"2014-07-21";"2014-07-25";2021;1565;2;1;1.04;-1.83
8022;"CA-2014-129189";"2014-07-21";"2014-07-25";2021;523;2;5;657.93;-93.99
8023;"CA-2014-129189";"2014-07-21";"2014-07-25";2021;1394;2;3;4.99;-12.98
8024;"CA-2017-130904";"2017-04-11";"2017-04-16";2033;1195;2;8;20.99;2.36
8025;"CA-2017-130904";"2017-04-11";"2017-04-16";2033;898;2;1;1.75;0.15
8026;"CA-2017-151281";"2017-04-27";"2017-05-02";2034;192;2;7;139.58;39.08
8027;"CA-2015-157287";"2015-12-22";"2015-12-23";2050;762;3;7;422.63;0.0
8028;"CA-2015-157287";"2015-12-22";"2015-12-23";2050;1220;3;2;33.57;1.68
8029;"CA-2017-166184";"2017-03-24";"2017-03-27";2052;56;3;3;207.85;2.31
8030;"CA-2017-124765";"2017-11-25";"2017-11-30";2066;1007;2;5;723.92;-81.44
8031;"CA-2015-101000";"2015-04-09";"2015-04-14";2068;253;2;3;370.14;144.35
8032;"CA-2015-151722";"2015-10-05";"2015-10-09";2073;505;2;4;288.0;57.6
8033;"CA-2016-111318";"2016-07-23";"2016-07-26";2075;1719;3;8;115.14;11.51
8034;"CA-2017-152261";"2017-03-02";"2017-03-06";2091;913;2;4;18.53;-12.35
8035;"US-2017-150070";"2017-09-07";"2017-09-12";2093;488;2;2;161.57;-28.27
8036;"CA-2017-107713";"2017-03-13";"2017-03-17";2111;951;2;3;174.3;81.92
8037;"US-2016-155173";"2016-03-06";"2016-03-10";2116;247;2;3;68.24;-12.51
8038;"US-2016-155173";"2016-03-06";"2016-03-10";2116;1480;2;1;2.04;-1.5
8039;"US-2016-155173";"2016-03-06";"2016-03-10";2116;891;2;2;431.94;-71.99
8040;"CA-2017-110625";"2017-12-23";"2017-12-30";2118;696;2;2;27.46;9.89
8041;"CA-2017-109393";"2017-06-30";"2017-07-02";2130;1014;1;3;436.0;5.13
8042;"CA-2014-141173";"2014-11-18";"2014-11-20";2132;1659;1;5;67.15;16.79
8043;"CA-2016-134138";"2016-02-16";"2016-02-20";2139;1708;2;2;227.96;36.47
8044;"CA-2014-127866";"2014-07-20";"2014-07-23";2144;627;3;3;535.41;160.62
8045;"CA-2014-127866";"2014-07-20";"2014-07-23";2144;1553;3;4;13.12;3.8
8046;"CA-2014-127866";"2014-07-20";"2014-07-23";2144;1572;3;2;11.96;5.86
8047;"CA-2014-127866";"2014-07-20";"2014-07-23";2144;943;3;2;41.94;15.1
8048;"CA-2016-143805";"2016-12-01";"2016-12-03";2152;386;1;5;40.7;11.8
8049;"CA-2016-143805";"2016-12-01";"2016-12-03";2152;47;1;7;2104.55;694.5
8050;"CA-2017-152198";"2017-09-09";"2017-09-10";2158;1078;3;2;6.26;-5.22
8051;"CA-2017-152198";"2017-09-09";"2017-09-10";2158;953;3;3;4.86;-3.56
8052;"CA-2017-152198";"2017-09-09";"2017-09-10";2158;1107;3;6;17.71;5.98
8053;"CA-2014-119144";"2014-11-16";"2014-11-18";2162;296;3;3;344.91;10.35
8054;"CA-2014-119144";"2014-11-16";"2014-11-18";2162;332;3;3;305.97;25.2
8055;"CA-2014-119144";"2014-11-16";"2014-11-18";2162;855;3;4;79.97;-17.99
8056;"CA-2016-116911";"2016-09-15";"2016-09-20";2166;493;2;3;1128.39;259.53
8057;"CA-2016-116911";"2016-09-15";"2016-09-20";2166;1185;2;4;20.42;6.64
8058;"CA-2016-154081";"2016-05-22";"2016-05-29";2178;409;2;2;222.38;22.24
8059;"CA-2014-126200";"2014-08-25";"2014-08-29";2183;713;2;3;12.38;-19.81
8060;"CA-2016-169670";"2016-12-25";"2016-12-31";2189;89;2;8;2563.06;313.26
8061;"CA-2017-126914";"2017-06-15";"2017-06-19";2190;1114;2;2;77.73;-3.89
8062;"CA-2017-126914";"2017-06-15";"2017-06-19";2190;701;2;3;698.35;52.38
8063;"US-2017-105697";"2017-08-25";"2017-08-27";2191;1246;3;2;25.7;1.93
8064;"US-2017-110646";"2017-10-26";"2017-10-31";2214;1022;2;5;14.76;4.98
8065;"US-2017-110646";"2017-10-26";"2017-10-31";2214;1405;2;5;118.65;19.78
8066;"US-2017-110646";"2017-10-26";"2017-10-31";2214;952;2;3;33.28;-27.74
8067;"CA-2016-166373";"2016-10-21";"2016-10-25";2249;373;2;6;106.08;-9.28
8068;"CA-2015-131856";"2015-05-12";"2015-05-17";2256;394;2;7;127.9;41.57
8069;"CA-2015-131856";"2015-05-12";"2015-05-17";2256;1152;2;6;619.15;69.65
8070;"CA-2015-131856";"2015-05-12";"2015-05-17";2256;1632;2;4;21.97;-15.93
8071;"CA-2016-102498";"2016-07-24";"2016-07-25";2258;851;3;5;73.2;21.23
8072;"CA-2015-169537";"2015-09-03";"2015-09-07";2283;1417;1;2;7.5;3.6
8073;"CA-2015-120915";"2015-09-28";"2015-10-03";2306;773;1;2;307.98;89.31
8074;"CA-2015-120915";"2015-09-28";"2015-10-03";2306;105;1;6;293.52;76.32
8075;"CA-2015-125976";"2015-09-27";"2015-10-02";2312;478;2;12;1871.88;561.56
8076;"CA-2015-125976";"2015-09-27";"2015-10-02";2312;752;2;5;154.9;69.71
8077;"CA-2016-132549";"2016-11-25";"2016-11-30";2323;413;2;7;73.36;19.81
8078;"CA-2014-166051";"2014-05-31";"2014-06-05";2327;247;2;3;113.73;32.98
8079;"CA-2014-166051";"2014-05-31";"2014-06-05";2327;133;2;3;659.97;197.99
8080;"CA-2014-159849";"2014-09-19";"2014-09-19";2334;1349;4;3;5.67;0.11
8081;"CA-2015-134082";"2015-12-11";"2015-12-17";2338;598;2;4;110.53;38.68
8082;"CA-2017-100783";"2017-09-04";"2017-09-08";2364;136;1;1;30.38;3.8
8083;"CA-2017-120894";"2017-04-28";"2017-05-02";2369;1432;2;3;28.08;5.27
8084;"US-2014-133949";"2014-12-31";"2014-12-31";2371;1247;4;7;475.94;59.49
8085;"CA-2015-158701";"2015-01-05";"2015-01-10";2372;659;2;6;56.16;17.55
8086;"CA-2015-158701";"2015-01-05";"2015-01-10";2372;1026;2;6;87.36;23.59
8087;"CA-2017-137631";"2017-04-28";"2017-05-02";2379;1124;2;2;751.98;84.6
8088;"CA-2017-151750";"2017-01-01";"2017-01-05";2405;613;2;2;15.22;-38.82
8089;"CA-2017-151750";"2017-01-01";"2017-01-05";2405;496;2;5;6.47;-9.71
8090;"CA-2017-151750";"2017-01-01";"2017-01-05";2405;565;2;4;12.74;2.23
8091;"CA-2017-151750";"2017-01-01";"2017-01-05";2405;520;2;4;310.74;-26.64
8092;"CA-2017-151750";"2017-01-01";"2017-01-05";2405;1551;2;5;141.42;-187.38
8093;"CA-2017-151750";"2017-01-01";"2017-01-05";2405;123;2;5;454.56;-107.96
8094;"CA-2015-158148";"2015-12-20";"2015-12-26";2435;1182;2;3;36.27;10.88
8095;"CA-2016-130393";"2016-12-01";"2016-12-03";2436;490;1;2;85.25;-1.22
8096;"CA-2016-130393";"2016-12-01";"2016-12-03";2436;1026;1;4;11.65;-30.87
8097;"CA-2016-130393";"2016-12-01";"2016-12-03";2436;423;1;5;248.43;-17.75
8098;"CA-2014-160094";"2014-04-30";"2014-05-02";2439;274;3;5;826.0;214.76
8099;"CA-2014-160094";"2014-04-30";"2014-05-02";2439;1703;3;5;174.95;45.49
8100;"US-2015-136427";"2015-06-20";"2015-06-23";2442;1787;3;7;125.94;15.74
8101;"CA-2017-130834";"2017-11-03";"2017-11-06";2448;1513;1;3;16.27;5.29
8102;"US-2017-168802";"2017-11-03";"2017-11-07";2457;1198;2;4;18.37;5.97
8103;"CA-2016-113117";"2016-08-16";"2016-08-22";2477;581;2;5;32.4;15.55
8104;"CA-2015-152513";"2015-07-04";"2015-07-08";2482;399;1;2;22.85;7.43
8105;"US-2016-112396";"2016-02-09";"2016-02-13";2494;914;2;2;31.86;11.15
8106;"US-2016-112396";"2016-02-09";"2016-02-13";2494;212;2;3;89.97;39.59
8107;"CA-2016-155747";"2016-06-14";"2016-06-21";2502;1643;2;2;337.18;-118.01
8108;"CA-2017-104864";"2017-11-18";"2017-11-23";2505;1008;1;8;41.47;14.52
8109;"CA-2017-104864";"2017-11-18";"2017-11-23";2505;1297;1;4;20.74;7.26
8110;"CA-2017-104864";"2017-11-18";"2017-11-23";2505;324;1;4;389.06;48.63
8111;"CA-2017-104864";"2017-11-18";"2017-11-23";2505;665;1;8;20.23;-16.19
8112;"CA-2017-104864";"2017-11-18";"2017-11-23";2505;1289;1;5;81.36;-19.32
8113;"CA-2017-163265";"2017-02-16";"2017-02-21";2519;1383;2;1;7.69;-3.65
8114;"CA-2017-163265";"2017-02-16";"2017-02-21";2519;611;2;6;28.03;3.5
8115;"CA-2017-163265";"2017-02-16";"2017-02-21";2519;410;2;3;50.35;-8.18
8116;"CA-2017-163265";"2017-02-16";"2017-02-21";2519;160;2;3;600.56;-8.58
8117;"CA-2017-163265";"2017-02-16";"2017-02-21";2519;376;2;2;18.37;6.2
8118;"US-2015-115238";"2015-04-30";"2015-05-04";2522;882;2;1;6.48;3.11
8119;"US-2015-115238";"2015-04-30";"2015-05-04";2522;1709;2;5;24.3;10.45
8120;"US-2015-115238";"2015-04-30";"2015-05-04";2522;739;2;10;209.5;58.66
8121;"US-2015-115238";"2015-04-30";"2015-05-04";2522;1163;2;1;9.48;3.79
8122;"US-2015-115238";"2015-04-30";"2015-05-04";2522;407;2;5;31.4;13.19
8123;"CA-2017-135909";"2017-10-13";"2017-10-20";2525;261;2;5;5083.96;1906.49
8124;"CA-2017-135909";"2017-10-13";"2017-10-20";2525;1502;2;2;31.98;-8.0
8125;"CA-2017-135909";"2017-10-13";"2017-10-20";2525;725;2;6;209.94;39.89
8126;"CA-2016-111605";"2016-12-27";"2017-01-02";2529;1779;2;1;2.61;1.2
8127;"CA-2015-142993";"2015-10-12";"2015-10-17";2541;793;2;2;81.96;0.0
8128;"CA-2015-142993";"2015-10-12";"2015-10-17";2541;794;2;2;17.9;3.4
8129;"CA-2017-162015";"2017-07-11";"2017-07-18";2550;646;2;5;168.1;43.71
8130;"CA-2017-162015";"2017-07-11";"2017-07-18";2550;495;2;5;1287.45;244.62
8131;"CA-2017-136238";"2017-12-26";"2018-01-01";2552;1482;2;3;16.03;5.61
8132;"US-2014-159611";"2014-12-27";"2015-01-01";2554;70;1;2;118.16;-25.11
8133;"US-2014-159611";"2014-12-27";"2015-01-01";2554;1610;1;3;182.35;-18.24
8134;"CA-2017-147354";"2017-03-09";"2017-03-13";2561;15;2;5;30.84;9.64
8135;"CA-2017-147354";"2017-03-09";"2017-03-13";2561;1171;2;2;479.98;60.0
8136;"CA-2016-168361";"2016-06-21";"2016-06-25";2580;957;2;1;0.84;-1.34
8137;"CA-2014-129819";"2014-12-13";"2014-12-15";2593;989;1;3;12.39;5.82
8138;"CA-2015-110870";"2015-12-12";"2015-12-15";2598;668;3;7;25.76;0.52
8139;"CA-2015-110870";"2015-12-12";"2015-12-15";2598;1093;3;6;299.94;128.97
8140;"CA-2015-145814";"2015-11-19";"2015-11-24";2604;1239;2;4;861.76;249.91
8141;"CA-2015-145814";"2015-11-19";"2015-11-24";2604;1373;2;2;5.98;2.24
8142;"CA-2015-114811";"2015-11-08";"2015-11-08";2609;487;4;2;577.76;115.55
8143;"CA-2015-114811";"2015-11-08";"2015-11-08";2609;1699;4;4;4643.8;2229.02
8144;"CA-2015-114811";"2015-11-08";"2015-11-08";2609;1783;4;3;11.82;4.73
8145;"CA-2015-114811";"2015-11-08";"2015-11-08";2609;877;4;2;549.98;142.99
8146;"CA-2015-114811";"2015-11-08";"2015-11-08";2609;1659;4;5;67.15;16.79
8147;"US-2017-132675";"2017-09-24";"2017-09-28";2639;889;2;5;15.75;7.56
8148;"US-2017-132675";"2017-09-24";"2017-09-28";2639;786;2;3;12.72;4.96
8149;"US-2017-132675";"2017-09-24";"2017-09-28";2639;1763;2;4;14.28;3.71
8150;"US-2017-132675";"2017-09-24";"2017-09-28";2639;1299;2;2;89.9;25.17
8151;"US-2017-132675";"2017-09-24";"2017-09-28";2639;1332;2;1;15.51;3.88
8152;"CA-2014-138359";"2014-04-01";"2014-04-06";2640;694;2;2;6.24;3.06
8153;"CA-2014-138359";"2014-04-01";"2014-04-06";2640;1721;2;4;66.96;2.68
8154;"CA-2017-120404";"2017-11-20";"2017-11-24";2647;1772;1;3;50.97;9.17
8155;"CA-2017-120404";"2017-11-20";"2017-11-24";2647;201;1;1;569.99;171.0
8156;"CA-2017-120404";"2017-11-20";"2017-11-24";2647;1500;1;3;2.97;1.34
8157;"CA-2014-118304";"2014-04-29";"2014-05-04";2648;204;2;2;19.98;5.19
8158;"CA-2016-101469";"2016-07-02";"2016-07-08";2650;1821;2;2;7.7;3.16
8159;"CA-2015-150714";"2015-10-26";"2015-11-01";2672;211;2;10;718.64;-161.69
8160;"CA-2015-150714";"2015-10-26";"2015-11-01";2672;1480;2;7;14.3;-10.49
8161;"CA-2015-150714";"2015-10-26";"2015-11-01";2672;267;2;5;203.88;20.39
8162;"CA-2015-150714";"2015-10-26";"2015-11-01";2672;1725;2;3;131.9;47.82
8163;"CA-2015-150714";"2015-10-26";"2015-11-01";2672;1023;2;6;146.54;47.63
8164;"CA-2017-103478";"2017-07-21";"2017-07-24";2682;897;1;7;94.19;-164.84
8165;"CA-2017-103478";"2017-07-21";"2017-07-24";2682;371;1;4;2.86;-4.58
8166;"CA-2017-155621";"2017-11-08";"2017-11-13";2734;883;2;10;274.2;112.42
8167;"CA-2015-169677";"2015-01-13";"2015-01-15";2742;416;1;2;9.82;4.81
8168;"CA-2014-116666";"2014-05-08";"2014-05-10";2753;557;3;5;1799.97;240.0
8169;"CA-2016-132829";"2016-12-23";"2016-12-26";2780;73;1;2;2.33;-0.76
8170;"CA-2016-132829";"2016-12-23";"2016-12-26";2780;1293;1;3;131.88;14.84
8171;"CA-2016-132829";"2016-12-23";"2016-12-26";2780;1105;1;3;287.88;35.99
8172;"CA-2016-132829";"2016-12-23";"2016-12-26";2780;1596;1;9;45.36;14.74
8173;"CA-2016-132829";"2016-12-23";"2016-12-26";2780;763;1;3;453.58;39.69
8174;"CA-2017-118199";"2017-05-09";"2017-05-11";2791;1219;3;2;199.98;87.99
8175;"CA-2017-118199";"2017-05-09";"2017-05-11";2791;1721;3;4;66.96;2.68
8176;"CA-2017-118199";"2017-05-09";"2017-05-11";2791;660;3;1;286.85;63.11
8177;"CA-2017-118199";"2017-05-09";"2017-05-11";2791;168;3;3;104.28;26.07
8178;"CA-2017-118199";"2017-05-09";"2017-05-11";2791;952;3;5;147.92;46.23
8179;"CA-2017-118017";"2017-12-03";"2017-12-06";2800;1636;1;1;16.19;4.66
8180;"CA-2017-118017";"2017-12-03";"2017-12-06";2800;709;1;5;16.72;3.34
8181;"CA-2017-118017";"2017-12-03";"2017-12-06";2800;11;1;3;23.38;7.01
8182;"CA-2017-118017";"2017-12-03";"2017-12-06";2800;1485;1;7;47.32;5.92
8183;"CA-2017-118017";"2017-12-03";"2017-12-06";2800;1445;1;2;10.32;3.74
8184;"CA-2017-118017";"2017-12-03";"2017-12-06";2800;966;1;8;102.34;14.07
8185;"CA-2017-118017";"2017-12-03";"2017-12-06";2800;966;1;6;76.75;10.55
8186;"CA-2017-118017";"2017-12-03";"2017-12-06";2800;254;1;6;13.34;1.0
8187;"US-2015-163825";"2015-06-16";"2015-06-19";2803;911;3;2;133.98;33.5
8188;"US-2015-163825";"2015-06-16";"2015-06-19";2803;261;3;3;3050.38;1143.89
8189;"CA-2015-106362";"2015-12-11";"2015-12-15";2806;1489;2;3;10.33;-7.58
8190;"CA-2016-103359";"2016-12-22";"2016-12-26";2809;1402;2;2;25.58;8.95
8191;"CA-2015-132276";"2015-02-23";"2015-02-28";2821;1480;2;2;10.9;3.81
8192;"CA-2015-132276";"2015-02-23";"2015-02-28";2821;313;2;6;26.88;6.72
8193;"CA-2015-111038";"2015-12-01";"2015-12-06";2822;769;2;9;2676.67;267.67
8194;"US-2016-139262";"2016-02-21";"2016-02-25";2823;654;2;3;432.46;32.43
8195;"US-2016-139262";"2016-02-21";"2016-02-25";2823;951;2;2;34.86;-26.73
8196;"US-2016-139262";"2016-02-21";"2016-02-25";2823;957;2;3;3.76;-2.76
8197;"CA-2016-105753";"2016-10-20";"2016-10-26";2824;57;2;5;61.1;18.33
8198;"CA-2014-109855";"2014-09-01";"2014-09-05";2859;1140;2;3;357.0;57.12
8199;"CA-2014-109855";"2014-09-01";"2014-09-05";2859;574;2;2;23.74;8.31
8200;"CA-2016-116722";"2016-11-11";"2016-11-16";2896;371;2;11;31.5;11.03
8201;"CA-2016-116722";"2016-11-11";"2016-11-16";2896;523;2;3;451.15;0.0
8202;"CA-2016-116722";"2016-11-11";"2016-11-16";2896;135;2;2;41.96;10.91
8203;"CA-2017-121790";"2017-01-30";"2017-02-06";2902;80;2;2;9.34;3.15
8204;"CA-2017-121790";"2017-01-30";"2017-02-06";2902;1704;2;4;2003.17;250.4
8205;"CA-2017-121790";"2017-01-30";"2017-02-06";2902;301;2;4;31.68;2.77
8206;"CA-2017-121790";"2017-01-30";"2017-02-06";2902;1568;2;1;69.38;-47.18
8207;"CA-2017-102736";"2017-09-05";"2017-09-09";2904;353;2;3;15.55;5.44
8208;"CA-2017-102736";"2017-09-05";"2017-09-09";2904;544;2;5;71.96;7.2
8209;"CA-2017-102736";"2017-09-05";"2017-09-09";2904;1085;2;4;89.57;-1.12
8210;"CA-2015-141327";"2015-11-30";"2015-12-03";2907;506;3;2;335.74;25.18
8211;"CA-2015-141327";"2015-11-30";"2015-12-03";2907;1296;3;3;98.35;9.84
8212;"CA-2015-141327";"2015-11-30";"2015-12-03";2907;465;3;7;6.05;-4.23
8213;"CA-2014-109918";"2014-09-07";"2014-09-12";2912;1761;1;5;83.92;31.47
8214;"US-2015-118766";"2015-10-15";"2015-10-22";2926;982;2;10;3.96;-6.93
8215;"US-2015-118766";"2015-10-15";"2015-10-22";2926;90;2;1;4.46;1.67
8216;"CA-2014-141110";"2014-11-26";"2014-12-01";2933;1136;2;1;7.31;2.56
8217;"CA-2014-141110";"2014-11-26";"2014-12-01";2933;1430;2;2;40.54;11.35
8218;"CA-2014-141110";"2014-11-26";"2014-12-01";2933;745;2;3;14.94;7.02
8219;"CA-2014-141110";"2014-11-26";"2014-12-01";2933;735;2;3;4.32;1.51
8220;"CA-2016-136994";"2016-05-27";"2016-06-02";2944;865;2;2;13.38;6.15
8221;"CA-2015-168207";"2015-11-02";"2015-11-06";2951;1330;2;3;512.5;-30.15
8222;"CA-2015-168207";"2015-11-02";"2015-11-06";2951;374;2;3;11.95;4.18
8223;"CA-2015-168207";"2015-11-02";"2015-11-06";2951;530;2;7;117.49;41.12
8224;"CA-2015-168207";"2015-11-02";"2015-11-06";2951;1329;2;6;96.96;33.94
8225;"CA-2014-103429";"2014-05-30";"2014-06-01";2957;1521;3;4;39.96;17.98
8226;"CA-2014-103429";"2014-05-30";"2014-06-01";2957;1138;3;3;235.95;77.86
8227;"CA-2014-103429";"2014-05-30";"2014-06-01";2957;945;3;5;464.0;134.56
8228;"CA-2014-103429";"2014-05-30";"2014-06-01";2957;1402;3;2;25.58;8.95
8229;"CA-2017-144820";"2017-10-03";"2017-10-07";2961;985;1;5;20.64;2.32
8230;"CA-2016-132997";"2016-11-07";"2016-11-09";2974;1592;3;2;276.78;89.95
8231;"CA-2016-132997";"2016-11-07";"2016-11-09";2974;132;3;3;116.82;5.84
8232;"CA-2016-132997";"2016-11-07";"2016-11-09";2974;1256;3;2;12.96;6.22
8233;"CA-2016-132997";"2016-11-07";"2016-11-09";2974;1197;3;3;359.97;100.79
8234;"CA-2016-132997";"2016-11-07";"2016-11-09";2974;582;3;4;263.96;71.27
8235;"US-2016-117793";"2016-08-23";"2016-08-29";2985;1500;2;2;1.98;0.89
8236;"US-2016-117793";"2016-08-23";"2016-08-29";2985;671;2;1;14.97;4.19
8237;"US-2016-117793";"2016-08-23";"2016-08-29";2985;1579;2;3;37.59;17.67
8238;"US-2016-117793";"2016-08-23";"2016-08-29";2985;1596;2;4;25.2;11.59
8239;"CA-2016-112382";"2016-05-09";"2016-05-13";3007;384;2;2;19.14;1.91
8240;"CA-2014-140473";"2014-05-30";"2014-06-03";3020;689;2;3;719.98;135.0
8241;"US-2016-168095";"2016-07-15";"2016-07-20";3022;1142;2;5;105.52;34.29
8242;"US-2016-168095";"2016-07-15";"2016-07-20";3022;946;2;3;230.28;23.03
8243;"CA-2014-130673";"2014-05-20";"2014-05-22";3032;1721;1;5;66.96;-13.39
8244;"CA-2014-130673";"2014-05-20";"2014-05-22";3032;1476;1;2;20.78;-3.64
8245;"CA-2014-130673";"2014-05-20";"2014-05-22";3032;644;1;2;10.37;3.63
8246;"CA-2014-130673";"2014-05-20";"2014-05-22";3032;1753;1;3;10.33;-5.94
8247;"CA-2016-113082";"2016-09-12";"2016-09-16";3035;1683;2;2;40.48;14.57
8248;"CA-2017-134810";"2017-05-09";"2017-05-10";3044;762;3;3;207.0;25.88
8249;"CA-2017-134810";"2017-05-09";"2017-05-10";3044;145;3;3;65.23;22.02
8250;"CA-2016-116337";"2016-11-07";"2016-11-12";3052;255;2;3;314.09;19.63
8251;"CA-2016-116337";"2016-11-07";"2016-11-12";3052;1817;2;5;44.46;-17.78
8252;"CA-2015-116512";"2015-04-09";"2015-04-14";3059;1133;2;3;17.94;3.05
8253;"CA-2016-139808";"2016-10-07";"2016-10-11";3063;1275;2;12;93.36;0.93
8254;"CA-2017-132290";"2017-03-10";"2017-03-14";3076;400;2;4;933.41;-173.35
8255;"CA-2017-137624";"2017-11-10";"2017-11-17";3091;1143;2;2;241.42;-36.21
8256;"CA-2016-114307";"2016-07-22";"2016-07-26";3108;735;2;3;5.4;2.59
8257;"CA-2016-114307";"2016-07-22";"2016-07-26";3108;541;2;3;27.42;9.32
8258;"CA-2016-114307";"2016-07-22";"2016-07-26";3108;283;2;8;51.84;24.88
8259;"CA-2016-114307";"2016-07-22";"2016-07-26";3108;290;2;2;37.68;10.55
8260;"CA-2015-162964";"2015-11-12";"2015-11-18";3114;835;2;7;223.89;69.97
8261;"CA-2015-162964";"2015-11-12";"2015-11-18";3114;503;2;3;15.55;5.64
8262;"CA-2015-162964";"2015-11-12";"2015-11-18";3114;767;2;1;64.78;-14.58
8263;"US-2017-109316";"2017-06-08";"2017-06-10";3125;687;3;2;17.52;-3.5
8264;"US-2017-109316";"2017-06-08";"2017-06-10";3125;103;3;2;1497.67;140.96
8265;"CA-2016-163972";"2016-10-17";"2016-10-21";3138;1622;2;2;120.67;21.29
8266;"US-2016-135209";"2016-12-29";"2016-12-31";3151;1697;1;6;25.34;8.87
8267;"US-2016-135209";"2016-12-29";"2016-12-31";3151;437;1;7;37.41;13.09
8268;"CA-2014-104808";"2014-02-04";"2014-02-08";3154;997;1;2;17.25;6.04
8269;"CA-2016-163048";"2016-02-08";"2016-02-15";3156;762;2;4;241.5;0.0
8270;"CA-2016-113341";"2016-11-25";"2016-11-29";3161;329;2;3;194.35;19.44
8271;"CA-2016-153185";"2016-09-03";"2016-09-08";3167;1445;2;6;30.96;11.22
8272;"US-2017-108315";"2017-04-30";"2017-05-04";3185;1717;2;6;220.7;-8.28
8273;"US-2017-108315";"2017-04-30";"2017-05-04";3185;1368;2;3;4.84;-3.55
8274;"CA-2016-106397";"2016-07-07";"2016-07-13";3194;1355;2;2;45.98;12.87
8275;"CA-2016-106397";"2016-07-07";"2016-07-13";3194;460;2;2;12.96;6.22
8276;"US-2017-131961";"2017-12-08";"2017-12-11";3197;197;3;2;83.99;-21.0
8277;"US-2017-131961";"2017-12-08";"2017-12-11";3197;289;3;4;13.25;3.64
8278;"CA-2015-120845";"2015-09-25";"2015-10-02";3214;551;2;2;3.26;-2.28
8279;"CA-2015-120845";"2015-09-25";"2015-10-02";3214;1427;2;1;2.47;-1.81
8280;"CA-2015-120845";"2015-09-25";"2015-10-02";3214;1409;2;1;10.48;3.8
8281;"CA-2015-120845";"2015-09-25";"2015-10-02";3214;909;2;4;6.34;-4.65
8282;"CA-2017-107265";"2017-04-06";"2017-04-12";3226;241;2;3;106.32;49.97
8283;"CA-2017-103968";"2017-12-01";"2017-12-07";3231;351;2;9;629.64;107.04
8284;"CA-2014-108861";"2014-05-28";"2014-06-01";3236;1620;2;4;136.96;51.36
8285;"CA-2014-110555";"2014-04-11";"2014-04-18";3251;1303;2;6;217.44;91.32
8286;"CA-2014-110555";"2014-04-11";"2014-04-18";3251;582;2;2;105.58;9.24
8287;"CA-2014-110555";"2014-04-11";"2014-04-18";3251;223;2;7;87.08;24.38
8288;"US-2015-165743";"2015-11-20";"2015-11-23";3254;1104;1;6;9.61;-7.37
8289;"US-2015-165743";"2015-11-20";"2015-11-23";3254;639;1;6;145.76;-247.8
8290;"US-2015-165743";"2015-11-20";"2015-11-23";3254;551;1;3;4.9;-3.43
8291;"US-2017-166233";"2017-07-03";"2017-07-09";3286;146;2;2;24.0;-2.7
8292;"CA-2016-141887";"2016-01-11";"2016-01-15";3293;772;2;14;54.99;8.94
8293;"CA-2016-163636";"2016-12-05";"2016-12-09";3307;260;1;2;3.54;0.31
8294;"US-2014-120236";"2014-09-03";"2014-09-04";3312;1748;3;5;7.68;-11.52
8295;"CA-2015-140221";"2015-03-05";"2015-03-09";3319;154;1;2;60.42;6.04
8296;"CA-2015-140221";"2015-03-05";"2015-03-09";3319;1016;1;5;180.98;-470.55
8297;"CA-2015-140221";"2015-03-05";"2015-03-09";3319;663;1;2;4.71;-1.88
8298;"CA-2015-140221";"2015-03-05";"2015-03-09";3319;928;1;2;11.21;-16.82
8299;"CA-2014-143637";"2014-03-24";"2014-03-29";3330;1683;1;2;40.48;14.57
8300;"CA-2015-164623";"2015-10-20";"2015-10-22";3341;115;3;2;24.56;11.54
8301;"CA-2016-131296";"2016-10-04";"2016-10-09";3348;1374;2;2;239.37;-23.94
8302;"CA-2015-127502";"2015-12-10";"2015-12-14";3356;695;2;2;5.76;2.82
8303;"US-2017-146906";"2017-03-13";"2017-03-17";3359;1067;2;2;299.9;74.98
8304;"CA-2016-128671";"2016-08-11";"2016-08-16";3363;1460;2;2;77.56;35.68
8305;"CA-2016-128671";"2016-08-11";"2016-08-16";3363;322;2;7;41.86;19.26
8306;"CA-2016-128671";"2016-08-11";"2016-08-16";3363;673;2;5;32.4;15.55
8307;"CA-2015-119690";"2015-06-25";"2015-06-28";3367;695;3;2;4.61;1.67
8308;"CA-2015-119690";"2015-06-25";"2015-06-28";3367;1338;3;9;75.38;-20.73
8309;"CA-2015-119690";"2015-06-25";"2015-06-28";3367;1679;3;2;0.98;-1.48
8310;"CA-2015-119690";"2015-06-25";"2015-06-28";3367;519;3;3;47.95;16.18
8311;"CA-2015-107020";"2015-07-10";"2015-07-14";3376;545;2;2;39.92;12.97
8312;"US-2017-101721";"2017-07-23";"2017-07-27";3393;1142;2;3;63.31;20.58
8313;"US-2016-160206";"2016-04-01";"2016-04-07";3400;892;2;1;12.99;0.26
8314;"CA-2016-139549";"2016-10-20";"2016-10-25";3402;1689;2;4;387.14;4.84
8315;"US-2017-115252";"2017-10-20";"2017-10-25";3407;337;2;3;14.35;4.49
8316;"US-2017-115252";"2017-10-20";"2017-10-25";3407;1437;2;2;15.98;1.4
8317;"US-2014-113124";"2014-03-30";"2014-04-05";3429;300;2;2;129.3;6.47
8318;"CA-2014-165393";"2014-12-27";"2014-12-30";3435;244;3;1;4.98;-8.47
8319;"CA-2017-169404";"2017-04-09";"2017-04-14";3450;1310;2;2;65.58;23.77
8320;"CA-2017-169404";"2017-04-09";"2017-04-14";3450;785;2;4;37.9;-29.05
8321;"CA-2016-130778";"2016-11-19";"2016-11-25";3456;1301;2;2;8.74;2.27
8322;"CA-2017-164112";"2017-06-30";"2017-07-04";3466;1537;2;7;1085.42;282.21
8323;"US-2014-132745";"2014-10-01";"2014-10-05";3475;1818;2;1;4.71;0.0
8324;"US-2014-131870";"2014-09-09";"2014-09-11";3479;706;3;9;30.82;2.7
8325;"US-2014-131870";"2014-09-09";"2014-09-11";3479;1604;3;6;60.67;12.89
8326;"CA-2016-102561";"2016-07-18";"2016-07-22";3503;420;2;4;18.5;6.7
8327;"CA-2016-102561";"2016-07-18";"2016-07-22";3503;1073;2;10;284.08;24.86
8328;"CA-2016-102561";"2016-07-18";"2016-07-22";3503;991;2;8;11.26;1.27
8329;"US-2014-120313";"2014-10-31";"2014-11-02";3509;635;1;2;73.58;8.28
8330;"CA-2017-125367";"2017-07-23";"2017-07-30";3519;666;2;3;13.92;4.35
8331;"CA-2016-158806";"2016-01-07";"2016-01-11";3523;724;2;5;25.92;9.07
8332;"CA-2016-158806";"2016-01-07";"2016-01-11";3523;1383;2;3;23.08;-10.96
8333;"CA-2017-150091";"2017-10-12";"2017-10-16";3537;1398;2;5;2154.9;129.29
8334;"CA-2017-150091";"2017-10-12";"2017-10-16";3537;1636;2;2;40.48;17.41
8335;"CA-2017-150091";"2017-10-12";"2017-10-16";3537;138;2;5;17.9;8.77
8336;"CA-2017-150091";"2017-10-12";"2017-10-16";3537;146;2;3;45.0;4.95
8337;"CA-2017-167227";"2017-11-02";"2017-11-05";3538;1558;3;10;83.9;20.98
8338;"CA-2016-109400";"2016-05-02";"2016-05-06";3553;1576;2;4;366.74;-110.02
8339;"US-2015-117492";"2015-08-07";"2015-08-09";3563;93;3;9;77.58;20.17
8340;"US-2015-160563";"2015-10-20";"2015-10-24";3564;1475;2;6;16.02;6.09
8341;"US-2015-160563";"2015-10-20";"2015-10-24";3564;181;2;3;239.97;86.39
8342;"CA-2015-108259";"2015-11-08";"2015-11-15";3565;663;2;1;4.71;1.41
8343;"CA-2015-108259";"2015-11-08";"2015-11-15";3565;99;2;7;39.88;-29.24
8344;"CA-2015-108259";"2015-11-08";"2015-11-15";3565;1596;2;1;5.04;1.64
8345;"CA-2015-108259";"2015-11-08";"2015-11-15";3565;509;2;11;31.5;11.81
8346;"CA-2016-144645";"2016-02-02";"2016-02-08";3566;658;2;2;73.78;-77.47
8347;"CA-2017-141614";"2017-06-05";"2017-06-09";3571;1495;2;4;20.74;7.26
8348;"CA-2016-130820";"2016-11-15";"2016-11-15";3597;148;4;4;630.02;-199.51
8349;"CA-2015-109169";"2015-04-20";"2015-04-24";3598;67;2;2;180.96;81.43
8350;"CA-2016-107783";"2016-07-28";"2016-07-29";3600;1664;3;3;9.48;0.71
8351;"CA-2016-107783";"2016-07-28";"2016-07-29";3600;548;3;6;1369.76;-913.18
8352;"CA-2016-107783";"2016-07-28";"2016-07-29";3600;508;3;5;177.45;-78.08
8353;"US-2016-117387";"2016-10-27";"2016-10-31";3606;1761;2;4;67.14;25.18
8354;"CA-2017-142391";"2017-09-24";"2017-09-24";3623;305;4;10;199.8;71.93
8355;"CA-2016-162355";"2016-06-30";"2016-07-02";3639;454;1;7;1266.86;291.38
8356;"CA-2016-162355";"2016-06-30";"2016-07-02";3639;920;1;3;35.97;9.71
8357;"CA-2016-138233";"2016-11-09";"2016-11-14";3640;325;2;3;479.97;177.59
8358;"CA-2014-109890";"2014-07-21";"2014-07-27";3648;1719;2;2;35.98;10.07
8359;"CA-2016-103464";"2016-11-18";"2016-11-22";3656;1140;2;5;595.0;95.2
8360;"CA-2016-137939";"2016-07-20";"2016-07-23";3680;1004;1;5;89.95;43.18
8361;"CA-2016-102092";"2016-12-09";"2016-12-11";3706;691;3;7;1056.86;158.53
8362;"CA-2017-159667";"2017-11-09";"2017-11-13";3710;1790;2;4;499.17;31.2
8363;"CA-2017-159667";"2017-11-09";"2017-11-13";3710;181;2;3;191.98;38.4
8364;"US-2017-132031";"2017-04-23";"2017-04-27";3715;1248;2;1;3.0;1.05
8365;"US-2017-132031";"2017-04-23";"2017-04-27";3715;1316;2;3;77.95;-11.69
8366;"US-2017-132031";"2017-04-23";"2017-04-27";3715;602;2;2;45.41;11.92
8367;"US-2017-132031";"2017-04-23";"2017-04-27";3715;896;2;4;387.14;-14.52
8368;"CA-2017-141705";"2017-10-24";"2017-10-26";3728;1043;3;5;517.41;-81.31
8369;"CA-2016-151148";"2016-09-12";"2016-09-13";3740;921;4;4;83.14;5.2
8370;"CA-2016-151148";"2016-09-12";"2016-09-13";3740;1695;4;3;146.95;9.18
8371;"CA-2017-118346";"2017-07-23";"2017-07-24";3744;1011;3;5;399.95;143.98
8372;"CA-2015-110891";"2015-11-20";"2015-11-24";3747;967;2;4;344.37;-93.47
8373;"US-2014-115413";"2014-08-26";"2014-09-01";3750;1259;2;3;149.97;52.49
8374;"US-2014-115413";"2014-08-26";"2014-09-01";3750;710;2;3;8.64;2.51
8375;"CA-2014-146815";"2014-09-08";"2014-09-13";3751;1450;2;2;3.52;1.69
8376;"CA-2014-146815";"2014-09-08";"2014-09-13";3751;1522;2;2;172.76;13.44
8377;"CA-2017-134096";"2017-09-24";"2017-09-29";3759;287;2;3;15.57;-11.42
8378;"CA-2017-134096";"2017-09-24";"2017-09-29";3759;1221;2;5;383.96;38.4
8379;"CA-2016-153269";"2016-03-09";"2016-03-12";3767;1000;3;4;51.8;23.31
8380;"CA-2016-153269";"2016-03-09";"2016-03-12";3767;1743;3;3;17.94;8.79
8381;"CA-2016-153269";"2016-03-09";"2016-03-12";3767;423;3;5;354.9;88.73
8382;"CA-2016-153269";"2016-03-09";"2016-03-12";3767;402;3;1;11.21;3.36
8383;"CA-2017-103065";"2017-10-20";"2017-10-20";3789;1632;4;4;43.94;6.04
8384;"CA-2017-103065";"2017-10-20";"2017-10-20";3789;846;4;2;4.45;1.11
8385;"CA-2017-103065";"2017-10-20";"2017-10-20";3789;25;4;2;4.77;-0.77
8386;"CA-2014-161508";"2014-07-12";"2014-07-16";3790;187;2;3;16.03;5.61
8387;"CA-2014-161508";"2014-07-12";"2014-07-16";3790;565;2;7;22.29;3.9
8388;"CA-2014-161508";"2014-07-12";"2014-07-16";3790;1102;2;2;3.49;0.57
8389;"CA-2014-161508";"2014-07-12";"2014-07-16";3790;711;2;3;512.36;-14.64
8390;"US-2017-133081";"2017-03-11";"2017-03-15";3793;1814;2;1;26.72;11.76
8391;"US-2017-133081";"2017-03-11";"2017-03-15";3793;86;2;4;63.88;24.91
8392;"CA-2014-125150";"2014-05-16";"2014-05-23";3795;1231;2;5;232.88;17.47
8393;"CA-2015-127327";"2015-02-03";"2015-02-07";3796;129;2;1;90.88;15.15
8394;"CA-2017-156272";"2017-03-21";"2017-03-27";3801;1497;2;1;64.38;8.05
8395;"CA-2017-116988";"2017-06-27";"2017-06-29";3802;495;1;5;1287.45;244.62
8396;"CA-2017-116988";"2017-06-27";"2017-06-29";3802;269;1;3;126.3;40.42
8397;"CA-2017-116988";"2017-06-27";"2017-06-29";3802;1168;1;3;19.44;9.33
8398;"CA-2017-137323";"2017-11-14";"2017-11-18";3804;1246;1;6;96.36;25.05
8399;"CA-2015-144274";"2015-11-23";"2015-11-25";3808;460;1;6;38.88;18.66
8400;"CA-2015-144274";"2015-11-23";"2015-11-25";3808;1540;1;2;16.56;7.78
8401;"CA-2015-144274";"2015-11-23";"2015-11-25";3808;334;1;4;13.12;5.64
8402;"CA-2015-144274";"2015-11-23";"2015-11-25";3808;773;1;2;307.98;89.31
8403;"US-2015-145422";"2015-12-03";"2015-12-07";3809;1266;2;3;359.5;-29.61
8404;"CA-2014-127859";"2014-03-17";"2014-03-20";3812;1142;1;6;126.62;41.15
8405;"CA-2015-112823";"2015-12-10";"2015-12-16";3848;1307;2;2;25.49;4.46
8406;"CA-2017-140151";"2017-03-23";"2017-03-25";3856;1367;3;4;13999.96;6719.98
8407;"CA-2017-140151";"2017-03-23";"2017-03-25";3856;437;3;3;20.04;9.62
8408;"CA-2017-140151";"2017-03-23";"2017-03-25";3856;600;3;2;32.48;4.87
8409;"US-2014-103338";"2014-03-11";"2014-03-15";3859;1608;2;3;7.98;2.07
8410;"US-2014-105137";"2014-10-10";"2014-10-10";3860;415;4;2;18.26;-13.39
8411;"US-2014-105137";"2014-10-10";"2014-10-10";3860;1825;4;2;101.99;-71.4
8412;"CA-2016-120803";"2016-03-09";"2016-03-13";3869;79;2;5;199.75;87.89
8413;"CA-2016-105662";"2016-05-05";"2016-05-09";3870;1108;2;3;177.48;19.97
8414;"CA-2016-105662";"2016-05-05";"2016-05-09";3870;1824;2;4;93.25;31.47
8415;"CA-2015-121776";"2015-02-16";"2015-02-21";3921;157;2;7;87.71;41.22
8416;"CA-2015-121776";"2015-02-16";"2015-02-21";3921;610;2;3;36.84;17.31
8417;"US-2015-151407";"2015-11-08";"2015-11-12";3924;894;2;4;263.96;76.55
8418;"CA-2016-149762";"2016-12-03";"2016-12-07";3941;188;2;2;205.67;-12.1
8419;"CA-2016-149762";"2016-12-03";"2016-12-07";3941;600;2;3;48.72;7.31
8420;"CA-2016-149762";"2016-12-03";"2016-12-07";3941;251;2;8;21.92;5.92
8421;"CA-2016-149762";"2016-12-03";"2016-12-07";3941;990;2;3;268.7;6.72
8422;"US-2017-143770";"2017-03-20";"2017-03-24";3942;752;2;2;61.96;27.88
8423;"US-2017-143770";"2017-03-20";"2017-03-24";3942;1140;2;2;238.0;38.08
8424;"US-2017-132927";"2017-12-09";"2017-12-15";3944;909;2;7;11.09;-8.13
8425;"CA-2016-112739";"2016-09-02";"2016-09-07";3948;531;1;5;159.56;33.91
8426;"CA-2016-112739";"2016-09-02";"2016-09-07";3948;515;1;8;8.61;-13.34
8427;"CA-2016-102596";"2016-12-27";"2016-12-30";3949;138;3;6;17.18;6.23
8428;"CA-2014-120775";"2014-10-03";"2014-10-07";3962;1818;2;4;15.07;-3.77
8429;"CA-2014-120775";"2014-10-03";"2014-10-07";3962;110;2;3;1.79;-3.04
8430;"CA-2014-120775";"2014-10-03";"2014-10-07";3962;534;2;2;4.93;1.72
8431;"CA-2014-120775";"2014-10-03";"2014-10-07";3962;927;2;3;31.78;-19.07
8432;"CA-2014-120775";"2014-10-03";"2014-10-07";3962;916;2;3;4.34;0.87
8433;"CA-2017-160122";"2017-11-18";"2017-11-23";3965;1153;2;2;127.39;-25.48
8434;"CA-2017-160122";"2017-11-18";"2017-11-23";3965;1710;2;6;55.58;20.84
8435;"CA-2015-106187";"2015-06-23";"2015-06-29";3976;1327;2;3;75.0;18.0
8436;"CA-2015-106187";"2015-06-23";"2015-06-29";3976;853;2;1;165.98;74.69
8437;"CA-2015-106187";"2015-06-23";"2015-06-29";3976;541;2;3;27.42;9.32
8438;"CA-2016-125843";"2016-08-13";"2016-08-16";3991;184;3;7;103.6;51.8
8439;"CA-2016-125843";"2016-08-13";"2016-08-16";3991;22;3;4;22.32;10.71
8440;"CA-2016-169663";"2016-03-10";"2016-03-13";4003;1815;3;3;3357.6;377.73
8441;"CA-2016-169663";"2016-03-10";"2016-03-13";4003;794;3;3;26.85;5.1
8442;"CA-2016-164574";"2016-07-29";"2016-08-03";4007;415;2;3;27.4;-20.09
8443;"CA-2016-164574";"2016-07-29";"2016-08-03";4007;594;2;5;704.76;26.43
8444;"CA-2016-152940";"2016-11-10";"2016-11-13";4037;864;3;1;29.74;4.46
8445;"CA-2016-167983";"2016-08-21";"2016-08-24";4043;957;1;10;33.44;11.7
8446;"CA-2014-142769";"2014-09-13";"2014-09-13";4045;1144;4;2;22.66;9.74
8447;"CA-2014-142769";"2014-09-13";"2014-09-13";4045;1517;4;1;48.94;24.47
8448;"CA-2014-142769";"2014-09-13";"2014-09-13";4045;723;4;2;118.0;20.06
8449;"CA-2014-142769";"2014-09-13";"2014-09-13";4045;1303;4;4;144.96;60.88
8450;"CA-2014-142769";"2014-09-13";"2014-09-13";4045;366;4;2;199.98;75.99
8451;"CA-2014-142769";"2014-09-13";"2014-09-13";4045;576;4;2;7.3;2.19
8452;"CA-2014-142769";"2014-09-13";"2014-09-13";4045;435;4;3;14.19;5.53
8453;"CA-2014-142769";"2014-09-13";"2014-09-13";4045;1686;4;5;5.7;2.68
8454;"CA-2015-133494";"2015-03-01";"2015-03-05";4050;1018;2;2;3.55;0.44
8455;"CA-2016-168774";"2016-09-04";"2016-09-09";4060;627;2;3;535.41;160.62
8456;"US-2015-131842";"2015-12-05";"2015-12-08";4066;490;3;2;97.42;10.96
8457;"US-2015-158911";"2015-07-05";"2015-07-11";4078;416;2;3;11.78;4.27
8458;"US-2015-158911";"2015-07-05";"2015-07-11";4078;1378;2;2;4.93;0.74
8459;"CA-2017-166093";"2017-08-17";"2017-08-24";4090;598;2;8;221.06;77.37
8460;"CA-2017-166093";"2017-08-17";"2017-08-24";4090;654;2;3;540.57;140.55
8461;"CA-2017-166093";"2017-08-17";"2017-08-24";4090;227;2;9;2518.29;654.76
8462;"CA-2017-166093";"2017-08-17";"2017-08-24";4090;1157;2;3;13.92;4.87
8463;"CA-2017-166093";"2017-08-17";"2017-08-24";4090;1044;2;2;8.56;3.85
8464;"CA-2017-166093";"2017-08-17";"2017-08-24";4090;1523;2;3;71.98;9.0
8465;"CA-2017-166093";"2017-08-17";"2017-08-24";4090;780;2;2;23.36;11.68
8466;"CA-2017-101014";"2017-08-29";"2017-09-04";4091;1800;2;3;148.02;41.45
8467;"CA-2016-112585";"2016-07-30";"2016-08-02";4096;677;3;2;715.64;178.91
8468;"CA-2015-122266";"2015-04-26";"2015-04-30";4109;736;2;1;2.62;0.43
8469;"CA-2015-122266";"2015-04-26";"2015-04-30";4109;4;2;1;191.52;-76.61
8470;"CA-2017-160661";"2017-10-28";"2017-11-01";4116;273;2;3;21.93;10.31
8471;"CA-2014-120411";"2014-09-20";"2014-09-23";4120;925;3;2;11.12;3.48
8472;"CA-2014-120411";"2014-09-20";"2014-09-23";4120;1542;3;5;493.43;-70.49
8473;"CA-2015-149846";"2015-05-22";"2015-05-26";4122;517;2;6;775.73;58.18
8474;"CA-2015-149846";"2015-05-22";"2015-05-26";4122;671;2;7;104.79;29.34
8475;"CA-2015-149846";"2015-05-22";"2015-05-26";4122;628;2;7;2973.32;334.5
8476;"CA-2015-149846";"2015-05-22";"2015-05-26";4122;472;2;2;8.26;3.8
8477;"US-2014-157847";"2014-04-02";"2014-04-06";4134;1739;1;7;33.49;10.47
8478;"US-2014-157847";"2014-04-02";"2014-04-06";4134;437;1;5;26.72;9.35
8479;"US-2014-127635";"2014-09-14";"2014-09-18";4161;64;1;2;8.55;-13.68
8480;"US-2014-127635";"2014-09-14";"2014-09-18";4161;1173;1;5;9.96;-6.72
8481;"US-2014-127635";"2014-09-14";"2014-09-18";4161;1335;1;2;6.85;2.14
8482;"US-2014-127635";"2014-09-14";"2014-09-18";4161;1349;1;4;6.05;-1.36
8483;"CA-2014-131009";"2014-03-01";"2014-03-05";4175;75;2;3;129.55;-22.67
8484;"CA-2014-131009";"2014-03-01";"2014-03-05";4175;732;2;6;63.55;-34.95
8485;"CA-2014-131009";"2014-03-01";"2014-03-05";4175;762;2;6;362.25;0.0
8486;"CA-2014-131009";"2014-03-01";"2014-03-05";4175;1207;2;5;18.84;-3.53
8487;"US-2016-149790";"2016-09-26";"2016-10-01";4178;1731;2;2;15.62;-25.0
8488;"CA-2016-113726";"2016-11-24";"2016-12-01";4199;883;2;3;82.26;33.73
8489;"CA-2015-111017";"2015-07-31";"2015-08-06";4203;790;2;3;52.59;15.78
8490;"CA-2014-158225";"2014-09-22";"2014-09-28";4246;1289;2;2;40.68;0.41
8491;"CA-2014-158225";"2014-09-22";"2014-09-28";4246;521;2;5;169.45;42.36
8492;"CA-2016-158841";"2016-02-02";"2016-02-04";4249;1475;1;7;18.69;7.1
8493;"CA-2016-158841";"2016-02-02";"2016-02-04";4249;217;1;8;36.4;18.2
8494;"CA-2016-158841";"2016-02-02";"2016-02-04";4249;1613;1;5;8749.95;2799.98
8495;"CA-2017-123624";"2017-11-13";"2017-11-17";4254;1274;1;5;82.95;29.03
8496;"CA-2014-113383";"2014-09-10";"2014-09-13";4256;976;3;5;254.9;76.47
8497;"CA-2014-113383";"2014-09-10";"2014-09-13";4256;309;3;4;81.92;22.12
8498;"CA-2015-142937";"2015-12-05";"2015-12-06";4259;1180;3;2;45.04;4.5
8499;"CA-2017-104136";"2017-11-01";"2017-11-04";4262;1310;1;1;40.99;20.09
8500;"CA-2017-104136";"2017-11-01";"2017-11-04";4262;390;1;10;189.7;91.06
8501;"CA-2016-132899";"2016-04-07";"2016-04-11";4266;8;2;2;3.64;0.98
8502;"CA-2017-152205";"2017-09-28";"2017-10-05";4279;418;2;1;2.66;-1.86
8503;"CA-2015-140375";"2015-10-02";"2015-10-05";4289;881;1;1;7.38;3.62
8504;"CA-2015-140375";"2015-10-02";"2015-10-05";4289;673;1;3;19.44;9.33
8505;"CA-2015-149083";"2015-09-25";"2015-09-30";4302;181;2;2;159.98;57.59
8506;"CA-2015-149083";"2015-09-25";"2015-09-30";4302;1596;2;2;12.6;5.8
8507;"CA-2015-149083";"2015-09-25";"2015-09-30";4302;1522;2;4;307.14;-11.52
8508;"CA-2017-101805";"2017-12-01";"2017-12-06";4313;663;2;12;70.68;31.1
8509;"CA-2017-101805";"2017-12-01";"2017-12-06";4313;1438;2;5;15.92;5.37
8510;"CA-2016-113600";"2016-12-15";"2016-12-17";4317;1679;1;3;2.21;-1.48
8511;"CA-2015-102260";"2015-09-22";"2015-09-26";4326;1186;2;2;3.2;-2.56
8512;"CA-2015-102260";"2015-09-22";"2015-09-26";4326;777;2;2;2.82;0.32
8513;"CA-2015-102260";"2015-09-22";"2015-09-26";4326;887;2;4;720.06;-63.01
8514;"CA-2015-102260";"2015-09-22";"2015-09-26";4326;1034;2;4;12.0;4.2
8515;"CA-2016-130400";"2016-03-08";"2016-03-12";4327;179;2;5;27.96;8.39
8516;"CA-2016-130400";"2016-03-08";"2016-03-12";4327;1054;2;9;8.86;-14.17
8517;"CA-2015-144890";"2015-12-25";"2015-12-29";4363;829;2;2;9.96;4.88
8518;"CA-2016-154067";"2016-02-01";"2016-02-07";4373;243;2;4;105.52;48.54
8519;"CA-2017-120614";"2017-05-30";"2017-06-04";4376;1079;2;4;37.52;18.01
8520;"CA-2015-125934";"2015-09-11";"2015-09-18";4380;1633;2;6;38.88;18.66
8521;"CA-2015-125934";"2015-09-11";"2015-09-18";4380;1020;2;4;111.04;29.98
8522;"CA-2015-125934";"2015-09-11";"2015-09-18";4380;369;2;4;209.6;96.42
8523;"CA-2015-125934";"2015-09-11";"2015-09-18";4380;1261;2;4;8.92;3.92
8524;"CA-2015-125934";"2015-09-11";"2015-09-18";4380;1638;2;3;31.05;14.9
8525;"CA-2016-118101";"2016-06-26";"2016-06-26";4382;1284;4;4;171.04;44.47
8526;"CA-2016-118101";"2016-06-26";"2016-06-26";4382;32;4;1;8.02;3.77
8527;"CA-2016-118101";"2016-06-26";"2016-06-26";4382;248;4;9;368.91;180.77
8528;"CA-2017-101700";"2017-04-23";"2017-04-26";4395;1709;3;3;11.66;3.35
8529;"CA-2017-101700";"2017-04-23";"2017-04-26";4395;780;3;2;18.69;7.01
8530;"US-2016-140172";"2016-03-08";"2016-03-13";4417;1599;2;5;13.9;3.75
8531;"US-2016-140172";"2016-03-08";"2016-03-13";4417;1118;2;3;207.14;48.33
8532;"CA-2016-136770";"2016-08-14";"2016-08-18";4419;1283;2;5;279.96;48.99
8533;"CA-2016-136770";"2016-08-14";"2016-08-18";4419;814;2;2;247.19;-49.44
8534;"CA-2016-136770";"2016-08-14";"2016-08-18";4419;728;2;2;259.9;-56.31
8535;"US-2015-126753";"2015-08-16";"2015-08-20";4424;720;2;3;10.27;3.21
8536;"US-2015-126753";"2015-08-16";"2015-08-20";4424;957;2;3;3.76;-2.76
8537;"US-2015-126753";"2015-08-16";"2015-08-20";4424;137;2;2;2.72;-1.91
8538;"US-2015-126753";"2015-08-16";"2015-08-20";4424;1495;2;2;10.37;3.63
8539;"US-2015-126753";"2015-08-16";"2015-08-20";4424;1476;2;3;31.18;-5.46
8540;"US-2015-126753";"2015-08-16";"2015-08-20";4424;728;2;4;519.79;-112.62
8541;"CA-2015-103870";"2015-12-27";"2015-12-31";4426;1476;2;7;72.74;-12.73
8542;"CA-2015-103870";"2015-12-27";"2015-12-31";4426;1103;2;3;22.51;2.25
8543;"CA-2015-103870";"2015-12-27";"2015-12-31";4426;1616;2;2;131.1;8.19
8544;"CA-2015-103870";"2015-12-27";"2015-12-31";4426;1817;2;3;53.35;16.01
8545;"CA-2015-103870";"2015-12-27";"2015-12-31";4426;1820;2;3;4.73;0.71
8546;"CA-2017-161172";"2017-03-16";"2017-03-16";4435;521;4;2;54.22;3.39
8547;"CA-2017-161172";"2017-03-16";"2017-03-16";4435;96;4;2;159.98;44.0
8548;"CA-2017-161172";"2017-03-16";"2017-03-16";4435;203;4;3;5.19;-3.46
8549;"CA-2017-161172";"2017-03-16";"2017-03-16";4435;1661;4;6;51.26;7.69
8550;"CA-2017-161172";"2017-03-16";"2017-03-16";4435;1525;4;2;44.38;-7.4
8551;"CA-2017-120061";"2017-11-02";"2017-11-07";4439;933;1;2;155.37;-35.51
8552;"CA-2017-143658";"2017-11-08";"2017-11-13";4440;1036;1;5;109.9;32.97
8553;"CA-2014-164903";"2014-02-20";"2014-02-24";4442;1357;2;2;12.96;6.22
8554;"CA-2014-133634";"2014-11-05";"2014-11-10";4443;1307;2;3;47.79;16.25
8555;"CA-2016-162222";"2016-04-03";"2016-04-03";4447;1044;4;3;10.27;3.21
8556;"CA-2017-165323";"2017-06-17";"2017-06-21";4449;1746;2;3;101.34;8.11
8557;"CA-2017-165323";"2017-06-17";"2017-06-21";4449;1812;2;5;3404.5;1668.21
8558;"CA-2015-119879";"2015-11-21";"2015-11-25";4461;535;2;5;110.97;-24.04
8559;"CA-2015-119879";"2015-11-21";"2015-11-25";4461;1363;2;8;1252.7;-480.2
8560;"CA-2017-101273";"2017-08-27";"2017-08-30";4484;313;1;4;14.34;0.9
8561;"US-2016-126431";"2016-07-01";"2016-07-01";4486;240;4;9;75.06;33.78
8562;"US-2016-126431";"2016-07-01";"2016-07-01";4486;1356;4;3;30.84;6.17
8563;"US-2016-126431";"2016-07-01";"2016-07-01";4486;1023;4;1;30.53;14.04
8564;"CA-2016-118745";"2016-06-11";"2016-06-16";4495;493;2;3;902.71;33.85
8565;"US-2016-136581";"2016-11-10";"2016-11-12";4497;1495;3;6;31.1;10.89
8566;"CA-2017-159793";"2017-08-25";"2017-08-29";4500;1;2;2;130.98;-89.07
8567;"CA-2017-147767";"2017-12-02";"2017-12-02";4520;242;4;6;67.86;-45.24
8568;"CA-2017-122798";"2017-12-28";"2018-01-01";4522;1505;2;1;4.28;1.93
8569;"CA-2017-122798";"2017-12-28";"2018-01-01";4522;65;2;5;118.25;34.29
8570;"US-2016-119270";"2016-03-12";"2016-03-16";4526;1617;2;2;19.98;8.99
8571;"CA-2017-148145";"2017-03-18";"2017-03-23";4531;528;2;4;46.2;21.25
8572;"CA-2015-153423";"2015-06-22";"2015-06-27";4538;548;2;2;1217.57;456.59
8573;"CA-2015-154284";"2015-12-21";"2015-12-26";4550;442;1;3;51.76;-33.64
8574;"CA-2015-154284";"2015-12-21";"2015-12-26";4550;824;1;8;637.44;135.46
8575;"CA-2015-154284";"2015-12-21";"2015-12-26";4550;640;1;2;59.9;14.23
8576;"CA-2015-154284";"2015-12-21";"2015-12-26";4550;675;1;2;600.53;137.26
8577;"CA-2016-135965";"2016-09-22";"2016-09-25";4552;27;3;6;128.34;37.22
8578;"CA-2017-157273";"2017-01-30";"2017-02-02";4553;9;3;4;604.77;60.48
8579;"CA-2017-117156";"2017-03-21";"2017-03-23";4564;213;1;3;8.86;2.88
8580;"CA-2014-137575";"2014-08-06";"2014-08-11";4614;96;2;2;199.98;83.99
8581;"CA-2015-149601";"2015-05-28";"2015-06-03";4615;379;2;5;77.55;21.71
8582;"CA-2015-149601";"2015-05-28";"2015-06-03";4615;600;2;1;16.24;2.44
8583;"CA-2017-120168";"2017-05-25";"2017-05-25";4620;271;4;3;18.84;6.03
8584;"CA-2017-120168";"2017-05-25";"2017-05-25";4620;1150;4;1;3.29;1.48
8585;"CA-2017-120168";"2017-05-25";"2017-05-25";4620;146;4;8;120.0;13.2
8586;"CA-2017-120168";"2017-05-25";"2017-05-25";4620;853;4;5;663.92;207.48
8587;"CA-2014-153087";"2014-12-27";"2015-01-03";4624;824;2;5;498.0;184.26
8588;"CA-2014-153087";"2014-12-27";"2015-01-03";4624;1796;2;4;23.92;11.72
8589;"CA-2015-156013";"2015-09-20";"2015-09-26";4625;1202;2;2;24.45;8.86
8590;"CA-2015-156013";"2015-09-20";"2015-09-26";4625;610;2;5;61.4;28.86
8591;"CA-2017-142489";"2017-11-14";"2017-11-16";4635;588;1;5;21.99;-32.99
8592;"CA-2016-100307";"2016-12-15";"2016-12-19";4641;789;2;3;19.44;9.33
8593;"CA-2015-143364";"2015-07-14";"2015-07-19";4661;1400;1;6;127.76;-191.65
8594;"CA-2015-143364";"2015-07-14";"2015-07-19";4661;304;1;2;441.92;49.72
8595;"CA-2015-143364";"2015-07-14";"2015-07-19";4661;1811;1;4;18.5;6.7
8596;"CA-2015-143364";"2015-07-14";"2015-07-19";4661;123;1;3;272.74;-64.77
8597;"CA-2016-166429";"2016-09-02";"2016-09-08";4662;468;2;2;999.98;449.99
8598;"CA-2015-133837";"2015-04-13";"2015-04-18";4671;754;2;1;10.74;0.81
8599;"CA-2016-159765";"2016-05-09";"2016-05-12";4672;389;1;7;27.86;9.19
8600;"CA-2016-125087";"2016-04-18";"2016-04-23";4675;1434;2;5;127.88;-67.14
8601;"CA-2016-125087";"2016-04-18";"2016-04-23";4675;448;2;3;1554.94;77.75
8602;"CA-2016-125087";"2016-04-18";"2016-04-23";4675;967;2;4;344.37;-93.47
8603;"US-2017-118556";"2017-05-28";"2017-06-02";4683;1520;1;3;3.56;-6.24
8604;"US-2017-118556";"2017-05-28";"2017-06-02";4683;173;1;3;106.87;-29.01
8605;"CA-2016-155446";"2016-12-16";"2016-12-23";4709;174;2;7;21.21;4.45
8606;"CA-2014-169649";"2014-12-09";"2014-12-15";4746;267;2;2;20.39;-53.01
8607;"CA-2014-169649";"2014-12-09";"2014-12-15";4746;1697;2;2;8.45;2.96
8608;"CA-2017-119284";"2017-06-15";"2017-06-20";4748;1823;2;5;91.36;29.69
8609;"CA-2017-119284";"2017-06-15";"2017-06-20";4748;627;2;1;142.78;17.85
8610;"CA-2017-119284";"2017-06-15";"2017-06-20";4748;804;2;8;76.61;6.7
8611;"CA-2017-119284";"2017-06-15";"2017-06-20";4748;788;2;8;2239.94;223.99
8612;"CA-2017-119284";"2017-06-15";"2017-06-20";4748;1324;2;2;120.96;-28.22
8613;"CA-2017-119284";"2017-06-15";"2017-06-20";4748;11;2;4;31.17;9.35
8614;"CA-2017-119284";"2017-06-15";"2017-06-20";4748;1465;2;3;239.98;27.0
8615;"CA-2017-136623";"2017-07-11";"2017-07-16";4764;1509;2;5;29.8;9.31
8616;"CA-2017-136623";"2017-07-11";"2017-07-16";4764;421;2;6;71.95;5.4
8617;"CA-2017-106747";"2017-07-03";"2017-07-04";4767;693;3;1;102.3;26.6
8618;"CA-2015-137064";"2015-02-06";"2015-02-13";4778;1300;2;3;670.75;-125.77
8619;"CA-2015-137064";"2015-02-06";"2015-02-13";4778;124;2;2;18.53;4.4
8620;"CA-2015-137064";"2015-02-06";"2015-02-13";4778;821;2;3;2.93;-4.99
8621;"CA-2016-148684";"2016-12-25";"2016-12-29";4780;1740;2;3;106.32;49.97
8622;"CA-2016-148684";"2016-12-25";"2016-12-29";4780;317;2;5;343.85;137.54
8623;"CA-2016-148684";"2016-12-25";"2016-12-29";4780;584;2;2;399.98;171.99
8624;"CA-2016-148684";"2016-12-25";"2016-12-29";4780;276;2;9;19.89;5.37
8625;"CA-2017-147207";"2017-01-02";"2017-01-04";4781;1537;1;3;372.14;27.91
8626;"CA-2017-147207";"2017-01-02";"2017-01-04";4781;1363;1;5;913.43;-169.64
8627;"CA-2017-147207";"2017-01-02";"2017-01-04";4781;1808;1;2;5.43;-13.58
8628;"CA-2017-147207";"2017-01-02";"2017-01-04";4781;781;1;2;31.74;3.97
8629;"CA-2017-162075";"2017-03-18";"2017-03-24";4796;621;2;7;537.54;47.04
8630;"US-2017-113201";"2017-06-30";"2017-07-05";4797;1082;2;5;204.95;100.43
8631;"US-2017-114356";"2017-08-20";"2017-08-26";4805;1299;2;1;35.96;3.6
8632;"CA-2017-158736";"2017-12-18";"2017-12-24";4807;633;2;2;5.76;1.67
8633;"CA-2017-134880";"2017-10-27";"2017-11-01";4814;1439;2;1;44.78;16.23
8634;"CA-2017-101665";"2017-11-25";"2017-12-01";4818;672;2;2;5.16;1.34
8635;"CA-2015-121132";"2015-07-17";"2015-07-24";4819;443;2;4;14.43;3.43
8636;"CA-2015-121132";"2015-07-17";"2015-07-24";4819;1779;2;3;6.26;2.04
8637;"US-2016-150140";"2016-04-06";"2016-04-10";4847;1313;2;5;1294.75;336.64
8638;"CA-2016-133872";"2016-06-14";"2016-06-17";4855;1556;3;2;18.46;2.31
8639;"CA-2016-133872";"2016-06-14";"2016-06-17";4855;1129;3;4;39.94;-26.62
8640;"CA-2014-109680";"2014-10-06";"2014-10-09";4861;1645;3;2;386.34;54.09
8641;"US-2016-137295";"2016-01-08";"2016-01-13";4868;1762;2;2;108.78;10.88
8642;"US-2016-137295";"2016-01-08";"2016-01-13";4868;781;2;3;47.62;5.95
8643;"US-2016-137295";"2016-01-08";"2016-01-13";4868;895;2;7;30.83;-24.66
8644;"CA-2016-163174";"2016-08-26";"2016-08-30";4896;1515;2;3;186.54;41.04
8645;"CA-2017-118577";"2017-10-06";"2017-10-11";4899;1371;2;1;6.48;3.11
8646;"CA-2017-118577";"2017-10-06";"2017-10-11";4899;833;2;3;143.7;68.98
8647;"CA-2017-135076";"2017-04-13";"2017-04-17";4910;1193;2;6;436.7;-38.21
8648;"CA-2017-141481";"2017-06-11";"2017-06-14";4931;309;3;3;61.44;16.59
8649;"US-2017-169488";"2017-09-07";"2017-09-09";13;902;3;2;39.96;18.78
8650;"US-2017-169488";"2017-09-07";"2017-09-09";13;1027;3;5;16.9;7.77
8651;"CA-2017-118213";"2017-11-05";"2017-11-07";33;1513;3;10;67.8;31.19
8652;"CA-2017-118213";"2017-11-05";"2017-11-07";33;1637;3;3;167.94;82.29
8653;"CA-2015-163181";"2015-11-07";"2015-11-12";36;1577;2;3;287.91;33.59
8654;"CA-2015-163181";"2015-11-07";"2015-11-12";36;1649;2;2;177.65;-28.87
8655;"CA-2015-163181";"2015-11-07";"2015-11-12";36;104;2;10;32.06;-51.3
8656;"CA-2015-163181";"2015-11-07";"2015-11-12";36;1316;2;5;64.96;-84.45
8657;"CA-2015-163181";"2015-11-07";"2015-11-12";36;144;2;2;84.78;-16.96
8658;"CA-2015-163181";"2015-11-07";"2015-11-12";36;113;2;3;23.64;5.32
8659;"CA-2016-117121";"2016-12-17";"2016-12-21";38;548;2;13;9892.74;4946.37
8660;"CA-2017-140781";"2017-08-03";"2017-08-07";41;1274;2;3;39.82;7.47
8661;"CA-2014-122679";"2014-07-22";"2014-07-28";57;736;2;6;19.68;6.49
8662;"CA-2017-101637";"2017-03-24";"2017-03-25";82;750;4;2;12.77;0.96
8663;"CA-2016-158617";"2016-09-22";"2016-09-28";87;1290;2;6;35.88;16.15
8664;"CA-2016-126270";"2016-04-23";"2016-04-27";97;191;2;3;71.97;35.99
8665;"CA-2016-126270";"2016-04-23";"2016-04-27";97;586;2;7;18.09;6.56
8666;"CA-2015-162201";"2015-06-08";"2015-06-12";127;415;2;2;18.26;-13.39
8667;"CA-2015-162201";"2015-06-08";"2015-06-12";127;1750;2;10;42.24;13.2
8668;"CA-2015-162201";"2015-06-08";"2015-06-12";127;1417;2;3;9.0;3.15
8669;"CA-2015-162201";"2015-06-08";"2015-06-12";127;254;2;2;4.45;0.33
8670;"CA-2015-162201";"2015-06-08";"2015-06-12";127;1510;2;7;173.21;45.47
8671;"CA-2015-162201";"2015-06-08";"2015-06-12";127;820;2;4;516.96;-6.46
8672;"CA-2015-162201";"2015-06-08";"2015-06-12";127;1154;2;7;173.49;54.22
8673;"CA-2015-111948";"2015-11-11";"2015-11-11";131;34;4;2;123.86;46.79
8674;"CA-2015-111948";"2015-11-11";"2015-11-11";131;139;4;7;418.32;117.13
8675;"CA-2016-160108";"2016-12-08";"2016-12-12";154;504;2;3;680.01;176.8
8676;"CA-2016-160108";"2016-12-08";"2016-12-12";154;1315;2;7;405.86;32.47
8677;"CA-2017-110198";"2017-05-01";"2017-05-02";155;1499;3;2;4.61;1.5
8678;"CA-2017-110198";"2017-05-01";"2017-05-02";155;1;3;3;314.35;-15.72
8679;"CA-2015-130113";"2015-12-27";"2015-12-31";162;945;2;9;668.16;75.17
8680;"CA-2015-130113";"2015-12-27";"2015-12-31";162;820;2;2;323.1;61.39
8681;"CA-2017-146983";"2017-09-02";"2017-09-06";191;149;2;3;1577.94;757.41
8682;"US-2017-148831";"2017-10-13";"2017-10-15";192;171;3;8;348.56;104.57
8683;"CA-2017-145275";"2017-04-02";"2017-04-06";197;529;2;3;14.94;6.87
8684;"CA-2016-160479";"2016-09-15";"2016-09-20";200;1641;2;5;35.4;13.45
8685;"CA-2014-160276";"2014-04-02";"2014-04-08";203;1756;2;2;177.68;46.2
8686;"CA-2016-145709";"2016-10-04";"2016-10-08";213;818;2;3;11.57;2.6
8687;"CA-2016-145709";"2016-10-04";"2016-10-08";213;1291;2;3;52.68;19.76
8688;"CA-2015-167479";"2015-03-14";"2015-03-19";218;385;2;3;19.44;9.33
8689;"CA-2015-165554";"2015-05-18";"2015-05-22";228;830;2;2;10.86;5.32
8690;"US-2015-132836";"2015-06-01";"2015-06-05";239;1711;2;7;28.91;13.3
8691;"US-2015-132836";"2015-06-01";"2015-06-05";239;739;2;2;41.9;11.73
8692;"US-2015-132836";"2015-06-01";"2015-06-05";239;897;2;6;403.68;181.66
8693;"US-2015-132836";"2015-06-01";"2015-06-05";239;1263;2;2;299.98;83.99
8694;"CA-2015-164497";"2015-11-28";"2015-11-30";240;1609;3;4;45.28;15.4
8695;"CA-2015-126347";"2015-12-14";"2015-12-19";241;868;1;2;50.0;10.5
8696;"CA-2017-137421";"2017-10-06";"2017-10-11";244;1646;2;2;9.34;1.87
8697;"CA-2017-161340";"2017-05-28";"2017-06-01";251;328;2;4;115.96;-64.94
8698;"CA-2017-161340";"2017-05-28";"2017-06-01";251;716;2;3;13.87;5.03
8699;"CA-2016-136322";"2016-10-21";"2016-10-26";267;1226;2;8;28.75;-21.08
8700;"CA-2016-136322";"2016-10-21";"2016-10-26";267;1122;2;2;45.57;9.68
8701;"US-2016-103674";"2016-12-06";"2016-12-10";268;1731;2;14;437.47;153.12
8702;"US-2016-103674";"2016-12-06";"2016-12-10";268;957;2;4;13.38;4.68
8703;"US-2016-103674";"2016-12-06";"2016-12-10";268;474;2;7;13.86;0.0
8704;"US-2016-103674";"2016-12-06";"2016-12-10";268;478;2;2;249.58;31.2
8705;"US-2016-103674";"2016-12-06";"2016-12-10";268;344;2;2;13.36;6.41
8706;"US-2016-103674";"2016-12-06";"2016-12-10";268;1081;2;7;18.69;5.23
8707;"US-2016-103674";"2016-12-06";"2016-12-10";268;1762;2;5;271.96;27.2
8708;"CA-2016-132304";"2016-06-14";"2016-06-18";303;860;2;7;1115.17;334.55
8709;"US-2017-108343";"2017-07-20";"2017-07-25";306;1717;2;4;183.92;31.27
8710;"US-2017-108343";"2017-07-20";"2017-07-25";306;1834;2;2;163.76;25.47
8711;"US-2017-108343";"2017-07-20";"2017-07-25";306;344;2;2;13.36;6.41
8712;"CA-2016-148747";"2016-09-25";"2016-09-27";311;382;3;2;477.67;84.29
8713;"US-2017-147655";"2017-09-04";"2017-09-05";314;655;3;7;88.07;-58.72
8714;"CA-2014-156160";"2014-09-22";"2014-09-29";316;1562;2;4;579.53;83.71
8715;"CA-2014-156160";"2014-09-22";"2014-09-29";316;1730;2;4;13.04;5.74
8716;"CA-2014-156160";"2014-09-22";"2014-09-29";316;374;2;1;3.98;1.39
8717;"CA-2014-156160";"2014-09-22";"2014-09-29";316;1463;2;3;97.44;35.08
8718;"CA-2014-132913";"2014-12-24";"2014-12-26";317;1786;3;1;13.97;3.63
8719;"CA-2016-114405";"2016-04-07";"2016-04-12";335;1842;2;3;36.74;3.67
8720;"CA-2016-114405";"2016-04-07";"2016-04-12";335;1786;2;3;33.53;2.51
8721;"CA-2014-111360";"2014-11-24";"2014-11-30";351;683;2;3;5.74;-4.59
8722;"CA-2016-108210";"2016-05-30";"2016-05-31";360;458;4;5;223.96;11.2
8723;"CA-2016-108210";"2016-05-30";"2016-05-31";360;178;4;5;79.96;8.0
8724;"US-2017-118157";"2017-11-14";"2017-11-17";377;614;3;2;15.28;7.49
8725;"CA-2017-110940";"2017-07-23";"2017-07-28";387;136;2;4;121.54;15.19
8726;"CA-2015-141810";"2015-11-02";"2015-11-07";389;1239;2;2;344.7;38.78
8727;"CA-2015-141810";"2015-11-02";"2015-11-07";389;530;2;7;29.37;-47.0
8728;"CA-2015-158351";"2015-06-20";"2015-06-24";404;584;1;2;319.98;92.0
8729;"CA-2016-110086";"2016-09-18";"2016-09-22";416;1263;2;2;239.98;24.0
8730;"US-2014-151015";"2014-10-14";"2014-10-20";423;1206;2;4;19.14;6.94
8731;"US-2014-151015";"2014-10-14";"2014-10-20";423;1154;2;13;322.19;100.69
8732;"CA-2015-167696";"2015-09-16";"2015-09-21";424;1066;2;4;31.12;14.63
8733;"CA-2015-163923";"2015-05-30";"2015-06-03";428;1590;2;4;151.96;36.47
8734;"US-2014-164406";"2014-08-15";"2014-08-19";431;1235;2;4;195.14;-12.2
8735;"US-2014-164406";"2014-08-15";"2014-08-19";431;422;2;3;46.44;15.09
8736;"US-2014-164406";"2014-08-15";"2014-08-19";431;22;2;4;17.86;6.25
8737;"US-2014-164406";"2014-08-15";"2014-08-19";431;924;2;3;92.94;41.82
8738;"US-2014-164406";"2014-08-15";"2014-08-19";431;267;2;3;152.91;42.81
8739;"CA-2016-125220";"2016-10-14";"2016-10-19";464;819;2;5;1649.75;544.42
8740;"CA-2016-108630";"2016-11-18";"2016-11-18";465;1202;4;5;61.12;22.16
8741;"CA-2017-141782";"2017-01-21";"2017-01-25";466;299;2;4;268.58;90.64
8742;"US-2017-166324";"2017-04-20";"2017-04-21";473;1762;3;3;122.38;-24.48
8743;"US-2017-166324";"2017-04-20";"2017-04-21";473;1157;3;5;8.7;-6.38
8744;"US-2017-166324";"2017-04-20";"2017-04-21";473;1360;3;4;848.54;-21.21
8745;"US-2017-120908";"2017-09-30";"2017-10-02";480;1833;3;7;20.66;6.97
8746;"US-2016-105452";"2016-07-28";"2016-08-01";483;1797;2;5;302.72;-378.4
8747;"US-2016-105452";"2016-07-28";"2016-08-01";483;844;2;5;24.7;-9.88
8748;"CA-2017-117128";"2017-12-05";"2017-12-08";494;1306;1;3;11.07;5.2
8749;"CA-2017-117128";"2017-12-05";"2017-12-08";494;1419;1;6;21.6;9.94
8750;"CA-2017-102729";"2017-10-26";"2017-10-31";509;980;2;2;55.62;5.56
8751;"US-2014-114377";"2014-11-05";"2014-11-05";513;1119;4;5;149.9;40.47
8752;"CA-2017-169005";"2017-11-02";"2017-11-06";519;92;2;2;5.56;1.45
8753;"US-2014-140914";"2014-11-11";"2014-11-15";534;357;2;4;797.94;-57.0
8754;"US-2014-140914";"2014-11-11";"2014-11-15";534;1632;2;2;10.98;-7.96
8755;"CA-2017-117009";"2017-09-22";"2017-09-28";545;206;2;2;21.96;6.15
8756;"CA-2016-106278";"2016-09-02";"2016-09-05";548;161;1;3;215.98;-2.7
8757;"US-2017-129203";"2017-04-17";"2017-04-22";554;812;2;4;195.14;-43.91
8758;"CA-2014-106971";"2014-09-02";"2014-09-08";569;134;2;7;475.94;95.19
8759;"CA-2017-152968";"2017-05-26";"2017-05-30";576;1556;2;2;23.08;6.92
8760;"CA-2016-105207";"2016-01-03";"2016-01-08";586;1520;2;2;11.88;5.35
8761;"CA-2016-105207";"2016-01-03";"2016-01-08";586;721;2;7;1592.85;350.43
8762;"CA-2017-143084";"2017-03-18";"2017-03-22";595;878;2;5;19.4;9.31
8763;"CA-2017-143084";"2017-03-18";"2017-03-22";595;1599;2;5;13.9;3.75
8764;"CA-2015-166219";"2015-08-28";"2015-09-01";614;1043;2;1;103.48;-16.26
8765;"CA-2015-166219";"2015-08-28";"2015-09-01";614;877;2;5;1099.96;82.5
8766;"CA-2017-130036";"2017-08-27";"2017-08-27";618;511;4;14;1119.89;209.98
8767;"CA-2017-130036";"2017-08-27";"2017-08-27";618;983;4;3;12.67;3.96
8768;"CA-2017-137505";"2017-11-24";"2017-11-24";632;1365;4;2;71.09;-1.78
8769;"CA-2017-137505";"2017-11-24";"2017-11-24";632;721;4;2;364.08;9.1
8770;"CA-2017-160633";"2017-11-16";"2017-11-21";642;725;2;5;139.96;-1.75
8771;"CA-2017-160633";"2017-11-16";"2017-11-21";642;940;2;3;86.35;5.4
8772;"CA-2017-160633";"2017-11-16";"2017-11-21";642;468;2;3;899.98;75.0
8773;"US-2017-109610";"2017-11-25";"2017-11-30";649;1087;1;2;701.96;168.47
8774;"CA-2014-139283";"2014-11-23";"2014-11-27";674;821;2;3;14.67;6.75
8775;"CA-2016-122511";"2016-03-11";"2016-03-11";678;1057;4;4;30.34;9.48
8776;"CA-2017-123029";"2017-09-30";"2017-10-02";683;603;1;2;159.98;47.99
8777;"CA-2016-146423";"2016-04-21";"2016-04-21";688;1713;4;8;51.84;24.88
8778;"CA-2016-146423";"2016-04-21";"2016-04-21";688;985;4;3;15.48;4.49
8779;"CA-2014-100391";"2014-05-25";"2014-05-29";696;1232;2;2;14.62;6.73
8780;"CA-2017-151855";"2017-05-27";"2017-06-03";704;1255;2;5;12.06;-10.05
8781;"CA-2017-151855";"2017-05-27";"2017-06-03";704;1837;2;3;27.19;0.34
8782;"CA-2016-116596";"2016-10-27";"2016-10-31";709;645;2;2;9.73;3.28
8783;"CA-2016-116596";"2016-10-27";"2016-10-31";709;1721;2;2;33.48;1.34
8784;"CA-2016-116596";"2016-10-27";"2016-10-31";709;444;2;7;40.67;12.61
8785;"CA-2016-116596";"2016-10-27";"2016-10-31";709;1448;2;14;427.64;80.78
8786;"CA-2014-128237";"2014-03-25";"2014-03-30";722;786;2;6;25.44;9.92
8787;"CA-2014-128237";"2014-03-25";"2014-03-30";722;1473;2;4;45.48;15.92
8788;"CA-2014-128237";"2014-03-25";"2014-03-30";722;1543;2;2;14.88;3.72
8789;"CA-2014-128237";"2014-03-25";"2014-03-30";722;1098;2;2;6.56;1.9
8790;"CA-2017-169607";"2017-10-12";"2017-10-15";728;1253;3;2;9.96;4.68
8791;"CA-2016-117583";"2016-11-27";"2016-11-30";746;1402;3;5;79.95;38.38
8792;"CA-2016-117583";"2016-11-27";"2016-11-30";746;1069;3;5;204.95;100.43
8793;"CA-2016-117583";"2016-11-27";"2016-11-30";746;681;3;3;34.65;9.7
8794;"CA-2016-117583";"2016-11-27";"2016-11-30";746;1459;3;4;25.92;12.44
8795;"US-2017-152898";"2017-09-11";"2017-09-15";750;1808;2;5;67.9;20.37
8796;"US-2015-136259";"2015-11-05";"2015-11-08";752;1729;3;4;27.2;2.04
8797;"US-2015-136259";"2015-11-05";"2015-11-08";752;32;3;3;7.22;-5.53
8798;"US-2016-165505";"2016-01-23";"2016-01-27";764;858;2;13;1564.29;406.72
8799;"US-2016-165505";"2016-01-23";"2016-01-27";764;1831;2;6;8.04;2.73
8800;"US-2016-165505";"2016-01-23";"2016-01-27";764;1093;2;2;99.98;42.99
8801;"CA-2015-104297";"2015-05-29";"2015-05-31";769;241;3;3;85.06;28.71
8802;"CA-2017-119914";"2017-05-04";"2017-05-09";788;324;1;2;243.16;72.95
8803;"CA-2017-106691";"2017-11-06";"2017-11-12";795;694;2;2;1.25;-1.93
8804;"US-2016-148957";"2016-09-17";"2016-09-23";799;774;2;4;12.32;5.91
8805;"CA-2016-118178";"2016-03-19";"2016-03-24";822;547;2;3;31.09;-20.72
8806;"CA-2014-154158";"2014-12-23";"2014-12-27";826;734;1;5;83.92;-1.05
8807;"CA-2014-154158";"2014-12-23";"2014-12-27";826;177;1;1;1.34;0.5
8808;"CA-2014-154158";"2014-12-23";"2014-12-27";826;1360;1;2;424.27;-10.61
8809;"CA-2014-154158";"2014-12-23";"2014-12-27";826;329;1;1;64.78;6.48
8810;"CA-2014-154158";"2014-12-23";"2014-12-27";826;1279;1;3;45.53;15.93
8811;"CA-2015-128993";"2015-09-12";"2015-09-17";827;942;1;2;21.98;8.57
8812;"CA-2017-107853";"2017-05-26";"2017-05-31";840;1526;2;2;12.96;6.22
8813;"CA-2017-102925";"2017-11-05";"2017-11-10";844;1159;1;2;128.12;24.2
8814;"CA-2017-102925";"2017-11-05";"2017-11-10";844;399;1;1;11.42;3.71
8815;"CA-2017-102925";"2017-11-05";"2017-11-10";844;232;1;2;99.98;4.0
8816;"CA-2017-102925";"2017-11-05";"2017-11-10";844;117;1;2;110.96;53.26
8817;"CA-2017-102925";"2017-11-05";"2017-11-10";844;673;1;2;12.96;6.22
8818;"CA-2017-102925";"2017-11-05";"2017-11-10";844;1568;1;2;166.5;-66.6
8819;"CA-2017-102925";"2017-11-05";"2017-11-10";844;235;1;6;164.69;55.58
8820;"CA-2017-144491";"2017-03-27";"2017-04-01";868;1143;2;2;211.25;-66.39
8821;"CA-2017-144491";"2017-03-27";"2017-04-01";868;549;2;1;39.99;7.0
8822;"CA-2017-144491";"2017-03-27";"2017-04-01";868;160;2;3;600.56;-8.58
8823;"CA-2017-144491";"2017-03-27";"2017-04-01";868;915;2;5;1023.33;-30.1
8824;"CA-2017-109085";"2017-02-17";"2017-02-20";887;1099;3;5;899.43;-12.85
8825;"CA-2017-109085";"2017-02-17";"2017-02-20";887;977;3;2;30.14;8.29
8826;"CA-2017-109085";"2017-02-17";"2017-02-20";887;1221;3;1;57.59;-11.52
8827;"CA-2017-109085";"2017-02-17";"2017-02-20";887;1776;3;5;455.97;-106.39
8828;"CA-2016-153178";"2016-09-14";"2016-09-18";918;1050;2;2;673.57;252.59
8829;"CA-2016-153178";"2016-09-14";"2016-09-18";918;1488;2;3;437.85;131.36
8830;"CA-2017-141446";"2017-09-16";"2017-09-18";927;1389;1;1;18.0;3.24
8831;"CA-2016-149237";"2016-05-26";"2016-05-30";952;1009;2;3;26.94;11.31
8832;"CA-2017-111738";"2017-01-03";"2017-01-07";958;1472;2;3;9.12;3.1
8833;"CA-2017-111738";"2017-01-03";"2017-01-07";958;21;2;8;2022.27;682.52
8834;"CA-2015-168088";"2015-03-19";"2015-03-22";963;1542;3;4;383.47;-67.67
8835;"CA-2015-168088";"2015-03-19";"2015-03-22";963;1082;3;2;65.58;23.77
8836;"CA-2014-104563";"2014-03-07";"2014-03-12";969;1249;2;2;481.57;54.18
8837;"CA-2014-104563";"2014-03-07";"2014-03-12";969;1834;2;6;436.7;21.84
8838;"CA-2014-104563";"2014-03-07";"2014-03-12";969;793;2;5;204.9;0.0
8839;"CA-2014-104563";"2014-03-07";"2014-03-12";969;128;2;5;20.65;9.5
8840;"CA-2016-113236";"2016-05-26";"2016-05-29";981;262;1;2;47.92;11.98
8841;"CA-2016-113236";"2016-05-26";"2016-05-29";981;1483;1;6;184.7;13.85
8842;"CA-2016-164889";"2016-06-03";"2016-06-06";988;1365;1;2;71.09;-1.78
8843;"CA-2014-130575";"2014-12-14";"2014-12-16";1007;913;3;3;9.26;-13.9
8844;"CA-2015-150413";"2015-10-19";"2015-10-24";1014;436;1;1;1.72;-2.84
8845;"CA-2017-106047";"2017-07-12";"2017-07-18";1016;1532;2;1;3.82;1.19
8846;"CA-2015-151869";"2015-09-25";"2015-09-25";1020;579;4;3;20.04;9.62
8847;"CA-2015-151869";"2015-09-25";"2015-09-25";1020;1708;4;1;102.58;6.84
8848;"CA-2016-161746";"2016-10-21";"2016-10-27";1024;123;2;3;340.92;3.41
8849;"CA-2016-161746";"2016-10-21";"2016-10-27";1024;1557;2;2;19.96;5.59
8850;"CA-2016-161746";"2016-10-21";"2016-10-27";1024;128;2;3;12.39;5.7
8851;"CA-2016-161746";"2016-10-21";"2016-10-27";1024;1705;2;3;242.14;12.11
8852;"CA-2017-102820";"2017-05-07";"2017-05-11";1025;1017;2;7;419.94;52.49
8853;"CA-2017-144365";"2017-10-24";"2017-10-30";1027;679;2;4;11.68;5.26
8854;"CA-2015-136420";"2015-11-20";"2015-11-21";1043;157;3;4;50.12;23.56
8855;"CA-2015-136420";"2015-11-20";"2015-11-21";1043;928;3;4;89.7;33.64
8856;"CA-2016-119641";"2016-09-22";"2016-09-26";1045;1163;2;2;18.96;7.58
8857;"CA-2014-109043";"2014-08-15";"2014-08-17";1050;613;3;5;152.24;17.13
8858;"CA-2014-109043";"2014-08-15";"2014-08-17";1050;1823;3;5;91.36;29.69
8859;"CA-2015-128608";"2015-01-12";"2015-01-17";1071;426;2;3;107.12;-21.42
8860;"CA-2015-128608";"2015-01-12";"2015-01-17";1071;1675;2;2;10.38;2.21
8861;"CA-2015-128608";"2015-01-12";"2015-01-17";1071;1282;2;4;26.38;2.64
8862;"CA-2015-128608";"2015-01-12";"2015-01-17";1071;116;2;2;235.19;-43.12
8863;"CA-2015-128608";"2015-01-12";"2015-01-17";1071;607;2;2;10.37;1.56
8864;"CA-2016-144785";"2016-04-18";"2016-04-23";1072;955;2;3;6.99;2.03
8865;"CA-2014-100860";"2014-03-26";"2014-03-30";1075;1417;1;5;18.75;9.0
8866;"US-2016-144057";"2016-05-09";"2016-05-13";1094;913;2;6;18.53;-27.79
8867;"US-2016-144057";"2016-05-09";"2016-05-13";1094;225;2;2;76.64;26.82
8868;"US-2016-144057";"2016-05-09";"2016-05-13";1094;1694;2;4;48.78;-131.72
8869;"US-2016-144057";"2016-05-09";"2016-05-13";1094;58;2;4;13.18;-20.44
8870;"CA-2017-130302";"2017-09-14";"2017-09-19";1114;325;2;7;895.94;190.39
8871;"CA-2017-130715";"2017-09-16";"2017-09-20";1115;138;2;5;17.9;8.77
8872;"CA-2014-115133";"2014-09-26";"2014-09-30";1119;1820;2;2;3.15;0.47
8873;"CA-2014-115133";"2014-09-26";"2014-09-30";1119;1792;2;6;16.7;1.25
8874;"CA-2015-141593";"2015-12-14";"2015-12-16";1130;1374;1;2;273.57;10.26
8875;"CA-2015-141593";"2015-12-14";"2015-12-16";1130;1385;1;3;34.25;11.56
8876;"CA-2015-141593";"2015-12-14";"2015-12-16";1130;1256;1;1;6.48;3.11
8877;"CA-2015-141593";"2015-12-14";"2015-12-16";1130;547;1;2;55.26;20.72
8878;"CA-2017-121258";"2017-02-26";"2017-03-03";1138;1148;2;4;29.6;13.32
8879;"CA-2017-121258";"2017-02-26";"2017-03-03";1138;517;2;2;258.58;19.39
8880;"CA-2017-121258";"2017-02-26";"2017-03-03";1138;1717;2;2;91.96;15.63
8881;"US-2016-144477";"2016-08-12";"2016-08-14";1161;1712;1;4;37.31;2.8
8882;"CA-2017-154011";"2017-06-19";"2017-06-26";1164;307;2;3;457.49;-84.96
8883;"CA-2017-154011";"2017-06-19";"2017-06-26";1164;1489;2;3;6.89;-11.02
8884;"CA-2016-119123";"2016-03-13";"2016-03-18";1168;489;2;7;51.18;19.19
8885;"CA-2014-136336";"2014-04-21";"2014-04-26";1175;1074;2;6;828.84;0.0
8886;"CA-2017-101959";"2017-02-28";"2017-03-06";1192;311;2;1;7.78;3.5
8887;"CA-2017-101959";"2017-02-28";"2017-03-06";1192;1054;2;2;9.84;4.72
8888;"CA-2017-121853";"2017-09-23";"2017-09-29";1194;688;2;3;72.96;23.71
8889;"CA-2017-121853";"2017-09-23";"2017-09-29";1194;769;2;2;594.82;59.48
8890;"CA-2017-121853";"2017-09-23";"2017-09-29";1194;1142;2;8;211.04;97.08
8891;"CA-2016-130911";"2016-03-24";"2016-03-26";1199;1089;1;2;18.66;1.63
8892;"CA-2016-130911";"2016-03-24";"2016-03-26";1199;1330;1;3;301.47;-241.18
8893;"CA-2014-166730";"2014-12-30";"2015-01-01";1211;1012;3;1;39.13;-8.8
8894;"CA-2016-168032";"2016-01-30";"2016-02-03";1223;453;2;3;626.1;-538.45
8895;"CA-2016-168032";"2016-01-30";"2016-02-03";1223;465;2;3;1.73;-2.68
8896;"CA-2016-168032";"2016-01-30";"2016-02-03";1223;1827;2;4;1439.97;144.0
8897;"CA-2015-130848";"2015-10-25";"2015-10-25";1226;1153;4;8;582.34;-29.12
8898;"CA-2015-159534";"2015-03-20";"2015-03-23";1231;1220;3;4;83.92;20.14
8899;"CA-2015-159534";"2015-03-20";"2015-03-23";1231;1269;3;2;199.98;53.99
8900;"CA-2015-159534";"2015-03-20";"2015-03-23";1231;31;3;8;1087.94;353.58
8901;"CA-2015-159534";"2015-03-20";"2015-03-23";1231;191;3;1;23.99;12.0
8902;"CA-2015-159534";"2015-03-20";"2015-03-23";1231;778;3;3;49.85;16.82
8903;"CA-2014-144071";"2014-12-08";"2014-12-15";1239;927;2;3;79.44;28.6
8904;"CA-2014-144071";"2014-12-08";"2014-12-15";1239;192;2;2;39.88;11.17
8905;"CA-2014-141838";"2014-03-26";"2014-03-31";1254;1719;1;2;28.78;2.88
8906;"CA-2014-141838";"2014-03-26";"2014-03-31";1254;142;1;4;27.94;9.43
8907;"CA-2014-141838";"2014-03-26";"2014-03-31";1254;1364;1;2;3.36;0.84
8908;"CA-2017-104388";"2017-07-05";"2017-07-07";1262;178;3;4;79.96;22.39
8909;"CA-2017-124940";"2017-02-21";"2017-02-26";1279;684;2;1;47.9;-2.99
8910;"CA-2017-166835";"2017-11-12";"2017-11-14";1300;1074;1;2;221.02;-55.26
8911;"US-2016-125402";"2016-09-25";"2016-10-01";1307;616;2;4;483.14;60.39
8912;"US-2016-125402";"2016-09-25";"2016-10-01";1307;994;2;2;5.76;1.67
8913;"US-2016-125402";"2016-09-25";"2016-10-01";1307;1690;2;8;44.74;4.47
8914;"US-2016-125402";"2016-09-25";"2016-10-01";1307;1668;2;3;479.98;161.99
8915;"US-2016-125402";"2016-09-25";"2016-10-01";1307;1110;2;1;4.98;2.29
8916;"US-2016-125402";"2016-09-25";"2016-10-01";1307;184;2;2;29.6;14.8
8917;"US-2016-125402";"2016-09-25";"2016-10-01";1307;1061;2;5;10.9;5.12
8918;"CA-2014-108182";"2014-02-06";"2014-02-10";1316;1411;1;2;8.95;-14.77
8919;"CA-2014-154165";"2014-02-17";"2014-02-24";1317;992;2;14;54.21;8.81
8920;"CA-2014-119529";"2014-11-03";"2014-11-05";1353;465;1;2;5.76;2.82
8921;"CA-2016-129861";"2016-06-17";"2016-06-23";1356;740;2;3;376.87;-213.56
8922;"CA-2016-114860";"2016-12-22";"2016-12-28";1369;135;2;2;41.96;10.91
8923;"CA-2016-114860";"2016-12-22";"2016-12-28";1369;1788;2;8;842.72;202.25
8924;"CA-2017-136882";"2017-05-27";"2017-06-03";1370;119;2;5;477.3;138.42
8925;"CA-2017-102309";"2017-09-23";"2017-09-25";1382;596;1;2;12.96;6.22
8926;"CA-2017-102309";"2017-09-23";"2017-09-25";1382;1240;1;5;199.95;63.98
8927;"CA-2014-122609";"2014-11-12";"2014-11-18";1385;181;2;2;127.98;25.6
8928;"CA-2014-122609";"2014-11-12";"2014-11-18";1385;1338;2;3;25.13;-6.91
8929;"CA-2016-166618";"2016-11-14";"2016-11-18";1389;1455;2;1;23.65;6.15
8930;"CA-2016-166618";"2016-11-14";"2016-11-18";1389;1690;2;2;13.98;3.91
8931;"CA-2016-159009";"2016-09-23";"2016-09-27";1394;56;2;3;184.75;-20.78
8932;"CA-2016-159009";"2016-09-23";"2016-09-27";1394;989;2;4;13.22;4.46
8933;"CA-2017-141663";"2017-04-13";"2017-04-17";1396;1309;2;5;7.92;1.68
8934;"CA-2017-155362";"2017-12-17";"2017-12-21";1398;1501;2;2;32.56;8.47
8935;"CA-2014-113271";"2014-07-09";"2014-07-14";1439;28;2;5;32.4;15.55
8936;"CA-2014-113271";"2014-07-09";"2014-07-14";1439;846;2;2;5.56;2.22
8937;"CA-2014-113271";"2014-07-09";"2014-07-14";1439;1542;2;1;119.83;7.05
8938;"CA-2014-113271";"2014-07-09";"2014-07-14";1439;110;2;6;14.3;4.65
8939;"CA-2014-132983";"2014-04-28";"2014-05-03";1443;1011;2;2;159.98;57.59
8940;"CA-2015-100251";"2015-05-17";"2015-05-23";1458;889;2;10;31.5;15.12
8941;"CA-2016-126102";"2016-09-10";"2016-09-12";1460;1592;1;2;276.78;89.95
8942;"CA-2017-148642";"2017-03-06";"2017-03-12";1475;74;2;4;63.49;4.76
8943;"CA-2017-148642";"2017-03-06";"2017-03-12";1475;44;2;2;4.93;1.72
8944;"CA-2015-162950";"2015-06-28";"2015-07-03";1479;998;1;6;482.94;-376.69
8945;"CA-2015-162950";"2015-06-28";"2015-07-03";1479;53;1;3;15.55;5.44
8946;"CA-2014-114195";"2014-11-01";"2014-11-03";1486;244;3;3;22.43;-17.94
8947;"CA-2014-114195";"2014-11-01";"2014-11-03";1486;1565;3;2;3.13;-2.61
8948;"CA-2014-114195";"2014-11-01";"2014-11-03";1486;375;3;2;68.7;16.32
8949;"CA-2016-121447";"2016-02-21";"2016-02-22";1491;392;3;7;135.8;66.54
8950;"CA-2017-107797";"2017-05-08";"2017-05-11";1504;1168;1;8;41.47;14.52
8951;"CA-2015-164301";"2015-03-26";"2015-03-30";1517;98;2;8;3393.68;610.86
8952;"CA-2014-123400";"2014-02-02";"2014-02-09";1530;1447;2;5;180.96;13.57
8953;"CA-2014-123400";"2014-02-02";"2014-02-09";1530;682;2;2;18.34;-12.22
8954;"CA-2016-135461";"2016-02-07";"2016-02-10";1536;1790;1;5;623.96;39.0
8955;"US-2015-153283";"2015-11-12";"2015-11-18";1540;1066;2;2;15.56;7.31
8956;"CA-2015-111612";"2015-11-28";"2015-12-02";1541;726;2;2;3.01;0.56
8957;"CA-2015-111612";"2015-11-28";"2015-12-02";1541;55;2;5;71.12;9.78
8958;"CA-2014-111962";"2014-09-29";"2014-10-04";1545;820;2;5;807.75;153.47
8959;"CA-2014-111962";"2014-09-29";"2014-10-04";1545;1333;2;2;10.05;3.14
8960;"CA-2014-103086";"2014-10-17";"2014-10-19";1546;1243;1;2;5.31;-1.59
8961;"CA-2017-163188";"2017-11-07";"2017-11-07";1555;35;4;9;38.16;19.08
8962;"CA-2015-160227";"2015-11-02";"2015-11-04";1558;1785;3;11;2621.32;553.39
8963;"CA-2015-137071";"2015-12-20";"2015-12-21";1559;617;3;2;100.8;21.42
8964;"CA-2015-138625";"2015-11-02";"2015-11-05";1564;1840;3;4;197.72;55.36
8965;"CA-2014-142979";"2014-04-12";"2014-04-18";1569;1506;2;2;39.68;16.27
8966;"CA-2016-158155";"2016-05-02";"2016-05-06";1573;375;2;5;214.7;83.73
8967;"CA-2016-158155";"2016-05-02";"2016-05-06";1573;1218;2;2;13.08;6.02
8968;"CA-2016-158155";"2016-05-02";"2016-05-06";1573;242;2;3;90.48;33.93
8969;"CA-2016-158155";"2016-05-02";"2016-05-06";1573;271;2;2;12.56;4.02
8970;"CA-2016-153836";"2016-10-30";"2016-11-03";1577;1355;2;5;114.95;32.19
8971;"CA-2016-153836";"2016-10-30";"2016-11-03";1577;1226;2;3;28.75;10.06
8972;"US-2016-158288";"2016-11-26";"2016-11-28";1586;568;1;9;78.76;-57.76
8973;"CA-2014-154592";"2014-12-07";"2014-12-08";1596;1395;3;3;164.88;80.79
8974;"CA-2014-100867";"2014-10-19";"2014-10-24";1602;911;2;6;321.55;20.1
8975;"CA-2016-160486";"2016-12-30";"2017-01-04";1616;1516;2;4;72.22;25.28
8976;"CA-2016-158358";"2016-03-04";"2016-03-08";1636;181;2;2;159.98;57.59
8977;"CA-2014-103807";"2014-12-02";"2014-12-09";1638;1612;2;1;5.95;0.83
8978;"CA-2015-149748";"2015-05-31";"2015-06-02";1640;1341;1;2;8.28;2.98
8979;"CA-2015-149748";"2015-05-31";"2015-06-02";1640;984;1;1;62.18;16.79
8980;"CA-2015-149748";"2015-05-31";"2015-06-02";1640;630;1;5;274.8;134.65
8981;"CA-2015-156566";"2015-10-01";"2015-10-04";1647;1046;3;2;572.8;50.12
8982;"CA-2015-148873";"2015-10-01";"2015-10-05";1647;281;2;4;108.77;2.72
8983;"CA-2015-148873";"2015-10-01";"2015-10-05";1647;1373;2;4;2.99;-4.49
8984;"CA-2016-113390";"2016-10-11";"2016-10-15";1674;1042;2;3;27.72;3.47
8985;"CA-2016-113390";"2016-10-11";"2016-10-15";1674;1454;2;2;5.34;0.67
8986;"US-2017-125808";"2017-11-12";"2017-11-15";1684;1811;1;2;11.56;5.66
8987;"CA-2017-131303";"2017-11-28";"2017-12-02";1685;527;2;5;62.65;29.45
8988;"CA-2017-122770";"2017-12-13";"2017-12-18";1686;1625;2;2;12.96;6.35
8989;"CA-2017-122770";"2017-12-13";"2017-12-18";1686;1441;2;8;201.04;54.28
8990;"CA-2017-122770";"2017-12-13";"2017-12-18";1686;747;2;6;38.88;18.66
8991;"CA-2017-122770";"2017-12-13";"2017-12-18";1686;1302;2;3;8.64;4.23
8992;"CA-2016-154998";"2016-04-07";"2016-04-09";1698;390;3;2;37.94;18.21
8993;"CA-2016-108056";"2016-09-29";"2016-10-03";1700;1046;2;3;859.2;75.18
8994;"CA-2017-157469";"2017-12-02";"2017-12-07";1704;1467;2;2;151.19;-25.2
8995;"CA-2017-157469";"2017-12-02";"2017-12-07";1704;251;2;9;19.73;1.73
8996;"CA-2015-149517";"2015-09-19";"2015-09-23";1713;1236;2;3;60.84;19.47
8997;"US-2014-134054";"2014-10-10";"2014-10-10";1719;1816;4;7;255.85;112.57
8998;"CA-2014-101833";"2014-11-17";"2014-11-22";1727;550;1;3;34.44;17.22
8999;"CA-2017-162474";"2017-03-13";"2017-03-16";1737;718;3;1;7.99;2.6
9000;"CA-2016-104689";"2016-12-01";"2016-12-05";1750;193;2;8;23.04;6.91
9001;"CA-2016-104983";"2016-07-03";"2016-07-03";1757;924;4;5;123.92;38.73
9002;"CA-2016-114867";"2016-12-23";"2016-12-28";1767;1841;2;5;1499.97;-374.99
9003;"CA-2016-114867";"2016-12-23";"2016-12-28";1767;1253;2;2;7.97;2.69
9004;"CA-2017-121160";"2017-11-04";"2017-11-04";1769;485;4;3;52.75;-12.53
9005;"CA-2017-121160";"2017-11-04";"2017-11-04";1769;1257;4;4;4.14;-6.42
9006;"CA-2017-121160";"2017-11-04";"2017-11-04";1769;589;4;2;1.41;-2.32
9007;"CA-2017-121160";"2017-11-04";"2017-11-04";1769;1333;4;6;7.54;-13.19
9008;"CA-2015-124499";"2015-10-09";"2015-10-13";1773;962;2;5;269.91;53.98
9009;"CA-2015-124499";"2015-10-09";"2015-10-13";1773;207;2;3;389.97;35.1
9010;"US-2017-107979";"2017-06-08";"2017-06-13";1787;288;2;2;72.59;-48.39
9011;"US-2017-107979";"2017-06-08";"2017-06-13";1787;485;2;2;35.17;-8.35
9012;"US-2017-107979";"2017-06-08";"2017-06-13";1787;966;2;7;89.54;12.31
9013;"US-2015-168704";"2015-04-13";"2015-04-17";1793;1063;2;3;239.98;18.0
9014;"US-2015-168704";"2015-04-13";"2015-04-17";1793;691;2;2;211.37;-45.29
9015;"US-2015-168704";"2015-04-13";"2015-04-17";1793;307;2;4;609.98;-113.28
9016;"CA-2016-139409";"2016-09-05";"2016-09-07";1800;147;3;4;43.6;12.21
9017;"CA-2017-118668";"2017-01-02";"2017-01-04";1801;1274;1;1;16.59;5.81
9018;"CA-2014-133963";"2014-05-18";"2014-05-22";1802;829;1;1;3.98;1.44
9019;"CA-2014-120950";"2014-11-06";"2014-11-11";1803;172;2;6;43.68;20.97
9020;"CA-2017-138870";"2017-06-19";"2017-06-23";1807;1241;2;2;24.56;11.54
9021;"CA-2017-138870";"2017-06-19";"2017-06-23";1807;1533;2;4;50.32;21.13
9022;"CA-2014-168368";"2014-02-11";"2014-02-15";1810;326;1;2;64.96;2.6
9023;"CA-2014-168368";"2014-02-11";"2014-02-15";1810;1172;1;3;51.9;24.39
9024;"CA-2014-168368";"2014-02-11";"2014-02-15";1810;270;1;2;9.64;4.43
9025;"CA-2014-168368";"2014-02-11";"2014-02-15";1810;542;1;3;14.94;6.87
9026;"CA-2014-168368";"2014-02-11";"2014-02-15";1810;194;1;1;60.89;15.22
9027;"CA-2016-118934";"2016-08-09";"2016-08-14";1851;690;2;5;11.88;-7.92
9028;"CA-2016-118934";"2016-08-09";"2016-08-14";1851;567;2;3;4.34;-3.04
9029;"CA-2015-133396";"2015-08-13";"2015-08-15";1868;1042;3;7;64.68;8.09
9030;"CA-2016-137393";"2016-05-06";"2016-05-10";1891;1002;2;4;41.6;14.14
9031;"CA-2016-117625";"2016-05-10";"2016-05-15";1892;1835;2;2;7.07;2.39
9032;"CA-2014-103310";"2014-05-10";"2014-05-15";1897;1184;2;1;256.78;32.1
9033;"CA-2014-103310";"2014-05-10";"2014-05-15";1897;1720;2;6;41.04;11.08
9034;"CA-2014-103310";"2014-05-10";"2014-05-15";1897;1046;2;5;1432.0;125.3
9035;"CA-2014-103310";"2014-05-10";"2014-05-15";1897;1654;2;2;39.96;19.18
9036;"CA-2017-126144";"2017-07-31";"2017-08-05";1902;1444;2;4;285.58;-57.12
9037;"CA-2016-108105";"2016-02-16";"2016-02-23";1931;666;2;1;5.8;2.61
9038;"CA-2016-108105";"2016-02-16";"2016-02-23";1931;176;2;4;318.08;34.99
9039;"CA-2017-140515";"2017-03-19";"2017-03-24";1945;1115;2;7;381.36;106.78
9040;"CA-2014-119172";"2014-05-11";"2014-05-15";1963;951;2;9;104.58;-172.56
9041;"CA-2014-119172";"2014-05-11";"2014-05-15";1963;1693;2;3;17.47;5.68
9042;"CA-2016-146374";"2016-12-05";"2016-12-10";1967;1292;1;7;109.69;51.55
9043;"CA-2016-146374";"2016-12-05";"2016-12-10";1967;964;1;1;4.98;2.34
9044;"CA-2016-146374";"2016-12-05";"2016-12-10";1967;427;1;1;13.4;6.43
9045;"CA-2017-143252";"2017-12-18";"2017-12-24";1969;1534;2;3;29.34;10.86
9046;"CA-2017-143252";"2017-12-18";"2017-12-24";1969;1784;2;5;99.95;22.99
9047;"CA-2017-122763";"2017-03-20";"2017-03-20";1979;183;4;7;274.06;102.77
9048;"CA-2017-122763";"2017-03-20";"2017-03-20";1979;241;4;2;56.7;19.14
9049;"CA-2017-150504";"2017-11-06";"2017-11-12";1981;13;2;2;18.16;1.82
9050;"CA-2014-126480";"2014-09-20";"2014-09-24";1982;1335;2;2;8.56;3.85
9051;"US-2017-122672";"2017-11-04";"2017-11-09";1991;767;2;3;194.35;-43.73
9052;"US-2017-122672";"2017-11-04";"2017-11-09";1991;373;2;4;70.72;-6.19
9053;"CA-2016-166772";"2016-09-20";"2016-09-24";2003;1616;2;2;163.88;40.97
9054;"CA-2017-132584";"2017-08-26";"2017-08-27";2006;754;3;4;53.72;13.97
9055;"CA-2014-144281";"2014-06-10";"2014-06-15";2007;590;1;5;491.55;240.86
9056;"US-2015-128587";"2015-12-24";"2015-12-30";2023;1566;2;7;4899.93;2302.97
9057;"US-2015-128587";"2015-12-24";"2015-12-30";2023;1552;2;2;9.68;3.78
9058;"CA-2016-100510";"2016-05-12";"2016-05-17";2024;1288;2;4;631.96;303.34
9059;"CA-2016-100510";"2016-05-12";"2016-05-17";2024;1337;2;3;10.02;4.41
9060;"CA-2015-156853";"2015-12-03";"2015-12-05";2039;886;1;7;184.66;84.94
9061;"CA-2017-161893";"2017-01-23";"2017-01-27";2040;1427;2;2;4.94;-3.62
9062;"CA-2017-161893";"2017-01-23";"2017-01-27";2040;1564;2;2;95.98;12.0
9063;"CA-2017-113278";"2017-01-14";"2017-01-20";2044;1057;2;2;18.96;8.53
9064;"CA-2017-113278";"2017-01-14";"2017-01-20";2044;79;2;4;159.8;70.31
9065;"CA-2017-113278";"2017-01-14";"2017-01-20";2044;784;2;1;11.34;5.56
9066;"CA-2017-113278";"2017-01-14";"2017-01-20";2044;174;2;4;12.12;2.55
9067;"CA-2017-113278";"2017-01-14";"2017-01-20";2044;1103;2;2;18.76;5.25
9068;"CA-2017-113278";"2017-01-14";"2017-01-20";2044;828;2;4;67.8;1.36
9069;"CA-2017-113278";"2017-01-14";"2017-01-20";2044;180;2;2;2.52;0.1
9070;"CA-2017-113278";"2017-01-14";"2017-01-20";2044;250;2;5;67.4;17.52
9071;"CA-2017-165904";"2017-04-07";"2017-04-11";2045;979;2;2;219.18;19.18
9072;"CA-2017-165904";"2017-04-07";"2017-04-11";2045;82;2;2;16.26;1.22
9073;"CA-2017-121559";"2017-06-01";"2017-06-03";2059;1096;1;2;17.38;8.69
9074;"CA-2017-121559";"2017-06-01";"2017-06-03";2059;531;1;1;39.89;14.76
9075;"CA-2017-121559";"2017-06-01";"2017-06-03";2059;1085;1;3;83.97;15.95
9076;"CA-2017-121559";"2017-06-01";"2017-06-03";2059;47;1;8;2405.2;793.72
9077;"CA-2017-121559";"2017-06-01";"2017-06-03";2059;487;1;6;1925.88;539.25
9078;"CA-2017-108931";"2017-09-14";"2017-09-19";2064;954;2;2;11.56;5.66
9079;"CA-2017-108931";"2017-09-14";"2017-09-19";2064;1230;2;2;8.56;3.85
9080;"CA-2017-157420";"2017-11-21";"2017-11-21";2065;347;4;3;55.18;-12.41
9081;"CA-2014-102645";"2014-01-23";"2014-01-28";2078;187;2;6;40.08;19.24
9082;"CA-2016-129630";"2016-09-04";"2016-09-04";2079;1566;4;5;2799.96;944.99
9083;"CA-2016-101189";"2016-02-04";"2016-02-09";2100;186;2;2;93.02;3.72
9084;"CA-2014-109127";"2014-12-21";"2014-12-25";2124;1499;2;6;17.28;7.95
9085;"CA-2015-127824";"2015-10-18";"2015-10-22";2125;36;2;3;10.11;3.24
9086;"CA-2015-127824";"2015-10-18";"2015-10-22";2125;1206;2;3;17.94;8.79
9087;"CA-2015-127824";"2015-10-18";"2015-10-22";2125;1790;2;2;249.58;15.6
9088;"CA-2016-168046";"2016-01-25";"2016-01-28";2146;703;1;7;428.68;0.0
9089;"CA-2016-168046";"2016-01-25";"2016-01-28";2146;1717;1;1;45.98;7.82
9090;"CA-2016-168046";"2016-01-25";"2016-01-28";2146;470;1;3;313.72;-99.35
9091;"CA-2016-168046";"2016-01-25";"2016-01-28";2146;997;1;5;43.12;15.09
9092;"CA-2017-124261";"2017-11-14";"2017-11-19";2192;823;2;8;34.24;9.93
9093;"CA-2015-105508";"2015-09-24";"2015-09-29";2209;835;2;1;39.98;17.99
9094;"CA-2014-156342";"2014-06-17";"2014-06-20";2226;1651;1;2;62.02;22.48
9095;"US-2014-166828";"2014-08-22";"2014-08-25";2227;1811;3;2;11.56;5.66
9096;"CA-2015-102855";"2015-04-05";"2015-04-06";2228;1682;4;8;23.84;6.44
9097;"CA-2015-102855";"2015-04-05";"2015-04-06";2228;109;4;6;239.94;26.39
9098;"US-2017-162124";"2017-05-06";"2017-05-10";2241;775;2;4;191.97;28.8
9099;"CA-2016-105781";"2016-02-16";"2016-02-20";2246;212;2;3;89.97;39.59
9100;"CA-2016-105781";"2016-02-16";"2016-02-20";2246;1689;2;3;326.65;39.92
9101;"CA-2015-123092";"2015-12-03";"2015-12-07";2253;611;2;2;9.34;1.17
9102;"CA-2015-123092";"2015-12-03";"2015-12-07";2253;411;2;2;105.58;9.24
9103;"CA-2015-123092";"2015-12-03";"2015-12-07";2253;1334;2;5;95.97;-73.58
9104;"CA-2015-123092";"2015-12-03";"2015-12-07";2253;383;2;3;77.95;12.67
9105;"CA-2017-103765";"2017-11-24";"2017-11-30";2268;34;2;1;13.76;-24.77
9106;"CA-2017-105620";"2017-12-25";"2017-12-28";2280;1826;3;2;120.0;-7.2
9107;"CA-2017-105620";"2017-12-25";"2017-12-28";2280;1156;3;3;21.0;5.78
9108;"CA-2015-102778";"2015-11-21";"2015-11-24";2284;469;3;1;18.18;4.77
9109;"CA-2015-116638";"2015-01-28";"2015-01-31";2295;378;1;13;4297.64;-1862.31
9110;"CA-2016-161907";"2016-04-05";"2016-04-09";2302;292;2;4;769.18;-163.45
9111;"CA-2016-161907";"2016-04-05";"2016-04-09";2302;1169;2;3;118.78;-27.72
9112;"CA-2016-137127";"2016-06-16";"2016-06-22";2307;783;2;3;9.45;4.54
9113;"CA-2014-166555";"2014-07-11";"2014-07-14";2311;1293;3;3;164.85;47.81
9114;"CA-2017-122007";"2017-03-18";"2017-03-20";2318;101;1;7;90.86;26.35
9115;"CA-2016-122581";"2016-08-21";"2016-08-25";2322;1145;2;7;573.17;63.69
9116;"CA-2014-138198";"2014-07-18";"2014-07-23";2365;249;2;2;13.9;4.52
9117;"CA-2017-150910";"2017-12-22";"2017-12-28";2370;626;2;5;59.24;16.29
9118;"CA-2017-150910";"2017-12-22";"2017-12-28";2370;743;2;7;23.13;2.89
9119;"CA-2017-150910";"2017-12-22";"2017-12-28";2370;963;2;3;26.16;1.96
9120;"CA-2017-150910";"2017-12-22";"2017-12-28";2370;993;2;2;46.86;7.62
9121;"CA-2017-150910";"2017-12-22";"2017-12-28";2370;238;2;6;934.96;-249.32
9122;"CA-2016-140977";"2016-06-16";"2016-06-19";2373;1836;1;1;91.48;-1.83
9123;"CA-2017-112473";"2017-05-25";"2017-06-01";2384;1698;2;3;50.14;-11.28
9124;"CA-2017-156776";"2017-08-07";"2017-08-11";2385;1209;2;5;1473.1;412.47
9125;"CA-2017-156776";"2017-08-07";"2017-08-11";2385;1832;2;1;207.18;25.9
9126;"CA-2017-156776";"2017-08-07";"2017-08-11";2385;106;2;1;51.75;15.53
9127;"CA-2017-156776";"2017-08-07";"2017-08-11";2385;610;2;2;24.56;11.54
9128;"CA-2017-156776";"2017-08-07";"2017-08-11";2385;1741;2;4;55.76;7.81
9129;"CA-2017-156776";"2017-08-07";"2017-08-11";2385;374;2;3;11.95;4.18
9130;"CA-2017-156776";"2017-08-07";"2017-08-11";2385;1350;2;3;707.88;44.24
9131;"CA-2017-167976";"2017-11-11";"2017-11-14";2386;1729;1;3;25.5;6.63
9132;"CA-2017-164028";"2017-11-24";"2017-11-30";2396;86;2;14;223.58;87.2
9133;"US-2014-164644";"2014-07-22";"2014-07-24";2398;1498;1;1;26.63;1.33
9134;"CA-2015-100818";"2015-05-31";"2015-06-05";2411;1520;1;3;3.56;-6.24
9135;"CA-2015-100818";"2015-05-31";"2015-06-05";2411;1347;1;2;51.56;-61.87
9136;"CA-2015-100818";"2015-05-31";"2015-06-05";2411;752;1;7;173.49;54.22
9137;"CA-2015-100818";"2015-05-31";"2015-06-05";2411;1107;1;2;5.9;1.99
9138;"CA-2016-126858";"2016-11-19";"2016-11-23";2412;380;2;2;31.96;1.6
9139;"CA-2014-167486";"2014-11-27";"2014-12-01";2452;842;2;5;199.9;39.98
9140;"CA-2017-156622";"2017-11-23";"2017-11-26";2473;908;3;2;6.1;-9.16
9141;"CA-2017-156622";"2017-11-23";"2017-11-26";2473;1211;3;1;127.79;-31.03
9142;"CA-2017-156622";"2017-11-23";"2017-11-26";2473;1517;3;2;78.3;29.36
9143;"CA-2017-156622";"2017-11-23";"2017-11-26";2473;1486;3;7;36.29;12.7
9144;"CA-2014-130918";"2014-08-22";"2014-08-24";2474;1828;1;3;7.63;-1.81
9145;"CA-2016-117604";"2016-09-04";"2016-09-09";2478;833;2;5;239.5;114.96
9146;"CA-2016-134180";"2016-11-03";"2016-11-07";2484;946;2;7;470.16;-13.43
9147;"CA-2016-134180";"2016-11-03";"2016-11-07";2484;505;2;1;72.0;14.4
9148;"CA-2017-169999";"2017-06-19";"2017-06-26";2504;270;2;3;11.57;3.76
9149;"CA-2017-169999";"2017-06-19";"2017-06-26";2504;300;2;2;129.3;6.47
9150;"CA-2014-156545";"2014-02-27";"2014-03-03";2516;450;3;4;19.46;3.4
9151;"CA-2017-125990";"2017-10-19";"2017-10-23";2520;642;2;3;39.62;13.87
9152;"US-2015-164238";"2015-08-16";"2015-08-20";2528;1210;2;3;301.47;-205.0
9153;"US-2015-164238";"2015-08-16";"2015-08-20";2528;750;2;7;44.69;3.35
9154;"CA-2017-107209";"2017-07-27";"2017-08-01";2531;194;1;4;194.85;12.18
9155;"CA-2017-116498";"2017-05-30";"2017-06-03";2543;502;2;6;35.1;10.18
9156;"CA-2015-168277";"2015-05-29";"2015-06-03";2558;472;2;3;12.39;5.7
9157;"CA-2016-149671";"2016-06-05";"2016-06-09";2579;522;2;6;61.38;15.96
9158;"CA-2017-104619";"2017-01-24";"2017-01-29";2617;1657;2;3;110.35;8.28
9159;"CA-2017-104619";"2017-01-24";"2017-01-29";2617;1592;2;2;276.78;89.95
9160;"CA-2017-104619";"2017-01-24";"2017-01-29";2617;93;2;3;25.86;6.72
9161;"US-2015-129007";"2015-09-13";"2015-09-15";2620;978;3;2;209.7;100.66
9162;"US-2015-129007";"2015-09-13";"2015-09-15";2620;1076;3;3;44.67;12.06
9163;"US-2015-129007";"2015-09-13";"2015-09-15";2620;1216;3;5;207.35;24.88
9164;"US-2015-129007";"2015-09-13";"2015-09-15";2620;1052;3;3;717.72;71.77
9165;"US-2015-129007";"2015-09-13";"2015-09-15";2620;1078;3;3;25.03;7.82
9166;"US-2015-129007";"2015-09-13";"2015-09-15";2620;977;3;7;131.88;55.39
9167;"US-2016-102141";"2016-08-26";"2016-08-31";2622;578;2;8;146.69;45.84
9168;"CA-2017-155712";"2017-03-02";"2017-03-08";2623;897;2;2;107.65;33.64
9169;"CA-2017-129294";"2017-03-16";"2017-03-21";2624;363;2;3;140.67;54.86
9170;"CA-2017-129294";"2017-03-16";"2017-03-21";2624;1054;2;5;19.68;6.89
9171;"CA-2017-129294";"2017-03-16";"2017-03-21";2624;895;2;6;70.46;22.9
9172;"CA-2017-129294";"2017-03-16";"2017-03-21";2624;1537;2;2;310.12;80.63
9173;"CA-2014-112291";"2014-04-03";"2014-04-08";2625;1011;2;2;159.98;57.59
9174;"CA-2014-112291";"2014-04-03";"2014-04-08";2625;1127;2;3;62.31;22.43
9175;"CA-2014-112291";"2014-04-03";"2014-04-08";2625;90;2;2;11.16;5.58
9176;"CA-2017-147550";"2017-12-04";"2017-12-05";2632;435;3;3;11.35;2.7
9177;"CA-2014-127166";"2014-05-21";"2014-05-23";2649;688;1;3;18.24;-31.01
9178;"CA-2014-127166";"2014-05-21";"2014-05-23";2649;631;1;1;4.83;1.63
9179;"CA-2014-127166";"2014-05-21";"2014-05-23";2649;56;1;2;107.77;-29.25
9180;"CA-2014-127166";"2014-05-21";"2014-05-23";2649;780;1;6;56.06;21.02
9181;"CA-2015-104948";"2015-11-13";"2015-11-17";2658;1335;2;7;29.96;13.48
9182;"CA-2015-104948";"2015-11-13";"2015-11-17";2658;1330;2;4;683.33;-40.2
9183;"CA-2015-104948";"2015-11-13";"2015-11-17";2658;1229;2;2;9.87;3.46
9184;"CA-2017-166898";"2017-09-11";"2017-09-13";2667;714;1;3;19.44;9.33
9185;"CA-2017-166898";"2017-09-11";"2017-09-13";2667;1523;1;6;143.95;17.99
9186;"US-2015-120957";"2015-12-07";"2015-12-07";2673;540;4;2;12.96;6.22
9187;"US-2017-140312";"2017-11-13";"2017-11-19";2694;850;2;5;22.0;1.38
9188;"CA-2017-137463";"2017-12-16";"2017-12-20";2700;1714;1;3;44.4;22.2
9189;"CA-2017-137463";"2017-12-16";"2017-12-20";2700;810;1;5;29.95;8.69
9190;"CA-2017-137463";"2017-12-16";"2017-12-20";2700;510;1;5;149.95;31.49
9191;"CA-2017-137463";"2017-12-16";"2017-12-20";2700;1590;1;5;189.95;45.59
9192;"CA-2017-137463";"2017-12-16";"2017-12-20";2700;1373;1;2;5.98;2.24
9193;"CA-2015-163734";"2015-06-19";"2015-06-24";2703;1464;2;5;228.92;14.31
9194;"CA-2017-159135";"2017-11-04";"2017-11-08";2707;1352;2;2;4.3;1.42
9195;"CA-2016-132990";"2016-08-01";"2016-08-03";2711;1732;1;2;19.31;3.14
9196;"CA-2017-154116";"2017-12-15";"2017-12-19";2712;1298;2;3;196.78;14.76
9197;"CA-2017-154116";"2017-12-15";"2017-12-19";2712;1808;2;4;54.32;16.3
9198;"CA-2017-154116";"2017-12-15";"2017-12-19";2712;59;2;3;22.83;10.73
9199;"US-2015-106873";"2015-09-24";"2015-09-29";2717;280;1;7;16.46;1.85
9200;"US-2015-106873";"2015-09-24";"2015-09-29";2717;370;1;2;23.2;1.45
9201;"US-2015-106873";"2015-09-24";"2015-09-29";2717;1571;1;2;14.58;2.37
9202;"CA-2017-167395";"2017-12-02";"2017-12-04";2720;438;3;2;4.36;0.17
9203;"CA-2017-167395";"2017-12-02";"2017-12-04";2720;116;3;5;979.95;284.19
9204;"CA-2017-167395";"2017-12-02";"2017-12-04";2720;1296;3;7;286.86;80.32
9205;"CA-2015-132388";"2015-10-10";"2015-10-12";2724;1638;3;3;31.05;14.9
9206;"CA-2015-132388";"2015-10-10";"2015-10-12";2724;1143;3;3;362.14;-54.32
9207;"CA-2017-113460";"2017-11-07";"2017-11-09";2728;1153;1;3;272.97;43.68
9208;"US-2014-143287";"2014-11-11";"2014-11-17";2737;576;2;2;7.3;2.19
9209;"US-2014-143287";"2014-11-11";"2014-11-17";2737;1439;2;4;223.92;109.72
9210;"CA-2017-142461";"2017-05-30";"2017-06-03";2758;915;1;1;204.67;-6.02
9211;"US-2015-158589";"2015-11-20";"2015-11-24";2770;1531;2;3;32.04;8.01
9212;"US-2016-155768";"2016-12-01";"2016-12-01";2790;360;4;3;22.92;11.23
9213;"US-2016-155768";"2016-12-01";"2016-12-01";2790;782;4;3;1112.94;222.59
9214;"US-2016-155768";"2016-12-01";"2016-12-01";2790;833;4;1;47.9;22.99
9215;"US-2016-155768";"2016-12-01";"2016-12-01";2790;380;4;2;31.96;1.6
9216;"CA-2017-147032";"2017-07-31";"2017-08-04";2792;1795;2;3;11.01;5.39
9217;"CA-2017-147032";"2017-07-31";"2017-08-04";2792;31;2;5;849.95;390.98
9218;"CA-2017-147032";"2017-07-31";"2017-08-04";2792;108;2;1;11.54;5.54
9219;"CA-2016-110898";"2016-03-06";"2016-03-12";2796;1237;2;2;145.98;-99.27
9220;"CA-2016-110898";"2016-03-06";"2016-03-12";2796;176;2;5;159.04;-194.82
9221;"CA-2016-110898";"2016-03-06";"2016-03-12";2796;766;2;4;1.73;-2.76
9222;"CA-2016-110898";"2016-03-06";"2016-03-12";2796;758;2;3;2.33;-6.3
9223;"CA-2017-113705";"2017-03-27";"2017-03-29";2798;1757;1;5;206.1;55.65
9224;"CA-2017-113705";"2017-03-27";"2017-03-29";2798;425;1;2;292.1;58.42
9225;"CA-2017-113705";"2017-03-27";"2017-03-29";2798;1519;1;3;332.94;9.99
9226;"CA-2017-113705";"2017-03-27";"2017-03-29";2798;491;1;2;17.76;8.88
9227;"CA-2017-113705";"2017-03-27";"2017-03-29";2798;1504;1;2;8.26;3.8
9228;"CA-2017-157448";"2017-11-16";"2017-11-20";2811;1341;2;3;12.42;4.47
9229;"CA-2017-157448";"2017-11-16";"2017-11-20";2811;842;2;3;119.94;23.99
9230;"CA-2017-162789";"2017-09-22";"2017-09-24";2835;1732;1;1;12.07;3.98
9231;"CA-2017-162789";"2017-09-22";"2017-09-24";2835;1140;1;9;1071.0;171.36
9232;"CA-2016-116379";"2016-11-07";"2016-11-12";2840;10;2;2;57.58;20.15
9233;"CA-2014-100706";"2014-12-16";"2014-12-18";2843;772;1;6;29.46;9.72
9234;"CA-2014-100706";"2014-12-16";"2014-12-18";2843;1161;1;2;99.98;8.0
9235;"CA-2014-169019";"2014-07-26";"2014-07-30";2848;1182;2;2;4.84;-12.09
9236;"CA-2014-169019";"2014-07-26";"2014-07-30";2848;491;2;5;8.88;-13.32
9237;"CA-2014-169019";"2014-07-26";"2014-07-30";2848;684;2;9;431.14;-26.95
9238;"CA-2014-169019";"2014-07-26";"2014-07-30";2848;530;2;4;16.78;-26.85
9239;"CA-2014-169019";"2014-07-26";"2014-07-30";2848;1181;2;3;17.5;-10.06
9240;"CA-2014-169019";"2014-07-26";"2014-07-30";2848;636;2;8;2177.58;-3701.89
9241;"CA-2014-153927";"2014-08-12";"2014-08-13";2880;943;3;13;272.61;98.14
9242;"CA-2014-153927";"2014-08-12";"2014-08-13";2880;412;3;3;14.04;6.74
9243;"CA-2016-105263";"2016-08-06";"2016-08-11";2888;648;2;9;38.34;15.72
9244;"CA-2015-104038";"2015-02-06";"2015-02-08";2890;278;3;5;29.9;13.46
9245;"CA-2015-104038";"2015-02-06";"2015-02-08";2890;1012;3;3;146.73;2.93
9246;"CA-2014-159814";"2014-06-24";"2014-06-28";2895;1475;2;2;4.27;0.96
9247;"CA-2016-112830";"2016-06-06";"2016-06-10";2899;1685;2;2;82.64;0.0
9248;"CA-2016-112830";"2016-06-06";"2016-06-10";2899;483;2;3;466.32;34.97
9249;"CA-2016-126732";"2016-09-02";"2016-09-06";2909;1136;2;1;7.31;2.56
9250;"CA-2016-126732";"2016-09-02";"2016-09-06";2909;20;2;3;568.73;28.44
9251;"CA-2016-126732";"2016-09-02";"2016-09-06";2909;1081;2;7;18.69;5.23
9252;"CA-2016-126732";"2016-09-02";"2016-09-06";2909;526;2;4;1091.17;68.2
9253;"CA-2016-126732";"2016-09-02";"2016-09-06";2909;1431;2;3;23.67;0.95
9254;"CA-2016-126732";"2016-09-02";"2016-09-06";2909;1037;2;9;94.68;31.24
9255;"CA-2016-143406";"2016-09-26";"2016-09-30";2914;207;2;5;454.97;-136.49
9256;"CA-2016-143406";"2016-09-26";"2016-09-30";2914;1747;2;2;93.03;-251.19
9257;"CA-2016-157280";"2016-11-05";"2016-11-07";2969;1797;3;5;756.8;75.68
9258;"CA-2016-157280";"2016-11-05";"2016-11-07";2969;510;3;3;89.97;18.89
9259;"CA-2016-157280";"2016-11-05";"2016-11-07";2969;1323;3;2;273.96;71.23
9260;"CA-2014-116246";"2014-09-12";"2014-09-17";2971;440;1;6;3785.29;420.59
9261;"CA-2017-102218";"2017-09-02";"2017-09-04";2976;273;1;2;11.7;3.95
9262;"CA-2017-102659";"2017-12-09";"2017-12-15";2977;796;2;5;54.9;26.9
9263;"CA-2015-110324";"2015-12-01";"2015-12-05";2982;849;2;2;3.64;1.02
9264;"CA-2015-110324";"2015-12-01";"2015-12-05";2982;1733;2;3;19.44;9.33
9265;"CA-2016-128916";"2016-08-18";"2016-08-20";2984;1337;1;4;5.34;-2.14
9266;"CA-2016-128916";"2016-08-18";"2016-08-20";2984;664;1;3;9.55;-3.82
9267;"CA-2014-132010";"2014-10-13";"2014-10-15";2990;801;3;3;15.18;7.13
9268;"CA-2014-132010";"2014-10-13";"2014-10-15";2990;1802;3;4;315.2;6.3
9269;"CA-2014-132010";"2014-10-13";"2014-10-15";2990;1671;3;2;22.96;4.36
9270;"CA-2014-132010";"2014-10-13";"2014-10-15";2990;825;3;5;36.4;17.47
9271;"CA-2015-157028";"2015-11-28";"2015-12-03";2991;289;2;2;8.28;3.48
9272;"CA-2015-113131";"2015-09-24";"2015-09-24";2996;823;4;5;17.12;1.93
9273;"CA-2015-113131";"2015-09-24";"2015-09-24";2996;346;4;1;24.42;7.94
9274;"CA-2015-113131";"2015-09-24";"2015-09-24";2996;1635;4;2;15.84;5.54
9275;"CA-2015-113131";"2015-09-24";"2015-09-24";2996;1220;4;2;33.57;1.68
9276;"CA-2015-113131";"2015-09-24";"2015-09-24";2996;1373;4;6;6.73;-4.49
9277;"CA-2016-142524";"2016-09-04";"2016-09-08";3008;458;2;5;279.95;67.19
9278;"CA-2016-142524";"2016-09-04";"2016-09-08";3008;1540;2;2;16.56;7.78
9279;"US-2014-120175";"2014-11-28";"2014-12-03";3046;816;2;6;64.02;29.45
9280;"CA-2014-123855";"2014-06-18";"2014-06-23";3057;231;2;5;139.8;12.23
9281;"CA-2014-114251";"2014-11-05";"2014-11-10";3072;1125;2;2;58.42;16.79
9282;"CA-2014-114251";"2014-11-05";"2014-11-10";3072;294;2;5;51.56;-6.45
9283;"CA-2014-114251";"2014-11-05";"2014-11-10";3072;887;2;6;1080.1;-94.51
9284;"CA-2014-114251";"2014-11-05";"2014-11-10";3072;588;2;2;13.19;-8.8
9285;"CA-2014-114251";"2014-11-05";"2014-11-10";3072;1595;2;2;273.57;-34.2
9286;"CA-2014-143371";"2014-12-28";"2015-01-03";3073;522;2;5;51.15;13.3
9287;"CA-2014-143371";"2014-12-28";"2015-01-03";3073;1519;2;9;998.82;29.96
9288;"CA-2017-100055";"2017-05-28";"2017-06-01";3080;354;2;3;125.13;36.29
9289;"CA-2017-100055";"2017-05-28";"2017-06-01";3080;696;2;2;27.46;9.89
9290;"CA-2016-160717";"2016-06-06";"2016-06-11";3088;233;2;3;477.6;161.19
9291;"CA-2016-160717";"2016-06-06";"2016-06-11";3088;1436;2;2;26.96;3.77
9292;"CA-2016-160717";"2016-06-06";"2016-06-11";3088;1160;2;9;3023.93;226.79
9293;"CA-2015-155635";"2015-05-09";"2015-05-13";3095;1319;2;3;48.81;23.92
9294;"CA-2017-137449";"2017-06-29";"2017-06-30";3099;1210;3;3;410.0;-96.47
9295;"CA-2017-137449";"2017-06-29";"2017-06-30";3099;1200;3;3;307.31;-39.51
9296;"CA-2017-137449";"2017-06-29";"2017-06-30";3099;558;3;2;21.39;-54.55
9297;"US-2016-102232";"2016-08-05";"2016-08-11";3109;1442;2;7;197.05;59.12
9298;"CA-2017-152933";"2017-10-12";"2017-10-16";3121;819;2;3;791.88;128.68
9299;"CA-2017-152933";"2017-10-12";"2017-10-16";3121;279;2;2;10.37;3.76
9300;"CA-2017-152933";"2017-10-12";"2017-10-16";3121;623;2;7;369.54;27.72
9301;"CA-2015-164007";"2015-06-08";"2015-06-12";3128;677;2;2;143.13;-393.6
9302;"CA-2015-164007";"2015-06-08";"2015-06-12";3128;1500;2;3;2.38;0.74
9303;"CA-2015-137603";"2015-09-19";"2015-09-24";3149;1626;2;5;8.4;2.18
9304;"CA-2017-169327";"2017-09-02";"2017-09-04";3153;952;1;5;147.92;46.23
9305;"CA-2017-169327";"2017-09-02";"2017-09-04";3153;693;1;5;511.5;132.99
9306;"CA-2017-169327";"2017-09-02";"2017-09-04";3153;93;1;5;43.1;11.21
9307;"CA-2017-154809";"2017-02-13";"2017-02-17";3163;1144;2;8;90.64;38.98
9308;"CA-2017-146269";"2017-10-06";"2017-10-06";3165;912;4;2;19.15;1.2
9309;"CA-2017-146269";"2017-10-06";"2017-10-06";3165;195;4;2;290.34;32.66
9310;"CA-2016-132017";"2016-09-26";"2016-09-27";3168;988;3;2;6.82;-11.59
9311;"CA-2014-124702";"2014-11-18";"2014-11-25";3172;1211;2;4;730.2;94.93
9312;"CA-2014-124702";"2014-11-18";"2014-11-25";3172;317;2;2;137.54;55.02
9313;"CA-2016-108959";"2016-03-10";"2016-03-14";3175;255;1;1;104.7;6.54
9314;"CA-2017-103520";"2017-09-23";"2017-09-25";3176;1811;3;2;9.25;3.35
9315;"CA-2017-103212";"2017-10-13";"2017-10-14";3180;1039;3;4;25.92;12.44
9316;"CA-2017-103212";"2017-10-13";"2017-10-14";3180;493;3;4;1504.52;346.04
9317;"CA-2017-103212";"2017-10-13";"2017-10-14";3180;1306;3;3;11.07;5.2
9318;"CA-2017-137785";"2017-05-13";"2017-05-17";3186;265;2;5;458.43;-124.43
9319;"CA-2016-100300";"2016-06-24";"2016-06-26";3193;1497;1;3;241.44;72.43
9320;"CA-2016-100300";"2016-06-24";"2016-06-26";3193;1376;1;1;104.85;50.33
9321;"CA-2016-100300";"2016-06-24";"2016-06-26";3193;1815;1;4;4476.8;503.64
9322;"CA-2014-161032";"2014-11-18";"2014-11-23";3198;265;2;3;392.94;43.22
9323;"CA-2014-121762";"2014-02-14";"2014-02-18";3210;1474;2;2;238.62;4.77
9324;"CA-2014-121762";"2014-02-14";"2014-02-18";3210;1296;2;2;81.96;22.95
9325;"CA-2014-121762";"2014-02-14";"2014-02-18";3210;1011;2;3;239.97;86.39
9326;"CA-2014-134215";"2014-08-04";"2014-08-08";3212;602;2;9;255.42;104.72
9327;"CA-2014-134215";"2014-08-04";"2014-08-08";3212;1654;2;13;259.74;124.68
9328;"CA-2014-134215";"2014-08-04";"2014-08-08";3212;419;2;2;101.96;27.53
9329;"CA-2016-168830";"2016-11-07";"2016-11-13";3216;678;2;3;479.97;163.19
9330;"CA-2016-125794";"2016-09-29";"2016-10-03";3220;1303;2;1;36.24;15.22
9331;"CA-2017-138156";"2017-02-11";"2017-02-14";3238;658;3;2;147.57;-3.69
9332;"CA-2014-118192";"2014-01-13";"2014-01-18";3240;1410;2;2;3.44;-2.52
9333;"CA-2014-118192";"2014-01-13";"2014-01-18";3240;579;2;7;37.41;13.09
9334;"CA-2014-115049";"2014-09-26";"2014-10-01";3242;1468;2;11;153.82;38.46
9335;"CA-2016-101329";"2016-04-22";"2016-04-29";3244;555;2;1;2.88;0.81
9336;"CA-2016-101329";"2016-04-22";"2016-04-29";3244;1763;2;9;32.13;8.35
9337;"US-2017-104451";"2017-05-08";"2017-05-12";3255;1430;1;4;81.08;22.7
9338;"CA-2015-132941";"2015-05-25";"2015-05-28";3260;1588;3;2;207.98;36.4
9339;"CA-2015-132941";"2015-05-25";"2015-05-28";3260;1203;3;7;32.37;11.73
9340;"CA-2015-132941";"2015-05-25";"2015-05-28";3260;1280;3;2;22.37;1.68
9341;"CA-2015-168760";"2015-09-22";"2015-09-26";3261;309;1;3;61.44;16.59
9342;"CA-2017-145506";"2017-06-03";"2017-06-07";3281;359;2;9;136.26;5.45
9343;"CA-2015-103772";"2015-06-28";"2015-07-02";3290;1442;2;5;140.75;42.23
9344;"CA-2015-103772";"2015-06-28";"2015-07-02";3290;1384;2;2;119.56;55.0
9345;"US-2015-163433";"2015-04-18";"2015-04-22";3294;881;1;1;1.48;-2.29
9346;"US-2015-163433";"2015-04-18";"2015-04-22";3294;1601;1;3;15.55;5.44
9347;"US-2015-163433";"2015-04-18";"2015-04-22";3294;1553;1;3;7.87;0.89
9348;"US-2015-163433";"2015-04-18";"2015-04-22";3294;1695;1;2;97.97;6.12
9349;"US-2015-163433";"2015-04-18";"2015-04-22";3294;88;1;1;56.69;-20.25
9350;"US-2015-163433";"2015-04-18";"2015-04-22";3294;997;1;2;4.31;-6.9
9351;"US-2015-163433";"2015-04-18";"2015-04-22";3294;461;1;3;74.35;6.51
9352;"US-2015-163433";"2015-04-18";"2015-04-22";3294;900;1;4;244.77;24.48
9353;"US-2015-163433";"2015-04-18";"2015-04-22";3294;1038;1;2;41.42;8.28
9354;"US-2014-117380";"2014-03-28";"2014-04-03";3303;378;2;1;330.59;-143.25
9355;"CA-2017-111759";"2017-07-08";"2017-07-12";3314;969;2;2;52.76;24.27
9356;"CA-2016-150077";"2016-02-04";"2016-02-10";3322;1447;2;2;90.48;23.52
9357;"CA-2016-107104";"2016-11-26";"2016-11-30";3324;919;2;2;64.96;19.49
9358;"CA-2016-107104";"2016-11-26";"2016-11-30";3324;1458;2;9;37.17;10.41
9359;"CA-2016-107104";"2016-11-26";"2016-11-30";3324;1372;2;8;3406.66;160.31
9360;"CA-2015-123939";"2015-08-24";"2015-08-26";3333;195;1;3;435.5;48.99
9361;"CA-2015-123939";"2015-08-24";"2015-08-26";3333;1065;1;3;6.91;2.51
9362;"CA-2015-123939";"2015-08-24";"2015-08-26";3333;1388;1;3;26.98;4.05
9363;"CA-2017-132619";"2017-08-31";"2017-09-05";3344;300;2;3;193.95;9.7
9364;"CA-2016-161361";"2016-03-26";"2016-03-28";3368;87;1;3;17.04;5.54
9365;"CA-2017-122308";"2017-03-24";"2017-03-28";3371;616;2;2;271.76;60.39
9366;"CA-2014-125997";"2014-09-20";"2014-09-23";3382;1213;3;9;1349.91;661.46
9367;"CA-2014-125997";"2014-09-20";"2014-09-23";3382;1446;3;1;30.98;8.05
9368;"CA-2014-125997";"2014-09-20";"2014-09-23";3382;157;3;6;75.18;35.33
9369;"CA-2014-125997";"2014-09-20";"2014-09-23";3382;1372;3;2;801.57;-10.02
9370;"CA-2014-125997";"2014-09-20";"2014-09-23";3382;595;3;2;631.78;140.4
9371;"CA-2014-125997";"2014-09-20";"2014-09-23";3382;1418;3;5;629.95;157.49
9372;"CA-2014-150518";"2014-11-19";"2014-11-24";3383;263;2;3;281.97;78.95
9373;"CA-2014-150518";"2014-11-19";"2014-11-24";3383;1080;2;4;221.16;57.5
9374;"US-2017-128118";"2017-11-24";"2017-12-01";3395;1716;2;7;64.85;24.32
9375;"CA-2016-149272";"2016-03-15";"2016-03-19";3399;1402;2;7;22.39;-35.82
9376;"CA-2016-149272";"2016-03-15";"2016-03-19";3399;37;2;5;528.43;-143.43
9377;"CA-2016-164770";"2016-12-02";"2016-12-04";3404;1044;1;9;30.82;9.63
9378;"CA-2016-164770";"2016-12-02";"2016-12-04";3404;1667;1;10;781.86;-137.98
9379;"CA-2014-128524";"2014-11-11";"2014-11-13";3413;261;3;2;2033.58;762.59
9380;"CA-2014-128524";"2014-11-11";"2014-11-13";3413;1188;3;7;102.13;15.32
9381;"CA-2014-128524";"2014-11-11";"2014-11-13";3413;16;3;1;22.98;6.89
9382;"CA-2017-110310";"2017-10-27";"2017-11-02";3426;251;2;3;6.58;0.58
9383;"CA-2017-110310";"2017-10-27";"2017-11-02";3426;941;2;3;5.61;-3.92
9384;"CA-2017-110310";"2017-10-27";"2017-11-02";3426;808;2;7;56.78;20.58
9385;"CA-2017-107825";"2017-11-18";"2017-11-18";3427;73;4;2;5.82;2.74
9386;"CA-2017-107825";"2017-11-18";"2017-11-18";3427;1630;4;2;7.38;3.47
9387;"CA-2017-107825";"2017-11-18";"2017-11-18";3427;154;4;1;37.76;10.57
9388;"CA-2017-107825";"2017-11-18";"2017-11-18";3427;152;4;6;92.52;24.98
9389;"US-2017-125213";"2017-12-11";"2017-12-13";3428;1102;3;3;6.54;2.16
9390;"CA-2014-145254";"2014-07-23";"2014-07-27";3440;146;2;3;45.0;4.95
9391;"CA-2014-145254";"2014-07-23";"2014-07-27";3440;1467;2;3;302.38;37.8
9392;"CA-2014-145254";"2014-07-23";"2014-07-27";3440;386;2;5;40.7;11.8
9393;"CA-2014-145254";"2014-07-23";"2014-07-27";3440;857;2;6;604.75;60.48
9394;"CA-2014-114321";"2014-08-20";"2014-08-25";3441;1045;2;1;896.99;421.59
9395;"CA-2014-114321";"2014-08-20";"2014-08-25";3441;1545;2;2;20.12;9.26
9396;"CA-2014-114321";"2014-08-20";"2014-08-25";3441;1167;2;13;500.24;145.07
9397;"CA-2017-148355";"2017-12-24";"2017-12-28";3446;1679;2;5;12.3;6.15
9398;"CA-2017-148355";"2017-12-24";"2017-12-28";3446;1111;2;3;19.44;9.33
9399;"CA-2014-166590";"2014-10-29";"2014-11-02";3447;202;2;2;75.88;35.66
9400;"CA-2014-166590";"2014-10-29";"2014-11-02";3447;1500;2;2;1.98;0.89
9401;"CA-2014-138177";"2014-09-19";"2014-09-24";3462;1043;2;1;73.92;-45.83
9402;"CA-2017-127803";"2017-05-19";"2017-05-23";3464;1270;2;4;26.16;12.82
9403;"US-2017-152842";"2017-07-16";"2017-07-23";3471;129;2;3;242.35;15.15
9404;"CA-2017-130505";"2017-10-12";"2017-10-12";3473;707;4;3;673.34;-76.95
9405;"CA-2014-100293";"2014-03-14";"2014-03-18";3474;532;2;6;91.06;31.87
9406;"US-2015-100069";"2015-06-29";"2015-07-03";3476;643;2;2;269.98;72.89
9407;"CA-2015-160864";"2015-05-03";"2015-05-06";3482;203;3;3;13.85;5.19
9408;"CA-2014-111157";"2014-03-02";"2014-03-06";3495;617;2;3;151.2;32.13
9409;"CA-2014-111157";"2014-03-02";"2014-03-06";3495;1538;2;1;3.42;1.07
9410;"CA-2017-130148";"2017-09-24";"2017-09-28";3506;576;1;2;7.3;2.19
9411;"CA-2017-130148";"2017-09-24";"2017-09-28";3506;1426;1;6;31.08;15.23
9412;"CA-2014-125759";"2014-02-08";"2014-02-09";3513;1658;3;2;14.56;5.53
9413;"CA-2014-111857";"2014-04-23";"2014-04-26";3515;1060;1;1;48.91;22.99
9414;"CA-2016-168844";"2016-05-31";"2016-06-06";3524;1594;2;6;179.7;88.05
9415;"CA-2016-168844";"2016-05-31";"2016-06-06";3524;110;2;3;7.15;2.32
9416;"CA-2016-166653";"2016-09-22";"2016-09-24";3543;835;1;2;63.97;19.99
9417;"CA-2016-105459";"2016-08-12";"2016-08-17";3548;1360;1;6;1591.02;286.38
9418;"CA-2016-105459";"2016-08-12";"2016-08-17";3548;470;1;2;209.15;-66.23
9419;"CA-2016-152688";"2016-10-17";"2016-10-20";3554;21;3;1;315.98;148.51
9420;"CA-2016-152688";"2016-10-17";"2016-10-20";3554;188;3;1;120.98;12.1
9421;"CA-2017-153045";"2017-01-19";"2017-01-24";3557;1513;1;4;21.7;7.05
9422;"CA-2017-153045";"2017-01-19";"2017-01-24";3557;874;1;3;887.27;-63.38
9423;"CA-2017-153045";"2017-01-19";"2017-01-24";3557;305;1;2;31.97;6.39
9424;"CA-2017-153045";"2017-01-19";"2017-01-24";3557;1046;1;2;429.6;-93.08
9425;"CA-2016-169824";"2016-12-12";"2016-12-17";3568;873;2;7;11.2;4.82
9426;"CA-2016-169824";"2016-12-12";"2016-12-17";3568;1477;2;4;35.52;9.95
9427;"CA-2016-169824";"2016-12-12";"2016-12-17";3568;1732;2;5;60.35;19.92
9428;"CA-2016-131639";"2016-12-17";"2016-12-23";3569;1385;2;1;11.42;3.85
9429;"CA-2016-131639";"2016-12-17";"2016-12-23";3569;665;2;2;13.49;4.38
9430;"CA-2016-159023";"2016-11-03";"2016-11-05";3578;1829;3;3;179.99;-251.99
9431;"CA-2016-159023";"2016-11-03";"2016-11-05";3578;982;3;7;4.16;-3.47
9432;"US-2016-158680";"2016-07-01";"2016-07-02";3582;694;3;1;2.5;0.9
9433;"CA-2017-156958";"2017-12-05";"2017-12-06";3611;560;3;2;9.3;3.02
9434;"CA-2017-156958";"2017-12-05";"2017-12-06";3611;10;3;6;172.75;60.46
9435;"CA-2017-156958";"2017-12-05";"2017-12-06";3611;892;3;3;31.18;-7.01
9436;"CA-2017-156958";"2017-12-05";"2017-12-06";3611;842;3;5;199.9;39.98
9437;"CA-2017-156958";"2017-12-05";"2017-12-06";3611;530;3;5;83.92;29.37
9438;"CA-2014-146843";"2014-11-30";"2014-12-06";3618;1440;2;4;102.24;-16.61
9439;"CA-2014-146843";"2014-11-30";"2014-12-06";3618;1413;2;7;47.99;3.6
9440;"CA-2016-160234";"2016-06-26";"2016-07-03";3642;1602;2;1;135.95;39.43
9441;"US-2017-130687";"2017-09-07";"2017-09-10";3646;1264;3;1;25.98;7.27
9442;"US-2017-130687";"2017-09-07";"2017-09-10";3646;23;3;2;455.71;34.18
9443;"US-2017-130687";"2017-09-07";"2017-09-10";3646;1636;3;4;80.96;34.81
9444;"US-2017-116491";"2017-11-11";"2017-11-13";3658;604;3;2;35.18;12.31
9445;"CA-2015-134117";"2015-12-17";"2015-12-19";3662;951;1;2;92.96;31.37
9446;"CA-2015-134117";"2015-12-17";"2015-12-19";3662;334;1;5;16.4;7.05
9447;"CA-2015-134117";"2015-12-17";"2015-12-19";3662;1247;1;2;135.98;17.0
9448;"CA-2015-134117";"2015-12-17";"2015-12-19";3662;847;1;5;204.85;53.26
9449;"US-2017-135986";"2017-06-20";"2017-06-27";3666;1471;2;4;503.96;125.99
9450;"US-2017-135986";"2017-06-20";"2017-06-27";3666;1214;2;5;32.4;15.55
9451;"CA-2015-122973";"2015-07-18";"2015-07-20";3679;1408;1;1;7.38;2.14
9452;"CA-2015-122973";"2015-07-18";"2015-07-20";3679;1276;1;1;135.99;36.72
9453;"CA-2015-122973";"2015-07-18";"2015-07-20";3679;224;1;2;3.33;1.21
9454;"US-2017-102183";"2017-08-21";"2017-08-28";3695;1045;2;6;4305.55;1453.12
9455;"US-2017-102183";"2017-08-21";"2017-08-28";3695;1410;2;7;32.09;11.23
9456;"CA-2015-130183";"2015-11-13";"2015-11-17";3722;915;2;3;614.0;-18.06
9457;"US-2016-152415";"2016-09-17";"2016-09-22";3731;234;2;3;191.82;61.38
9458;"US-2016-152415";"2016-09-17";"2016-09-22";3731;500;2;3;14.82;6.22
9459;"CA-2017-108756";"2017-12-25";"2017-12-29";3734;1634;2;3;31.8;13.67
9460;"CA-2015-111864";"2015-06-19";"2015-06-19";3753;1833;4;2;5.9;1.99
9461;"CA-2017-162250";"2017-11-24";"2017-11-24";3764;311;4;1;7.78;3.5
9462;"CA-2015-143147";"2015-05-26";"2015-05-28";3766;1119;1;5;104.93;-4.5
9463;"CA-2015-143147";"2015-05-26";"2015-05-28";3766;929;1;2;399.54;-79.91
9464;"CA-2015-143147";"2015-05-26";"2015-05-28";3766;37;1;1;105.69;-28.69
9465;"CA-2015-135727";"2015-05-11";"2015-05-16";3773;779;1;7;191.97;16.8
9466;"CA-2017-111591";"2017-03-21";"2017-03-25";3776;211;2;4;359.32;7.19
9467;"CA-2017-111591";"2017-03-21";"2017-03-25";3776;1408;2;3;22.14;6.42
9468;"CA-2017-111591";"2017-03-21";"2017-03-25";3776;947;2;7;13.02;0.39
9469;"CA-2017-111591";"2017-03-21";"2017-03-25";3776;151;2;6;30.58;10.32
9470;"CA-2017-145093";"2017-07-21";"2017-07-26";3788;909;2;2;2.11;-3.38
9471;"CA-2016-140256";"2016-08-22";"2016-08-29";3797;994;2;2;5.76;1.67
9472;"CA-2016-113607";"2016-10-14";"2016-10-18";3798;893;2;2;111.96;54.86
9473;"CA-2016-113607";"2016-10-14";"2016-10-18";3798;1790;2;7;1091.93;272.98
9474;"CA-2016-105354";"2016-12-02";"2016-12-06";3799;486;2;8;115.84;54.44
9475;"US-2014-157070";"2014-06-01";"2014-06-06";3813;1026;2;5;65.52;12.38
9476;"US-2014-157070";"2014-06-01";"2014-06-06";3813;699;2;4;138.56;66.51
9477;"CA-2015-117086";"2015-11-08";"2015-11-12";3815;103;2;5;4404.9;1013.13
9478;"CA-2017-163629";"2017-11-17";"2017-11-21";3836;1757;2;5;206.1;55.65
9479;"CA-2017-163629";"2017-11-17";"2017-11-21";3836;1600;2;1;79.99;28.8
9480;"CA-2017-153871";"2017-12-11";"2017-12-17";3866;403;2;7;22.75;6.6
9481;"CA-2017-153871";"2017-12-11";"2017-12-17";3866;1254;2;2;735.98;331.19
9482;"CA-2017-153871";"2017-12-11";"2017-12-17";3866;1255;2;5;40.2;18.09
9483;"CA-2014-152618";"2014-03-14";"2014-03-17";3867;1750;3;2;8.45;2.64
9484;"CA-2014-152618";"2014-03-14";"2014-03-17";3867;1449;3;2;574.91;156.05
9485;"CA-2017-105823";"2017-06-22";"2017-06-26";3875;2;2;2;487.96;146.39
9486;"CA-2017-152975";"2017-09-14";"2017-09-16";3890;1576;3;5;589.41;-6.55
9487;"CA-2017-152975";"2017-09-14";"2017-09-16";3890;810;3;5;29.95;8.69
9488;"CA-2017-152975";"2017-09-14";"2017-09-16";3890;792;3;1;70.98;3.55
9489;"CA-2017-152975";"2017-09-14";"2017-09-16";3890;891;3;3;1079.85;323.96
9490;"US-2016-155971";"2016-06-06";"2016-06-12";3895;1830;2;5;99.9;46.95
9491;"US-2016-155971";"2016-06-06";"2016-06-12";3895;973;2;7;22.05;10.58
9492;"CA-2016-130225";"2016-09-11";"2016-09-17";3908;512;2;2;99.57;33.6
9493;"US-2016-157728";"2016-09-22";"2016-09-28";3909;1673;2;2;97.98;27.43
9494;"CA-2014-108147";"2014-06-08";"2014-06-13";3912;1300;2;6;1676.88;83.84
9495;"CA-2014-108147";"2014-06-08";"2014-06-13";3912;1620;2;2;68.48;25.68
9496;"US-2017-166688";"2017-05-20";"2017-05-26";3917;101;2;5;64.9;18.82
9497;"US-2017-166688";"2017-05-20";"2017-05-26";3917;1790;2;9;1123.13;70.2
9498;"US-2017-166688";"2017-05-20";"2017-05-26";3917;1257;2;2;8.29;3.0
9499;"CA-2015-127544";"2015-08-08";"2015-08-12";3922;1011;2;1;79.99;28.8
9500;"CA-2015-145415";"2015-04-12";"2015-04-17";3930;757;1;3;40.74;0.41
9501;"CA-2014-148285";"2014-10-27";"2014-11-01";3945;964;2;3;11.95;4.03
9502;"CA-2014-148285";"2014-10-27";"2014-11-01";3945;884;2;2;10.37;3.63
9503;"CA-2014-149104";"2014-04-05";"2014-04-07";3953;296;1;6;689.82;20.69
9504;"CA-2014-149104";"2014-04-05";"2014-04-07";3953;393;1;3;13.89;4.58
9505;"CA-2014-149104";"2014-04-05";"2014-04-07";3953;1255;1;5;40.2;18.09
9506;"CA-2014-149104";"2014-04-05";"2014-04-07";3953;975;1;2;26.7;7.48
9507;"US-2014-149034";"2014-11-19";"2014-11-21";3955;918;3;1;47.5;-1.19
9508;"CA-2014-165477";"2014-12-29";"2014-12-31";3966;1182;1;5;48.36;6.05
9509;"CA-2014-163867";"2014-06-03";"2014-06-06";3967;1080;3;3;132.7;9.95
9510;"CA-2014-163867";"2014-06-03";"2014-06-06";3967;1110;3;4;15.94;5.18
9511;"CA-2015-130855";"2015-12-29";"2016-01-05";3989;1828;2;2;6.36;0.06
9512;"CA-2015-157805";"2015-08-31";"2015-09-04";4001;768;2;5;555.96;41.7
9513;"CA-2017-159226";"2017-04-25";"2017-04-27";4017;328;1;7;344.98;28.41
9514;"US-2017-127292";"2017-01-19";"2017-01-23";4026;107;2;1;2.04;0.96
9515;"US-2017-127292";"2017-01-19";"2017-01-23";4026;1016;2;3;542.94;152.02
9516;"US-2017-127292";"2017-01-19";"2017-01-23";4026;610;2;1;12.28;5.77
9517;"US-2017-127292";"2017-01-19";"2017-01-23";4026;902;2;4;79.92;37.56
9518;"CA-2017-148411";"2017-09-24";"2017-09-26";4038;1767;3;3;11.42;3.71
9519;"CA-2017-148411";"2017-09-24";"2017-09-26";4038;769;3;2;520.46;-14.87
9520;"CA-2017-150266";"2017-11-25";"2017-11-30";4039;1646;2;4;18.69;3.74
9521;"CA-2017-150266";"2017-11-25";"2017-11-30";4039;711;2;5;853.93;-24.4
9522;"CA-2017-150266";"2017-11-25";"2017-11-30";4039;1320;2;5;67.84;-179.78
9523;"CA-2017-150266";"2017-11-25";"2017-11-30";4039;1017;2;5;299.96;37.5
9524;"CA-2014-155264";"2014-10-19";"2014-10-22";4040;1673;1;3;117.58;11.76
9525;"CA-2014-155264";"2014-10-19";"2014-10-22";4040;277;1;5;18.75;9.0
9526;"CA-2014-155264";"2014-10-19";"2014-10-22";4040;1670;1;3;146.73;68.96
9527;"CA-2014-155264";"2014-10-19";"2014-10-22";4040;957;1;6;20.06;7.02
9528;"CA-2014-155264";"2014-10-19";"2014-10-22";4040;1373;1;1;2.99;1.12
9529;"CA-2015-135251";"2015-08-06";"2015-08-10";4041;1007;2;3;369.2;-114.02
9530;"CA-2015-135251";"2015-08-06";"2015-08-10";4041;1740;2;2;56.7;19.14
9531;"CA-2015-135251";"2015-08-06";"2015-08-10";4041;941;2;5;6.23;-9.66
9532;"CA-2015-135251";"2015-08-06";"2015-08-10";4041;449;2;3;35.52;13.32
9533;"CA-2014-148383";"2014-12-27";"2014-12-31";4049;149;2;6;946.76;-694.29
9534;"CA-2015-166492";"2015-04-07";"2015-04-10";4051;719;3;2;22.58;5.87
9535;"CA-2015-166492";"2015-04-07";"2015-04-10";4051;714;3;4;25.92;12.44
9536;"US-2014-157231";"2014-04-05";"2014-04-09";4055;58;2;7;115.36;56.53
9537;"CA-2015-129546";"2015-09-28";"2015-10-05";4057;347;2;2;36.78;-8.28
9538;"CA-2015-129546";"2015-09-28";"2015-10-05";4057;1782;2;3;47.19;13.69
9539;"CA-2015-129546";"2015-09-28";"2015-10-05";4057;988;2;6;81.79;26.58
9540;"CA-2015-129546";"2015-09-28";"2015-10-05";4057;931;2;3;186.15;55.85
9541;"CA-2015-150308";"2015-12-15";"2015-12-20";4067;78;2;3;246.17;21.54
9542;"CA-2016-101623";"2016-02-28";"2016-03-06";4068;999;2;6;36.48;18.24
9543;"CA-2017-124114";"2017-03-02";"2017-03-02";4079;809;4;1;0.56;-0.95
9544;"CA-2016-107475";"2016-06-07";"2016-06-11";4084;196;2;6;9.65;3.5
9545;"CA-2017-142776";"2017-12-11";"2017-12-14";4085;735;1;3;5.4;2.59
9546;"CA-2017-142776";"2017-12-11";"2017-12-14";4085;825;1;1;7.28;3.49
9547;"CA-2017-128041";"2017-09-01";"2017-09-01";4092;26;4;4;283.56;45.37
9548;"CA-2017-128041";"2017-09-01";"2017-09-01";4092;1138;4;4;314.6;103.82
9549;"CA-2017-119424";"2017-06-12";"2017-06-14";4124;1514;1;3;19.44;9.33
9550;"CA-2017-119424";"2017-06-12";"2017-06-14";4124;1523;1;3;71.98;9.0
9551;"CA-2017-116127";"2017-06-25";"2017-06-27";4125;1372;1;1;400.78;-5.01
9552;"CA-2015-147690";"2015-11-10";"2015-11-14";4137;858;2;6;577.58;43.32
9553;"CA-2016-123533";"2016-11-24";"2016-11-30";4142;1457;2;2;42.38;4.24
9554;"CA-2016-123533";"2016-11-24";"2016-11-30";4142;1083;2;4;10.53;3.42
9555;"CA-2016-123533";"2016-11-24";"2016-11-30";4142;406;2;5;339.92;8.5
9556;"US-2017-130603";"2017-09-30";"2017-10-06";4145;496;2;9;11.65;-17.47
9557;"CA-2014-152268";"2014-09-02";"2014-09-07";4149;1045;2;2;1793.98;843.17
9558;"CA-2016-130638";"2016-05-16";"2016-05-19";4153;774;1;9;27.72;13.31
9559;"CA-2016-130638";"2016-05-16";"2016-05-19";4153;1551;1;4;282.84;19.8
9560;"CA-2017-141747";"2017-08-03";"2017-08-08";4159;1246;1;1;16.06;4.18
9561;"CA-2014-128622";"2014-11-15";"2014-11-17";4162;576;1;3;10.95;3.29
9562;"CA-2014-113257";"2014-12-16";"2014-12-18";4168;159;1;7;8.62;-2.59
9563;"CA-2014-113257";"2014-12-16";"2014-12-18";4168;1219;1;4;319.97;95.99
9564;"CA-2015-164777";"2015-01-27";"2015-01-29";4169;440;3;5;2803.92;0.0
9565;"CA-2017-122539";"2017-12-01";"2017-12-05";4174;357;2;2;398.97;-28.5
9566;"CA-2017-122539";"2017-12-01";"2017-12-05";4174;542;2;4;15.94;5.18
9567;"CA-2017-142293";"2017-09-17";"2017-09-20";4182;731;3;3;89.97;37.79
9568;"CA-2017-132955";"2017-06-24";"2017-06-28";4193;235;2;3;102.93;48.38
9569;"US-2016-151260";"2016-12-11";"2016-12-14";4209;16;3;4;73.54;9.19
9570;"CA-2017-152926";"2017-10-02";"2017-10-04";4211;1415;1;6;21.98;-56.06
9571;"CA-2017-152926";"2017-10-02";"2017-10-04";4211;613;1;2;15.22;-38.82
9572;"CA-2015-119627";"2015-08-17";"2015-08-23";4215;291;2;4;252.8;-31.6
9573;"CA-2015-119627";"2015-08-17";"2015-08-23";4215;910;2;3;10.27;1.16
9574;"CA-2015-119627";"2015-08-17";"2015-08-23";4215;457;2;7;36.29;12.7
9575;"CA-2015-119627";"2015-08-17";"2015-08-23";4215;1146;2;2;30.08;-5.26
9576;"CA-2016-131744";"2016-06-18";"2016-06-20";4226;1112;1;3;453.6;90.72
9577;"CA-2016-131744";"2016-06-18";"2016-06-20";4226;15;1;2;4.63;-3.86
9578;"CA-2016-131744";"2016-06-18";"2016-06-20";4226;1335;1;2;6.85;2.14
9579;"CA-2016-103128";"2016-11-11";"2016-11-15";4234;569;2;6;14.11;1.23
9580;"CA-2017-117646";"2017-08-21";"2017-08-25";4235;240;2;1;6.67;2.09
9581;"CA-2017-117646";"2017-08-21";"2017-08-25";4235;1057;2;3;22.75;7.11
9582;"CA-2017-117646";"2017-08-21";"2017-08-25";4235;381;2;3;237.1;20.75
9583;"CA-2015-148495";"2015-08-13";"2015-08-13";4257;1037;4;3;31.56;10.41
9584;"CA-2017-163097";"2017-08-27";"2017-08-31";4270;977;2;8;120.58;33.16
9585;"CA-2016-146913";"2016-10-31";"2016-11-05";4277;1087;2;5;1403.92;70.2
9586;"CA-2015-165799";"2015-06-29";"2015-07-02";4288;265;3;1;117.88;1.31
9587;"CA-2014-146997";"2014-01-23";"2014-01-27";4292;474;2;3;5.94;0.0
9588;"CA-2014-169446";"2014-12-19";"2014-12-25";4294;757;2;3;32.59;-7.74
9589;"CA-2014-169446";"2014-12-19";"2014-12-25";4294;1781;2;3;15.55;5.44
9590;"CA-2014-169446";"2014-12-19";"2014-12-25";4294;1838;2;3;323.98;36.45
9591;"CA-2016-125920";"2016-05-21";"2016-05-28";4303;722;2;3;3.8;-5.89
9592;"US-2016-115441";"2016-07-25";"2016-07-28";4304;441;1;5;95.2;27.61
9593;"US-2016-115441";"2016-07-25";"2016-07-28";4304;1705;1;4;403.56;96.85
9594;"US-2016-115441";"2016-07-25";"2016-07-28";4304;426;1;5;297.55;83.31
9595;"US-2016-115441";"2016-07-25";"2016-07-28";4304;1025;1;7;124.25;48.46
9596;"US-2016-115441";"2016-07-25";"2016-07-28";4304;1354;1;2;20.62;9.69
9597;"CA-2016-140571";"2016-03-15";"2016-03-19";4328;394;2;2;45.68;21.01
9598;"CA-2016-140571";"2016-03-15";"2016-03-19";4328;394;2;14;319.76;147.09
9599;"CA-2017-100433";"2017-08-11";"2017-08-16";4335;460;2;4;25.92;12.44
9600;"CA-2014-138240";"2014-10-09";"2014-10-14";4344;1728;2;1;15.99;-3.0
9601;"CA-2014-138240";"2014-10-09";"2014-10-14";4344;433;2;3;144.6;41.93
9602;"CA-2014-124513";"2014-09-21";"2014-09-25";4350;625;2;3;66.03;17.17
9603;"CA-2016-100587";"2016-12-10";"2016-12-14";4354;1297;2;1;6.48;3.11
9604;"US-2016-111563";"2016-11-04";"2016-11-08";4360;432;2;4;66.11;-84.29
9605;"US-2016-111563";"2016-11-04";"2016-11-08";4360;1163;2;3;11.38;-5.69
9606;"US-2015-130512";"2015-08-21";"2015-08-25";4362;811;2;2;49.57;15.49
9607;"US-2015-130512";"2015-08-21";"2015-08-25";4362;853;2;2;99.59;-82.99
9608;"US-2015-130512";"2015-08-21";"2015-08-25";4362;1074;2;6;663.07;-165.77
9609;"US-2015-130512";"2015-08-21";"2015-08-25";4362;69;2;4;21.73;3.8
9610;"US-2015-130512";"2015-08-21";"2015-08-25";4362;438;2;2;3.49;-0.7
9611;"CA-2016-129280";"2016-05-03";"2016-05-05";4366;1248;3;2;6.0;2.1
9612;"CA-2016-129280";"2016-05-03";"2016-05-05";4366;1839;3;3;224.94;-164.95
9613;"CA-2016-129280";"2016-05-03";"2016-05-05";4366;1208;3;3;431.98;-75.6
9614;"CA-2016-129280";"2016-05-03";"2016-05-05";4366;1463;3;2;51.97;10.39
9615;"CA-2016-129280";"2016-05-03";"2016-05-05";4366;1012;3;5;195.64;-44.02
9616;"CA-2016-129280";"2016-05-03";"2016-05-05";4366;350;3;5;132.52;34.79
9617;"US-2015-116981";"2015-03-26";"2015-03-28";4370;1301;1;3;13.11;3.41
9618;"US-2015-116981";"2015-03-26";"2015-03-28";4370;1537;1;7;1085.42;282.21
9619;"CA-2015-107902";"2015-08-28";"2015-09-02";4371;1284;2;11;470.36;122.29
9620;"CA-2016-125724";"2016-09-22";"2016-09-27";4374;57;2;7;68.43;8.55
9621;"CA-2016-102134";"2016-03-14";"2016-03-19";4399;879;2;2;16.74;4.35
9622;"US-2014-124625";"2014-11-03";"2014-11-07";4415;826;2;3;89.97;18.89
9623;"CA-2016-105291";"2016-10-30";"2016-11-04";4433;950;2;2;3.62;1.19
9624;"CA-2015-143616";"2015-09-27";"2015-09-29";4451;1015;1;5;99.2;25.79
9625;"CA-2014-126193";"2014-09-07";"2014-09-14";4459;320;2;5;304.99;-533.73
9626;"CA-2014-126193";"2014-09-07";"2014-09-14";4459;1185;2;3;3.83;-6.51
9627;"CA-2014-126193";"2014-09-07";"2014-09-14";4459;1150;2;5;13.16;4.11
9628;"CA-2017-127726";"2017-09-11";"2017-09-13";4463;834;1;4;14.2;6.67
9629;"CA-2017-127726";"2017-09-11";"2017-09-13";4463;105;1;4;195.68;50.88
9630;"CA-2017-111388";"2017-09-02";"2017-09-02";4490;161;4;3;215.98;-2.7
9631;"US-2014-158365";"2014-04-12";"2014-04-17";4502;644;2;5;32.4;15.55
9632;"CA-2015-149097";"2015-10-20";"2015-10-24";4507;1776;2;3;364.78;27.36
9633;"CA-2015-149097";"2015-10-20";"2015-10-24";4507;1661;2;7;74.76;23.92
9634;"CA-2016-160598";"2016-08-26";"2016-08-28";4513;1456;3;1;31.01;11.24
9635;"CA-2017-111717";"2017-10-10";"2017-10-16";4528;1708;2;3;239.36;-47.87
9636;"CA-2016-127761";"2016-11-10";"2016-11-14";4530;1471;2;7;881.93;220.48
9637;"CA-2016-127761";"2016-11-10";"2016-11-14";4530;217;2;1;3.64;1.37
9638;"US-2015-151435";"2015-09-06";"2015-09-09";4539;1379;1;1;85.98;22.35
9639;"CA-2015-136105";"2015-06-12";"2015-06-16";4549;339;2;2;24.56;6.88
9640;"CA-2017-140536";"2017-04-04";"2017-04-05";4560;991;3;4;7.04;2.04
9641;"CA-2017-163566";"2017-08-03";"2017-08-06";4565;472;3;5;16.52;5.37
9642;"CA-2016-124254";"2016-04-12";"2016-04-17";4569;61;2;1;51.98;-5.2
9643;"CA-2016-124254";"2016-04-12";"2016-04-17";4569;75;2;3;129.55;-22.67
9644;"CA-2015-117898";"2015-12-05";"2015-12-11";4577;614;2;2;12.22;4.43
9645;"CA-2014-133389";"2014-06-22";"2014-06-22";4583;1136;4;3;8.23;-6.03
9646;"CA-2014-110422";"2014-01-21";"2014-01-23";4593;1037;1;3;25.25;4.1
9647;"CA-2017-133718";"2017-07-23";"2017-07-26";4607;882;3;9;58.32;27.99
9648;"CA-2017-133718";"2017-07-23";"2017-07-26";4607;722;3;3;15.19;5.51
9649;"US-2014-139640";"2014-11-07";"2014-11-11";4610;1381;1;4;120.77;9.06
9650;"US-2014-139640";"2014-11-07";"2014-11-11";4610;52;1;5;25.92;9.07
9651;"US-2017-116505";"2017-11-17";"2017-11-21";4621;738;1;6;43.8;20.59
9652;"US-2017-165456";"2017-11-30";"2017-12-03";4622;1099;3;6;1079.32;-15.42
9653;"CA-2014-151330";"2014-10-14";"2014-10-17";4629;1669;3;9;1628.82;260.61
9654;"CA-2014-151330";"2014-10-14";"2014-10-17";4629;13;3;7;79.45;22.25
9655;"CA-2014-151330";"2014-10-14";"2014-10-17";4629;723;3;3;177.0;30.09
9656;"US-2016-141880";"2016-08-22";"2016-08-23";4639;619;3;3;98.33;9.83
9657;"CA-2014-153619";"2014-11-03";"2014-11-03";4645;177;4;4;6.72;3.36
9658;"CA-2014-130155";"2014-05-19";"2014-05-22";4651;1720;3;5;34.2;9.23
9659;"CA-2014-130428";"2014-03-31";"2014-03-31";4665;395;4;2;4.03;1.06
9660;"CA-2014-130428";"2014-03-31";"2014-03-31";4665;665;4;5;12.65;-10.12
9661;"CA-2014-130428";"2014-03-31";"2014-03-31";4665;50;4;7;1125.49;98.48
9662;"CA-2016-152646";"2016-11-21";"2016-11-26";4682;518;2;5;32.4;15.55
9663;"CA-2017-160927";"2017-01-29";"2017-01-31";4699;649;1;3;14.91;4.62
9664;"CA-2017-160927";"2017-01-29";"2017-01-31";4699;250;1;1;13.48;3.5
9665;"CA-2017-160927";"2017-01-29";"2017-01-31";4699;532;1;5;94.85;45.53
9666;"CA-2017-160927";"2017-01-29";"2017-01-31";4699;1168;1;2;12.96;6.22
9667;"US-2017-139577";"2017-10-01";"2017-10-06";4710;717;2;5;104.75;22.0
9668;"CA-2015-116841";"2015-04-14";"2015-04-18";4711;1164;2;1;35.21;2.64
9669;"CA-2015-126970";"2015-09-20";"2015-09-24";4712;412;2;3;2.81;-4.49
9670;"CA-2015-104052";"2015-03-01";"2015-03-02";4725;1594;3;4;95.84;34.74
9671;"CA-2014-140032";"2014-09-08";"2014-09-13";4750;1368;2;2;8.61;3.01
9672;"CA-2016-131093";"2016-09-17";"2016-09-20";4773;70;1;5;295.4;-62.77
9673;"CA-2017-124191";"2017-06-12";"2017-06-14";4774;1408;1;3;8.86;-6.86
9674;"CA-2014-163650";"2014-09-23";"2014-09-25";4790;742;3;3;34.5;15.53
9675;"CA-2014-163650";"2014-09-23";"2014-09-25";4790;1064;3;3;9.84;2.85
9676;"CA-2014-101364";"2014-12-22";"2014-12-26";4808;556;2;13;296.71;100.14
9677;"CA-2017-130106";"2017-05-22";"2017-05-26";4833;661;2;1;2.78;0.72
9678;"CA-2017-130106";"2017-05-22";"2017-05-26";4833;429;2;3;9.84;2.85
9679;"CA-2014-156790";"2014-08-08";"2014-08-10";4835;1114;1;4;155.46;-7.77
9680;"CA-2017-166499";"2017-03-19";"2017-03-20";4844;1682;3;3;8.94;2.41
9681;"US-2016-123610";"2016-05-12";"2016-05-16";4854;1570;2;1;8.67;2.34
9682;"US-2016-123610";"2016-05-12";"2016-05-16";4854;1807;2;6;120.0;46.8
9683;"CA-2015-111339";"2015-05-29";"2015-05-31";4863;196;3;5;8.04;2.91
9684;"CA-2015-111339";"2015-05-29";"2015-05-31";4863;37;3;3;317.06;-86.06
9685;"CA-2015-111339";"2015-05-29";"2015-05-31";4863;1806;3;4;41.57;-4.16
9686;"CA-2016-102127";"2016-06-26";"2016-07-02";4864;1386;2;3;37.74;12.83
9687;"CA-2016-102127";"2016-06-26";"2016-07-02";4864;1194;2;4;139.96;9.8
9688;"CA-2016-102127";"2016-06-26";"2016-07-02";4864;1676;2;3;20.97;9.02
9689;"CA-2017-159100";"2017-10-16";"2017-10-21";4865;1584;2;7;1875.26;-968.88
9690;"CA-2017-159100";"2017-10-16";"2017-10-21";4865;124;2;2;18.53;4.4
9691;"CA-2014-152100";"2014-05-11";"2014-05-16";4872;965;2;8;1212.96;-69.31
9692;"CA-2016-126627";"2016-10-10";"2016-10-12";4887;1156;3;4;14.0;-6.3
9693;"US-2017-110149";"2017-12-10";"2017-12-13";4891;513;3;1;3.27;-2.51
9694;"CA-2014-114335";"2014-09-28";"2014-10-03";4893;1788;2;4;337.09;16.85
